0 0 0 0 0 0
255 0 0 47 77 60
511 0 0 95 155 121
767 0 0 143 233 182
1023 0 0 191 311 243
1279 0 0 239 389 304
1535 0 0 287 467 365
1791 0 0 335 544 426
2047 0 0 383 622 487
2303 0 0 431 700 547
2559 0 0 479 778 608
2815 0 0 527 856 669
3071 0 0 574 934 730
3327 0 0 622 1012 791
3583 0 0 670 1089 852
3839 0 0 718 1167 913
4095 0 0 766 1245 974
0 255 0 94 153 119
255 255 0 142 230 180
511 255 0 190 308 241
767 255 0 237 386 302
1023 255 0 285 464 363
1279 255 0 333 542 424
1535 255 0 381 620 485
1791 255 0 429 698 545
2047 255 0 477 775 606
2303 255 0 525 853 667
2559 255 0 573 931 728
2815 255 0 621 1009 789
3071 255 0 669 1087 850
3327 255 0 717 1165 911
3583 255 0 764 1243 972
3839 255 0 812 1320 1033
4095 255 0 860 1398 1093
0 511 0 188 306 239
255 511 0 236 384 300
511 511 0 284 461 361
767 511 0 332 539 422
1023 511 0 380 617 483
1279 511 0 428 695 543
1535 511 0 475 773 604
1791 511 0 523 851 665
2047 511 0 571 929 726
2303 511 0 619 1006 787
2559 511 0 667 1084 848
2815 511 0 715 1162 909
3071 511 0 763 1240 970
3327 511 0 811 1318 1031
3583 511 0 859 1396 1091
3839 511 0 907 1474 1152
4095 511 0 955 1551 1213
0 767 0 282 459 359
255 767 0 330 537 420
511 767 0 378 615 481
767 767 0 426 692 541
1023 767 0 474 770 602
1279 767 0 522 848 663
1535 767 0 570 926 724
1791 767 0 618 1004 785
2047 767 0 665 1082 846
2303 767 0 713 1160 907
2559 767 0 761 1237 968
2815 767 0 809 1315 1028
3071 767 0 857 1393 1089
3327 767 0 905 1471 1150
3583 767 0 953 1549 1211
3839 767 0 1001 1627 1272
4095 767 0 1049 1705 1333
0 1023 0 376 612 478
255 1023 0 424 690 539
511 1023 0 472 768 600
767 1023 0 520 846 661
1023 1023 0 568 923 722
1279 1023 0 616 1001 783
1535 1023 0 664 1079 844
1791 1023 0 712 1157 905
2047 1023 0 760 1235 966
2303 1023 0 808 1313 1026
2559 1023 0 856 1391 1087
2815 1023 0 903 1468 1148
3071 1023 0 951 1546 1209
3327 1023 0 999 1624 1270
3583 1023 0 1047 1702 1331
3839 1023 0 1095 1780 1392
4095 1023 0 1143 1858 1453
0 1279 0 471 765 598
255 1279 0 519 843 659
511 1279 0 566 921 720
767 1279 0 614 999 781
1023 1279 0 662 1077 842
1279 1279 0 710 1154 903
1535 1279 0 758 1232 964
1791 1279 0 806 1310 1024
2047 1279 0 854 1388 1085
2303 1279 0 902 1466 1146
2559 1279 0 950 1544 1207
2815 1279 0 998 1622 1268
3071 1279 0 1046 1699 1329
3327 1279 0 1093 1777 1390
3583 1279 0 1141 1855 1451
3839 1279 0 1189 1933 1512
4095 1279 0 1237 2011 1572
0 1535 0 565 918 718
255 1535 0 613 996 779
511 1535 0 661 1074 840
767 1535 0 709 1152 901
1023 1535 0 757 1230 962
1279 1535 0 804 1307 1022
1535 1535 0 852 1385 1083
1791 1535 0 900 1463 1144
2047 1535 0 948 1541 1205
2303 1535 0 996 1619 1266
2559 1535 0 1044 1697 1327
2815 1535 0 1092 1775 1388
3071 1535 0 1140 1852 1449
3327 1535 0 1188 1930 1510
3583 1535 0 1236 2008 1570
3839 1535 0 1284 2086 1631
4095 1535 0 1331 2164 1692
0 1791 0 659 1071 838
255 1791 0 707 1149 899
511 1791 0 755 1227 959
767 1791 0 803 1305 1020
1023 1791 0 851 1383 1081
1279 1791 0 899 1461 1142
1535 1791 0 947 1538 1203
1791 1791 0 994 1616 1264
2047 1791 0 1042 1694 1325
2303 1791 0 1090 1772 1386
2559 1791 0 1138 1850 1447
2815 1791 0 1186 1928 1507
3071 1791 0 1234 2006 1568
3327 1791 0 1282 2083 1629
3583 1791 0 1330 2161 1690
3839 1791 0 1378 2239 1751
4095 1791 0 1426 2317 1812
0 2047 0 753 1224 957
255 2047 0 801 1302 1018
511 2047 0 849 1380 1079
767 2047 0 897 1458 1140
1023 2047 0 945 1536 1201
1279 2047 0 993 1614 1262
1535 2047 0 1041 1692 1323
1791 2047 0 1089 1769 1384
2047 2047 0 1137 1847 1445
2303 2047 0 1185 1925 1505
2559 2047 0 1232 2003 1566
2815 2047 0 1280 2081 1627
3071 2047 0 1328 2159 1688
3327 2047 0 1376 2237 1749
3583 2047 0 1424 2314 1810
3839 2047 0 1472 2392 1871
4095 2047 0 1520 2470 1932
0 2303 0 848 1378 1077
255 2303 0 895 1455 1138
511 2303 0 943 1533 1199
767 2303 0 991 1611 1260
1023 2303 0 1039 1689 1321
1279 2303 0 1087 1767 1382
1535 2303 0 1135 1845 1443
1791 2303 0 1183 1923 1503
2047 2303 0 1231 2000 1564
2303 2303 0 1279 2078 1625
2559 2303 0 1327 2156 1686
2815 2303 0 1375 2234 1747
3071 2303 0 1422 2312 1808
3327 2303 0 1470 2390 1869
3583 2303 0 1518 2468 1930
3839 2303 0 1566 2545 1991
4095 2303 0 1614 2623 2051
0 2559 0 942 1531 1197
255 2559 0 990 1609 1258
511 2559 0 1038 1686 1319
767 2559 0 1085 1764 1380
1023 2559 0 1133 1842 1441
1279 2559 0 1181 1920 1501
1535 2559 0 1229 1998 1562
1791 2559 0 1277 2076 1623
2047 2559 0 1325 2154 1684
2303 2559 0 1373 2231 1745
2559 2559 0 1421 2309 1806
2815 2559 0 1469 2387 1867
3071 2559 0 1517 2465 1928
3327 2559 0 1565 2543 1988
3583 2559 0 1613 2621 2049
3839 2559 0 1660 2699 2110
4095 2559 0 1708 2776 2171
0 2815 0 1036 1684 1317
255 2815 0 1084 1762 1378
511 2815 0 1132 1840 1438
767 2815 0 1180 1917 1499
1023 2815 0 1228 1995 1560
1279 2815 0 1276 2073 1621
1535 2815 0 1323 2151 1682
1791 2815 0 1371 2229 1743
2047 2815 0 1419 2307 1804
2303 2815 0 1467 2384 1865
2559 2815 0 1515 2462 1926
2815 2815 0 1563 2540 1986
3071 2815 0 1611 2618 2047
3327 2815 0 1659 2696 2108
3583 2815 0 1707 2774 2169
3839 2815 0 1755 2852 2230
4095 2815 0 1803 2929 2291
0 3071 0 1130 1837 1436
255 3071 0 1178 1915 1497
511 3071 0 1226 1993 1558
767 3071 0 1274 2070 1619
1023 3071 0 1322 2148 1680
1279 3071 0 1370 2226 1741
1535 3071 0 1418 2304 1802
1791 3071 0 1466 2382 1863
2047 3071 0 1514 2460 1924
2303 3071 0 1561 2538 1984
2559 3071 0 1609 2615 2045
2815 3071 0 1657 2693 2106
3071 3071 0 1705 2771 2167
3327 3071 0 1753 2849 2228
3583 3071 0 1801 2927 2289
3839 3071 0 1849 3005 2350
4095 3071 0 1897 3083 2411
0 3327 0 1224 1990 1556
255 3327 0 1272 2068 1617
511 3327 0 1320 2146 1678
767 3327 0 1368 2224 1739
1023 3327 0 1416 2301 1800
1279 3327 0 1464 2379 1861
1535 3327 0 1512 2457 1922
1791 3327 0 1560 2535 1982
2047 3327 0 1608 2613 2043
2303 3327 0 1656 2691 2104
2559 3327 0 1704 2769 2165
2815 3327 0 1751 2846 2226
3071 3327 0 1799 2924 2287
3327 3327 0 1847 3002 2348
3583 3327 0 1895 3080 2409
3839 3327 0 1943 3158 2470
4095 3327 0 1991 3236 2530
0 3583 0 1319 2143 1676
255 3583 0 1367 2221 1737
511 3583 0 1414 2299 1798
767 3583 0 1462 2377 1859
1023 3583 0 1510 2455 1919
1279 3583 0 1558 2532 1980
1535 3583 0 1606 2610 2041
1791 3583 0 1654 2688 2102
2047 3583 0 1702 2766 2163
2303 3583 0 1750 2844 2224
2559 3583 0 1798 2922 2285
2815 3583 0 1846 3000 2346
3071 3583 0 1894 3077 2407
3327 3583 0 1942 3155 2467
3583 3583 0 1989 3233 2528
3839 3583 0 2037 3311 2589
4095 3583 0 2085 3389 2650
0 3839 0 1413 2296 1796
255 3839 0 1461 2374 1857
511 3839 0 1509 2452 1917
767 3839 0 1557 2530 1978
1023 3839 0 1605 2608 2039
1279 3839 0 1652 2686 2100
1535 3839 0 1700 2763 2161
1791 3839 0 1748 2841 2222
2047 3839 0 1796 2919 2283
2303 3839 0 1844 2997 2344
2559 3839 0 1892 3075 2405
2815 3839 0 1940 3153 2465
3071 3839 0 1988 3231 2526
3327 3839 0 2036 3308 2587
3583 3839 0 2084 3386 2648
3839 3839 0 2132 3464 2709
4095 3839 0 2179 3542 2770
0 4095 0 1507 2449 1915
255 4095 0 1555 2527 1976
511 4095 0 1603 2605 2037
767 4095 0 1651 2683 2098
1023 4095 0 1699 2761 2159
1279 4095 0 1747 2839 2220
1535 4095 0 1795 2917 2281
1791 4095 0 1842 2994 2342
2047 4095 0 1890 3072 2403
2303 4095 0 1938 3150 2463
2559 4095 0 1986 3228 2524
2815 4095 0 2034 3306 2585
3071 4095 0 2082 3384 2646
3327 4095 0 2130 3462 2707
3583 4095 0 2178 3539 2768
3839 4095 0 2226 3617 2829
4095 4095 0 2274 3695 2890
0 0 255 17 28 22
255 0 255 65 106 83
511 0 255 113 184 144
767 0 255 161 262 204
1023 0 255 209 339 265
1279 0 255 257 417 326
1535 0 255 305 495 387
1791 0 255 352 573 448
2047 0 255 400 651 509
2303 0 255 448 729 570
2559 0 255 496 807 631
2815 0 255 544 884 692
3071 0 255 592 962 752
3327 0 255 640 1040 813
3583 0 255 688 1118 874
3839 0 255 736 1196 935
4095 0 255 784 1274 996
0 255 255 111 181 142
255 255 255 159 259 202
511 255 255 207 337 263
767 255 255 255 415 324
1023 255 255 303 493 385
1279 255 255 351 570 446
1535 255 255 399 648 507
1791 255 255 447 726 568
2047 255 255 495 804 629
2303 255 255 542 882 690
2559 255 255 590 960 750
2815 255 255 638 1038 811
3071 255 255 686 1115 872
3327 255 255 734 1193 933
3583 255 255 782 1271 994
3839 255 255 830 1349 1055
4095 255 255 878 1427 1116
0 511 255 206 334 261
255 511 255 253 412 322
511 511 255 301 490 383
767 511 255 349 568 444
1023 511 255 397 646 505
1279 511 255 445 724 566
1535 511 255 493 801 627
1791 511 255 541 879 688
2047 511 255 589 957 748
2303 511 255 637 1035 809
2559 511 255 685 1113 870
2815 511 255 733 1191 931
3071 511 255 780 1269 992
3327 511 255 828 1346 1053
3583 511 255 876 1424 1114
3839 511 255 924 1502 1175
4095 511 255 972 1580 1236
0 767 255 300 487 381
255 767 255 348 565 442
511 767 255 396 643 503
767 767 255 443 721 564
1023 767 255 491 799 625
1279 767 255 539 877 685
1535 767 255 587 955 746
1791 767 255 635 1032 807
2047 767 255 683 1110 868
2303 767 255 731 1188 929
2559 767 255 779 1266 990
2815 767 255 827 1344 1051
3071 767 255 875 1422 1112
3327 767 255 923 1500 1173
3583 767 255 971 1577 1233
3839 767 255 1018 1655 1294
4095 767 255 1066 1733 1355
0 1023 255 394 641 501
255 1023 255 442 718 562
511 1023 255 490 796 623
767 1023 255 538 874 683
1023 1023 255 586 952 744
1279 1023 255 634 1030 805
1535 1023 255 681 1108 866
1791 1023 255 729 1186 927
2047 1023 255 777 1263 988
2303 1023 255 825 1341 1049
2559 1023 255 873 1419 1110
2815 1023 255 921 1497 1171
3071 1023 255 969 1575 1231
3327 1023 255 1017 1653 1292
3583 1023 255 1065 1731 1353
3839 1023 255 1113 1808 1414
4095 1023 255 1161 1886 1475
0 1279 255 488 794 621
255 1279 255 536 871 681
511 1279 255 584 949 742
767 1279 255 632 1027 803
1023 1279 255 680 1105 864
1279 1279 255 728 1183 925
1535 1279 255 776 1261 986
1791 1279 255 824 1339 1047
2047 1279 255 871 1416 1108
2303 1279 255 919 1494 1169
2559 1279 255 967 1572 1229
2815 1279 255 1015 1650 1290
3071 1279 255 1063 1728 1351
3327 1279 255 1111 1806 1412
3583 1279 255 1159 1884 1473
3839 1279 255 1207 1961 1534
4095 1279 255 1255 2039 1595
0 1535 255 582 947 740
255 1535 255 630 1025 801
511 1535 255 678 1102 862
767 1535 255 726 1180 923
1023 1535 255 774 1258 984
1279 1535 255 822 1336 1045
1535 1535 255 870 1414 1106
1791 1535 255 918 1492 1167
2047 1535 255 966 1570 1227
2303 1535 255 1014 1647 1288
2559 1535 255 1062 1725 1349
2815 1535 255 1109 1803 1410
3071 1535 255 1157 1881 1471
3327 1535 255 1205 1959 1532
3583 1535 255 1253 2037 1593
3839 1535 255 1301 2115 1654
4095 1535 255 1349 2192 1714
0 1791 255 677 1100 860
255 1791 255 725 1178 921
511 1791 255 772 1256 982
767 1791 255 820 1333 1043
1023 1791 255 868 1411 1104
1279 1791 255 916 1489 1164
1535 1791 255 964 1567 1225
1791 1791 255 1012 1645 1286
2047 1791 255 1060 1723 1347
2303 1791 255 1108 1801 1408
2559 1791 255 1156 1878 1469
2815 1791 255 1204 1956 1530
3071 1791 255 1252 2034 1591
3327 1791 255 1299 2112 1652
3583 1791 255 1347 2190 1712
3839 1791 255 1395 2268 1773
4095 1791 255 1443 2346 1834
0 2047 255 771 1253 980
255 2047 255 819 1331 1041
511 2047 255 867 1409 1102
767 2047 255 915 1487 1162
1023 2047 255 963 1564 1223
1279 2047 255 1010 1642 1284
1535 2047 255 1058 1720 1345
1791 2047 255 1106 1798 1406
2047 2047 255 1154 1876 1467
2303 2047 255 1202 1954 1528
2559 2047 255 1250 2032 1589
2815 2047 255 1298 2109 1650
3071 2047 255 1346 2187 1710
3327 2047 255 1394 2265 1771
3583 2047 255 1442 2343 1832
3839 2047 255 1490 2421 1893
4095 2047 255 1537 2499 1954
0 2303 255 865 1406 1100
255 2303 255 913 1484 1160
511 2303 255 961 1562 1221
767 2303 255 1009 1640 1282
1023 2303 255 1057 1718 1343
1279 2303 255 1105 1795 1404
1535 2303 255 1153 1873 1465
1791 2303 255 1200 1951 1526
2047 2303 255 1248 2029 1587
2303 2303 255 1296 2107 1648
2559 2303 255 1344 2185 1708
2815 2303 255 1392 2263 1769
3071 2303 255 1440 2340 1830
3327 2303 255 1488 2418 1891
3583 2303 255 1536 2496 1952
3839 2303 255 1584 2574 2013
4095 2303 255 1632 2652 2074
0 2559 255 959 1559 1219
255 2559 255 1007 1637 1280
511 2559 255 1055 1715 1341
767 2559 255 1103 1793 1402
1023 2559 255 1151 1871 1463
1279 2559 255 1199 1948 1524
1535 2559 255 1247 2026 1585
1791 2559 255 1295 2104 1645
2047 2559 255 1343 2182 1706
2303 2559 255 1391 2260 1767
2559 2559 255 1438 2338 1828
2815 2559 255 1486 2416 1889
3071 2559 255 1534 2493 1950
3327 2559 255 1582 2571 2011
3583 2559 255 1630 2649 2072
3839 2559 255 1678 2727 2133
4095 2559 255 1726 2805 2193
0 2815 255 1054 1712 1339
255 2815 255 1101 1790 1400
511 2815 255 1149 1868 1461
767 2815 255 1197 1946 1522
1023 2815 255 1245 2024 1583
1279 2815 255 1293 2102 1643
1535 2815 255 1341 2179 1704
1791 2815 255 1389 2257 1765
2047 2815 255 1437 2335 1826
2303 2815 255 1485 2413 1887
2559 2815 255 1533 2491 1948
2815 2815 255 1581 2569 2009
3071 2815 255 1628 2647 2070
3327 2815 255 1676 2724 2131
3583 2815 255 1724 2802 2191
3839 2815 255 1772 2880 2252
4095 2815 255 1820 2958 2313
0 3071 255 1148 1865 1459
255 3071 255 1196 1943 1520
511 3071 255 1244 2021 1581
767 3071 255 1292 2099 1641
1023 3071 255 1339 2177 1702
1279 3071 255 1387 2255 1763
1535 3071 255 1435 2333 1824
1791 3071 255 1483 2410 1885
2047 3071 255 1531 2488 1946
2303 3071 255 1579 2566 2007
2559 3071 255 1627 2644 2068
2815 3071 255 1675 2722 2129
3071 3071 255 1723 2800 2189
3327 3071 255 1771 2878 2250
3583 3071 255 1819 2955 2311
3839 3071 255 1866 3033 2372
4095 3071 255 1914 3111 2433
0 3327 255 1242 2019 1579
255 3327 255 1290 2096 1639
511 3327 255 1338 2174 1700
767 3327 255 1386 2252 1761
1023 3327 255 1434 2330 1822
1279 3327 255 1482 2408 1883
1535 3327 255 1529 2486 1944
1791 3327 255 1577 2564 2005
2047 3327 255 1625 2641 2066
2303 3327 255 1673 2719 2127
2559 3327 255 1721 2797 2187
2815 3327 255 1769 2875 2248
3071 3327 255 1817 2953 2309
3327 3327 255 1865 3031 2370
3583 3327 255 1913 3109 2431
3839 3327 255 1961 3186 2492
4095 3327 255 2009 3264 2553
0 3583 255 1336 2172 1698
255 3583 255 1384 2250 1759
511 3583 255 1432 2327 1820
767 3583 255 1480 2405 1881
1023 3583 255 1528 2483 1942
1279 3583 255 1576 2561 2003
1535 3583 255 1624 2639 2064
1791 3583 255 1672 2717 2124
2047 3583 255 1720 2795 2185
2303 3583 255 1767 2872 2246
2559 3583 255 1815 2950 2307
2815 3583 255 1863 3028 2368
3071 3583 255 1911 3106 2429
3327 3583 255 1959 3184 2490
3583 3583 255 2007 3262 2551
3839 3583 255 2055 3340 2612
4095 3583 255 2103 3417 2672
0 3839 255 1430 2325 1818
255 3839 255 1478 2403 1879
511 3839 255 1526 2481 1940
767 3839 255 1574 2558 2001
1023 3839 255 1622 2636 2062
1279 3839 255 1670 2714 2122
1535 3839 255 1718 2792 2183
1791 3839 255 1766 2870 2244
2047 3839 255 1814 2948 2305
2303 3839 255 1862 3026 2366
2559 3839 255 1910 3103 2427
2815 3839 255 1957 3181 2488
3071 3839 255 2005 3259 2549
3327 3839 255 2053 3337 2610
3583 3839 255 2101 3415 2670
3839 3839 255 2149 3493 2731
4095 3839 255 2197 3571 2792
0 4095 255 1525 2478 1938
255 4095 255 1573 2556 1999
511 4095 255 1621 2634 2060
767 4095 255 1668 2711 2120
1023 4095 255 1716 2789 2181
1279 4095 255 1764 2867 2242
1535 4095 255 1812 2945 2303
1791 4095 255 1860 3023 2364
2047 4095 255 1908 3101 2425
2303 4095 255 1956 3179 2486
2559 4095 255 2004 3256 2547
2815 4095 255 2052 3334 2608
3071 4095 255 2100 3412 2668
3327 4095 255 2148 3490 2729
3583 4095 255 2195 3568 2790
3839 4095 255 2243 3646 2851
4095 4095 255 2291 3724 2912
0 0 511 35 57 44
255 0 511 83 134 105
511 0 511 130 212 166
767 0 511 178 290 227
1023 0 511 226 368 288
1279 0 511 274 446 349
1535 0 511 322 524 409
1791 0 511 370 602 470
2047 0 511 418 679 531
2303 0 511 466 757 592
2559 0 511 514 835 653
2815 0 511 562 913 714
3071 0 511 610 991 775
3327 0 511 657 1069 836
3583 0 511 705 1147 897
3839 0 511 753 1224 957
4095 0 511 801 1302 1018
0 255 511 129 210 164
255 255 511 177 288 225
511 255 511 225 365 286
767 255 511 273 443 347
1023 255 511 321 521 407
1279 255 511 368 599 468
1535 255 511 416 677 529
1791 255 511 464 755 590
2047 255 511 512 833 651
2303 255 511 560 910 712
2559 255 511 608 988 773
2815 255 511 656 1066 834
3071 255 511 704 1144 895
3327 255 511 752 1222 955
3583 255 511 800 1300 1016
3839 255 511 848 1378 1077
4095 255 511 895 1455 1138
0 511 511 223 363 284
255 511 511 271 441 345
511 511 511 319 519 405
767 511 511 367 596 466
1023 511 511 415 674 527
1279 511 511 463 752 588
1535 511 511 511 830 649
1791 511 511 558 908 710
2047 511 511 606 986 771
2303 511 511 654 1064 832
2559 511 511 702 1141 893
2815 511 511 750 1219 953
3071 511 511 798 1297 1014
3327 511 511 846 1375 1075
3583 511 511 894 1453 1136
3839 511 511 942 1531 1197
4095 511 511 990 1609 1258
0 767 511 317 516 403
255 767 511 365 594 464
511 767 511 413 672 525
767 767 511 461 750 586
1023 767 511 509 827 647
1279 767 511 557 905 708
1535 767 511 605 983 769
1791 767 511 653 1061 830
2047 767 511 701 1139 890
2303 767 511 749 1217 951
2559 767 511 796 1295 1012
2815 767 511 844 1372 1073
3071 767 511 892 1450 1134
3327 767 511 940 1528 1195
3583 767 511 988 1606 1256
3839 767 511 1036 1684 1317
4095 767 511 1084 1762 1378
0 1023 511 412 669 523
255 1023 511 459 747 584
511 1023 511 507 825 645
767 1023 511 555 903 706
1023 1023 511 603 980 767
1279 1023 511 651 1058 828
1535 1023 511 699 1136 888
1791 1023 511 747 1214 949
2047 1023 511 795 1292 1010
2303 1023 511 843 1370 1071
2559 1023 511 891 1448 1132
2815 1023 511 939 1525 1193
3071 1023 511 986 1603 1254
3327 1023 511 1034 1681 1315
3583 1023 511 1082 1759 1376
3839 1023 511 1130 1837 1436
4095 1023 511 1178 1915 1497
0 1279 511 506 822 643
255 1279 511 554 900 704
511 1279 511 602 978 765
767 1279 511 649 1056 826
1023 1279 511 697 1134 886
1279 1279 511 745 1211 947
1535 1279 511 793 1289 1008
1791 1279 511 841 1367 1069
2047 1279 511 889 1445 1130
2303 1279 511 937 1523 1191
2559 1279 511 985 1601 1252
2815 1279 511 1033 1679 1313
3071 1279 511 1081 1756 1374
3327 1279 511 1129 1834 1434
3583 1279 511 1177 1912 1495
3839 1279 511 1224 1990 1556
4095 1279 511 1272 2068 1617
0 1535 511 600 975 763
255 1535 511 648 1053 824
511 1535 511 696 1131 884
767 1535 511 744 1209 945
1023 1535 511 792 1287 1006
1279 1535 511 840 1365 1067
1535 1535 511 887 1442 1128
1791 1535 511 935 1520 1189
2047 1535 511 983 1598 1250
2303 1535 511 1031 1676 1311
2559 1535 511 1079 1754 1371
2815 1535 511 1127 1832 1432
3071 1535 511 1175 1910 1493
3327 1535 511 1223 1987 1554
3583 1535 511 1271 2065 1615
3839 1535 511 1319 2143 1676
4095 1535 511 1367 2221 1737
0 1791 511 694 1128 882
255 1791 511 742 1206 943
511 1791 511 790 1284 1004
767 1791 511 838 1362 1065
1023 1791 511 886 1440 1126
1279 1791 511 934 1518 1187
1535 1791 511 982 1596 1248
1791 1791 511 1030 1673 1309
2047 1791 511 1078 1751 1369
2303 1791 511 1125 1829 1430
2559 1791 511 1173 1907 1491
2815 1791 511 1221 1985 1552
3071 1791 511 1269 2063 1613
3327 1791 511 1317 2141 1674
3583 1791 511 1365 2218 1735
3839 1791 511 1413 2296 1796
4095 1791 511 1461 2374 1857
0 2047 511 788 1282 1002
255 2047 511 836 1359 1063
511 2047 511 884 1437 1124
767 2047 511 932 1515 1185
1023 2047 511 980 1593 1246
1279 2047 511 1028 1671 1307
1535 2047 511 1076 1749 1367
1791 2047 511 1124 1827 1428
2047 2047 511 1172 1904 1489
2303 2047 511 1220 1982 1550
2559 2047 511 1268 2060 1611
2815 2047 511 1315 2138 1672
3071 2047 511 1363 2216 1733
3327 2047 511 1411 2294 1794
3583 2047 511 1459 2372 1855
3839 2047 511 1507 2449 1915
4095 2047 511 1555 2527 1976
0 2303 511 883 1435 1122
255 2303 511 931 1513 1183
511 2303 511 978 1590 1244
767 2303 511 1026 1668 1305
1023 2303 511 1074 1746 1365
1279 2303 511 1122 1824 1426
1535 2303 511 1170 1902 1487
1791 2303 511 1218 1980 1548
2047 2303 511 1266 2057 1609
2303 2303 511 1314 2135 1670
2559 2303 511 1362 2213 1731
2815 2303 511 1410 2291 1792
3071 2303 511 1458 2369 1853
3327 2303 511 1506 2447 1913
3583 2303 511 1553 2525 1974
3839 2303 511 1601 2602 2035
4095 2303 511 1649 2680 2096
0 2559 511 977 1588 1242
255 2559 511 1025 1666 1302
511 2559 511 1073 1743 1363
767 2559 511 1121 1821 1424
1023 2559 511 1169 1899 1485
1279 2559 511 1216 1977 1546
1535 2559 511 1264 2055 1607
1791 2559 511 1312 2133 1668
2047 2559 511 1360 2211 1729
2303 2559 511 1408 2288 1790
2559 2559 511 1456 2366 1850
2815 2559 511 1504 2444 1911
3071 2559 511 1552 2522 1972
3327 2559 511 1600 2600 2033
3583 2559 511 1648 2678 2094
3839 2559 511 1696 2756 2155
4095 2559 511 1743 2833 2216
0 2815 511 1071 1741 1361
255 2815 511 1119 1819 1422
511 2815 511 1167 1897 1483
767 2815 511 1215 1974 1544
1023 2815 511 1263 2052 1605
1279 2815 511 1311 2130 1666
1535 2815 511 1359 2208 1727
1791 2815 511 1407 2286 1788
2047 2815 511 1454 2364 1848
2303 2815 511 1502 2442 1909
2559 2815 511 1550 2519 1970
2815 2815 511 1598 2597 2031
3071 2815 511 1646 2675 2092
3327 2815 511 1694 2753 2153
3583 2815 511 1742 2831 2214
3839 2815 511 1790 2909 2275
4095 2815 511 1838 2987 2336
0 3071 511 1165 1894 1481
255 3071 511 1213 1972 1542
511 3071 511 1261 2050 1603
767 3071 511 1309 2128 1664
1023 3071 511 1357 2205 1725
1279 3071 511 1405 2283 1786
1535 3071 511 1453 2361 1846
1791 3071 511 1501 2439 1907
2047 3071 511 1549 2517 1968
2303 3071 511 1597 2595 2029
2559 3071 511 1644 2673 2090
2815 3071 511 1692 2750 2151
3071 3071 511 1740 2828 2212
3327 3071 511 1788 2906 2273
3583 3071 511 1836 2984 2334
3839 3071 511 1884 3062 2394
4095 3071 511 1932 3140 2455
0 3327 511 1260 2047 1601
255 3327 511 1307 2125 1662
511 3327 511 1355 2203 1723
767 3327 511 1403 2281 1784
1023 3327 511 1451 2359 1844
1279 3327 511 1499 2436 1905
1535 3327 511 1547 2514 1966
1791 3327 511 1595 2592 2027
2047 3327 511 1643 2670 2088
2303 3327 511 1691 2748 2149
2559 3327 511 1739 2826 2210
2815 3327 511 1787 2904 2271
3071 3327 511 1835 2981 2331
3327 3327 511 1882 3059 2392
3583 3327 511 1930 3137 2453
3839 3327 511 1978 3215 2514
4095 3327 511 2026 3293 2575
0 3583 511 1354 2200 1721
255 3583 511 1402 2278 1781
511 3583 511 1450 2356 1842
767 3583 511 1498 2434 1903
1023 3583 511 1545 2512 1964
1279 3583 511 1593 2590 2025
1535 3583 511 1641 2667 2086
1791 3583 511 1689 2745 2147
2047 3583 511 1737 2823 2208
2303 3583 511 1785 2901 2269
2559 3583 511 1833 2979 2329
2815 3583 511 1881 3057 2390
3071 3583 511 1929 3135 2451
3327 3583 511 1977 3212 2512
3583 3583 511 2025 3290 2573
3839 3583 511 2072 3368 2634
4095 3583 511 2120 3446 2695
0 3839 511 1448 2353 1840
255 3839 511 1496 2431 1901
511 3839 511 1544 2509 1962
767 3839 511 1592 2587 2023
1023 3839 511 1640 2665 2084
1279 3839 511 1688 2743 2145
1535 3839 511 1735 2820 2206
1791 3839 511 1783 2898 2267
2047 3839 511 1831 2976 2327
2303 3839 511 1879 3054 2388
2559 3839 511 1927 3132 2449
2815 3839 511 1975 3210 2510
3071 3839 511 2023 3288 2571
3327 3839 511 2071 3365 2632
3583 3839 511 2119 3443 2693
3839 3839 511 2167 3521 2754
4095 3839 511 2215 3599 2815
0 4095 511 1542 2506 1960
255 4095 511 1590 2584 2021
511 4095 511 1638 2662 2082
767 4095 511 1686 2740 2143
1023 4095 511 1734 2818 2204
1279 4095 511 1782 2896 2265
1535 4095 511 1830 2974 2325
1791 4095 511 1878 3051 2386
2047 4095 511 1926 3129 2447
2303 4095 511 1973 3207 2508
2559 4095 511 2021 3285 2569
2815 4095 511 2069 3363 2630
3071 4095 511 2117 3441 2691
3327 4095 511 2165 3519 2752
3583 4095 511 2213 3596 2813
3839 4095 511 2261 3674 2873
4095 4095 511 2309 3752 2934
0 0 767 52 85 66
255 0 767 100 163 127
511 0 767 148 241 188
767 0 767 196 319 249
1023 0 767 244 397 310
1279 0 767 292 474 371
1535 0 767 340 552 432
1791 0 767 388 630 493
2047 0 767 435 708 554
2303 0 767 483 786 614
2559 0 767 531 864 675
2815 0 767 579 942 736
3071 0 767 627 1019 797
3327 0 767 675 1097 858
3583 0 767 723 1175 919
3839 0 767 771 1253 980
4095 0 767 819 1331 1041
0 255 767 146 238 186
255 255 767 194 316 247
511 255 767 242 394 308
767 255 767 290 472 369
1023 255 767 338 550 430
1279 255 767 386 628 491
1535 255 767 434 705 552
1791 255 767 482 783 612
2047 255 767 530 861 673
2303 255 767 578 939 734
2559 255 767 626 1017 795
2815 255 767 673 1095 856
3071 255 767 721 1173 917
3327 255 767 769 1250 978
3583 255 767 817 1328 1039
3839 255 767 865 1406 1100
4095 255 767 913 1484 1160
0 511 767 241 391 306
255 511 767 289 469 367
511 511 767 336 547 428
767 511 767 384 625 489
1023 511 767 432 703 550
1279 511 767 480 781 610
1535 511 767 528 859 671
1791 511 767 576 936 732
2047 511 767 624 1014 793
2303 511 767 672 1092 854
2559 511 767 720 1170 915
2815 511 767 768 1248 976
3071 511 767 816 1326 1037
3327 511 767 864 1404 1098
3583 511 767 911 1481 1158
3839 511 767 959 1559 1219
4095 511 767 1007 1637 1280
0 767 767 335 544 426
255 767 767 383 622 487
511 767 767 431 700 547
767 767 767 479 778 608
1023 767 767 527 856 669
1279 767 767 574 934 730
1535 767 767 622 1012 791
1791 767 767 670 1089 852
2047 767 767 718 1167 913
2303 767 767 766 1245 974
2559 767 767 814 1323 1035
2815 767 767 862 1401 1095
3071 767 767 910 1479 1156
3327 767 767 958 1557 1217
3583 767 767 1006 1634 1278
3839 767 767 1054 1712 1339
4095 767 767 1101 1790 1400
0 1023 767 429 698 545
255 1023 767 477 775 606
511 1023 767 525 853 667
767 1023 767 573 931 728
1023 1023 767 621 1009 789
1279 1023 767 669 1087 850
1535 1023 767 717 1165 911
1791 1023 767 764 1243 972
2047 1023 767 812 1320 1033
2303 1023 767 860 1398 1093
2559 1023 767 908 1476 1154
2815 1023 767 956 1554 1215
3071 1023 767 1004 1632 1276
3327 1023 767 1052 1710 1337
3583 1023 767 1100 1788 1398
3839 1023 767 1148 1865 1459
4095 1023 767 1196 1943 1520
0 1279 767 523 851 665
255 1279 767 571 929 726
511 1279 767 619 1006 787
767 1279 767 667 1084 848
1023 1279 767 715 1162 909
1279 1279 767 763 1240 970
1535 1279 767 811 1318 1031
1791 1279 767 859 1396 1091
2047 1279 767 907 1474 1152
2303 1279 767 955 1551 1213
2559 1279 767 1002 1629 1274
2815 1279 767 1050 1707 1335
3071 1279 767 1098 1785 1396
3327 1279 767 1146 1863 1457
3583 1279 767 1194 1941 1518
3839 1279 767 1242 2019 1579
4095 1279 767 1290 2096 1639
0 1535 767 618 1004 785
255 1535 767 665 1082 846
511 1535 767 713 1160 907
767 1535 767 761 1237 968
1023 1535 767 809 1315 1028
1279 1535 767 857 1393 1089
1535 1535 767 905 1471 1150
1791 1535 767 953 1549 1211
2047 1535 767 1001 1627 1272
2303 1535 767 1049 1705 1333
2559 1535 767 1097 1782 1394
2815 1535 767 1145 1860 1455
3071 1535 767 1192 1938 1516
3327 1535 767 1240 2016 1576
3583 1535 767 1288 2094 1637
3839 1535 767 1336 2172 1698
4095 1535 767 1384 2250 1759
0 1791 767 712 1157 905
255 1791 767 760 1235 966
511 1791 767 808 1313 1026
767 1791 767 856 1391 1087
1023 1791 767 903 1468 1148
1279 1791 767 951 1546 1209
1535 1791 767 999 1624 1270
1791 1791 767 1047 1702 1331
2047 1791 767 1095 1780 1392
2303 1791 767 1143 1858 1453
2559 1791 767 1191 1936 1514
2815 1791 767 1239 2013 1574
3071 1791 767 1287 2091 1635
3327 1791 767 1335 2169 1696
3583 1791 767 1383 2247 1757
3839 1791 767 1430 2325 1818
4095 1791 767 1478 2403 1879
0 2047 767 806 1310 1024
255 2047 767 854 1388 1085
511 2047 767 902 1466 1146
767 2047 767 950 1544 1207
1023 2047 767 998 1622 1268
1279 2047 767 1046 1699 1329
1535 2047 767 1093 1777 1390
1791 2047 767 1141 1855 1451
2047 2047 767 1189 1933 1512
2303 2047 767 1237 2011 1572
2559 2047 767 1285 2089 1633
2815 2047 767 1333 2166 1694
3071 2047 767 1381 2244 1755
3327 2047 767 1429 2322 1816
3583 2047 767 1477 2400 1877
3839 2047 767 1525 2478 1938
4095 2047 767 1573 2556 1999
0 2303 767 900 1463 1144
255 2303 767 948 1541 1205
511 2303 767 996 1619 1266
767 2303 767 1044 1697 1327
1023 2303 767 1092 1775 1388
1279 2303 767 1140 1852 1449
1535 2303 767 1188 1930 1510
1791 2303 767 1236 2008 1570
2047 2303 767 1284 2086 1631
2303 2303 767 1331 2164 1692
2559 2303 767 1379 2242 1753
2815 2303 767 1427 2320 1814
3071 2303 767 1475 2397 1875
3327 2303 767 1523 2475 1936
3583 2303 767 1571 2553 1997
3839 2303 767 1619 2631 2057
4095 2303 767 1667 2709 2118
0 2559 767 994 1616 1264
255 2559 767 1042 1694 1325
511 2559 767 1090 1772 1386
767 2559 767 1138 1850 1447
1023 2559 767 1186 1928 1507
1279 2559 767 1234 2006 1568
1535 2559 767 1282 2083 1629
1791 2559 767 1330 2161 1690
2047 2559 767 1378 2239 1751
2303 2559 767 1426 2317 1812
2559 2559 767 1474 2395 1873
2815 2559 767 1521 2473 1934
3071 2559 767 1569 2551 1995
3327 2559 767 1617 2628 2055
3583 2559 767 1665 2706 2116
3839 2559 767 1713 2784 2177
4095 2559 767 1761 2862 2238
0 2815 767 1089 1769 1384
255 2815 767 1137 1847 1445
511 2815 767 1185 1925 1505
767 2815 767 1232 2003 1566
1023 2815 767 1280 2081 1627
1279 2815 767 1328 2159 1688
1535 2815 767 1376 2237 1749
1791 2815 767 1424 2314 1810
2047 2815 767 1472 2392 1871
2303 2815 767 1520 2470 1932
2559 2815 767 1568 2548 1993
2815 2815 767 1616 2626 2053
3071 2815 767 1664 2704 2114
3327 2815 767 1712 2782 2175
3583 2815 767 1759 2859 2236
3839 2815 767 1807 2937 2297
4095 2815 767 1855 3015 2358
0 3071 767 1183 1923 1503
255 3071 767 1231 2000 1564
511 3071 767 1279 2078 1625
767 3071 767 1327 2156 1686
1023 3071 767 1375 2234 1747
1279 3071 767 1422 2312 1808
1535 3071 767 1470 2390 1869
1791 3071 767 1518 2468 1930
2047 3071 767 1566 2545 1991
2303 3071 767 1614 2623 2051
2559 3071 767 1662 2701 2112
2815 3071 767 1710 2779 2173
3071 3071 767 1758 2857 2234
3327 3071 767 1806 2935 2295
3583 3071 767 1854 3013 2356
3839 3071 767 1902 3090 2417
4095 3071 767 1949 3168 2478
0 3327 767 1277 2076 1623
255 3327 767 1325 2154 1684
511 3327 767 1373 2231 1745
767 3327 767 1421 2309 1806
1023 3327 767 1469 2387 1867
1279 3327 767 1517 2465 1928
1535 3327 767 1565 2543 1988
1791 3327 767 1613 2621 2049
2047 3327 767 1660 2699 2110
2303 3327 767 1708 2776 2171
2559 3327 767 1756 2854 2232
2815 3327 767 1804 2932 2293
3071 3327 767 1852 3010 2354
3327 3327 767 1900 3088 2415
3583 3327 767 1948 3166 2476
3839 3327 767 1996 3244 2536
4095 3327 767 2044 3321 2597
0 3583 767 1371 2229 1743
255 3583 767 1419 2307 1804
511 3583 767 1467 2384 1865
767 3583 767 1515 2462 1926
1023 3583 767 1563 2540 1986
1279 3583 767 1611 2618 2047
1535 3583 767 1659 2696 2108
1791 3583 767 1707 2774 2169
2047 3583 767 1755 2852 2230
2303 3583 767 1803 2929 2291
2559 3583 767 1850 3007 2352
2815 3583 767 1898 3085 2413
3071 3583 767 1946 3163 2474
3327 3583 767 1994 3241 2534
3583 3583 767 2042 3319 2595
3839 3583 767 2090 3397 2656
4095 3583 767 2138 3474 2717
0 3839 767 1466 2382 1863
255 3839 767 1514 2460 1924
511 3839 767 1561 2538 1984
767 3839 767 1609 2615 2045
1023 3839 767 1657 2693 2106
1279 3839 767 1705 2771 2167
1535 3839 767 1753 2849 2228
1791 3839 767 1801 2927 2289
2047 3839 767 1849 3005 2350
2303 3839 767 1897 3083 2411
2559 3839 767 1945 3160 2472
2815 3839 767 1993 3238 2532
3071 3839 767 2041 3316 2593
3327 3839 767 2088 3394 2654
3583 3839 767 2136 3472 2715
3839 3839 767 2184 3550 2776
4095 3839 767 2232 3628 2837
0 4095 767 1560 2535 1982
255 4095 767 1608 2613 2043
511 4095 767 1656 2691 2104
767 4095 767 1704 2769 2165
1023 4095 767 1751 2846 2226
1279 4095 767 1799 2924 2287
1535 4095 767 1847 3002 2348
1791 4095 767 1895 3080 2409
2047 4095 767 1943 3158 2470
2303 4095 767 1991 3236 2530
2559 4095 767 2039 3314 2591
2815 4095 767 2087 3391 2652
3071 4095 767 2135 3469 2713
3327 4095 767 2183 3547 2774
3583 4095 767 2231 3625 2835
3839 4095 767 2278 3703 2896
4095 4095 767 2326 3781 2957
0 0 1023 70 114 89
255 0 1023 118 192 150
511 0 1023 166 269 211
767 0 1023 214 347 271
1023 0 1023 261 425 332
1279 0 1023 309 503 393
1535 0 1023 357 581 454
1791 0 1023 405 659 515
2047 0 1023 453 737 576
2303 0 1023 501 814 637
2559 0 1023 549 892 698
2815 0 1023 597 970 759
3071 0 1023 645 1048 819
3327 0 1023 693 1126 880
3583 0 1023 741 1204 941
3839 0 1023 788 1282 1002
4095 0 1023 836 1359 1063
0 255 1023 164 267 209
255 255 1023 212 345 269
511 255 1023 260 423 330
767 255 1023 308 500 391
1023 255 1023 356 578 452
1279 255 1023 404 656 513
1535 255 1023 451 734 574
1791 255 1023 499 812 635
2047 255 1023 547 890 696
2303 255 1023 595 968 757
2559 255 1023 643 1045 817
2815 255 1023 691 1123 878
3071 255 1023 739 1201 939
3327 255 1023 787 1279 1000
3583 255 1023 835 1357 1061
3839 255 1023 883 1435 1122
4095 255 1023 931 1513 1183
0 511 1023 258 420 328
255 511 1023 306 498 389
511 511 1023 354 576 450
767 511 1023 402 653 511
1023 511 1023 450 731 572
1279 511 1023 498 809 633
1535 511 1023 546 887 694
1791 511 1023 594 965 755
2047 511 1023 642 1043 815
2303 511 1023 689 1121 876
2559 511 1023 737 1198 937
2815 511 1023 785 1276 998
3071 511 1023 833 1354 1059
3327 511 1023 881 1432 1120
3583 511 1023 929 1510 1181
3839 511 1023 977 1588 1242
4095 511 1023 1025 1666 1302
0 767 1023 352 573 448
255 767 1023 400 651 509
511 767 1023 448 729 570
767 767 1023 496 807 631
1023 767 1023 544 884 692
1279 767 1023 592 962 752
1535 767 1023 640 1040 813
1791 767 1023 688 1118 874
2047 767 1023 736 1196 935
2303 767 1023 784 1274 996
2559 767 1023 832 1352 1057
2815 767 1023 879 1429 1118
3071 767 1023 927 1507 1179
3327 767 1023 975 1585 1240
3583 767 1023 1023 1663 1300
3839 767 1023 1071 1741 1361
4095 767 1023 1119 1819 1422
0 1023 1023 447 726 568
255 1023 1023 495 804 629
511 1023 1023 542 882 690
767 1023 1023 590 960 750
1023 1023 1023 638 1038 811
1279 1023 1023 686 1115 872
1535 1023 1023 734 1193 933
1791 1023 1023 782 1271 994
2047 1023 1023 830 1349 1055
2303 1023 1023 878 1427 1116
2559 1023 1023 926 1505 1177
2815 1023 1023 974 1583 1238
3071 1023 1023 1022 1660 1298
3327 1023 1023 1070 1738 1359
3583 1023 1023 1117 1816 1420
3839 1023 1023 1165 1894 1481
4095 1023 1023 1213 1972 1542
0 1279 1023 541 879 688
255 1279 1023 589 957 748
511 1279 1023 637 1035 809
767 1279 1023 685 1113 870
1023 1279 1023 733 1191 931
1279 1279 1023 780 1269 992
1535 1279 1023 828 1346 1053
1791 1279 1023 876 1424 1114
2047 1279 1023 924 1502 1175
2303 1279 1023 972 1580 1236
2559 1279 1023 1020 1658 1296
2815 1279 1023 1068 1736 1357
3071 1279 1023 1116 1814 1418
3327 1279 1023 1164 1891 1479
3583 1279 1023 1212 1969 1540
3839 1279 1023 1260 2047 1601
4095 1279 1023 1307 2125 1662
0 1535 1023 635 1032 807
255 1535 1023 683 1110 868
511 1535 1023 731 1188 929
767 1535 1023 779 1266 990
1023 1535 1023 827 1344 1051
1279 1535 1023 875 1422 1112
1535 1535 1023 923 1500 1173
1791 1535 1023 971 1577 1233
2047 1535 1023 1018 1655 1294
2303 1535 1023 1066 1733 1355
2559 1535 1023 1114 1811 1416
2815 1535 1023 1162 1889 1477
3071 1535 1023 1210 1967 1538
3327 1535 1023 1258 2045 1599
3583 1535 1023 1306 2122 1660
3839 1535 1023 1354 2200 1721
4095 1535 1023 1402 2278 1781
0 1791 1023 729 1186 927
255 1791 1023 777 1263 988
511 1791 1023 825 1341 1049
767 1791 1023 873 1419 1110
1023 1791 1023 921 1497 1171
1279 1791 1023 969 1575 1231
1535 1791 1023 1017 1653 1292
1791 1791 1023 1065 1731 1353
2047 1791 1023 1113 1808 1414
2303 1791 1023 1161 1886 1475
2559 1791 1023 1208 1964 1536
2815 1791 1023 1256 2042 1597
3071 1791 1023 1304 2120 1658
3327 1791 1023 1352 2198 1719
3583 1791 1023 1400 2275 1779
3839 1791 1023 1448 2353 1840
4095 1791 1023 1496 2431 1901
0 2047 1023 824 1339 1047
255 2047 1023 871 1416 1108
511 2047 1023 919 1494 1169
767 2047 1023 967 1572 1229
1023 2047 1023 1015 1650 1290
1279 2047 1023 1063 1728 1351
1535 2047 1023 1111 1806 1412
1791 2047 1023 1159 1884 1473
2047 2047 1023 1207 1961 1534
2303 2047 1023 1255 2039 1595
2559 2047 1023 1303 2117 1656
2815 2047 1023 1351 2195 1717
3071 2047 1023 1399 2273 1777
3327 2047 1023 1446 2351 1838
3583 2047 1023 1494 2429 1899
3839 2047 1023 1542 2506 1960
4095 2047 1023 1590 2584 2021
0 2303 1023 918 1492 1167
255 2303 1023 966 1570 1227
511 2303 1023 1014 1647 1288
767 2303 1023 1062 1725 1349
1023 2303 1023 1109 1803 1410
1279 2303 1023 1157 1881 1471
1535 2303 1023 1205 1959 1532
1791 2303 1023 1253 2037 1593
2047 2303 1023 1301 2115 1654
2303 2303 1023 1349 2192 1714
2559 2303 1023 1397 2270 1775
2815 2303 1023 1445 2348 1836
3071 2303 1023 1493 2426 1897
3327 2303 1023 1541 2504 1958
3583 2303 1023 1589 2582 2019
3839 2303 1023 1636 2660 2080
4095 2303 1023 1684 2737 2141
0 2559 1023 1012 1645 1286
255 2559 1023 1060 1723 1347
511 2559 1023 1108 1801 1408
767 2559 1023 1156 1878 1469
1023 2559 1023 1204 1956 1530
1279 2559 1023 1252 2034 1591
1535 2559 1023 1299 2112 1652
1791 2559 1023 1347 2190 1712
2047 2559 1023 1395 2268 1773
2303 2559 1023 1443 2346 1834
2559 2559 1023 1491 2423 1895
2815 2559 1023 1539 2501 1956
3071 2559 1023 1587 2579 2017
3327 2559 1023 1635 2657 2078
3583 2559 1023 1683 2735 2139
3839 2559 1023 1731 2813 2200
4095 2559 1023 1779 2891 2260
0 2815 1023 1106 1798 1406
255 2815 1023 1154 1876 1467
511 2815 1023 1202 1954 1528
767 2815 1023 1250 2032 1589
1023 2815 1023 1298 2109 1650
1279 2815 1023 1346 2187 1710
1535 2815 1023 1394 2265 1771
1791 2815 1023 1442 2343 1832
2047 2815 1023 1490 2421 1893
2303 2815 1023 1537 2499 1954
2559 2815 1023 1585 2577 2015
2815 2815 1023 1633 2654 2076
3071 2815 1023 1681 2732 2137
3327 2815 1023 1729 2810 2198
3583 2815 1023 1777 2888 2258
3839 2815 1023 1825 2966 2319
4095 2815 1023 1873 3044 2380
0 3071 1023 1200 1951 1526
255 3071 1023 1248 2029 1587
511 3071 1023 1296 2107 1648
767 3071 1023 1344 2185 1708
1023 3071 1023 1392 2263 1769
1279 3071 1023 1440 2340 1830
1535 3071 1023 1488 2418 1891
1791 3071 1023 1536 2496 1952
2047 3071 1023 1584 2574 2013
2303 3071 1023 1632 2652 2074
2559 3071 1023 1680 2730 2135
2815 3071 1023 1728 2808 2196
3071 3071 1023 1775 2885 2256
3327 3071 1023 1823 2963 2317
3583 3071 1023 1871 3041 2378
3839 3071 1023 1919 3119 2439
4095 3071 1023 1967 3197 2500
0 3327 1023 1295 2104 1645
255 3327 1023 1343 2182 1706
511 3327 1023 1391 2260 1767
767 3327 1023 1438 2338 1828
1023 3327 1023 1486 2416 1889
1279 3327 1023 1534 2493 1950
1535 3327 1023 1582 2571 2011
1791 3327 1023 1630 2649 2072
2047 3327 1023 1678 2727 2133
2303 3327 1023 1726 2805 2193
2559 3327 1023 1774 2883 2254
2815 3327 1023 1822 2961 2315
3071 3327 1023 1870 3038 2376
3327 3327 1023 1918 3116 2437
3583 3327 1023 1965 3194 2498
3839 3327 1023 2013 3272 2559
4095 3327 1023 2061 3350 2620
0 3583 1023 1389 2257 1765
255 3583 1023 1437 2335 1826
511 3583 1023 1485 2413 1887
767 3583 1023 1533 2491 1948
1023 3583 1023 1581 2569 2009
1279 3583 1023 1628 2647 2070
1535 3583 1023 1676 2724 2131
1791 3583 1023 1724 2802 2191
2047 3583 1023 1772 2880 2252
2303 3583 1023 1820 2958 2313
2559 3583 1023 1868 3036 2374
2815 3583 1023 1916 3114 2435
3071 3583 1023 1964 3192 2496
3327 3583 1023 2012 3269 2557
3583 3583 1023 2060 3347 2618
3839 3583 1023 2108 3425 2679
4095 3583 1023 2156 3503 2739
0 3839 1023 1483 2410 1885
255 3839 1023 1531 2488 1946
511 3839 1023 1579 2566 2007
767 3839 1023 1627 2644 2068
1023 3839 1023 1675 2722 2129
1279 3839 1023 1723 2800 2189
1535 3839 1023 1771 2878 2250
1791 3839 1023 1819 2955 2311
2047 3839 1023 1866 3033 2372
2303 3839 1023 1914 3111 2433
2559 3839 1023 1962 3189 2494
2815 3839 1023 2010 3267 2555
3071 3839 1023 2058 3345 2616
3327 3839 1023 2106 3423 2677
3583 3839 1023 2154 3500 2737
3839 3839 1023 2202 3578 2798
4095 3839 1023 2250 3656 2859
0 4095 1023 1577 2564 2005
255 4095 1023 1625 2641 2066
511 4095 1023 1673 2719 2127
767 4095 1023 1721 2797 2187
1023 4095 1023 1769 2875 2248
1279 4095 1023 1817 2953 2309
1535 4095 1023 1865 3031 2370
1791 4095 1023 1913 3109 2431
2047 4095 1023 1961 3186 2492
2303 4095 1023 2009 3264 2553
2559 4095 1023 2057 3342 2614
2815 4095 1023 2104 3420 2674
3071 4095 1023 2152 3498 2735
3327 4095 1023 2200 3576 2796
3583 4095 1023 2248 3654 2857
3839 4095 1023 2296 3731 2918
4095 4095 1023 2344 3809 2979
0 0 1279 87 142 111
255 0 1279 135 220 172
511 0 1279 183 298 233
767 0 1279 231 376 294
1023 0 1279 279 454 355
1279 0 1279 327 532 416
1535 0 1279 375 609 476
1791 0 1279 423 687 537
2047 0 1279 471 765 598
2303 0 1279 519 843 659
2559 0 1279 566 921 720
2815 0 1279 614 999 781
3071 0 1279 662 1077 842
3327 0 1279 710 1154 903
3583 0 1279 758 1232 964
3839 0 1279 806 1310 1024
4095 0 1279 854 1388 1085
0 255 1279 182 295 231
255 255 1279 229 373 292
511 255 1279 277 451 353
767 255 1279 325 529 414
1023 255 1279 373 607 474
1279 255 1279 421 685 535
1535 255 1279 469 762 596
1791 255 1279 517 840 657
2047 255 1279 565 918 718
2303 255 1279 613 996 779
2559 255 1279 661 1074 840
2815 255 1279 709 1152 901
3071 255 1279 757 1230 962
3327 255 1279 804 1307 1022
3583 255 1279 852 1385 1083
3839 255 1279 900 1463 1144
4095 255 1279 948 1541 1205
0 511 1279 276 448 351
255 511 1279 324 526 412
511 511 1279 372 604 472
767 511 1279 420 682 533
1023 511 1279 467 760 594
1279 511 1279 515 838 655
1535 511 1279 563 916 716
1791 511 1279 611 993 777
2047 511 1279 659 1071 838
2303 511 1279 707 1149 899
2559 511 1279 755 1227 959
2815 511 1279 803 1305 1020
3071 511 1279 851 1383 1081
3327 511 1279 899 1461 1142
3583 511 1279 947 1538 1203
3839 511 1279 994 1616 1264
4095 511 1279 1042 1694 1325
0 767 1279 370 602 470
255 767 1279 418 679 531
511 767 1279 466 757 592
767 767 1279 514 835 653
1023 767 1279 562 913 714
1279 767 1279 610 991 775
1535 767 1279 657 1069 836
1791 767 1279 705 1147 897
2047 767 1279 753 1224 957
2303 767 1279 801 1302 1018
2559 767 1279 849 1380 1079
2815 767 1279 897 1458 1140
3071 767 1279 945 1536 1201
3327 767 1279 993 1614 1262
3583 767 1279 1041 1692 1323
3839 767 1279 1089 1769 1384
4095 767 1279 1137 1847 1445
0 1023 1279 464 755 590
255 1023 1279 512 833 651
511 1023 1279 560 910 712
767 1023 1279 608 988 773
1023 1023 1279 656 1066 834
1279 1023 1279 704 1144 895
1535 1023 1279 752 1222 955
1791 1023 1279 800 1300 1016
2047 1023 1279 848 1378 1077
2303 1023 1279 895 1455 1138
2559 1023 1279 943 1533 1199
2815 1023 1279 991 1611 1260
3071 1023 1279 1039 1689 1321
3327 1023 1279 1087 1767 1382
3583 1023 1279 1135 1845 1443
3839 1023 1279 1183 1923 1503
4095 1023 1279 1231 2000 1564
0 1279 1279 558 908 710
255 1279 1279 606 986 771
511 1279 1279 654 1064 832
767 1279 1279 702 1141 893
1023 1279 1279 750 1219 953
1279 1279 1279 798 1297 1014
1535 1279 1279 846 1375 1075
1791 1279 1279 894 1453 1136
2047 1279 1279 942 1531 1197
2303 1279 1279 990 1609 1258
2559 1279 1279 1038 1686 1319
2815 1279 1279 1085 1764 1380
3071 1279 1279 1133 1842 1441
3327 1279 1279 1181 1920 1501
3583 1279 1279 1229 1998 1562
3839 1279 1279 1277 2076 1623
4095 1279 1279 1325 2154 1684
0 1535 1279 653 1061 830
255 1535 1279 701 1139 890
511 1535 1279 749 1217 951
767 1535 1279 796 1295 1012
1023 1535 1279 844 1372 1073
1279 1535 1279 892 1450 1134
1535 1535 1279 940 1528 1195
1791 1535 1279 988 1606 1256
2047 1535 1279 1036 1684 1317
2303 1535 1279 1084 1762 1378
2559 1535 1279 1132 1840 1438
2815 1535 1279 1180 1917 1499
3071 1535 1279 1228 1995 1560
3327 1535 1279 1276 2073 1621
3583 1535 1279 1323 2151 1682
3839 1535 1279 1371 2229 1743
4095 1535 1279 1419 2307 1804
0 1791 1279 747 1214 949
255 1791 1279 795 1292 1010
511 1791 1279 843 1370 1071
767 1791 1279 891 1448 1132
1023 1791 1279 939 1525 1193
1279 1791 1279 986 1603 1254
1535 1791 1279 1034 1681 1315
1791 1791 1279 1082 1759 1376
2047 1791 1279 1130 1837 1436
2303 1791 1279 1178 1915 1497
2559 1791 1279 1226 1993 1558
2815 1791 1279 1274 2070 1619
3071 1791 1279 1322 2148 1680
3327 1791 1279 1370 2226 1741
3583 1791 1279 1418 2304 1802
3839 1791 1279 1466 2382 1863
4095 1791 1279 1514 2460 1924
0 2047 1279 841 1367 1069
255 2047 1279 889 1445 1130
511 2047 1279 937 1523 1191
767 2047 1279 985 1601 1252
1023 2047 1279 1033 1679 1313
1279 2047 1279 1081 1756 1374
1535 2047 1279 1129 1834 1434
1791 2047 1279 1177 1912 1495
2047 2047 1279 1224 1990 1556
2303 2047 1279 1272 2068 1617
2559 2047 1279 1320 2146 1678
2815 2047 1279 1368 2224 1739
3071 2047 1279 1416 2301 1800
3327 2047 1279 1464 2379 1861
3583 2047 1279 1512 2457 1922
3839 2047 1279 1560 2535 1982
4095 2047 1279 1608 2613 2043
0 2303 1279 935 1520 1189
255 2303 1279 983 1598 1250
511 2303 1279 1031 1676 1311
767 2303 1279 1079 1754 1371
1023 2303 1279 1127 1832 1432
1279 2303 1279 1175 1910 1493
1535 2303 1279 1223 1987 1554
1791 2303 1279 1271 2065 1615
2047 2303 1279 1319 2143 1676
2303 2303 1279 1367 2221 1737
2559 2303 1279 1414 2299 1798
2815 2303 1279 1462 2377 1859
3071 2303 1279 1510 2455 1919
3327 2303 1279 1558 2532 1980
3583 2303 1279 1606 2610 2041
3839 2303 1279 1654 2688 2102
4095 2303 1279 1702 2766 2163
0 2559 1279 1030 1673 1309
255 2559 1279 1078 1751 1369
511 2559 1279 1125 1829 1430
767 2559 1279 1173 1907 1491
1023 2559 1279 1221 1985 1552
1279 2559 1279 1269 2063 1613
1535 2559 1279 1317 2141 1674
1791 2559 1279 1365 2218 1735
2047 2559 1279 1413 2296 1796
2303 2559 1279 1461 2374 1857
2559 2559 1279 1509 2452 1917
2815 2559 1279 1557 2530 1978
3071 2559 1279 1605 2608 2039
3327 2559 1279 1652 2686 2100
3583 2559 1279 1700 2763 2161
3839 2559 1279 1748 2841 2222
4095 2559 1279 1796 2919 2283
0 2815 1279 1124 1827 1428
255 2815 1279 1172 1904 1489
511 2815 1279 1220 1982 1550
767 2815 1279 1268 2060 1611
1023 2815 1279 1315 2138 1672
1279 2815 1279 1363 2216 1733
1535 2815 1279 1411 2294 1794
1791 2815 1279 1459 2372 1855
2047 2815 1279 1507 2449 1915
2303 2815 1279 1555 2527 1976
2559 2815 1279 1603 2605 2037
2815 2815 1279 1651 2683 2098
3071 2815 1279 1699 2761 2159
3327 2815 1279 1747 2839 2220
3583 2815 1279 1795 2917 2281
3839 2815 1279 1842 2994 2342
4095 2815 1279 1890 3072 2403
0 3071 1279 1218 1980 1548
255 3071 1279 1266 2057 1609
511 3071 1279 1314 2135 1670
767 3071 1279 1362 2213 1731
1023 3071 1279 1410 2291 1792
1279 3071 1279 1458 2369 1853
1535 3071 1279 1506 2447 1913
1791 3071 1279 1553 2525 1974
2047 3071 1279 1601 2602 2035
2303 3071 1279 1649 2680 2096
2559 3071 1279 1697 2758 2157
2815 3071 1279 1745 2836 2218
3071 3071 1279 1793 2914 2279
3327 3071 1279 1841 2992 2340
3583 3071 1279 1889 3070 2400
3839 3071 1279 1937 3147 2461
4095 3071 1279 1985 3225 2522
0 3327 1279 1312 2133 1668
255 3327 1279 1360 2211 1729
511 3327 1279 1408 2288 1790
767 3327 1279 1456 2366 1850
1023 3327 1279 1504 2444 1911
1279 3327 1279 1552 2522 1972
1535 3327 1279 1600 2600 2033
1791 3327 1279 1648 2678 2094
2047 3327 1279 1696 2756 2155
2303 3327 1279 1743 2833 2216
2559 3327 1279 1791 2911 2277
2815 3327 1279 1839 2989 2338
3071 3327 1279 1887 3067 2398
3327 3327 1279 1935 3145 2459
3583 3327 1279 1983 3223 2520
3839 3327 1279 2031 3301 2581
4095 3327 1279 2079 3378 2642
0 3583 1279 1407 2286 1788
255 3583 1279 1454 2364 1848
511 3583 1279 1502 2442 1909
767 3583 1279 1550 2519 1970
1023 3583 1279 1598 2597 2031
1279 3583 1279 1646 2675 2092
1535 3583 1279 1694 2753 2153
1791 3583 1279 1742 2831 2214
2047 3583 1279 1790 2909 2275
2303 3583 1279 1838 2987 2336
2559 3583 1279 1886 3064 2396
2815 3583 1279 1934 3142 2457
3071 3583 1279 1981 3220 2518
3327 3583 1279 2029 3298 2579
3583 3583 1279 2077 3376 2640
3839 3583 1279 2125 3454 2701
4095 3583 1279 2173 3532 2762
0 3839 1279 1501 2439 1907
255 3839 1279 1549 2517 1968
511 3839 1279 1597 2595 2029
767 3839 1279 1644 2673 2090
1023 3839 1279 1692 2750 2151
1279 3839 1279 1740 2828 2212
1535 3839 1279 1788 2906 2273
1791 3839 1279 1836 2984 2334
2047 3839 1279 1884 3062 2394
2303 3839 1279 1932 3140 2455
2559 3839 1279 1980 3218 2516
2815 3839 1279 2028 3295 2577
3071 3839 1279 2076 3373 2638
3327 3839 1279 2124 3451 2699
3583 3839 1279 2171 3529 2760
3839 3839 1279 2219 3607 2821
4095 3839 1279 2267 3685 2882
0 4095 1279 1595 2592 2027
255 4095 1279 1643 2670 2088
511 4095 1279 1691 2748 2149
767 4095 1279 1739 2826 2210
1023 4095 1279 1787 2904 2271
1279 4095 1279 1835 2981 2331
1535 4095 1279 1882 3059 2392
1791 4095 1279 1930 3137 2453
2047 4095 1279 1978 3215 2514
2303 4095 1279 2026 3293 2575
2559 4095 1279 2074 3371 2636
2815 4095 1279 2122 3449 2697
3071 4095 1279 2170 3526 2758
3327 4095 1279 2218 3604 2819
3583 4095 1279 2266 3682 2879
3839 4095 1279 2314 3760 2940
4095 4095 1279 2362 3838 3001
0 0 1535 105 171 133
255 0 1535 153 249 194
511 0 1535 201 326 255
767 0 1535 249 404 316
1023 0 1535 297 482 377
1279 0 1535 344 560 438
1535 0 1535 392 638 499
1791 0 1535 440 716 560
2047 0 1535 488 794 621
2303 0 1535 536 871 681
2559 0 1535 584 949 742
2815 0 1535 632 1027 803
3071 0 1535 680 1105 864
3327 0 1535 728 1183 925
3583 0 1535 776 1261 986
3839 0 1535 824 1339 1047
4095 0 1535 871 1416 1108
0 255 1535 199 324 253
255 255 1535 247 402 314
511 255 1535 295 480 375
767 255 1535 343 557 436
1023 255 1535 391 635 497
1279 255 1535 439 713 558
1535 255 1535 487 791 619
1791 255 1535 535 869 679
2047 255 1535 582 947 740
2303 255 1535 630 1025 801
2559 255 1535 678 1102 862
2815 255 1535 726 1180 923
3071 255 1535 774 1258 984
3327 255 1535 822 1336 1045
3583 255 1535 870 1414 1106
3839 255 1535 918 1492 1167
4095 255 1535 966 1570 1227
0 511 1535 293 477 373
255 511 1535 341 555 434
511 511 1535 389 633 495
767 511 1535 437 711 556
1023 511 1535 485 788 616
1279 511 1535 533 866 677
1535 511 1535 581 944 738
1791 511 1535 629 1022 799
2047 511 1535 677 1100 860
2303 511 1535 725 1178 921
2559 511 1535 772 1256 982
2815 511 1535 820 1333 1043
3071 511 1535 868 1411 1104
3327 511 1535 916 1489 1164
3583 511 1535 964 1567 1225
3839 511 1535 1012 1645 1286
4095 511 1535 1060 1723 1347
0 767 1535 388 630 493
255 767 1535 435 708 554
511 767 1535 483 786 614
767 767 1535 531 864 675
1023 767 1535 579 942 736
1279 767 1535 627 1019 797
1535 767 1535 675 1097 858
1791 767 1535 723 1175 919
2047 767 1535 771 1253 980
2303 767 1535 819 1331 1041
2559 767 1535 867 1409 1102
2815 767 1535 915 1487 1162
3071 767 1535 963 1564 1223
3327 767 1535 1010 1642 1284
3583 767 1535 1058 1720 1345
3839 767 1535 1106 1798 1406
4095 767 1535 1154 1876 1467
0 1023 1535 482 783 612
255 1023 1535 530 861 673
511 1023 1535 578 939 734
767 1023 1535 626 1017 795
1023 1023 1535 673 1095 856
1279 1023 1535 721 1173 917
1535 1023 1535 769 1250 978
1791 1023 1535 817 1328 1039
2047 1023 1535 865 1406 1100
2303 1023 1535 913 1484 1160
2559 1023 1535 961 1562 1221
2815 1023 1535 1009 1640 1282
3071 1023 1535 1057 1718 1343
3327 1023 1535 1105 1795 1404
3583 1023 1535 1153 1873 1465
3839 1023 1535 1200 1951 1526
4095 1023 1535 1248 2029 1587
0 1279 1535 576 936 732
255 1279 1535 624 1014 793
511 1279 1535 672 1092 854
767 1279 1535 720 1170 915
1023 1279 1535 768 1248 976
1279 1279 1535 816 1326 1037
1535 1279 1535 864 1404 1098
1791 1279 1535 911 1481 1158
2047 1279 1535 959 1559 1219
2303 1279 1535 1007 1637 1280
2559 1279 1535 1055 1715 1341
2815 1279 1535 1103 1793 1402
3071 1279 1535 1151 1871 1463
3327 1279 1535 1199 1948 1524
3583 1279 1535 1247 2026 1585
3839 1279 1535 1295 2104 1645
4095 1279 1535 1343 2182 1706
0 1535 1535 670 1089 852
255 1535 1535 718 1167 913
511 1535 1535 766 1245 974
767 1535 1535 814 1323 1035
1023 1535 1535 862 1401 1095
1279 1535 1535 910 1479 1156
1535 1535 1535 958 1557 1217
1791 1535 1535 1006 1634 1278
2047 1535 1535 1054 1712 1339
2303 1535 1535 1101 1790 1400
2559 1535 1535 1149 1868 1461
2815 1535 1535 1197 1946 1522
3071 1535 1535 1245 2024 1583
3327 1535 1535 1293 2102 1643
3583 1535 1535 1341 2179 1704
3839 1535 1535 1389 2257 1765
4095 1535 1535 1437 2335 1826
0 1791 1535 764 1243 972
255 1791 1535 812 1320 1033
511 1791 1535 860 1398 1093
767 1791 1535 908 1476 1154
1023 1791 1535 956 1554 1215
1279 1791 1535 1004 1632 1276
1535 1791 1535 1052 1710 1337
1791 1791 1535 1100 1788 1398
2047 1791 1535 1148 1865 1459
2303 1791 1535 1196 1943 1520
2559 1791 1535 1244 2021 1581
2815 1791 1535 1292 2099 1641
3071 1791 1535 1339 2177 1702
3327 1791 1535 1387 2255 1763
3583 1791 1535 1435 2333 1824
3839 1791 1535 1483 2410 1885
4095 1791 1535 1531 2488 1946
0 2047 1535 859 1396 1091
255 2047 1535 907 1474 1152
511 2047 1535 955 1551 1213
767 2047 1535 1002 1629 1274
1023 2047 1535 1050 1707 1335
1279 2047 1535 1098 1785 1396
1535 2047 1535 1146 1863 1457
1791 2047 1535 1194 1941 1518
2047 2047 1535 1242 2019 1579
2303 2047 1535 1290 2096 1639
2559 2047 1535 1338 2174 1700
2815 2047 1535 1386 2252 1761
3071 2047 1535 1434 2330 1822
3327 2047 1535 1482 2408 1883
3583 2047 1535 1529 2486 1944
3839 2047 1535 1577 2564 2005
4095 2047 1535 1625 2641 2066
0 2303 1535 953 1549 1211
255 2303 1535 1001 1627 1272
511 2303 1535 1049 1705 1333
767 2303 1535 1097 1782 1394
1023 2303 1535 1145 1860 1455
1279 2303 1535 1192 1938 1516
1535 2303 1535 1240 2016 1576
1791 2303 1535 1288 2094 1637
2047 2303 1535 1336 2172 1698
2303 2303 1535 1384 2250 1759
2559 2303 1535 1432 2327 1820
2815 2303 1535 1480 2405 1881
3071 2303 1535 1528 2483 1942
3327 2303 1535 1576 2561 2003
3583 2303 1535 1624 2639 2064
3839 2303 1535 1672 2717 2124
4095 2303 1535 1720 2795 2185
0 2559 1535 1047 1702 1331
255 2559 1535 1095 1780 1392
511 2559 1535 1143 1858 1453
767 2559 1535 1191 1936 1514
1023 2559 1535 1239 2013 1574
1279 2559 1535 1287 2091 1635
1535 2559 1535 1335 2169 1696
1791 2559 1535 1383 2247 1757
2047 2559 1535 1430 2325 1818
2303 2559 1535 1478 2403 1879
2559 2559 1535 1526 2481 1940
2815 2559 1535 1574 2558 2001
3071 2559 1535 1622 2636 2062
3327 2559 1535 1670 2714 2122
3583 2559 1535 1718 2792 2183
3839 2559 1535 1766 2870 2244
4095 2559 1535 1814 2948 2305
0 2815 1535 1141 1855 1451
255 2815 1535 1189 1933 1512
511 2815 1535 1237 2011 1572
767 2815 1535 1285 2089 1633
1023 2815 1535 1333 2166 1694
1279 2815 1535 1381 2244 1755
1535 2815 1535 1429 2322 1816
1791 2815 1535 1477 2400 1877
2047 2815 1535 1525 2478 1938
2303 2815 1535 1573 2556 1999
2559 2815 1535 1621 2634 2060
2815 2815 1535 1668 2711 2120
3071 2815 1535 1716 2789 2181
3327 2815 1535 1764 2867 2242
3583 2815 1535 1812 2945 2303
3839 2815 1535 1860 3023 2364
4095 2815 1535 1908 3101 2425
0 3071 1535 1236 2008 1570
255 3071 1535 1284 2086 1631
511 3071 1535 1331 2164 1692
767 3071 1535 1379 2242 1753
1023 3071 1535 1427 2320 1814
1279 3071 1535 1475 2397 1875
1535 3071 1535 1523 2475 1936
1791 3071 1535 1571 2553 1997
2047 3071 1535 1619 2631 2057
2303 3071 1535 1667 2709 2118
2559 3071 1535 1715 2787 2179
2815 3071 1535 1763 2865 2240
3071 3071 1535 1811 2942 2301
3327 3071 1535 1858 3020 2362
3583 3071 1535 1906 3098 2423
3839 3071 1535 1954 3176 2484
4095 3071 1535 2002 3254 2545
0 3327 1535 1330 2161 1690
255 3327 1535 1378 2239 1751
511 3327 1535 1426 2317 1812
767 3327 1535 1474 2395 1873
1023 3327 1535 1521 2473 1934
1279 3327 1535 1569 2551 1995
1535 3327 1535 1617 2628 2055
1791 3327 1535 1665 2706 2116
2047 3327 1535 1713 2784 2177
2303 3327 1535 1761 2862 2238
2559 3327 1535 1809 2940 2299
2815 3327 1535 1857 3018 2360
3071 3327 1535 1905 3096 2421
3327 3327 1535 1953 3173 2482
3583 3327 1535 2001 3251 2543
3839 3327 1535 2049 3329 2603
4095 3327 1535 2096 3407 2664
0 3583 1535 1424 2314 1810
255 3583 1535 1472 2392 1871
511 3583 1535 1520 2470 1932
767 3583 1535 1568 2548 1993
1023 3583 1535 1616 2626 2053
1279 3583 1535 1664 2704 2114
1535 3583 1535 1712 2782 2175
1791 3583 1535 1759 2859 2236
2047 3583 1535 1807 2937 2297
2303 3583 1535 1855 3015 2358
2559 3583 1535 1903 3093 2419
2815 3583 1535 1951 3171 2480
3071 3583 1535 1999 3249 2541
3327 3583 1535 2047 3327 2601
3583 3583 1535 2095 3404 2662
3839 3583 1535 2143 3482 2723
4095 3583 1535 2191 3560 2784
0 3839 1535 1518 2468 1930
255 3839 1535 1566 2545 1991
511 3839 1535 1614 2623 2051
767 3839 1535 1662 2701 2112
1023 3839 1535 1710 2779 2173
1279 3839 1535 1758 2857 2234
1535 3839 1535 1806 2935 2295
1791 3839 1535 1854 3013 2356
2047 3839 1535 1902 3090 2417
2303 3839 1535 1949 3168 2478
2559 3839 1535 1997 3246 2539
2815 3839 1535 2045 3324 2599
3071 3839 1535 2093 3402 2660
3327 3839 1535 2141 3480 2721
3583 3839 1535 2189 3558 2782
3839 3839 1535 2237 3635 2843
4095 3839 1535 2285 3713 2904
0 4095 1535 1613 2621 2049
255 4095 1535 1660 2699 2110
511 4095 1535 1708 2776 2171
767 4095 1535 1756 2854 2232
1023 4095 1535 1804 2932 2293
1279 4095 1535 1852 3010 2354
1535 4095 1535 1900 3088 2415
1791 4095 1535 1948 3166 2476
2047 4095 1535 1996 3244 2536
2303 4095 1535 2044 3321 2597
2559 4095 1535 2092 3399 2658
2815 4095 1535 2140 3477 2719
3071 4095 1535 2187 3555 2780
3327 4095 1535 2235 3633 2841
3583 4095 1535 2283 3711 2902
3839 4095 1535 2331 3789 2963
4095 4095 1535 2379 3866 3024
0 0 1791 122 199 156
255 0 1791 170 277 217
511 0 1791 218 355 278
767 0 1791 266 433 338
1023 0 1791 314 511 399
1279 0 1791 362 589 460
1535 0 1791 410 666 521
1791 0 1791 458 744 582
2047 0 1791 506 822 643
2303 0 1791 554 900 704
2559 0 1791 602 978 765
2815 0 1791 649 1056 826
3071 0 1791 697 1134 886
3327 0 1791 745 1211 947
3583 0 1791 793 1289 1008
3839 0 1791 841 1367 1069
4095 0 1791 889 1445 1130
0 255 1791 217 352 276
255 255 1791 265 430 336
511 255 1791 313 508 397
767 255 1791 360 586 458
1023 255 1791 408 664 519
1279 255 1791 456 742 580
1535 255 1791 504 820 641
1791 255 1791 552 897 702
2047 255 1791 600 975 763
2303 255 1791 648 1053 824
2559 255 1791 696 1131 884
2815 255 1791 744 1209 945
3071 255 1791 792 1287 1006
3327 255 1791 840 1365 1067
3583 255 1791 887 1442 1128
3839 255 1791 935 1520 1189
4095 255 1791 983 1598 1250
0 511 1791 311 506 395
255 511 1791 359 583 456
511 511 1791 407 661 517
767 511 1791 455 739 578
1023 511 1791 503 817 639
1279 511 1791 550 895 700
1535 511 1791 598 973 761
1791 511 1791 646 1051 821
2047 511 1791 694 1128 882
2303 511 1791 742 1206 943
2559 511 1791 790 1284 1004
2815 511 1791 838 1362 1065
3071 511 1791 886 1440 1126
3327 511 1791 934 1518 1187
3583 511 1791 982 1596 1248
3839 511 1791 1030 1673 1309
4095 511 1791 1078 1751 1369
0 767 1791 405 659 515
255 767 1791 453 737 576
511 767 1791 501 814 637
767 767 1791 549 892 698
1023 767 1791 597 970 759
1279 767 1791 645 1048 819
1535 767 1791 693 1126 880
1791 767 1791 741 1204 941
2047 767 1791 788 1282 1002
2303 767 1791 836 1359 1063
2559 767 1791 884 1437 1124
2815 767 1791 932 1515 1185
3071 767 1791 980 1593 1246
3327 767 1791 1028 1671 1307
3583 767 1791 1076 1749 1367
3839 767 1791 1124 1827 1428
4095 767 1791 1172 1904 1489
0 1023 1791 499 812 635
255 1023 1791 547 890 696
511 1023 1791 595 968 757
767 1023 1791 643 1045 817
1023 1023 1791 691 1123 878
1279 1023 1791 739 1201 939
1535 1023 1791 787 1279 1000
1791 1023 1791 835 1357 1061
2047 1023 1791 883 1435 1122
2303 1023 1791 931 1513 1183
2559 1023 1791 978 1590 1244
2815 1023 1791 1026 1668 1305
3071 1023 1791 1074 1746 1365
3327 1023 1791 1122 1824 1426
3583 1023 1791 1170 1902 1487
3839 1023 1791 1218 1980 1548
4095 1023 1791 1266 2057 1609
0 1279 1791 594 965 755
255 1279 1791 642 1043 815
511 1279 1791 689 1121 876
767 1279 1791 737 1198 937
1023 1279 1791 785 1276 998
1279 1279 1791 833 1354 1059
1535 1279 1791 881 1432 1120
1791 1279 1791 929 1510 1181
2047 1279 1791 977 1588 1242
2303 1279 1791 1025 1666 1302
2559 1279 1791 1073 1743 1363
2815 1279 1791 1121 1821 1424
3071 1279 1791 1169 1899 1485
3327 1279 1791 1216 1977 1546
3583 1279 1791 1264 2055 1607
3839 1279 1791 1312 2133 1668
4095 1279 1791 1360 2211 1729
0 1535 1791 688 1118 874
255 1535 1791 736 1196 935
511 1535 1791 784 1274 996
767 1535 1791 832 1352 1057
1023 1535 1791 879 1429 1118
1279 1535 1791 927 1507 1179
1535 1535 1791 975 1585 1240
1791 1535 1791 1023 1663 1300
2047 1535 1791 1071 1741 1361
2303 1535 1791 1119 1819 1422
2559 1535 1791 1167 1897 1483
2815 1535 1791 1215 1974 1544
3071 1535 1791 1263 2052 1605
3327 1535 1791 1311 2130 1666
3583 1535 1791 1359 2208 1727
3839 1535 1791 1407 2286 1788
4095 1535 1791 1454 2364 1848
0 1791 1791 782 1271 994
255 1791 1791 830 1349 1055
511 1791 1791 878 1427 1116
767 1791 1791 926 1505 1177
1023 1791 1791 974 1583 1238
1279 1791 1791 1022 1660 1298
1535 1791 1791 1070 1738 1359
1791 1791 1791 1117 1816 1420
2047 1791 1791 1165 1894 1481
2303 1791 1791 1213 1972 1542
2559 1791 1791 1261 2050 1603
2815 1791 1791 1309 2128 1664
3071 1791 1791 1357 2205 1725
3327 1791 1791 1405 2283 1786
3583 1791 1791 1453 2361 1846
3839 1791 1791 1501 2439 1907
4095 1791 1791 1549 2517 1968
0 2047 1791 876 1424 1114
255 2047 1791 924 1502 1175
511 2047 1791 972 1580 1236
767 2047 1791 1020 1658 1296
1023 2047 1791 1068 1736 1357
1279 2047 1791 1116 1814 1418
1535 2047 1791 1164 1891 1479
1791 2047 1791 1212 1969 1540
2047 2047 1791 1260 2047 1601
2303 2047 1791 1307 2125 1662
2559 2047 1791 1355 2203 1723
2815 2047 1791 1403 2281 1784
3071 2047 1791 1451 2359 1844
3327 2047 1791 1499 2436 1905
3583 2047 1791 1547 2514 1966
3839 2047 1791 1595 2592 2027
4095 2047 1791 1643 2670 2088
0 2303 1791 971 1577 1233
255 2303 1791 1018 1655 1294
511 2303 1791 1066 1733 1355
767 2303 1791 1114 1811 1416
1023 2303 1791 1162 1889 1477
1279 2303 1791 1210 1967 1538
1535 2303 1791 1258 2045 1599
1791 2303 1791 1306 2122 1660
2047 2303 1791 1354 2200 1721
2303 2303 1791 1402 2278 1781
2559 2303 1791 1450 2356 1842
2815 2303 1791 1498 2434 1903
3071 2303 1791 1545 2512 1964
3327 2303 1791 1593 2590 2025
3583 2303 1791 1641 2667 2086
3839 2303 1791 1689 2745 2147
4095 2303 1791 1737 2823 2208
0 2559 1791 1065 1731 1353
255 2559 1791 1113 1808 1414
511 2559 1791 1161 1886 1475
767 2559 1791 1208 1964 1536
1023 2559 1791 1256 2042 1597
1279 2559 1791 1304 2120 1658
1535 2559 1791 1352 2198 1719
1791 2559 1791 1400 2275 1779
2047 2559 1791 1448 2353 1840
2303 2559 1791 1496 2431 1901
2559 2559 1791 1544 2509 1962
2815 2559 1791 1592 2587 2023
3071 2559 1791 1640 2665 2084
3327 2559 1791 1688 2743 2145
3583 2559 1791 1735 2820 2206
3839 2559 1791 1783 2898 2267
4095 2559 1791 1831 2976 2327
0 2815 1791 1159 1884 1473
255 2815 1791 1207 1961 1534
511 2815 1791 1255 2039 1595
767 2815 1791 1303 2117 1656
1023 2815 1791 1351 2195 1717
1279 2815 1791 1399 2273 1777
1535 2815 1791 1446 2351 1838
1791 2815 1791 1494 2429 1899
2047 2815 1791 1542 2506 1960
2303 2815 1791 1590 2584 2021
2559 2815 1791 1638 2662 2082
2815 2815 1791 1686 2740 2143
3071 2815 1791 1734 2818 2204
3327 2815 1791 1782 2896 2265
3583 2815 1791 1830 2974 2325
3839 2815 1791 1878 3051 2386
4095 2815 1791 1926 3129 2447
0 3071 1791 1253 2037 1593
255 3071 1791 1301 2115 1654
511 3071 1791 1349 2192 1714
767 3071 1791 1397 2270 1775
1023 3071 1791 1445 2348 1836
1279 3071 1791 1493 2426 1897
1535 3071 1791 1541 2504 1958
1791 3071 1791 1589 2582 2019
2047 3071 1791 1636 2660 2080
2303 3071 1791 1684 2737 2141
2559 3071 1791 1732 2815 2202
2815 3071 1791 1780 2893 2262
3071 3071 1791 1828 2971 2323
3327 3071 1791 1876 3049 2384
3583 3071 1791 1924 3127 2445
3839 3071 1791 1972 3205 2506
4095 3071 1791 2020 3282 2567
0 3327 1791 1347 2190 1712
255 3327 1791 1395 2268 1773
511 3327 1791 1443 2346 1834
767 3327 1791 1491 2423 1895
1023 3327 1791 1539 2501 1956
1279 3327 1791 1587 2579 2017
1535 3327 1791 1635 2657 2078
1791 3327 1791 1683 2735 2139
2047 3327 1791 1731 2813 2200
2303 3327 1791 1779 2891 2260
2559 3327 1791 1827 2968 2321
2815 3327 1791 1874 3046 2382
3071 3327 1791 1922 3124 2443
3327 3327 1791 1970 3202 2504
3583 3327 1791 2018 3280 2565
3839 3327 1791 2066 3358 2626
4095 3327 1791 2114 3436 2687
0 3583 1791 1442 2343 1832
255 3583 1791 1490 2421 1893
511 3583 1791 1537 2499 1954
767 3583 1791 1585 2577 2015
1023 3583 1791 1633 2654 2076
1279 3583 1791 1681 2732 2137
1535 3583 1791 1729 2810 2198
1791 3583 1791 1777 2888 2258
2047 3583 1791 1825 2966 2319
2303 3583 1791 1873 3044 2380
2559 3583 1791 1921 3122 2441
2815 3583 1791 1969 3199 2502
3071 3583 1791 2017 3277 2563
3327 3583 1791 2064 3355 2624
3583 3583 1791 2112 3433 2685
3839 3583 1791 2160 3511 2746
4095 3583 1791 2208 3589 2806
0 3839 1791 1536 2496 1952
255 3839 1791 1584 2574 2013
511 3839 1791 1632 2652 2074
767 3839 1791 1680 2730 2135
1023 3839 1791 1728 2808 2196
1279 3839 1791 1775 2885 2256
1535 3839 1791 1823 2963 2317
1791 3839 1791 1871 3041 2378
2047 3839 1791 1919 3119 2439
2303 3839 1791 1967 3197 2500
2559 3839 1791 2015 3275 2561
2815 3839 1791 2063 3353 2622
3071 3839 1791 2111 3430 2683
3327 3839 1791 2159 3508 2743
3583 3839 1791 2207 3586 2804
3839 3839 1791 2255 3664 2865
4095 3839 1791 2302 3742 2926
0 4095 1791 1630 2649 2072
255 4095 1791 1678 2727 2133
511 4095 1791 1726 2805 2193
767 4095 1791 1774 2883 2254
1023 4095 1791 1822 2961 2315
1279 4095 1791 1870 3038 2376
1535 4095 1791 1918 3116 2437
1791 4095 1791 1965 3194 2498
2047 4095 1791 2013 3272 2559
2303 4095 1791 2061 3350 2620
2559 4095 1791 2109 3428 2681
2815 4095 1791 2157 3506 2741
3071 4095 1791 2205 3583 2802
3327 4095 1791 2253 3661 2863
3583 4095 1791 2301 3739 2924
3839 4095 1791 2349 3817 2985
4095 4095 1791 2397 3895 3046
0 0 2047 140 228 178
255 0 2047 188 306 239
511 0 2047 236 384 300
767 0 2047 284 461 361
1023 0 2047 332 539 422
1279 0 2047 380 617 483
1535 0 2047 428 695 543
1791 0 2047 475 773 604
2047 0 2047 523 851 665
2303 0 2047 571 929 726
2559 0 2047 619 1006 787
2815 0 2047 667 1084 848
3071 0 2047 715 1162 909
3327 0 2047 763 1240 970
3583 0 2047 811 1318 1031
3839 0 2047 859 1396 1091
4095 0 2047 907 1474 1152
0 255 2047 234 381 298
255 255 2047 282 459 359
511 255 2047 330 537 420
767 255 2047 378 615 481
1023 255 2047 426 692 541
1279 255 2047 474 770 602
1535 255 2047 522 848 663
1791 255 2047 570 926 724
2047 255 2047 618 1004 785
2303 255 2047 665 1082 846
2559 255 2047 713 1160 907
2815 255 2047 761 1237 968
3071 255 2047 809 1315 1028
3327 255 2047 857 1393 1089
3583 255 2047 905 1471 1150
3839 255 2047 953 1549 1211
4095 255 2047 1001 1627 1272
0 511 2047 328 534 418
255 511 2047 376 612 478
511 511 2047 424 690 539
767 511 2047 472 768 600
1023 511 2047 520 846 661
1279 511 2047 568 923 722
1535 511 2047 616 1001 783
1791 511 2047 664 1079 844
2047 511 2047 712 1157 905
2303 511 2047 760 1235 966
2559 511 2047 808 1313 1026
2815 511 2047 856 1391 1087
3071 511 2047 903 1468 1148
3327 511 2047 951 1546 1209
3583 511 2047 999 1624 1270
3839 511 2047 1047 1702 1331
4095 511 2047 1095 1780 1392
0 767 2047 423 687 537
255 767 2047 471 765 598
511 767 2047 519 843 659
767 767 2047 566 921 720
1023 767 2047 614 999 781
1279 767 2047 662 1077 842
1535 767 2047 710 1154 903
1791 767 2047 758 1232 964
2047 767 2047 806 1310 1024
2303 767 2047 854 1388 1085
2559 767 2047 902 1466 1146
2815 767 2047 950 1544 1207
3071 767 2047 998 1622 1268
3327 767 2047 1046 1699 1329
3583 767 2047 1093 1777 1390
3839 767 2047 1141 1855 1451
4095 767 2047 1189 1933 1512
0 1023 2047 517 840 657
255 1023 2047 565 918 718
511 1023 2047 613 996 779
767 1023 2047 661 1074 840
1023 1023 2047 709 1152 901
1279 1023 2047 757 1230 962
1535 1023 2047 804 1307 1022
1791 1023 2047 852 1385 1083
2047 1023 2047 900 1463 1144
2303 1023 2047 948 1541 1205
2559 1023 2047 996 1619 1266
2815 1023 2047 1044 1697 1327
3071 1023 2047 1092 1775 1388
3327 1023 2047 1140 1852 1449
3583 1023 2047 1188 1930 1510
3839 1023 2047 1236 2008 1570
4095 1023 2047 1284 2086 1631
0 1279 2047 611 993 777
255 1279 2047 659 1071 838
511 1279 2047 707 1149 899
767 1279 2047 755 1227 959
1023 1279 2047 803 1305 1020
1279 1279 2047 851 1383 1081
1535 1279 2047 899 1461 1142
1791 1279 2047 947 1538 1203
2047 1279 2047 994 1616 1264
2303 1279 2047 1042 1694 1325
2559 1279 2047 1090 1772 1386
2815 1279 2047 1138 1850 1447
3071 1279 2047 1186 1928 1507
3327 1279 2047 1234 2006 1568
3583 1279 2047 1282 2083 1629
3839 1279 2047 1330 2161 1690
4095 1279 2047 1378 2239 1751
0 1535 2047 705 1147 897
255 1535 2047 753 1224 957
511 1535 2047 801 1302 1018
767 1535 2047 849 1380 1079
1023 1535 2047 897 1458 1140
1279 1535 2047 945 1536 1201
1535 1535 2047 993 1614 1262
1791 1535 2047 1041 1692 1323
2047 1535 2047 1089 1769 1384
2303 1535 2047 1137 1847 1445
2559 1535 2047 1185 1925 1505
2815 1535 2047 1232 2003 1566
3071 1535 2047 1280 2081 1627
3327 1535 2047 1328 2159 1688
3583 1535 2047 1376 2237 1749
3839 1535 2047 1424 2314 1810
4095 1535 2047 1472 2392 1871
0 1791 2047 800 1300 1016
255 1791 2047 848 1378 1077
511 1791 2047 895 1455 1138
767 1791 2047 943 1533 1199
1023 1791 2047 991 1611 1260
1279 1791 2047 1039 1689 1321
1535 1791 2047 1087 1767 1382
1791 1791 2047 1135 1845 1443
2047 1791 2047 1183 1923 1503
2303 1791 2047 1231 2000 1564
2559 1791 2047 1279 2078 1625
2815 1791 2047 1327 2156 1686
3071 1791 2047 1375 2234 1747
3327 1791 2047 1422 2312 1808
3583 1791 2047 1470 2390 1869
3839 1791 2047 1518 2468 1930
4095 1791 2047 1566 2545 1991
0 2047 2047 894 1453 1136
255 2047 2047 942 1531 1197
511 2047 2047 990 1609 1258
767 2047 2047 1038 1686 1319
1023 2047 2047 1085 1764 1380
1279 2047 2047 1133 1842 1441
1535 2047 2047 1181 1920 1501
1791 2047 2047 1229 1998 1562
2047 2047 2047 1277 2076 1623
2303 2047 2047 1325 2154 1684
2559 2047 2047 1373 2231 1745
2815 2047 2047 1421 2309 1806
3071 2047 2047 1469 2387 1867
3327 2047 2047 1517 2465 1928
3583 2047 2047 1565 2543 1988
3839 2047 2047 1613 2621 2049
4095 2047 2047 1660 2699 2110
0 2303 2047 988 1606 1256
255 2303 2047 1036 1684 1317
511 2303 2047 1084 1762 1378
767 2303 2047 1132 1840 1438
1023 2303 2047 1180 1917 1499
1279 2303 2047 1228 1995 1560
1535 2303 2047 1276 2073 1621
1791 2303 2047 1323 2151 1682
2047 2303 2047 1371 2229 1743
2303 2303 2047 1419 2307 1804
2559 2303 2047 1467 2384 1865
2815 2303 2047 1515 2462 1926
3071 2303 2047 1563 2540 1986
3327 2303 2047 1611 2618 2047
3583 2303 2047 1659 2696 2108
3839 2303 2047 1707 2774 2169
4095 2303 2047 1755 2852 2230
0 2559 2047 1082 1759 1376
255 2559 2047 1130 1837 1436
511 2559 2047 1178 1915 1497
767 2559 2047 1226 1993 1558
1023 2559 2047 1274 2070 1619
1279 2559 2047 1322 2148 1680
1535 2559 2047 1370 2226 1741
1791 2559 2047 1418 2304 1802
2047 2559 2047 1466 2382 1863
2303 2559 2047 1514 2460 1924
2559 2559 2047 1561 2538 1984
2815 2559 2047 1609 2615 2045
3071 2559 2047 1657 2693 2106
3327 2559 2047 1705 2771 2167
3583 2559 2047 1753 2849 2228
3839 2559 2047 1801 2927 2289
4095 2559 2047 1849 3005 2350
0 2815 2047 1177 1912 1495
255 2815 2047 1224 1990 1556
511 2815 2047 1272 2068 1617
767 2815 2047 1320 2146 1678
1023 2815 2047 1368 2224 1739
1279 2815 2047 1416 2301 1800
1535 2815 2047 1464 2379 1861
1791 2815 2047 1512 2457 1922
2047 2815 2047 1560 2535 1982
2303 2815 2047 1608 2613 2043
2559 2815 2047 1656 2691 2104
2815 2815 2047 1704 2769 2165
3071 2815 2047 1751 2846 2226
3327 2815 2047 1799 2924 2287
3583 2815 2047 1847 3002 2348
3839 2815 2047 1895 3080 2409
4095 2815 2047 1943 3158 2470
0 3071 2047 1271 2065 1615
255 3071 2047 1319 2143 1676
511 3071 2047 1367 2221 1737
767 3071 2047 1414 2299 1798
1023 3071 2047 1462 2377 1859
1279 3071 2047 1510 2455 1919
1535 3071 2047 1558 2532 1980
1791 3071 2047 1606 2610 2041
2047 3071 2047 1654 2688 2102
2303 3071 2047 1702 2766 2163
2559 3071 2047 1750 2844 2224
2815 3071 2047 1798 2922 2285
3071 3071 2047 1846 3000 2346
3327 3071 2047 1894 3077 2407
3583 3071 2047 1942 3155 2467
3839 3071 2047 1989 3233 2528
4095 3071 2047 2037 3311 2589
0 3327 2047 1365 2218 1735
255 3327 2047 1413 2296 1796
511 3327 2047 1461 2374 1857
767 3327 2047 1509 2452 1917
1023 3327 2047 1557 2530 1978
1279 3327 2047 1605 2608 2039
1535 3327 2047 1652 2686 2100
1791 3327 2047 1700 2763 2161
2047 3327 2047 1748 2841 2222
2303 3327 2047 1796 2919 2283
2559 3327 2047 1844 2997 2344
2815 3327 2047 1892 3075 2405
3071 3327 2047 1940 3153 2465
3327 3327 2047 1988 3231 2526
3583 3327 2047 2036 3308 2587
3839 3327 2047 2084 3386 2648
4095 3327 2047 2132 3464 2709
0 3583 2047 1459 2372 1855
255 3583 2047 1507 2449 1915
511 3583 2047 1555 2527 1976
767 3583 2047 1603 2605 2037
1023 3583 2047 1651 2683 2098
1279 3583 2047 1699 2761 2159
1535 3583 2047 1747 2839 2220
1791 3583 2047 1795 2917 2281
2047 3583 2047 1842 2994 2342
2303 3583 2047 1890 3072 2403
2559 3583 2047 1938 3150 2463
2815 3583 2047 1986 3228 2524
3071 3583 2047 2034 3306 2585
3327 3583 2047 2082 3384 2646
3583 3583 2047 2130 3462 2707
3839 3583 2047 2178 3539 2768
4095 3583 2047 2226 3617 2829
0 3839 2047 1553 2525 1974
255 3839 2047 1601 2602 2035
511 3839 2047 1649 2680 2096
767 3839 2047 1697 2758 2157
1023 3839 2047 1745 2836 2218
1279 3839 2047 1793 2914 2279
1535 3839 2047 1841 2992 2340
1791 3839 2047 1889 3070 2400
2047 3839 2047 1937 3147 2461
2303 3839 2047 1985 3225 2522
2559 3839 2047 2033 3303 2583
2815 3839 2047 2080 3381 2644
3071 3839 2047 2128 3459 2705
3327 3839 2047 2176 3537 2766
3583 3839 2047 2224 3615 2827
3839 3839 2047 2272 3692 2888
4095 3839 2047 2320 3770 2948
0 4095 2047 1648 2678 2094
255 4095 2047 1696 2756 2155
511 4095 2047 1743 2833 2216
767 4095 2047 1791 2911 2277
1023 4095 2047 1839 2989 2338
1279 4095 2047 1887 3067 2398
1535 4095 2047 1935 3145 2459
1791 4095 2047 1983 3223 2520
2047 4095 2047 2031 3301 2581
2303 4095 2047 2079 3378 2642
2559 4095 2047 2127 3456 2703
2815 4095 2047 2175 3534 2764
3071 4095 2047 2223 3612 2825
3327 4095 2047 2271 3690 2886
3583 4095 2047 2318 3768 2946
3839 4095 2047 2366 3846 3007
4095 4095 2047 2414 3923 3068
0 0 2303 158 256 200
255 0 2303 206 334 261
511 0 2303 253 412 322
767 0 2303 301 490 383
1023 0 2303 349 568 444
1279 0 2303 397 646 505
1535 0 2303 445 724 566
1791 0 2303 493 801 627
2047 0 2303 541 879 688
2303 0 2303 589 957 748
2559 0 2303 637 1035 809
2815 0 2303 685 1113 870
3071 0 2303 733 1191 931
3327 0 2303 780 1269 992
3583 0 2303 828 1346 1053
3839 0 2303 876 1424 1114
4095 0 2303 924 1502 1175
0 255 2303 252 410 320
255 255 2303 300 487 381
511 255 2303 348 565 442
767 255 2303 396 643 503
1023 255 2303 443 721 564
1279 255 2303 491 799 625
1535 255 2303 539 877 685
1791 255 2303 587 955 746
2047 255 2303 635 1032 807
2303 255 2303 683 1110 868
2559 255 2303 731 1188 929
2815 255 2303 779 1266 990
3071 255 2303 827 1344 1051
3327 255 2303 875 1422 1112
3583 255 2303 923 1500 1173
3839 255 2303 971 1577 1233
4095 255 2303 1018 1655 1294
0 511 2303 346 563 440
255 511 2303 394 641 501
511 511 2303 442 718 562
767 511 2303 490 796 623
1023 511 2303 538 874 683
1279 511 2303 586 952 744
1535 511 2303 634 1030 805
1791 511 2303 681 1108 866
2047 511 2303 729 1186 927
2303 511 2303 777 1263 988
2559 511 2303 825 1341 1049
2815 511 2303 873 1419 1110
3071 511 2303 921 1497 1171
3327 511 2303 969 1575 1231
3583 511 2303 1017 1653 1292
3839 511 2303 1065 1731 1353
4095 511 2303 1113 1808 1414
0 767 2303 440 716 560
255 767 2303 488 794 621
511 767 2303 536 871 681
767 767 2303 584 949 742
1023 767 2303 632 1027 803
1279 767 2303 680 1105 864
1535 767 2303 728 1183 925
1791 767 2303 776 1261 986
2047 767 2303 824 1339 1047
2303 767 2303 871 1416 1108
2559 767 2303 919 1494 1169
2815 767 2303 967 1572 1229
3071 767 2303 1015 1650 1290
3327 767 2303 1063 1728 1351
3583 767 2303 1111 1806 1412
3839 767 2303 1159 1884 1473
4095 767 2303 1207 1961 1534
0 1023 2303 535 869 679
255 1023 2303 582 947 740
511 1023 2303 630 1025 801
767 1023 2303 678 1102 862
1023 1023 2303 726 1180 923
1279 1023 2303 774 1258 984
1535 1023 2303 822 1336 1045
1791 1023 2303 870 1414 1106
2047 1023 2303 918 1492 1167
2303 1023 2303 966 1570 1227
2559 1023 2303 1014 1647 1288
2815 1023 2303 1062 1725 1349
3071 1023 2303 1109 1803 1410
3327 1023 2303 1157 1881 1471
3583 1023 2303 1205 1959 1532
3839 1023 2303 1253 2037 1593
4095 1023 2303 1301 2115 1654
0 1279 2303 629 1022 799
255 1279 2303 677 1100 860
511 1279 2303 725 1178 921
767 1279 2303 772 1256 982
1023 1279 2303 820 1333 1043
1279 1279 2303 868 1411 1104
1535 1279 2303 916 1489 1164
1791 1279 2303 964 1567 1225
2047 1279 2303 1012 1645 1286
2303 1279 2303 1060 1723 1347
2559 1279 2303 1108 1801 1408
2815 1279 2303 1156 1878 1469
3071 1279 2303 1204 1956 1530
3327 1279 2303 1252 2034 1591
3583 1279 2303 1299 2112 1652
3839 1279 2303 1347 2190 1712
4095 1279 2303 1395 2268 1773
0 1535 2303 723 1175 919
255 1535 2303 771 1253 980
511 1535 2303 819 1331 1041
767 1535 2303 867 1409 1102
1023 1535 2303 915 1487 1162
1279 1535 2303 963 1564 1223
1535 1535 2303 1010 1642 1284
1791 1535 2303 1058 1720 1345
2047 1535 2303 1106 1798 1406
2303 1535 2303 1154 1876 1467
2559 1535 2303 1202 1954 1528
2815 1535 2303 1250 2032 1589
3071 1535 2303 1298 2109 1650
3327 1535 2303 1346 2187 1710
3583 1535 2303 1394 2265 1771
3839 1535 2303 1442 2343 1832
4095 1535 2303 1490 2421 1893
0 1791 2303 817 1328 1039
255 1791 2303 865 1406 1100
511 1791 2303 913 1484 1160
767 1791 2303 961 1562 1221
1023 1791 2303 1009 1640 1282
1279 1791 2303 1057 1718 1343
1535 1791 2303 1105 1795 1404
1791 1791 2303 1153 1873 1465
2047 1791 2303 1200 1951 1526
2303 1791 2303 1248 2029 1587
2559 1791 2303 1296 2107 1648
2815 1791 2303 1344 2185 1708
3071 1791 2303 1392 2263 1769
3327 1791 2303 1440 2340 1830
3583 1791 2303 1488 2418 1891
3839 1791 2303 1536 2496 1952
4095 1791 2303 1584 2574 2013
0 2047 2303 911 1481 1158
255 2047 2303 959 1559 1219
511 2047 2303 1007 1637 1280
767 2047 2303 1055 1715 1341
1023 2047 2303 1103 1793 1402
1279 2047 2303 1151 1871 1463
1535 2047 2303 1199 1948 1524
1791 2047 2303 1247 2026 1585
2047 2047 2303 1295 2104 1645
2303 2047 2303 1343 2182 1706
2559 2047 2303 1391 2260 1767
2815 2047 2303 1438 2338 1828
3071 2047 2303 1486 2416 1889
3327 2047 2303 1534 2493 1950
3583 2047 2303 1582 2571 2011
3839 2047 2303 1630 2649 2072
4095 2047 2303 1678 2727 2133
0 2303 2303 1006 1634 1278
255 2303 2303 1054 1712 1339
511 2303 2303 1101 1790 1400
767 2303 2303 1149 1868 1461
1023 2303 2303 1197 1946 1522
1279 2303 2303 1245 2024 1583
1535 2303 2303 1293 2102 1643
1791 2303 2303 1341 2179 1704
2047 2303 2303 1389 2257 1765
2303 2303 2303 1437 2335 1826
2559 2303 2303 1485 2413 1887
2815 2303 2303 1533 2491 1948
3071 2303 2303 1581 2569 2009
3327 2303 2303 1628 2647 2070
3583 2303 2303 1676 2724 2131
3839 2303 2303 1724 2802 2191
4095 2303 2303 1772 2880 2252
0 2559 2303 1100 1788 1398
255 2559 2303 1148 1865 1459
511 2559 2303 1196 1943 1520
767 2559 2303 1244 2021 1581
1023 2559 2303 1292 2099 1641
1279 2559 2303 1339 2177 1702
1535 2559 2303 1387 2255 1763
1791 2559 2303 1435 2333 1824
2047 2559 2303 1483 2410 1885
2303 2559 2303 1531 2488 1946
2559 2559 2303 1579 2566 2007
2815 2559 2303 1627 2644 2068
3071 2559 2303 1675 2722 2129
3327 2559 2303 1723 2800 2189
3583 2559 2303 1771 2878 2250
3839 2559 2303 1819 2955 2311
4095 2559 2303 1866 3033 2372
0 2815 2303 1194 1941 1518
255 2815 2303 1242 2019 1579
511 2815 2303 1290 2096 1639
767 2815 2303 1338 2174 1700
1023 2815 2303 1386 2252 1761
1279 2815 2303 1434 2330 1822
1535 2815 2303 1482 2408 1883
1791 2815 2303 1529 2486 1944
2047 2815 2303 1577 2564 2005
2303 2815 2303 1625 2641 2066
2559 2815 2303 1673 2719 2127
2815 2815 2303 1721 2797 2187
3071 2815 2303 1769 2875 2248
3327 2815 2303 1817 2953 2309
3583 2815 2303 1865 3031 2370
3839 2815 2303 1913 3109 2431
4095 2815 2303 1961 3186 2492
0 3071 2303 1288 2094 1637
255 3071 2303 1336 2172 1698
511 3071 2303 1384 2250 1759
767 3071 2303 1432 2327 1820
1023 3071 2303 1480 2405 1881
1279 3071 2303 1528 2483 1942
1535 3071 2303 1576 2561 2003
1791 3071 2303 1624 2639 2064
2047 3071 2303 1672 2717 2124
2303 3071 2303 1720 2795 2185
2559 3071 2303 1767 2872 2246
2815 3071 2303 1815 2950 2307
3071 3071 2303 1863 3028 2368
3327 3071 2303 1911 3106 2429
3583 3071 2303 1959 3184 2490
3839 3071 2303 2007 3262 2551
4095 3071 2303 2055 3340 2612
0 3327 2303 1383 2247 1757
255 3327 2303 1430 2325 1818
511 3327 2303 1478 2403 1879
767 3327 2303 1526 2481 1940
1023 3327 2303 1574 2558 2001
1279 3327 2303 1622 2636 2062
1535 3327 2303 1670 2714 2122
1791 3327 2303 1718 2792 2183
2047 3327 2303 1766 2870 2244
2303 3327 2303 1814 2948 2305
2559 3327 2303 1862 3026 2366
2815 3327 2303 1910 3103 2427
3071 3327 2303 1957 3181 2488
3327 3327 2303 2005 3259 2549
3583 3327 2303 2053 3337 2610
3839 3327 2303 2101 3415 2670
4095 3327 2303 2149 3493 2731
0 3583 2303 1477 2400 1877
255 3583 2303 1525 2478 1938
511 3583 2303 1573 2556 1999
767 3583 2303 1621 2634 2060
1023 3583 2303 1668 2711 2120
1279 3583 2303 1716 2789 2181
1535 3583 2303 1764 2867 2242
1791 3583 2303 1812 2945 2303
2047 3583 2303 1860 3023 2364
2303 3583 2303 1908 3101 2425
2559 3583 2303 1956 3179 2486
2815 3583 2303 2004 3256 2547
3071 3583 2303 2052 3334 2608
3327 3583 2303 2100 3412 2668
3583 3583 2303 2148 3490 2729
3839 3583 2303 2195 3568 2790
4095 3583 2303 2243 3646 2851
0 3839 2303 1571 2553 1997
255 3839 2303 1619 2631 2057
511 3839 2303 1667 2709 2118
767 3839 2303 1715 2787 2179
1023 3839 2303 1763 2865 2240
1279 3839 2303 1811 2942 2301
1535 3839 2303 1858 3020 2362
1791 3839 2303 1906 3098 2423
2047 3839 2303 1954 3176 2484
2303 3839 2303 2002 3254 2545
2559 3839 2303 2050 3332 2605
2815 3839 2303 2098 3410 2666
3071 3839 2303 2146 3487 2727
3327 3839 2303 2194 3565 2788
3583 3839 2303 2242 3643 2849
3839 3839 2303 2290 3721 2910
4095 3839 2303 2338 3799 2971
0 4095 2303 1665 2706 2116
255 4095 2303 1713 2784 2177
511 4095 2303 1761 2862 2238
767 4095 2303 1809 2940 2299
1023 4095 2303 1857 3018 2360
1279 4095 2303 1905 3096 2421
1535 4095 2303 1953 3173 2482
1791 4095 2303 2001 3251 2543
2047 4095 2303 2049 3329 2603
2303 4095 2303 2096 3407 2664
2559 4095 2303 2144 3485 2725
2815 4095 2303 2192 3563 2786
3071 4095 2303 2240 3641 2847
3327 4095 2303 2288 3718 2908
3583 4095 2303 2336 3796 2969
3839 4095 2303 2384 3874 3030
4095 4095 2303 2432 3952 3091
0 0 2559 175 285 223
255 0 2559 223 363 284
511 0 2559 271 441 345
767 0 2559 319 519 405
1023 0 2559 367 596 466
1279 0 2559 415 674 527
1535 0 2559 463 752 588
1791 0 2559 511 830 649
2047 0 2559 558 908 710
2303 0 2559 606 986 771
2559 0 2559 654 1064 832
2815 0 2559 702 1141 893
3071 0 2559 750 1219 953
3327 0 2559 798 1297 1014
3583 0 2559 846 1375 1075
3839 0 2559 894 1453 1136
4095 0 2559 942 1531 1197
0 255 2559 269 438 342
255 255 2559 317 516 403
511 255 2559 365 594 464
767 255 2559 413 672 525
1023 255 2559 461 750 586
1279 255 2559 509 827 647
1535 255 2559 557 905 708
1791 255 2559 605 983 769
2047 255 2559 653 1061 830
2303 255 2559 701 1139 890
2559 255 2559 749 1217 951
2815 255 2559 796 1295 1012
3071 255 2559 844 1372 1073
3327 255 2559 892 1450 1134
3583 255 2559 940 1528 1195
3839 255 2559 988 1606 1256
4095 255 2559 1036 1684 1317
0 511 2559 364 591 462
255 511 2559 412 669 523
511 511 2559 459 747 584
767 511 2559 507 825 645
1023 511 2559 555 903 706
1279 511 2559 603 980 767
1535 511 2559 651 1058 828
1791 511 2559 699 1136 888
2047 511 2559 747 1214 949
2303 511 2559 795 1292 1010
2559 511 2559 843 1370 1071
2815 511 2559 891 1448 1132
3071 511 2559 939 1525 1193
3327 511 2559 986 1603 1254
3583 511 2559 1034 1681 1315
3839 511 2559 1082 1759 1376
4095 511 2559 1130 1837 1436
0 767 2559 458 744 582
255 767 2559 506 822 643
511 767 2559 554 900 704
767 767 2559 602 978 765
1023 767 2559 649 1056 826
1279 767 2559 697 1134 886
1535 767 2559 745 1211 947
1791 767 2559 793 1289 1008
2047 767 2559 841 1367 1069
2303 767 2559 889 1445 1130
2559 767 2559 937 1523 1191
2815 767 2559 985 1601 1252
3071 767 2559 1033 1679 1313
3327 767 2559 1081 1756 1374
3583 767 2559 1129 1834 1434
3839 767 2559 1177 1912 1495
4095 767 2559 1224 1990 1556
0 1023 2559 552 897 702
255 1023 2559 600 975 763
511 1023 2559 648 1053 824
767 1023 2559 696 1131 884
1023 1023 2559 744 1209 945
1279 1023 2559 792 1287 1006
1535 1023 2559 840 1365 1067
1791 1023 2559 887 1442 1128
2047 1023 2559 935 1520 1189
2303 1023 2559 983 1598 1250
2559 1023 2559 1031 1676 1311
2815 1023 2559 1079 1754 1371
3071 1023 2559 1127 1832 1432
3327 1023 2559 1175 1910 1493
3583 1023 2559 1223 1987 1554
3839 1023 2559 1271 2065 1615
4095 1023 2559 1319 2143 1676
0 1279 2559 646 1051 821
255 1279 2559 694 1128 882
511 1279 2559 742 1206 943
767 1279 2559 790 1284 1004
1023 1279 2559 838 1362 1065
1279 1279 2559 886 1440 1126
1535 1279 2559 934 1518 1187
1791 1279 2559 982 1596 1248
2047 1279 2559 1030 1673 1309
2303 1279 2559 1078 1751 1369
2559 1279 2559 1125 1829 1430
2815 1279 2559 1173 1907 1491
3071 1279 2559 1221 1985 1552
3327 1279 2559 1269 2063 1613
3583 1279 2559 1317 2141 1674
3839 1279 2559 1365 2218 1735
4095 1279 2559 1413 2296 1796
0 1535 2559 741 1204 941
255 1535 2559 788 1282 1002
511 1535 2559 836 1359 1063
767 1535 2559 884 1437 1124
1023 1535 2559 932 1515 1185
1279 1535 2559 980 1593 1246
1535 1535 2559 1028 1671 1307
1791 1535 2559 1076 1749 1367
2047 1535 2559 1124 1827 1428
2303 1535 2559 1172 1904 1489
2559 1535 2559 1220 1982 1550
2815 1535 2559 1268 2060 1611
3071 1535 2559 1315 2138 1672
3327 1535 2559 1363 2216 1733
3583 1535 2559 1411 2294 1794
3839 1535 2559 1459 2372 1855
4095 1535 2559 1507 2449 1915
0 1791 2559 835 1357 1061
255 1791 2559 883 1435 1122
511 1791 2559 931 1513 1183
767 1791 2559 978 1590 1244
1023 1791 2559 1026 1668 1305
1279 1791 2559 1074 1746 1365
1535 1791 2559 1122 1824 1426
1791 1791 2559 1170 1902 1487
2047 1791 2559 1218 1980 1548
2303 1791 2559 1266 2057 1609
2559 1791 2559 1314 2135 1670
2815 1791 2559 1362 2213 1731
3071 1791 2559 1410 2291 1792
3327 1791 2559 1458 2369 1853
3583 1791 2559 1506 2447 1913
3839 1791 2559 1553 2525 1974
4095 1791 2559 1601 2602 2035
0 2047 2559 929 1510 1181
255 2047 2559 977 1588 1242
511 2047 2559 1025 1666 1302
767 2047 2559 1073 1743 1363
1023 2047 2559 1121 1821 1424
1279 2047 2559 1169 1899 1485
1535 2047 2559 1216 1977 1546
1791 2047 2559 1264 2055 1607
2047 2047 2559 1312 2133 1668
2303 2047 2559 1360 2211 1729
2559 2047 2559 1408 2288 1790
2815 2047 2559 1456 2366 1850
3071 2047 2559 1504 2444 1911
3327 2047 2559 1552 2522 1972
3583 2047 2559 1600 2600 2033
3839 2047 2559 1648 2678 2094
4095 2047 2559 1696 2756 2155
0 2303 2559 1023 1663 1300
255 2303 2559 1071 1741 1361
511 2303 2559 1119 1819 1422
767 2303 2559 1167 1897 1483
1023 2303 2559 1215 1974 1544
1279 2303 2559 1263 2052 1605
1535 2303 2559 1311 2130 1666
1791 2303 2559 1359 2208 1727
2047 2303 2559 1407 2286 1788
2303 2303 2559 1454 2364 1848
2559 2303 2559 1502 2442 1909
2815 2303 2559 1550 2519 1970
3071 2303 2559 1598 2597 2031
3327 2303 2559 1646 2675 2092
3583 2303 2559 1694 2753 2153
3839 2303 2559 1742 2831 2214
4095 2303 2559 1790 2909 2275
0 2559 2559 1117 1816 1420
255 2559 2559 1165 1894 1481
511 2559 2559 1213 1972 1542
767 2559 2559 1261 2050 1603
1023 2559 2559 1309 2128 1664
1279 2559 2559 1357 2205 1725
1535 2559 2559 1405 2283 1786
1791 2559 2559 1453 2361 1846
2047 2559 2559 1501 2439 1907
2303 2559 2559 1549 2517 1968
2559 2559 2559 1597 2595 2029
2815 2559 2559 1644 2673 2090
3071 2559 2559 1692 2750 2151
3327 2559 2559 1740 2828 2212
3583 2559 2559 1788 2906 2273
3839 2559 2559 1836 2984 2334
4095 2559 2559 1884 3062 2394
0 2815 2559 1212 1969 1540
255 2815 2559 1260 2047 1601
511 2815 2559 1307 2125 1662
767 2815 2559 1355 2203 1723
1023 2815 2559 1403 2281 1784
1279 2815 2559 1451 2359 1844
1535 2815 2559 1499 2436 1905
1791 2815 2559 1547 2514 1966
2047 2815 2559 1595 2592 2027
2303 2815 2559 1643 2670 2088
2559 2815 2559 1691 2748 2149
2815 2815 2559 1739 2826 2210
3071 2815 2559 1787 2904 2271
3327 2815 2559 1835 2981 2331
3583 2815 2559 1882 3059 2392
3839 2815 2559 1930 3137 2453
4095 2815 2559 1978 3215 2514
0 3071 2559 1306 2122 1660
255 3071 2559 1354 2200 1721
511 3071 2559 1402 2278 1781
767 3071 2559 1450 2356 1842
1023 3071 2559 1498 2434 1903
1279 3071 2559 1545 2512 1964
1535 3071 2559 1593 2590 2025
1791 3071 2559 1641 2667 2086
2047 3071 2559 1689 2745 2147
2303 3071 2559 1737 2823 2208
2559 3071 2559 1785 2901 2269
2815 3071 2559 1833 2979 2329
3071 3071 2559 1881 3057 2390
3327 3071 2559 1929 3135 2451
3583 3071 2559 1977 3212 2512
3839 3071 2559 2025 3290 2573
4095 3071 2559 2072 3368 2634
0 3327 2559 1400 2275 1779
255 3327 2559 1448 2353 1840
511 3327 2559 1496 2431 1901
767 3327 2559 1544 2509 1962
1023 3327 2559 1592 2587 2023
1279 3327 2559 1640 2665 2084
1535 3327 2559 1688 2743 2145
1791 3327 2559 1735 2820 2206
2047 3327 2559 1783 2898 2267
2303 3327 2559 1831 2976 2327
2559 3327 2559 1879 3054 2388
2815 3327 2559 1927 3132 2449
3071 3327 2559 1975 3210 2510
3327 3327 2559 2023 3288 2571
3583 3327 2559 2071 3365 2632
3839 3327 2559 2119 3443 2693
4095 3327 2559 2167 3521 2754
0 3583 2559 1494 2429 1899
255 3583 2559 1542 2506 1960
511 3583 2559 1590 2584 2021
767 3583 2559 1638 2662 2082
1023 3583 2559 1686 2740 2143
1279 3583 2559 1734 2818 2204
1535 3583 2559 1782 2896 2265
1791 3583 2559 1830 2974 2325
2047 3583 2559 1878 3051 2386
2303 3583 2559 1926 3129 2447
2559 3583 2559 1973 3207 2508
2815 3583 2559 2021 3285 2569
3071 3583 2559 2069 3363 2630
3327 3583 2559 2117 3441 2691
3583 3583 2559 2165 3519 2752
3839 3583 2559 2213 3596 2813
4095 3583 2559 2261 3674 2873
0 3839 2559 1589 2582 2019
255 3839 2559 1636 2660 2080
511 3839 2559 1684 2737 2141
767 3839 2559 1732 2815 2202
1023 3839 2559 1780 2893 2262
1279 3839 2559 1828 2971 2323
1535 3839 2559 1876 3049 2384
1791 3839 2559 1924 3127 2445
2047 3839 2559 1972 3205 2506
2303 3839 2559 2020 3282 2567
2559 3839 2559 2068 3360 2628
2815 3839 2559 2116 3438 2689
3071 3839 2559 2164 3516 2750
3327 3839 2559 2211 3594 2810
3583 3839 2559 2259 3672 2871
3839 3839 2559 2307 3750 2932
4095 3839 2559 2355 3827 2993
0 4095 2559 1683 2735 2139
255 4095 2559 1731 2813 2200
511 4095 2559 1779 2891 2260
767 4095 2559 1827 2968 2321
1023 4095 2559 1874 3046 2382
1279 4095 2559 1922 3124 2443
1535 4095 2559 1970 3202 2504
1791 4095 2559 2018 3280 2565
2047 4095 2559 2066 3358 2626
2303 4095 2559 2114 3436 2687
2559 4095 2559 2162 3513 2748
2815 4095 2559 2210 3591 2808
3071 4095 2559 2258 3669 2869
3327 4095 2559 2306 3747 2930
3583 4095 2559 2354 3825 2991
3839 4095 2559 2401 3903 3052
4095 4095 2559 2449 3981 3113
0 0 2815 193 314 245
255 0 2815 241 391 306
511 0 2815 289 469 367
767 0 2815 336 547 428
1023 0 2815 384 625 489
1279 0 2815 432 703 550
1535 0 2815 480 781 610
1791 0 2815 528 859 671
2047 0 2815 576 936 732
2303 0 2815 624 1014 793
2559 0 2815 672 1092 854
2815 0 2815 720 1170 915
3071 0 2815 768 1248 976
3327 0 2815 816 1326 1037
3583 0 2815 864 1404 1098
3839 0 2815 911 1481 1158
4095 0 2815 959 1559 1219
0 255 2815 287 467 365
255 255 2815 335 544 426
511 255 2815 383 622 487
767 255 2815 431 700 547
1023 255 2815 479 778 608
1279 255 2815 527 856 669
1535 255 2815 574 934 730
1791 255 2815 622 1012 791
2047 255 2815 670 1089 852
2303 255 2815 718 1167 913
2559 255 2815 766 1245 974
2815 255 2815 814 1323 1035
3071 255 2815 862 1401 1095
3327 255 2815 910 1479 1156
3583 255 2815 958 1557 1217
3839 255 2815 1006 1634 1278
4095 255 2815 1054 1712 1339
0 511 2815 381 620 485
255 511 2815 429 698 545
511 511 2815 477 775 606
767 511 2815 525 853 667
1023 511 2815 573 931 728
1279 511 2815 621 1009 789
1535 511 2815 669 1087 850
1791 511 2815 717 1165 911
2047 511 2815 764 1243 972
2303 511 2815 812 1320 1033
2559 511 2815 860 1398 1093
2815 511 2815 908 1476 1154
3071 511 2815 956 1554 1215
3327 511 2815 1004 1632 1276
3583 511 2815 1052 1710 1337
3839 511 2815 1100 1788 1398
4095 511 2815 1148 1865 1459
0 767 2815 475 773 604
255 767 2815 523 851 665
511 767 2815 571 929 726
767 767 2815 619 1006 787
1023 767 2815 667 1084 848
1279 767 2815 715 1162 909
1535 767 2815 763 1240 970
1791 767 2815 811 1318 1031
2047 767 2815 859 1396 1091
2303 767 2815 907 1474 1152
2559 767 2815 955 1551 1213
2815 767 2815 1002 1629 1274
3071 767 2815 1050 1707 1335
3327 767 2815 1098 1785 1396
3583 767 2815 1146 1863 1457
3839 767 2815 1194 1941 1518
4095 767 2815 1242 2019 1579
0 1023 2815 570 926 724
255 1023 2815 618 1004 785
511 1023 2815 665 1082 846
767 1023 2815 713 1160 907
1023 1023 2815 761 1237 968
1279 1023 2815 809 1315 1028
1535 1023 2815 857 1393 1089
1791 1023 2815 905 1471 1150
2047 1023 2815 953 1549 1211
2303 1023 2815 1001 1627 1272
2559 1023 2815 1049 1705 1333
2815 1023 2815 1097 1782 1394
3071 1023 2815 1145 1860 1455
3327 1023 2815 1192 1938 1516
3583 1023 2815 1240 2016 1576
3839 1023 2815 1288 2094 1637
4095 1023 2815 1336 2172 1698
0 1279 2815 664 1079 844
255 1279 2815 712 1157 905
511 1279 2815 760 1235 966
767 1279 2815 808 1313 1026
1023 1279 2815 856 1391 1087
1279 1279 2815 903 1468 1148
1535 1279 2815 951 1546 1209
1791 1279 2815 999 1624 1270
2047 1279 2815 1047 1702 1331
2303 1279 2815 1095 1780 1392
2559 1279 2815 1143 1858 1453
2815 1279 2815 1191 1936 1514
3071 1279 2815 1239 2013 1574
3327 1279 2815 1287 2091 1635
3583 1279 2815 1335 2169 1696
3839 1279 2815 1383 2247 1757
4095 1279 2815 1430 2325 1818
0 1535 2815 758 1232 964
255 1535 2815 806 1310 1024
511 1535 2815 854 1388 1085
767 1535 2815 902 1466 1146
1023 1535 2815 950 1544 1207
1279 1535 2815 998 1622 1268
1535 1535 2815 1046 1699 1329
1791 1535 2815 1093 1777 1390
2047 1535 2815 1141 1855 1451
2303 1535 2815 1189 1933 1512
2559 1535 2815 1237 2011 1572
2815 1535 2815 1285 2089 1633
3071 1535 2815 1333 2166 1694
3327 1535 2815 1381 2244 1755
3583 1535 2815 1429 2322 1816
3839 1535 2815 1477 2400 1877
4095 1535 2815 1525 2478 1938
0 1791 2815 852 1385 1083
255 1791 2815 900 1463 1144
511 1791 2815 948 1541 1205
767 1791 2815 996 1619 1266
1023 1791 2815 1044 1697 1327
1279 1791 2815 1092 1775 1388
1535 1791 2815 1140 1852 1449
1791 1791 2815 1188 1930 1510
2047 1791 2815 1236 2008 1570
2303 1791 2815 1284 2086 1631
2559 1791 2815 1331 2164 1692
2815 1791 2815 1379 2242 1753
3071 1791 2815 1427 2320 1814
3327 1791 2815 1475 2397 1875
3583 1791 2815 1523 2475 1936
3839 1791 2815 1571 2553 1997
4095 1791 2815 1619 2631 2057
0 2047 2815 947 1538 1203
255 2047 2815 994 1616 1264
511 2047 2815 1042 1694 1325
767 2047 2815 1090 1772 1386
1023 2047 2815 1138 1850 1447
1279 2047 2815 1186 1928 1507
1535 2047 2815 1234 2006 1568
1791 2047 2815 1282 2083 1629
2047 2047 2815 1330 2161 1690
2303 2047 2815 1378 2239 1751
2559 2047 2815 1426 2317 1812
2815 2047 2815 1474 2395 1873
3071 2047 2815 1521 2473 1934
3327 2047 2815 1569 2551 1995
3583 2047 2815 1617 2628 2055
3839 2047 2815 1665 2706 2116
4095 2047 2815 1713 2784 2177
0 2303 2815 1041 1692 1323
255 2303 2815 1089 1769 1384
511 2303 2815 1137 1847 1445
767 2303 2815 1185 1925 1505
1023 2303 2815 1232 2003 1566
1279 2303 2815 1280 2081 1627
1535 2303 2815 1328 2159 1688
1791 2303 2815 1376 2237 1749
2047 2303 2815 1424 2314 1810
2303 2303 2815 1472 2392 1871
2559 2303 2815 1520 2470 1932
2815 2303 2815 1568 2548 1993
3071 2303 2815 1616 2626 2053
3327 2303 2815 1664 2704 2114
3583 2303 2815 1712 2782 2175
3839 2303 2815 1759 2859 2236
4095 2303 2815 1807 2937 2297
0 2559 2815 1135 1845 1443
255 2559 2815 1183 1923 1503
511 2559 2815 1231 2000 1564
767 2559 2815 1279 2078 1625
1023 2559 2815 1327 2156 1686
1279 2559 2815 1375 2234 1747
1535 2559 2815 1422 2312 1808
1791 2559 2815 1470 2390 1869
2047 2559 2815 1518 2468 1930
2303 2559 2815 1566 2545 1991
2559 2559 2815 1614 2623 2051
2815 2559 2815 1662 2701 2112
3071 2559 2815 1710 2779 2173
3327 2559 2815 1758 2857 2234
3583 2559 2815 1806 2935 2295
3839 2559 2815 1854 3013 2356
4095 2559 2815 1902 3090 2417
0 2815 2815 1229 1998 1562
255 2815 2815 1277 2076 1623
511 2815 2815 1325 2154 1684
767 2815 2815 1373 2231 1745
1023 2815 2815 1421 2309 1806
1279 2815 2815 1469 2387 1867
1535 2815 2815 1517 2465 1928
1791 2815 2815 1565 2543 1988
2047 2815 2815 1613 2621 2049
2303 2815 2815 1660 2699 2110
2559 2815 2815 1708 2776 2171
2815 2815 2815 1756 2854 2232
3071 2815 2815 1804 2932 2293
3327 2815 2815 1852 3010 2354
3583 2815 2815 1900 3088 2415
3839 2815 2815 1948 3166 2476
4095 2815 2815 1996 3244 2536
0 3071 2815 1323 2151 1682
255 3071 2815 1371 2229 1743
511 3071 2815 1419 2307 1804
767 3071 2815 1467 2384 1865
1023 3071 2815 1515 2462 1926
1279 3071 2815 1563 2540 1986
1535 3071 2815 1611 2618 2047
1791 3071 2815 1659 2696 2108
2047 3071 2815 1707 2774 2169
2303 3071 2815 1755 2852 2230
2559 3071 2815 1803 2929 2291
2815 3071 2815 1850 3007 2352
3071 3071 2815 1898 3085 2413
3327 3071 2815 1946 3163 2474
3583 3071 2815 1994 3241 2534
3839 3071 2815 2042 3319 2595
4095 3071 2815 2090 3397 2656
0 3327 2815 1418 2304 1802
255 3327 2815 1466 2382 1863
511 3327 2815 1514 2460 1924
767 3327 2815 1561 2538 1984
1023 3327 2815 1609 2615 2045
1279 3327 2815 1657 2693 2106
1535 3327 2815 1705 2771 2167
1791 3327 2815 1753 2849 2228
2047 3327 2815 1801 2927 2289
2303 3327 2815 1849 3005 2350
2559 3327 2815 1897 3083 2411
2815 3327 2815 1945 3160 2472
3071 3327 2815 1993 3238 2532
3327 3327 2815 2041 3316 2593
3583 3327 2815 2088 3394 2654
3839 3327 2815 2136 3472 2715
4095 3327 2815 2184 3550 2776
0 3583 2815 1512 2457 1922
255 3583 2815 1560 2535 1982
511 3583 2815 1608 2613 2043
767 3583 2815 1656 2691 2104
1023 3583 2815 1704 2769 2165
1279 3583 2815 1751 2846 2226
1535 3583 2815 1799 2924 2287
1791 3583 2815 1847 3002 2348
2047 3583 2815 1895 3080 2409
2303 3583 2815 1943 3158 2470
2559 3583 2815 1991 3236 2530
2815 3583 2815 2039 3314 2591
3071 3583 2815 2087 3391 2652
3327 3583 2815 2135 3469 2713
3583 3583 2815 2183 3547 2774
3839 3583 2815 2231 3625 2835
4095 3583 2815 2278 3703 2896
0 3839 2815 1606 2610 2041
255 3839 2815 1654 2688 2102
511 3839 2815 1702 2766 2163
767 3839 2815 1750 2844 2224
1023 3839 2815 1798 2922 2285
1279 3839 2815 1846 3000 2346
1535 3839 2815 1894 3077 2407
1791 3839 2815 1942 3155 2467
2047 3839 2815 1989 3233 2528
2303 3839 2815 2037 3311 2589
2559 3839 2815 2085 3389 2650
2815 3839 2815 2133 3467 2711
3071 3839 2815 2181 3545 2772
3327 3839 2815 2229 3622 2833
3583 3839 2815 2277 3700 2894
3839 3839 2815 2325 3778 2955
4095 3839 2815 2373 3856 3015
0 4095 2815 1700 2763 2161
255 4095 2815 1748 2841 2222
511 4095 2815 1796 2919 2283
767 4095 2815 1844 2997 2344
1023 4095 2815 1892 3075 2405
1279 4095 2815 1940 3153 2465
1535 4095 2815 1988 3231 2526
1791 4095 2815 2036 3308 2587
2047 4095 2815 2084 3386 2648
2303 4095 2815 2132 3464 2709
2559 4095 2815 2179 3542 2770
2815 4095 2815 2227 3620 2831
3071 4095 2815 2275 3698 2892
3327 4095 2815 2323 3776 2953
3583 4095 2815 2371 3853 3013
3839 4095 2815 2419 3931 3074
4095 4095 2815 2467 4009 3135
0 0 3071 210 342 267
255 0 3071 258 420 328
511 0 3071 306 498 389
767 0 3071 354 576 450
1023 0 3071 402 653 511
1279 0 3071 450 731 572
1535 0 3071 498 809 633
1791 0 3071 546 887 694
2047 0 3071 594 965 755
2303 0 3071 642 1043 815
2559 0 3071 689 1121 876
2815 0 3071 737 1198 937
3071 0 3071 785 1276 998
3327 0 3071 833 1354 1059
3583 0 3071 881 1432 1120
3839 0 3071 929 1510 1181
4095 0 3071 977 1588 1242
0 255 3071 305 495 387
255 255 3071 352 573 448
511 255 3071 400 651 509
767 255 3071 448 729 570
1023 255 3071 496 807 631
1279 255 3071 544 884 692
1535 255 3071 592 962 752
1791 255 3071 640 1040 813
2047 255 3071 688 1118 874
2303 255 3071 736 1196 935
2559 255 3071 784 1274 996
2815 255 3071 832 1352 1057
3071 255 3071 879 1429 1118
3327 255 3071 927 1507 1179
3583 255 3071 975 1585 1240
3839 255 3071 1023 1663 1300
4095 255 3071 1071 1741 1361
0 511 3071 399 648 507
255 511 3071 447 726 568
511 511 3071 495 804 629
767 511 3071 542 882 690
1023 511 3071 590 960 750
1279 511 3071 638 1038 811
1535 511 3071 686 1115 872
1791 511 3071 734 1193 933
2047 511 3071 782 1271 994
2303 511 3071 830 1349 1055
2559 511 3071 878 1427 1116
2815 511 3071 926 1505 1177
3071 511 3071 974 1583 1238
3327 511 3071 1022 1660 1298
3583 511 3071 1070 1738 1359
3839 511 3071 1117 1816 1420
4095 511 3071 1165 1894 1481
0 767 3071 493 801 627
255 767 3071 541 879 688
511 767 3071 589 957 748
767 767 3071 637 1035 809
1023 767 3071 685 1113 870
1279 767 3071 733 1191 931
1535 767 3071 780 1269 992
1791 767 3071 828 1346 1053
2047 767 3071 876 1424 1114
2303 767 3071 924 1502 1175
2559 767 3071 972 1580 1236
2815 767 3071 1020 1658 1296
3071 767 3071 1068 1736 1357
3327 767 3071 1116 1814 1418
3583 767 3071 1164 1891 1479
3839 767 3071 1212 1969 1540
4095 767 3071 1260 2047 1601
0 1023 3071 587 955 746
255 1023 3071 635 1032 807
511 1023 3071 683 1110 868
767 1023 3071 731 1188 929
1023 1023 3071 779 1266 990
1279 1023 3071 827 1344 1051
1535 1023 3071 875 1422 1112
1791 1023 3071 923 1500 1173
2047 1023 3071 971 1577 1233
2303 1023 3071 1018 1655 1294
2559 1023 3071 1066 1733 1355
2815 1023 3071 1114 1811 1416
3071 1023 3071 1162 1889 1477
3327 1023 3071 1210 1967 1538
3583 1023 3071 1258 2045 1599
3839 1023 3071 1306 2122 1660
4095 1023 3071 1354 2200 1721
0 1279 3071 681 1108 866
255 1279 3071 729 1186 927
511 1279 3071 777 1263 988
767 1279 3071 825 1341 1049
1023 1279 3071 873 1419 1110
1279 1279 3071 921 1497 1171
1535 1279 3071 969 1575 1231
1791 1279 3071 1017 1653 1292
2047 1279 3071 1065 1731 1353
2303 1279 3071 1113 1808 1414
2559 1279 3071 1161 1886 1475
2815 1279 3071 1208 1964 1536
3071 1279 3071 1256 2042 1597
3327 1279 3071 1304 2120 1658
3583 1279 3071 1352 2198 1719
3839 1279 3071 1400 2275 1779
4095 1279 3071 1448 2353 1840
0 1535 3071 776 1261 986
255 1535 3071 824 1339 1047
511 1535 3071 871 1416 1108
767 1535 3071 919 1494 1169
1023 1535 3071 967 1572 1229
1279 1535 3071 1015 1650 1290
1535 1535 3071 1063 1728 1351
1791 1535 3071 1111 1806 1412
2047 1535 3071 1159 1884 1473
2303 1535 3071 1207 1961 1534
2559 1535 3071 1255 2039 1595
2815 1535 3071 1303 2117 1656
3071 1535 3071 1351 2195 1717
3327 1535 3071 1399 2273 1777
3583 1535 3071 1446 2351 1838
3839 1535 3071 1494 2429 1899
4095 1535 3071 1542 2506 1960
0 1791 3071 870 1414 1106
255 1791 3071 918 1492 1167
511 1791 3071 966 1570 1227
767 1791 3071 1014 1647 1288
1023 1791 3071 1062 1725 1349
1279 1791 3071 1109 1803 1410
1535 1791 3071 1157 1881 1471
1791 1791 3071 1205 1959 1532
2047 1791 3071 1253 2037 1593
2303 1791 3071 1301 2115 1654
2559 1791 3071 1349 2192 1714
2815 1791 3071 1397 2270 1775
3071 1791 3071 1445 2348 1836
3327 1791 3071 1493 2426 1897
3583 1791 3071 1541 2504 1958
3839 1791 3071 1589 2582 2019
4095 1791 3071 1636 2660 2080
0 2047 3071 964 1567 1225
255 2047 3071 1012 1645 1286
511 2047 3071 1060 1723 1347
767 2047 3071 1108 1801 1408
1023 2047 3071 1156 1878 1469
1279 2047 3071 1204 1956 1530
1535 2047 3071 1252 2034 1591
1791 2047 3071 1299 2112 1652
2047 2047 3071 1347 2190 1712
2303 2047 3071 1395 2268 1773
2559 2047 3071 1443 2346 1834
2815 2047 3071 1491 2423 1895
3071 2047 3071 1539 2501 1956
3327 2047 3071 1587 2579 2017
3583 2047 3071 1635 2657 2078
3839 2047 3071 1683 2735 2139
4095 2047 3071 1731 2813 2200
0 2303 3071 1058 1720 1345
255 2303 3071 1106 1798 1406
511 2303 3071 1154 1876 1467
767 2303 3071 1202 1954 1528
1023 2303 3071 1250 2032 1589
1279 2303 3071 1298 2109 1650
1535 2303 3071 1346 2187 1710
1791 2303 3071 1394 2265 1771
2047 2303 3071 1442 2343 1832
2303 2303 3071 1490 2421 1893
2559 2303 3071 1537 2499 1954
2815 2303 3071 1585 2577 2015
3071 2303 3071 1633 2654 2076
3327 2303 3071 1681 2732 2137
3583 2303 3071 1729 2810 2198
3839 2303 3071 1777 2888 2258
4095 2303 3071 1825 2966 2319
0 2559 3071 1153 1873 1465
255 2559 3071 1200 1951 1526
511 2559 3071 1248 2029 1587
767 2559 3071 1296 2107 1648
1023 2559 3071 1344 2185 1708
1279 2559 3071 1392 2263 1769
1535 2559 3071 1440 2340 1830
1791 2559 3071 1488 2418 1891
2047 2559 3071 1536 2496 1952
2303 2559 3071 1584 2574 2013
2559 2559 3071 1632 2652 2074
2815 2559 3071 1680 2730 2135
3071 2559 3071 1728 2808 2196
3327 2559 3071 1775 2885 2256
3583 2559 3071 1823 2963 2317
3839 2559 3071 1871 3041 2378
4095 2559 3071 1919 3119 2439
0 2815 3071 1247 2026 1585
255 2815 3071 1295 2104 1645
511 2815 3071 1343 2182 1706
767 2815 3071 1391 2260 1767
1023 2815 3071 1438 2338 1828
1279 2815 3071 1486 2416 1889
1535 2815 3071 1534 2493 1950
1791 2815 3071 1582 2571 2011
2047 2815 3071 1630 2649 2072
2303 2815 3071 1678 2727 2133
2559 2815 3071 1726 2805 2193
2815 2815 3071 1774 2883 2254
3071 2815 3071 1822 2961 2315
3327 2815 3071 1870 3038 2376
3583 2815 3071 1918 3116 2437
3839 2815 3071 1965 3194 2498
4095 2815 3071 2013 3272 2559
0 3071 3071 1341 2179 1704
255 3071 3071 1389 2257 1765
511 3071 3071 1437 2335 1826
767 3071 3071 1485 2413 1887
1023 3071 3071 1533 2491 1948
1279 3071 3071 1581 2569 2009
1535 3071 3071 1628 2647 2070
1791 3071 3071 1676 2724 2131
2047 3071 3071 1724 2802 2191
2303 3071 3071 1772 2880 2252
2559 3071 3071 1820 2958 2313
2815 3071 3071 1868 3036 2374
3071 3071 3071 1916 3114 2435
3327 3071 3071 1964 3192 2496
3583 3071 3071 2012 3269 2557
3839 3071 3071 2060 3347 2618
4095 3071 3071 2108 3425 2679
0 3327 3071 1435 2333 1824
255 3327 3071 1483 2410 1885
511 3327 3071 1531 2488 1946
767 3327 3071 1579 2566 2007
1023 3327 3071 1627 2644 2068
1279 3327 3071 1675 2722 2129
1535 3327 3071 1723 2800 2189
1791 3327 3071 1771 2878 2250
2047 3327 3071 1819 2955 2311
2303 3327 3071 1866 3033 2372
2559 3327 3071 1914 3111 2433
2815 3327 3071 1962 3189 2494
3071 3327 3071 2010 3267 2555
3327 3327 3071 2058 3345 2616
3583 3327 3071 2106 3423 2677
3839 3327 3071 2154 3500 2737
4095 3327 3071 2202 3578 2798
0 3583 3071 1529 2486 1944
255 3583 3071 1577 2564 2005
511 3583 3071 1625 2641 2066
767 3583 3071 1673 2719 2127
1023 3583 3071 1721 2797 2187
1279 3583 3071 1769 2875 2248
1535 3583 3071 1817 2953 2309
1791 3583 3071 1865 3031 2370
2047 3583 3071 1913 3109 2431
2303 3583 3071 1961 3186 2492
2559 3583 3071 2009 3264 2553
2815 3583 3071 2057 3342 2614
3071 3583 3071 2104 3420 2674
3327 3583 3071 2152 3498 2735
3583 3583 3071 2200 3576 2796
3839 3583 3071 2248 3654 2857
4095 3583 3071 2296 3731 2918
0 3839 3071 1624 2639 2064
255 3839 3071 1672 2717 2124
511 3839 3071 1720 2795 2185
767 3839 3071 1767 2872 2246
1023 3839 3071 1815 2950 2307
1279 3839 3071 1863 3028 2368
1535 3839 3071 1911 3106 2429
1791 3839 3071 1959 3184 2490
2047 3839 3071 2007 3262 2551
2303 3839 3071 2055 3340 2612
2559 3839 3071 2103 3417 2672
2815 3839 3071 2151 3495 2733
3071 3839 3071 2199 3573 2794
3327 3839 3071 2247 3651 2855
3583 3839 3071 2294 3729 2916
3839 3839 3071 2342 3807 2977
4095 3839 3071 2390 3885 3038
0 4095 3071 1718 2792 2183
255 4095 3071 1766 2870 2244
511 4095 3071 1814 2948 2305
767 4095 3071 1862 3026 2366
1023 4095 3071 1910 3103 2427
1279 4095 3071 1957 3181 2488
1535 4095 3071 2005 3259 2549
1791 4095 3071 2053 3337 2610
2047 4095 3071 2101 3415 2670
2303 4095 3071 2149 3493 2731
2559 4095 3071 2197 3571 2792
2815 4095 3071 2245 3648 2853
3071 4095 3071 2293 3726 2914
3327 4095 3071 2341 3804 2975
3583 4095 3071 2389 3882 3036
3839 4095 3071 2437 3960 3097
4095 4095 3071 2485 4038 3158
0 0 3327 228 371 290
255 0 3327 276 448 351
511 0 3327 324 526 412
767 0 3327 372 604 472
1023 0 3327 420 682 533
1279 0 3327 467 760 594
1535 0 3327 515 838 655
1791 0 3327 563 916 716
2047 0 3327 611 993 777
2303 0 3327 659 1071 838
2559 0 3327 707 1149 899
2815 0 3327 755 1227 959
3071 0 3327 803 1305 1020
3327 0 3327 851 1383 1081
3583 0 3327 899 1461 1142
3839 0 3327 947 1538 1203
4095 0 3327 994 1616 1264
0 255 3327 322 524 409
255 255 3327 370 602 470
511 255 3327 418 679 531
767 255 3327 466 757 592
1023 255 3327 514 835 653
1279 255 3327 562 913 714
1535 255 3327 610 991 775
1791 255 3327 657 1069 836
2047 255 3327 705 1147 897
2303 255 3327 753 1224 957
2559 255 3327 801 1302 1018
2815 255 3327 849 1380 1079
3071 255 3327 897 1458 1140
3327 255 3327 945 1536 1201
3583 255 3327 993 1614 1262
3839 255 3327 1041 1692 1323
4095 255 3327 1089 1769 1384
0 511 3327 416 677 529
255 511 3327 464 755 590
511 511 3327 512 833 651
767 511 3327 560 910 712
1023 511 3327 608 988 773
1279 511 3327 656 1066 834
1535 511 3327 704 1144 895
1791 511 3327 752 1222 955
2047 511 3327 800 1300 1016
2303 511 3327 848 1378 1077
2559 511 3327 895 1455 1138
2815 511 3327 943 1533 1199
3071 511 3327 991 1611 1260
3327 511 3327 1039 1689 1321
3583 511 3327 1087 1767 1382
3839 511 3327 1135 1845 1443
4095 511 3327 1183 1923 1503
0 767 3327 511 830 649
255 767 3327 558 908 710
511 767 3327 606 986 771
767 767 3327 654 1064 832
1023 767 3327 702 1141 893
1279 767 3327 750 1219 953
1535 767 3327 798 1297 1014
1791 767 3327 846 1375 1075
2047 767 3327 894 1453 1136
2303 767 3327 942 1531 1197
2559 767 3327 990 1609 1258
2815 767 3327 1038 1686 1319
3071 767 3327 1085 1764 1380
3327 767 3327 1133 1842 1441
3583 767 3327 1181 1920 1501
3839 767 3327 1229 1998 1562
4095 767 3327 1277 2076 1623
0 1023 3327 605 983 769
255 1023 3327 653 1061 830
511 1023 3327 701 1139 890
767 1023 3327 749 1217 951
1023 1023 3327 796 1295 1012
1279 1023 3327 844 1372 1073
1535 1023 3327 892 1450 1134
1791 1023 3327 940 1528 1195
2047 1023 3327 988 1606 1256
2303 1023 3327 1036 1684 1317
2559 1023 3327 1084 1762 1378
2815 1023 3327 1132 1840 1438
3071 1023 3327 1180 1917 1499
3327 1023 3327 1228 1995 1560
3583 1023 3327 1276 2073 1621
3839 1023 3327 1323 2151 1682
4095 1023 3327 1371 2229 1743
0 1279 3327 699 1136 888
255 1279 3327 747 1214 949
511 1279 3327 795 1292 1010
767 1279 3327 843 1370 1071
1023 1279 3327 891 1448 1132
1279 1279 3327 939 1525 1193
1535 1279 3327 986 1603 1254
1791 1279 3327 1034 1681 1315
2047 1279 3327 1082 1759 1376
2303 1279 3327 1130 1837 1436
2559 1279 3327 1178 1915 1497
2815 1279 3327 1226 1993 1558
3071 1279 3327 1274 2070 1619
3327 1279 3327 1322 2148 1680
3583 1279 3327 1370 2226 1741
3839 1279 3327 1418 2304 1802
4095 1279 3327 1466 2382 1863
0 1535 3327 793 1289 1008
255 1535 3327 841 1367 1069
511 1535 3327 889 1445 1130
767 1535 3327 937 1523 1191
1023 1535 3327 985 1601 1252
1279 1535 3327 1033 1679 1313
1535 1535 3327 1081 1756 1374
1791 1535 3327 1129 1834 1434
2047 1535 3327 1177 1912 1495
2303 1535 3327 1224 1990 1556
2559 1535 3327 1272 2068 1617
2815 1535 3327 1320 2146 1678
3071 1535 3327 1368 2224 1739
3327 1535 3327 1416 2301 1800
3583 1535 3327 1464 2379 1861
3839 1535 3327 1512 2457 1922
4095 1535 3327 1560 2535 1982
0 1791 3327 887 1442 1128
255 1791 3327 935 1520 1189
511 1791 3327 983 1598 1250
767 1791 3327 1031 1676 1311
1023 1791 3327 1079 1754 1371
1279 1791 3327 1127 1832 1432
1535 1791 3327 1175 1910 1493
1791 1791 3327 1223 1987 1554
2047 1791 3327 1271 2065 1615
2303 1791 3327 1319 2143 1676
2559 1791 3327 1367 2221 1737
2815 1791 3327 1414 2299 1798
3071 1791 3327 1462 2377 1859
3327 1791 3327 1510 2455 1919
3583 1791 3327 1558 2532 1980
3839 1791 3327 1606 2610 2041
4095 1791 3327 1654 2688 2102
0 2047 3327 982 1596 1248
255 2047 3327 1030 1673 1309
511 2047 3327 1078 1751 1369
767 2047 3327 1125 1829 1430
1023 2047 3327 1173 1907 1491
1279 2047 3327 1221 1985 1552
1535 2047 3327 1269 2063 1613
1791 2047 3327 1317 2141 1674
2047 2047 3327 1365 2218 1735
2303 2047 3327 1413 2296 1796
2559 2047 3327 1461 2374 1857
2815 2047 3327 1509 2452 1917
3071 2047 3327 1557 2530 1978
3327 2047 3327 1605 2608 2039
3583 2047 3327 1652 2686 2100
3839 2047 3327 1700 2763 2161
4095 2047 3327 1748 2841 2222
0 2303 3327 1076 1749 1367
255 2303 3327 1124 1827 1428
511 2303 3327 1172 1904 1489
767 2303 3327 1220 1982 1550
1023 2303 3327 1268 2060 1611
1279 2303 3327 1315 2138 1672
1535 2303 3327 1363 2216 1733
1791 2303 3327 1411 2294 1794
2047 2303 3327 1459 2372 1855
2303 2303 3327 1507 2449 1915
2559 2303 3327 1555 2527 1976
2815 2303 3327 1603 2605 2037
3071 2303 3327 1651 2683 2098
3327 2303 3327 1699 2761 2159
3583 2303 3327 1747 2839 2220
3839 2303 3327 1795 2917 2281
4095 2303 3327 1842 2994 2342
0 2559 3327 1170 1902 1487
255 2559 3327 1218 1980 1548
511 2559 3327 1266 2057 1609
767 2559 3327 1314 2135 1670
1023 2559 3327 1362 2213 1731
1279 2559 3327 1410 2291 1792
1535 2559 3327 1458 2369 1853
1791 2559 3327 1506 2447 1913
2047 2559 3327 1553 2525 1974
2303 2559 3327 1601 2602 2035
2559 2559 3327 1649 2680 2096
2815 2559 3327 1697 2758 2157
3071 2559 3327 1745 2836 2218
3327 2559 3327 1793 2914 2279
3583 2559 3327 1841 2992 2340
3839 2559 3327 1889 3070 2400
4095 2559 3327 1937 3147 2461
0 2815 3327 1264 2055 1607
255 2815 3327 1312 2133 1668
511 2815 3327 1360 2211 1729
767 2815 3327 1408 2288 1790
1023 2815 3327 1456 2366 1850
1279 2815 3327 1504 2444 1911
1535 2815 3327 1552 2522 1972
1791 2815 3327 1600 2600 2033
2047 2815 3327 1648 2678 2094
2303 2815 3327 1696 2756 2155
2559 2815 3327 1743 2833 2216
2815 2815 3327 1791 2911 2277
3071 2815 3327 1839 2989 2338
3327 2815 3327 1887 3067 2398
3583 2815 3327 1935 3145 2459
3839 2815 3327 1983 3223 2520
4095 2815 3327 2031 3301 2581
0 3071 3327 1359 2208 1727
255 3071 3327 1407 2286 1788
511 3071 3327 1454 2364 1848
767 3071 3327 1502 2442 1909
1023 3071 3327 1550 2519 1970
1279 3071 3327 1598 2597 2031
1535 3071 3327 1646 2675 2092
1791 3071 3327 1694 2753 2153
2047 3071 3327 1742 2831 2214
2303 3071 3327 1790 2909 2275
2559 3071 3327 1838 2987 2336
2815 3071 3327 1886 3064 2396
3071 3071 3327 1934 3142 2457
3327 3071 3327 1981 3220 2518
3583 3071 3327 2029 3298 2579
3839 3071 3327 2077 3376 2640
4095 3071 3327 2125 3454 2701
0 3327 3327 1453 2361 1846
255 3327 3327 1501 2439 1907
511 3327 3327 1549 2517 1968
767 3327 3327 1597 2595 2029
1023 3327 3327 1644 2673 2090
1279 3327 3327 1692 2750 2151
1535 3327 3327 1740 2828 2212
1791 3327 3327 1788 2906 2273
2047 3327 3327 1836 2984 2334
2303 3327 3327 1884 3062 2394
2559 3327 3327 1932 3140 2455
2815 3327 3327 1980 3218 2516
3071 3327 3327 2028 3295 2577
3327 3327 3327 2076 3373 2638
3583 3327 3327 2124 3451 2699
3839 3327 3327 2171 3529 2760
4095 3327 3327 2219 3607 2821
0 3583 3327 1547 2514 1966
255 3583 3327 1595 2592 2027
511 3583 3327 1643 2670 2088
767 3583 3327 1691 2748 2149
1023 3583 3327 1739 2826 2210
1279 3583 3327 1787 2904 2271
1535 3583 3327 1835 2981 2331
1791 3583 3327 1882 3059 2392
2047 3583 3327 1930 3137 2453
2303 3583 3327 1978 3215 2514
2559 3583 3327 2026 3293 2575
2815 3583 3327 2074 3371 2636
3071 3583 3327 2122 3449 2697
3327 3583 3327 2170 3526 2758
3583 3583 3327 2218 3604 2819
3839 3583 3327 2266 3682 2879
4095 3583 3327 2314 3760 2940
0 3839 3327 1641 2667 2086
255 3839 3327 1689 2745 2147
511 3839 3327 1737 2823 2208
767 3839 3327 1785 2901 2269
1023 3839 3327 1833 2979 2329
1279 3839 3327 1881 3057 2390
1535 3839 3327 1929 3135 2451
1791 3839 3327 1977 3212 2512
2047 3839 3327 2025 3290 2573
2303 3839 3327 2072 3368 2634
2559 3839 3327 2120 3446 2695
2815 3839 3327 2168 3524 2756
3071 3839 3327 2216 3602 2817
3327 3839 3327 2264 3680 2877
3583 3839 3327 2312 3757 2938
3839 3839 3327 2360 3835 2999
4095 3839 3327 2408 3913 3060
0 4095 3327 1735 2820 2206
255 4095 3327 1783 2898 2267
511 4095 3327 1831 2976 2327
767 4095 3327 1879 3054 2388
1023 4095 3327 1927 3132 2449
1279 4095 3327 1975 3210 2510
1535 4095 3327 2023 3288 2571
1791 4095 3327 2071 3365 2632
2047 4095 3327 2119 3443 2693
2303 4095 3327 2167 3521 2754
2559 4095 3327 2215 3599 2815
2815 4095 3327 2263 3677 2875
3071 4095 3327 2310 3755 2936
3327 4095 3327 2358 3833 2997
3583 4095 3327 2406 3910 3058
3839 4095 3327 2454 3988 3119
4095 4095 3327 2502 4066 3180
0 0 3583 245 399 312
255 0 3583 293 477 373
511 0 3583 341 555 434
767 0 3583 389 633 495
1023 0 3583 437 711 556
1279 0 3583 485 788 616
1535 0 3583 533 866 677
1791 0 3583 581 944 738
2047 0 3583 629 1022 799
2303 0 3583 677 1100 860
2559 0 3583 725 1178 921
2815 0 3583 772 1256 982
3071 0 3583 820 1333 1043
3327 0 3583 868 1411 1104
3583 0 3583 916 1489 1164
3839 0 3583 964 1567 1225
4095 0 3583 1012 1645 1286
0 255 3583 340 552 432
255 255 3583 388 630 493
511 255 3583 435 708 554
767 255 3583 483 786 614
1023 255 3583 531 864 675
1279 255 3583 579 942 736
1535 255 3583 627 1019 797
1791 255 3583 675 1097 858
2047 255 3583 723 1175 919
2303 255 3583 771 1253 980
2559 255 3583 819 1331 1041
2815 255 3583 867 1409 1102
3071 255 3583 915 1487 1162
3327 255 3583 963 1564 1223
3583 255 3583 1010 1642 1284
3839 255 3583 1058 1720 1345
4095 255 3583 1106 1798 1406
0 511 3583 434 705 552
255 511 3583 482 783 612
511 511 3583 530 861 673
767 511 3583 578 939 734
1023 511 3583 626 1017 795
1279 511 3583 673 1095 856
1535 511 3583 721 1173 917
1791 511 3583 769 1250 978
2047 511 3583 817 1328 1039
2303 511 3583 865 1406 1100
2559 511 3583 913 1484 1160
2815 511 3583 961 1562 1221
3071 511 3583 1009 1640 1282
3327 511 3583 1057 1718 1343
3583 511 3583 1105 1795 1404
3839 511 3583 1153 1873 1465
4095 511 3583 1200 1951 1526
0 767 3583 528 859 671
255 767 3583 576 936 732
511 767 3583 624 1014 793
767 767 3583 672 1092 854
1023 767 3583 720 1170 915
1279 767 3583 768 1248 976
1535 767 3583 816 1326 1037
1791 767 3583 864 1404 1098
2047 767 3583 911 1481 1158
2303 767 3583 959 1559 1219
2559 767 3583 1007 1637 1280
2815 767 3583 1055 1715 1341
3071 767 3583 1103 1793 1402
3327 767 3583 1151 1871 1463
3583 767 3583 1199 1948 1524
3839 767 3583 1247 2026 1585
4095 767 3583 1295 2104 1645
0 1023 3583 622 1012 791
255 1023 3583 670 1089 852
511 1023 3583 718 1167 913
767 1023 3583 766 1245 974
1023 1023 3583 814 1323 1035
1279 1023 3583 862 1401 1095
1535 1023 3583 910 1479 1156
1791 1023 3583 958 1557 1217
2047 1023 3583 1006 1634 1278
2303 1023 3583 1054 1712 1339
2559 1023 3583 1101 1790 1400
2815 1023 3583 1149 1868 1461
3071 1023 3583 1197 1946 1522
3327 1023 3583 1245 2024 1583
3583 1023 3583 1293 2102 1643
3839 1023 3583 1341 2179 1704
4095 1023 3583 1389 2257 1765
0 1279 3583 717 1165 911
255 1279 3583 764 1243 972
511 1279 3583 812 1320 1033
767 1279 3583 860 1398 1093
1023 1279 3583 908 1476 1154
1279 1279 3583 956 1554 1215
1535 1279 3583 1004 1632 1276
1791 1279 3583 1052 1710 1337
2047 1279 3583 1100 1788 1398
2303 1279 3583 1148 1865 1459
2559 1279 3583 1196 1943 1520
2815 1279 3583 1244 2021 1581
3071 1279 3583 1292 2099 1641
3327 1279 3583 1339 2177 1702
3583 1279 3583 1387 2255 1763
3839 1279 3583 1435 2333 1824
4095 1279 3583 1483 2410 1885
0 1535 3583 811 1318 1031
255 1535 3583 859 1396 1091
511 1535 3583 907 1474 1152
767 1535 3583 955 1551 1213
1023 1535 3583 1002 1629 1274
1279 1535 3583 1050 1707 1335
1535 1535 3583 1098 1785 1396
1791 1535 3583 1146 1863 1457
2047 1535 3583 1194 1941 1518
2303 1535 3583 1242 2019 1579
2559 1535 3583 1290 2096 1639
2815 1535 3583 1338 2174 1700
3071 1535 3583 1386 2252 1761
3327 1535 3583 1434 2330 1822
3583 1535 3583 1482 2408 1883
3839 1535 3583 1529 2486 1944
4095 1535 3583 1577 2564 2005
0 1791 3583 905 1471 1150
255 1791 3583 953 1549 1211
511 1791 3583 1001 1627 1272
767 1791 3583 1049 1705 1333
1023 1791 3583 1097 1782 1394
1279 1791 3583 1145 1860 1455
1535 1791 3583 1192 1938 1516
1791 1791 3583 1240 2016 1576
2047 1791 3583 1288 2094 1637
2303 1791 3583 1336 2172 1698
2559 1791 3583 1384 2250 1759
2815 1791 3583 1432 2327 1820
3071 1791 3583 1480 2405 1881
3327 1791 3583 1528 2483 1942
3583 1791 3583 1576 2561 2003
3839 1791 3583 1624 2639 2064
4095 1791 3583 1672 2717 2124
0 2047 3583 999 1624 1270
255 2047 3583 1047 1702 1331
511 2047 3583 1095 1780 1392
767 2047 3583 1143 1858 1453
1023 2047 3583 1191 1936 1514
1279 2047 3583 1239 2013 1574
1535 2047 3583 1287 2091 1635
1791 2047 3583 1335 2169 1696
2047 2047 3583 1383 2247 1757
2303 2047 3583 1430 2325 1818
2559 2047 3583 1478 2403 1879
2815 2047 3583 1526 2481 1940
3071 2047 3583 1574 2558 2001
3327 2047 3583 1622 2636 2062
3583 2047 3583 1670 2714 2122
3839 2047 3583 1718 2792 2183
4095 2047 3583 1766 2870 2244
0 2303 3583 1093 1777 1390
255 2303 3583 1141 1855 1451
511 2303 3583 1189 1933 1512
767 2303 3583 1237 2011 1572
1023 2303 3583 1285 2089 1633
1279 2303 3583 1333 2166 1694
1535 2303 3583 1381 2244 1755
1791 2303 3583 1429 2322 1816
2047 2303 3583 1477 2400 1877
2303 2303 3583 1525 2478 1938
2559 2303 3583 1573 2556 1999
2815 2303 3583 1621 2634 2060
3071 2303 3583 1668 2711 2120
3327 2303 3583 1716 2789 2181
3583 2303 3583 1764 2867 2242
3839 2303 3583 1812 2945 2303
4095 2303 3583 1860 3023 2364
0 2559 3583 1188 1930 1510
255 2559 3583 1236 2008 1570
511 2559 3583 1284 2086 1631
767 2559 3583 1331 2164 1692
1023 2559 3583 1379 2242 1753
1279 2559 3583 1427 2320 1814
1535 2559 3583 1475 2397 1875
1791 2559 3583 1523 2475 1936
2047 2559 3583 1571 2553 1997
2303 2559 3583 1619 2631 2057
2559 2559 3583 1667 2709 2118
2815 2559 3583 1715 2787 2179
3071 2559 3583 1763 2865 2240
3327 2559 3583 1811 2942 2301
3583 2559 3583 1858 3020 2362
3839 2559 3583 1906 3098 2423
4095 2559 3583 1954 3176 2484
0 2815 3583 1282 2083 1629
255 2815 3583 1330 2161 1690
511 2815 3583 1378 2239 1751
767 2815 3583 1426 2317 1812
1023 2815 3583 1474 2395 1873
1279 2815 3583 1521 2473 1934
1535 2815 3583 1569 2551 1995
1791 2815 3583 1617 2628 2055
2047 2815 3583 1665 2706 2116
2303 2815 3583 1713 2784 2177
2559 2815 3583 1761 2862 2238
2815 2815 3583 1809 2940 2299
3071 2815 3583 1857 3018 2360
3327 2815 3583 1905 3096 2421
3583 2815 3583 1953 3173 2482
3839 2815 3583 2001 3251 2543
4095 2815 3583 2049 3329 2603
0 3071 3583 1376 2237 1749
255 3071 3583 1424 2314 1810
511 3071 3583 1472 2392 1871
767 3071 3583 1520 2470 1932
1023 3071 3583 1568 2548 1993
1279 3071 3583 1616 2626 2053
1535 3071 3583 1664 2704 2114
1791 3071 3583 1712 2782 2175
2047 3071 3583 1759 2859 2236
2303 3071 3583 1807 2937 2297
2559 3071 3583 1855 3015 2358
2815 3071 3583 1903 3093 2419
3071 3071 3583 1951 3171 2480
3327 3071 3583 1999 3249 2541
3583 3071 3583 2047 3327 2601
3839 3071 3583 2095 3404 2662
4095 3071 3583 2143 3482 2723
0 3327 3583 1470 2390 1869
255 3327 3583 1518 2468 1930
511 3327 3583 1566 2545 1991
767 3327 3583 1614 2623 2051
1023 3327 3583 1662 2701 2112
1279 3327 3583 1710 2779 2173
1535 3327 3583 1758 2857 2234
1791 3327 3583 1806 2935 2295
2047 3327 3583 1854 3013 2356
2303 3327 3583 1902 3090 2417
2559 3327 3583 1949 3168 2478
2815 3327 3583 1997 3246 2539
3071 3327 3583 2045 3324 2599
3327 3327 3583 2093 3402 2660
3583 3327 3583 2141 3480 2721
3839 3327 3583 2189 3558 2782
4095 3327 3583 2237 3635 2843
0 3583 3583 1565 2543 1988
255 3583 3583 1613 2621 2049
511 3583 3583 1660 2699 2110
767 3583 3583 1708 2776 2171
1023 3583 3583 1756 2854 2232
1279 3583 3583 1804 2932 2293
1535 3583 3583 1852 3010 2354
1791 3583 3583 1900 3088 2415
2047 3583 3583 1948 3166 2476
2303 3583 3583 1996 3244 2536
2559 3583 3583 2044 3321 2597
2815 3583 3583 2092 3399 2658
3071 3583 3583 2140 3477 2719
3327 3583 3583 2187 3555 2780
3583 3583 3583 2235 3633 2841
3839 3583 3583 2283 3711 2902
4095 3583 3583 2331 3789 2963
0 3839 3583 1659 2696 2108
255 3839 3583 1707 2774 2169
511 3839 3583 1755 2852 2230
767 3839 3583 1803 2929 2291
1023 3839 3583 1850 3007 2352
1279 3839 3583 1898 3085 2413
1535 3839 3583 1946 3163 2474
1791 3839 3583 1994 3241 2534
2047 3839 3583 2042 3319 2595
2303 3839 3583 2090 3397 2656
2559 3839 3583 2138 3474 2717
2815 3839 3583 2186 3552 2778
3071 3839 3583 2234 3630 2839
3327 3839 3583 2282 3708 2900
3583 3839 3583 2330 3786 2961
3839 3839 3583 2378 3864 3022
4095 3839 3583 2425 3942 3082
0 4095 3583 1753 2849 2228
255 4095 3583 1801 2927 2289
511 4095 3583 1849 3005 2350
767 4095 3583 1897 3083 2411
1023 4095 3583 1945 3160 2472
1279 4095 3583 1993 3238 2532
1535 4095 3583 2041 3316 2593
1791 4095 3583 2088 3394 2654
2047 4095 3583 2136 3472 2715
2303 4095 3583 2184 3550 2776
2559 4095 3583 2232 3628 2837
2815 4095 3583 2280 3705 2898
3071 4095 3583 2328 3783 2959
3327 4095 3583 2376 3861 3020
3583 4095 3583 2424 3939 3080
3839 4095 3583 2472 4017 3141
4095 4095 3583 2520 4095 3202
0 0 3839 263 428 334
255 0 3839 311 506 395
511 0 3839 359 583 456
767 0 3839 407 661 517
1023 0 3839 455 739 578
1279 0 3839 503 817 639
1535 0 3839 550 895 700
1791 0 3839 598 973 761
2047 0 3839 646 1051 821
2303 0 3839 694 1128 882
2559 0 3839 742 1206 943
2815 0 3839 790 1284 1004
3071 0 3839 838 1362 1065
3327 0 3839 886 1440 1126
3583 0 3839 934 1518 1187
3839 0 3839 982 1596 1248
4095 0 3839 1030 1673 1309
0 255 3839 357 581 454
255 255 3839 405 659 515
511 255 3839 453 737 576
767 255 3839 501 814 637
1023 255 3839 549 892 698
1279 255 3839 597 970 759
1535 255 3839 645 1048 819
1791 255 3839 693 1126 880
2047 255 3839 741 1204 941
2303 255 3839 788 1282 1002
2559 255 3839 836 1359 1063
2815 255 3839 884 1437 1124
3071 255 3839 932 1515 1185
3327 255 3839 980 1593 1246
3583 255 3839 1028 1671 1307
3839 255 3839 1076 1749 1367
4095 255 3839 1124 1827 1428
0 511 3839 451 734 574
255 511 3839 499 812 635
511 511 3839 547 890 696
767 511 3839 595 968 757
1023 511 3839 643 1045 817
1279 511 3839 691 1123 878
1535 511 3839 739 1201 939
1791 511 3839 787 1279 1000
2047 511 3839 835 1357 1061
2303 511 3839 883 1435 1122
2559 511 3839 931 1513 1183
2815 511 3839 978 1590 1244
3071 511 3839 1026 1668 1305
3327 511 3839 1074 1746 1365
3583 511 3839 1122 1824 1426
3839 511 3839 1170 1902 1487
4095 511 3839 1218 1980 1548
0 767 3839 546 887 694
255 767 3839 594 965 755
511 767 3839 642 1043 815
767 767 3839 689 1121 876
1023 767 3839 737 1198 937
1279 767 3839 785 1276 998
1535 767 3839 833 1354 1059
1791 767 3839 881 1432 1120
2047 767 3839 929 1510 1181
2303 767 3839 977 1588 1242
2559 767 3839 1025 1666 1302
2815 767 3839 1073 1743 1363
3071 767 3839 1121 1821 1424
3327 767 3839 1169 1899 1485
3583 767 3839 1216 1977 1546
3839 767 3839 1264 2055 1607
4095 767 3839 1312 2133 1668
0 1023 3839 640 1040 813
255 1023 3839 688 1118 874
511 1023 3839 736 1196 935
767 1023 3839 784 1274 996
1023 1023 3839 832 1352 1057
1279 1023 3839 879 1429 1118
1535 1023 3839 927 1507 1179
1791 1023 3839 975 1585 1240
2047 1023 3839 1023 1663 1300
2303 1023 3839 1071 1741 1361
2559 1023 3839 1119 1819 1422
2815 1023 3839 1167 1897 1483
3071 1023 3839 1215 1974 1544
3327 1023 3839 1263 2052 1605
3583 1023 3839 1311 2130 1666
3839 1023 3839 1359 2208 1727
4095 1023 3839 1407 2286 1788
0 1279 3839 734 1193 933
255 1279 3839 782 1271 994
511 1279 3839 830 1349 1055
767 1279 3839 878 1427 1116
1023 1279 3839 926 1505 1177
1279 1279 3839 974 1583 1238
1535 1279 3839 1022 1660 1298
1791 1279 3839 1070 1738 1359
2047 1279 3839 1117 1816 1420
2303 1279 3839 1165 1894 1481
2559 1279 3839 1213 1972 1542
2815 1279 3839 1261 2050 1603
3071 1279 3839 1309 2128 1664
3327 1279 3839 1357 2205 1725
3583 1279 3839 1405 2283 1786
3839 1279 3839 1453 2361 1846
4095 1279 3839 1501 2439 1907
0 1535 3839 828 1346 1053
255 1535 3839 876 1424 1114
511 1535 3839 924 1502 1175
767 1535 3839 972 1580 1236
1023 1535 3839 1020 1658 1296
1279 1535 3839 1068 1736 1357
1535 1535 3839 1116 1814 1418
1791 1535 3839 1164 1891 1479
2047 1535 3839 1212 1969 1540
2303 1535 3839 1260 2047 1601
2559 1535 3839 1307 2125 1662
2815 1535 3839 1355 2203 1723
3071 1535 3839 1403 2281 1784
3327 1535 3839 1451 2359 1844
3583 1535 3839 1499 2436 1905
3839 1535 3839 1547 2514 1966
4095 1535 3839 1595 2592 2027
0 1791 3839 923 1500 1173
255 1791 3839 971 1577 1233
511 1791 3839 1018 1655 1294
767 1791 3839 1066 1733 1355
1023 1791 3839 1114 1811 1416
1279 1791 3839 1162 1889 1477
1535 1791 3839 1210 1967 1538
1791 1791 3839 1258 2045 1599
2047 1791 3839 1306 2122 1660
2303 1791 3839 1354 2200 1721
2559 1791 3839 1402 2278 1781
2815 1791 3839 1450 2356 1842
3071 1791 3839 1498 2434 1903
3327 1791 3839 1545 2512 1964
3583 1791 3839 1593 2590 2025
3839 1791 3839 1641 2667 2086
4095 1791 3839 1689 2745 2147
0 2047 3839 1017 1653 1292
255 2047 3839 1065 1731 1353
511 2047 3839 1113 1808 1414
767 2047 3839 1161 1886 1475
1023 2047 3839 1208 1964 1536
1279 2047 3839 1256 2042 1597
1535 2047 3839 1304 2120 1658
1791 2047 3839 1352 2198 1719
2047 2047 3839 1400 2275 1779
2303 2047 3839 1448 2353 1840
2559 2047 3839 1496 2431 1901
2815 2047 3839 1544 2509 1962
3071 2047 3839 1592 2587 2023
3327 2047 3839 1640 2665 2084
3583 2047 3839 1688 2743 2145
3839 2047 3839 1735 2820 2206
4095 2047 3839 1783 2898 2267
0 2303 3839 1111 1806 1412
255 2303 3839 1159 1884 1473
511 2303 3839 1207 1961 1534
767 2303 3839 1255 2039 1595
1023 2303 3839 1303 2117 1656
1279 2303 3839 1351 2195 1717
1535 2303 3839 1399 2273 1777
1791 2303 3839 1446 2351 1838
2047 2303 3839 1494 2429 1899
2303 2303 3839 1542 2506 1960
2559 2303 3839 1590 2584 2021
2815 2303 3839 1638 2662 2082
3071 2303 3839 1686 2740 2143
3327 2303 3839 1734 2818 2204
3583 2303 3839 1782 2896 2265
3839 2303 3839 1830 2974 2325
4095 2303 3839 1878 3051 2386
0 2559 3839 1205 1959 1532
255 2559 3839 1253 2037 1593
511 2559 3839 1301 2115 1654
767 2559 3839 1349 2192 1714
1023 2559 3839 1397 2270 1775
1279 2559 3839 1445 2348 1836
1535 2559 3839 1493 2426 1897
1791 2559 3839 1541 2504 1958
2047 2559 3839 1589 2582 2019
2303 2559 3839 1636 2660 2080
2559 2559 3839 1684 2737 2141
2815 2559 3839 1732 2815 2202
3071 2559 3839 1780 2893 2262
3327 2559 3839 1828 2971 2323
3583 2559 3839 1876 3049 2384
3839 2559 3839 1924 3127 2445
4095 2559 3839 1972 3205 2506
0 2815 3839 1299 2112 1652
255 2815 3839 1347 2190 1712
511 2815 3839 1395 2268 1773
767 2815 3839 1443 2346 1834
1023 2815 3839 1491 2423 1895
1279 2815 3839 1539 2501 1956
1535 2815 3839 1587 2579 2017
1791 2815 3839 1635 2657 2078
2047 2815 3839 1683 2735 2139
2303 2815 3839 1731 2813 2200
2559 2815 3839 1779 2891 2260
2815 2815 3839 1827 2968 2321
3071 2815 3839 1874 3046 2382
3327 2815 3839 1922 3124 2443
3583 2815 3839 1970 3202 2504
3839 2815 3839 2018 3280 2565
4095 2815 3839 2066 3358 2626
0 3071 3839 1394 2265 1771
255 3071 3839 1442 2343 1832
511 3071 3839 1490 2421 1893
767 3071 3839 1537 2499 1954
1023 3071 3839 1585 2577 2015
1279 3071 3839 1633 2654 2076
1535 3071 3839 1681 2732 2137
1791 3071 3839 1729 2810 2198
2047 3071 3839 1777 2888 2258
2303 3071 3839 1825 2966 2319
2559 3071 3839 1873 3044 2380
2815 3071 3839 1921 3122 2441
3071 3071 3839 1969 3199 2502
3327 3071 3839 2017 3277 2563
3583 3071 3839 2064 3355 2624
3839 3071 3839 2112 3433 2685
4095 3071 3839 2160 3511 2746
0 3327 3839 1488 2418 1891
255 3327 3839 1536 2496 1952
511 3327 3839 1584 2574 2013
767 3327 3839 1632 2652 2074
1023 3327 3839 1680 2730 2135
1279 3327 3839 1728 2808 2196
1535 3327 3839 1775 2885 2256
1791 3327 3839 1823 2963 2317
2047 3327 3839 1871 3041 2378
2303 3327 3839 1919 3119 2439
2559 3327 3839 1967 3197 2500
2815 3327 3839 2015 3275 2561
3071 3327 3839 2063 3353 2622
3327 3327 3839 2111 3430 2683
3583 3327 3839 2159 3508 2743
3839 3327 3839 2207 3586 2804
4095 3327 3839 2255 3664 2865
0 3583 3839 1582 2571 2011
255 3583 3839 1630 2649 2072
511 3583 3839 1678 2727 2133
767 3583 3839 1726 2805 2193
1023 3583 3839 1774 2883 2254
1279 3583 3839 1822 2961 2315
1535 3583 3839 1870 3038 2376
1791 3583 3839 1918 3116 2437
2047 3583 3839 1965 3194 2498
2303 3583 3839 2013 3272 2559
2559 3583 3839 2061 3350 2620
2815 3583 3839 2109 3428 2681
3071 3583 3839 2157 3506 2741
3327 3583 3839 2205 3583 2802
3583 3583 3839 2253 3661 2863
3839 3583 3839 2301 3739 2924
4095 3583 3839 2349 3817 2985
0 3839 3839 1676 2724 2131
255 3839 3839 1724 2802 2191
511 3839 3839 1772 2880 2252
767 3839 3839 1820 2958 2313
1023 3839 3839 1868 3036 2374
1279 3839 3839 1916 3114 2435
1535 3839 3839 1964 3192 2496
1791 3839 3839 2012 3269 2557
2047 3839 3839 2060 3347 2618
2303 3839 3839 2108 3425 2679
2559 3839 3839 2156 3503 2739
2815 3839 3839 2203 3581 2800
3071 3839 3839 2251 3659 2861
3327 3839 3839 2299 3737 2922
3583 3839 3839 2347 3814 2983
3839 3839 3839 2395 3892 3044
4095 3839 3839 2443 3970 3105
0 4095 3839 1771 2878 2250
255 4095 3839 1819 2955 2311
511 4095 3839 1866 3033 2372
767 4095 3839 1914 3111 2433
1023 4095 3839 1962 3189 2494
1279 4095 3839 2010 3267 2555
1535 4095 3839 2058 3345 2616
1791 4095 3839 2106 3423 2677
2047 4095 3839 2154 3500 2737
2303 4095 3839 2202 3578 2798
2559 4095 3839 2250 3656 2859
2815 4095 3839 2298 3734 2920
3071 4095 3839 2346 3812 2981
3327 4095 3839 2393 3890 3042
3583 4095 3839 2441 3968 3103
3839 4095 3839 2489 4045 3164
4095 4095 3839 2537 4095 3225
0 0 4095 281 456 357
255 0 4095 328 534 418
511 0 4095 376 612 478
767 0 4095 424 690 539
1023 0 4095 472 768 600
1279 0 4095 520 846 661
1535 0 4095 568 923 722
1791 0 4095 616 1001 783
2047 0 4095 664 1079 844
2303 0 4095 712 1157 905
2559 0 4095 760 1235 966
2815 0 4095 808 1313 1026
3071 0 4095 856 1391 1087
3327 0 4095 903 1468 1148
3583 0 4095 951 1546 1209
3839 0 4095 999 1624 1270
4095 0 4095 1047 1702 1331
0 255 4095 375 609 476
255 255 4095 423 687 537
511 255 4095 471 765 598
767 255 4095 519 843 659
1023 255 4095 566 921 720
1279 255 4095 614 999 781
1535 255 4095 662 1077 842
1791 255 4095 710 1154 903
2047 255 4095 758 1232 964
2303 255 4095 806 1310 1024
2559 255 4095 854 1388 1085
2815 255 4095 902 1466 1146
3071 255 4095 950 1544 1207
3327 255 4095 998 1622 1268
3583 255 4095 1046 1699 1329
3839 255 4095 1093 1777 1390
4095 255 4095 1141 1855 1451
0 511 4095 469 762 596
255 511 4095 517 840 657
511 511 4095 565 918 718
767 511 4095 613 996 779
1023 511 4095 661 1074 840
1279 511 4095 709 1152 901
1535 511 4095 757 1230 962
1791 511 4095 804 1307 1022
2047 511 4095 852 1385 1083
2303 511 4095 900 1463 1144
2559 511 4095 948 1541 1205
2815 511 4095 996 1619 1266
3071 511 4095 1044 1697 1327
3327 511 4095 1092 1775 1388
3583 511 4095 1140 1852 1449
3839 511 4095 1188 1930 1510
4095 511 4095 1236 2008 1570
0 767 4095 563 916 716
255 767 4095 611 993 777
511 767 4095 659 1071 838
767 767 4095 707 1149 899
1023 767 4095 755 1227 959
1279 767 4095 803 1305 1020
1535 767 4095 851 1383 1081
1791 767 4095 899 1461 1142
2047 767 4095 947 1538 1203
2303 767 4095 994 1616 1264
2559 767 4095 1042 1694 1325
2815 767 4095 1090 1772 1386
3071 767 4095 1138 1850 1447
3327 767 4095 1186 1928 1507
3583 767 4095 1234 2006 1568
3839 767 4095 1282 2083 1629
4095 767 4095 1330 2161 1690
0 1023 4095 657 1069 836
255 1023 4095 705 1147 897
511 1023 4095 753 1224 957
767 1023 4095 801 1302 1018
1023 1023 4095 849 1380 1079
1279 1023 4095 897 1458 1140
1535 1023 4095 945 1536 1201
1791 1023 4095 993 1614 1262
2047 1023 4095 1041 1692 1323
2303 1023 4095 1089 1769 1384
2559 1023 4095 1137 1847 1445
2815 1023 4095 1185 1925 1505
3071 1023 4095 1232 2003 1566
3327 1023 4095 1280 2081 1627
3583 1023 4095 1328 2159 1688
3839 1023 4095 1376 2237 1749
4095 1023 4095 1424 2314 1810
0 1279 4095 752 1222 955
255 1279 4095 800 1300 1016
511 1279 4095 848 1378 1077
767 1279 4095 895 1455 1138
1023 1279 4095 943 1533 1199
1279 1279 4095 991 1611 1260
1535 1279 4095 1039 1689 1321
1791 1279 4095 1087 1767 1382
2047 1279 4095 1135 1845 1443
2303 1279 4095 1183 1923 1503
2559 1279 4095 1231 2000 1564
2815 1279 4095 1279 2078 1625
3071 1279 4095 1327 2156 1686
3327 1279 4095 1375 2234 1747
3583 1279 4095 1422 2312 1808
3839 1279 4095 1470 2390 1869
4095 1279 4095 1518 2468 1930
0 1535 4095 846 1375 1075
255 1535 4095 894 1453 1136
511 1535 4095 942 1531 1197
767 1535 4095 990 1609 1258
1023 1535 4095 1038 1686 1319
1279 1535 4095 1085 1764 1380
1535 1535 4095 1133 1842 1441
1791 1535 4095 1181 1920 1501
2047 1535 4095 1229 1998 1562
2303 1535 4095 1277 2076 1623
2559 1535 4095 1325 2154 1684
2815 1535 4095 1373 2231 1745
3071 1535 4095 1421 2309 1806
3327 1535 4095 1469 2387 1867
3583 1535 4095 1517 2465 1928
3839 1535 4095 1565 2543 1988
4095 1535 4095 1613 2621 2049
0 1791 4095 940 1528 1195
255 1791 4095 988 1606 1256
511 1791 4095 1036 1684 1317
767 1791 4095 1084 1762 1378
1023 1791 4095 1132 1840 1438
1279 1791 4095 1180 1917 1499
1535 1791 4095 1228 1995 1560
1791 1791 4095 1276 2073 1621
2047 1791 4095 1323 2151 1682
2303 1791 4095 1371 2229 1743
2559 1791 4095 1419 2307 1804
2815 1791 4095 1467 2384 1865
3071 1791 4095 1515 2462 1926
3327 1791 4095 1563 2540 1986
3583 1791 4095 1611 2618 2047
3839 1791 4095 1659 2696 2108
4095 1791 4095 1707 2774 2169
0 2047 4095 1034 1681 1315
255 2047 4095 1082 1759 1376
511 2047 4095 1130 1837 1436
767 2047 4095 1178 1915 1497
1023 2047 4095 1226 1993 1558
1279 2047 4095 1274 2070 1619
1535 2047 4095 1322 2148 1680
1791 2047 4095 1370 2226 1741
2047 2047 4095 1418 2304 1802
2303 2047 4095 1466 2382 1863
2559 2047 4095 1514 2460 1924
2815 2047 4095 1561 2538 1984
3071 2047 4095 1609 2615 2045
3327 2047 4095 1657 2693 2106
3583 2047 4095 1705 2771 2167
3839 2047 4095 1753 2849 2228
4095 2047 4095 1801 2927 2289
0 2303 4095 1129 1834 1434
255 2303 4095 1177 1912 1495
511 2303 4095 1224 1990 1556
767 2303 4095 1272 2068 1617
1023 2303 4095 1320 2146 1678
1279 2303 4095 1368 2224 1739
1535 2303 4095 1416 2301 1800
1791 2303 4095 1464 2379 1861
2047 2303 4095 1512 2457 1922
2303 2303 4095 1560 2535 1982
2559 2303 4095 1608 2613 2043
2815 2303 4095 1656 2691 2104
3071 2303 4095 1704 2769 2165
3327 2303 4095 1751 2846 2226
3583 2303 4095 1799 2924 2287
3839 2303 4095 1847 3002 2348
4095 2303 4095 1895 3080 2409
0 2559 4095 1223 1987 1554
255 2559 4095 1271 2065 1615
511 2559 4095 1319 2143 1676
767 2559 4095 1367 2221 1737
1023 2559 4095 1414 2299 1798
1279 2559 4095 1462 2377 1859
1535 2559 4095 1510 2455 1919
1791 2559 4095 1558 2532 1980
2047 2559 4095 1606 2610 2041
2303 2559 4095 1654 2688 2102
2559 2559 4095 1702 2766 2163
2815 2559 4095 1750 2844 2224
3071 2559 4095 1798 2922 2285
3327 2559 4095 1846 3000 2346
3583 2559 4095 1894 3077 2407
3839 2559 4095 1942 3155 2467
4095 2559 4095 1989 3233 2528
0 2815 4095 1317 2141 1674
255 2815 4095 1365 2218 1735
511 2815 4095 1413 2296 1796
767 2815 4095 1461 2374 1857
1023 2815 4095 1509 2452 1917
1279 2815 4095 1557 2530 1978
1535 2815 4095 1605 2608 2039
1791 2815 4095 1652 2686 2100
2047 2815 4095 1700 2763 2161
2303 2815 4095 1748 2841 2222
2559 2815 4095 1796 2919 2283
2815 2815 4095 1844 2997 2344
3071 2815 4095 1892 3075 2405
3327 2815 4095 1940 3153 2465
3583 2815 4095 1988 3231 2526
3839 2815 4095 2036 3308 2587
4095 2815 4095 2084 3386 2648
0 3071 4095 1411 2294 1794
255 3071 4095 1459 2372 1855
511 3071 4095 1507 2449 1915
767 3071 4095 1555 2527 1976
1023 3071 4095 1603 2605 2037
1279 3071 4095 1651 2683 2098
1535 3071 4095 1699 2761 2159
1791 3071 4095 1747 2839 2220
2047 3071 4095 1795 2917 2281
2303 3071 4095 1842 2994 2342
2559 3071 4095 1890 3072 2403
2815 3071 4095 1938 3150 2463
3071 3071 4095 1986 3228 2524
3327 3071 4095 2034 3306 2585
3583 3071 4095 2082 3384 2646
3839 3071 4095 2130 3462 2707
4095 3071 4095 2178 3539 2768
0 3327 4095 1506 2447 1913
255 3327 4095 1553 2525 1974
511 3327 4095 1601 2602 2035
767 3327 4095 1649 2680 2096
1023 3327 4095 1697 2758 2157
1279 3327 4095 1745 2836 2218
1535 3327 4095 1793 2914 2279
1791 3327 4095 1841 2992 2340
2047 3327 4095 1889 3070 2400
2303 3327 4095 1937 3147 2461
2559 3327 4095 1985 3225 2522
2815 3327 4095 2033 3303 2583
3071 3327 4095 2080 3381 2644
3327 3327 4095 2128 3459 2705
3583 3327 4095 2176 3537 2766
3839 3327 4095 2224 3615 2827
4095 3327 4095 2272 3692 2888
0 3583 4095 1600 2600 2033
255 3583 4095 1648 2678 2094
511 3583 4095 1696 2756 2155
767 3583 4095 1743 2833 2216
1023 3583 4095 1791 2911 2277
1279 3583 4095 1839 2989 2338
1535 3583 4095 1887 3067 2398
1791 3583 4095 1935 3145 2459
2047 3583 4095 1983 3223 2520
2303 3583 4095 2031 3301 2581
2559 3583 4095 2079 3378 2642
2815 3583 4095 2127 3456 2703
3071 3583 4095 2175 3534 2764
3327 3583 4095 2223 3612 2825
3583 3583 4095 2271 3690 2886
3839 3583 4095 2318 3768 2946
4095 3583 4095 2366 3846 3007
0 3839 4095 1694 2753 2153
255 3839 4095 1742 2831 2214
511 3839 4095 1790 2909 2275
767 3839 4095 1838 2987 2336
1023 3839 4095 1886 3064 2396
1279 3839 4095 1934 3142 2457
1535 3839 4095 1981 3220 2518
1791 3839 4095 2029 3298 2579
2047 3839 4095 2077 3376 2640
2303 3839 4095 2125 3454 2701
2559 3839 4095 2173 3532 2762
2815 3839 4095 2221 3609 2823
3071 3839 4095 2269 3687 2884
3327 3839 4095 2317 3765 2944
3583 3839 4095 2365 3843 3005
3839 3839 4095 2413 3921 3066
4095 3839 4095 2461 3999 3127
0 4095 4095 1788 2906 2273
255 4095 4095 1836 2984 2334
511 4095 4095 1884 3062 2394
767 4095 4095 1932 3140 2455
1023 4095 4095 1980 3218 2516
1279 4095 4095 2028 3295 2577
1535 4095 4095 2076 3373 2638
1791 4095 4095 2124 3451 2699
2047 4095 4095 2171 3529 2760
2303 4095 4095 2219 3607 2821
2559 4095 4095 2267 3685 2882
2815 4095 4095 2315 3763 2942
3071 4095 4095 2363 3840 3003
3327 4095 4095 2411 3918 3064
3583 4095 4095 2459 3996 3125
3839 4095 4095 2507 4074 3186
4095 4095 4095 2555 4095 3247
