0 0 0 0 0 0
256 0 0 225 64 64
512 0 0 444 138 135
768 0 0 655 227 216
1024 0 0 938 158 156
1280 0 0 1229 75 81
1536 0 0 1474 91 86
1792 0 0 1719 107 92
2048 0 0 1963 123 96
2303 0 0 2220 176 133
2559 0 0 2479 230 166
2815 0 0 2741 285 194
3071 0 0 2987 314 200
3327 0 0 3227 328 197
3583 0 0 3460 311 176
3839 0 0 3685 296 155
4095 0 0 3904 284 133
0 256 0 90 257 0
256 256 0 278 281 24
512 256 0 467 315 102
768 256 0 658 368 262
1024 256 0 939 330 162
1280 256 0 1230 284 30
1536 256 0 1475 290 32
1792 256 0 1720 296 34
2048 256 0 1964 302 36
2303 256 0 2225 337 100
2559 256 0 2485 372 148
2815 256 0 2745 405 175
3071 256 0 2991 420 177
3327 256 0 3232 425 169
3583 256 0 3466 410 144
3839 256 0 3690 404 126
4095 256 0 3907 404 112
0 512 0 178 515 0
256 512 0 332 513 0
512 512 0 499 521 62
768 512 0 688 544 217
1024 512 0 956 530 124
1280 512 0 1235 512 0
1536 512 0 1479 512 0
1792 512 0 1724 513 0
2048 512 0 1971 515 0
2303 512 0 2234 538 72
2559 512 0 2495 558 124
2815 512 0 2751 575 146
3071 512 0 2996 580 141
3327 512 0 3237 579 125
3583 512 0 3470 566 97
3839 512 0 3693 565 81
4095 512 0 3909 570 75
0 768 0 266 775 0
256 768 0 386 770 0
512 768 0 545 770 10
768 768 0 761 773 36
1024 768 0 1000 771 21
1280 768 0 1245 768 0
1536 768 0 1487 768 0
1792 768 0 1735 772 0
2048 768 0 1987 779 0
2303 768 0 2250 798 54
2559 768 0 2509 812 92
2815 768 0 2760 820 105
3071 768 0 3002 820 87
3327 768 0 3241 817 59
3583 768 0 3474 806 27
3839 768 0 3694 804 14
4095 768 0 3907 807 12
0 1024 0 351 1029 0
256 1024 0 449 1026 0
512 1024 0 592 1024 0
768 1024 0 801 1024 0
1024 1024 0 1031 1027 0
1280 1024 0 1269 1031 0
1536 1024 0 1517 1039 0
1792 1024 0 1768 1047 0
2048 1024 0 2020 1055 0
2303 1024 0 2275 1065 25
2559 1024 0 2526 1073 43
2815 1024 0 2772 1075 48
3071 1024 0 3011 1072 38
3327 1024 0 3248 1067 23
3583 1024 0 3479 1057 7
3839 1024 0 3699 1051 0
4095 1024 0 3910 1050 0
0 1280 0 443 1290 0
256 1280 0 523 1289 0
512 1280 0 649 1288 0
768 1280 0 843 1288 0
1024 1280 0 1068 1294 0
1280 1280 0 1304 1302 0
1536 1280 0 1556 1315 0
1792 1280 0 1806 1325 0
2048 1280 0 2056 1332 0
2303 1280 0 2301 1334 0
2559 1280 0 2544 1335 0
2815 1280 0 2785 1333 0
3071 1280 0 3022 1328 0
3327 1280 0 3256 1321 0
3583 1280 0 3486 1310 0
3839 1280 0 3705 1302 0
4095 1280 0 3916 1295 0
0 1536 0 567 1583 0
256 1536 0 634 1582 0
512 1536 0 745 1582 0
768 1536 0 924 1584 0
1024 1536 0 1138 1588 0
1280 1536 0 1365 1593 0
1536 1536 0 1605 1599 0
1792 1536 0 1846 1602 0
2048 1536 0 2086 1602 0
2303 1536 0 2325 1601 0
2559 1536 0 2564 1598 0
2815 1536 0 2801 1593 0
3071 1536 0 3034 1586 0
3327 1536 0 3266 1577 0
3583 1536 0 3495 1566 0
3839 1536 0 3712 1555 0
4095 1536 0 3922 1545 0
0 1792 0 686 1863 0
256 1792 0 739 1863 0
512 1792 0 836 1864 0
768 1792 0 999 1865 0
1024 1792 0 1201 1867 0
1280 1792 0 1416 1870 0
1536 1792 0 1648 1873 0
1792 1792 0 1882 1873 0
2048 1792 0 2118 1872 0
2303 1792 0 2351 1867 0
2559 1792 0 2584 1861 0
2815 1792 0 2818 1854 0
3071 1792 0 3049 1845 0
3327 1792 0 3278 1835 0
3583 1792 0 3505 1822 0
3839 1792 0 3722 1809 0
4095 1792 0 3933 1796 0
0 2048 0 801 2135 0
256 2048 0 840 2135 0
512 2048 0 921 2136 0
768 2048 0 1068 2136 0
1024 2048 0 1257 2137 0
1280 2048 0 1462 2138 0
1536 2048 0 1686 2140 0
1792 2048 0 1916 2141 0
2048 2048 0 2151 2142 0
2303 2048 0 2377 2133 0
2559 2048 0 2606 2123 0
2815 2048 0 2836 2114 0
3071 2048 0 3064 2104 0
3327 2048 0 3292 2092 0
3583 2048 0 3517 2079 0
3839 2048 0 3735 2064 0
4095 2048 0 3948 2048 0
0 2303 0 890 2390 0
256 2303 0 924 2392 0
512 2303 0 998 2393 0
768 2303 0 1132 2393 0
1024 2303 0 1310 2394 0
1280 2303 0 1505 2395 0
1536 2303 0 1721 2396 0
1792 2303 0 1945 2396 0
2048 2303 0 2174 2397 0
2303 2303 0 2404 2393 0
2559 2303 0 2632 2386 0
2815 2303 0 2857 2374 0
3071 2303 0 3083 2362 0
3327 2303 0 3308 2350 0
3583 2303 0 3531 2335 0
3839 2303 0 3745 2318 0
4095 2303 0 3952 2298 0
0 2559 0 977 2643 0
256 2559 0 1006 2646 0
512 2559 0 1073 2648 0
768 2559 0 1195 2648 0
1024 2559 0 1363 2648 0
1280 2559 0 1547 2649 0
1536 2559 0 1755 2649 0
1792 2559 0 1973 2650 0
2048 2559 0 2197 2650 0
2303 2559 0 2427 2650 0
2559 2559 0 2656 2645 0
2815 2559 0 2880 2635 0
3071 2559 0 3103 2622 0
3327 2559 0 3325 2608 0
3583 2559 0 3546 2592 0
3839 2559 0 3757 2573 0
4095 2559 0 3960 2550 0
0 2815 0 1060 2890 0
256 2815 0 1083 2895 0
512 2815 0 1142 2898 0
768 2815 0 1256 2898 0
1024 2815 0 1413 2898 0
1280 2815 0 1589 2898 0
1536 2815 0 1789 2899 0
1792 2815 0 2001 2899 0
2048 2815 0 2219 2899 0
2303 2815 0 2446 2899 0
2559 2815 0 2674 2898 0
2815 2815 0 2904 2895 0
3071 2815 0 3125 2881 0
3327 2815 0 3344 2865 0
3583 2815 0 3563 2849 0
3839 2815 0 3772 2828 0
4095 2815 0 3975 2803 0
0 3071 0 1128 3136 0
256 3071 0 1151 3140 0
512 3071 0 1208 3143 0
768 3071 0 1313 3143 0
1024 3071 0 1462 3143 0
1280 3071 0 1629 3143 0
1536 3071 0 1823 3143 0
1792 3071 0 2028 3143 0
2048 3071 0 2240 3144 0
2303 3071 0 2463 3144 0
2559 3071 0 2689 3143 0
2815 3071 0 2918 3142 0
3071 3071 0 3143 3135 0
3327 3071 0 3365 3124 0
3583 3071 0 3582 3106 0
3839 3071 0 3788 3082 0
4095 3071 0 3988 3053 0
0 3327 0 1191 3381 0
256 3327 0 1217 3384 0
512 3327 0 1271 3386 0
768 3327 0 1369 3386 0
1024 3327 0 1511 3386 0
1280 3327 0 1670 3386 0
1536 3327 0 1856 3386 0
1792 3327 0 2055 3386 0
2048 3327 0 2262 3386 0
2303 3327 0 2480 3386 0
2559 3327 0 2703 3386 0
2815 3327 0 2930 3386 0
3071 3327 0 3159 3384 0
3327 3327 0 3385 3379 0
3583 3327 0 3601 3362 0
3839 3327 0 3805 3335 0
4095 3327 0 4001 3302 0
0 3583 0 1252 3622 0
256 3583 0 1278 3623 0
512 3583 0 1330 3624 0
768 3583 0 1423 3624 0
1024 3583 0 1557 3624 0
1280 3583 0 1709 3624 0
1536 3583 0 1889 3624 0
1792 3583 0 2082 3624 0
2048 3583 0 2283 3624 0
2303 3583 0 2497 3624 0
2559 3583 0 2716 3624 0
2815 3583 0 2939 3624 0
3071 3583 0 3167 3624 0
3327 3583 0 3394 3622 0
3583 3583 0 3619 3615 0
3839 3583 0 3823 3587 0
4095 3583 0 4013 3547 0
0 3839 0 1315 3857 0
256 3839 0 1340 3858 0
512 3839 0 1390 3857 0
768 3839 0 1477 3856 0
1024 3839 0 1606 3852 0
1280 3839 0 1752 3850 0
1536 3839 0 1924 3853 0
1792 3839 0 2109 3856 0
2048 3839 0 2305 3858 0
2303 3839 0 2514 3857 0
2559 3839 0 2728 3856 0
2815 3839 0 2947 3854 0
3071 3839 0 3170 3851 0
3327 3839 0 3395 3848 0
3583 3839 0 3624 3849 0
3839 3839 0 3832 3827 0
4095 3839 0 4027 3790 0
0 4095 0 1380 4087 0
256 4095 0 1402 4088 0
512 4095 0 1449 4087 0
768 4095 0 1533 4082 0
1024 4095 0 1658 4073 0
1280 4095 0 1799 4067 0
1536 4095 0 1960 4076 0
1792 4095 0 2138 4082 0
2048 4095 0 2326 4087 0
2303 4095 0 2531 4087 0
2559 4095 0 2740 4083 0
2815 4095 0 2953 4077 0
3071 4095 0 3170 4069 0
3327 4095 0 3390 4065 0
3583 4095 0 3618 4071 0
3839 4095 0 3834 4058 0
4095 4095 0 4042 4032 0
0 0 256 20 20 260
256 0 256 245 32 284
512 0 256 473 61 311
768 0 256 706 117 342
1024 0 256 966 80 319
1280 0 256 1227 33 290
1536 0 256 1473 40 292
1792 0 256 1718 46 294
2048 0 256 1963 52 296
2303 0 256 2220 133 315
2559 0 256 2480 205 333
2815 0 256 2742 263 349
3071 0 256 2989 285 352
3327 0 256 3231 292 349
3583 0 256 3465 271 338
3839 0 256 3688 267 327
4095 0 256 3905 274 317
0 256 256 95 264 258
256 256 256 285 268 266
512 256 256 479 287 300
768 256 256 681 327 371
1024 256 256 913 331 350
1280 256 256 1162 323 310
1536 256 256 1447 299 288
1792 256 256 1710 287 277
2048 256 256 1959 285 275
2303 256 256 2222 328 304
2559 256 256 2484 367 328
2815 256 256 2745 401 342
3071 256 256 2992 412 342
3327 256 256 3233 414 337
3583 256 256 3467 397 324
3839 256 256 3693 387 313
4095 256 256 3912 381 303
0 512 256 174 513 253
256 512 256 328 513 250
512 512 256 498 522 277
768 512 256 693 545 347
1024 512 256 915 566 332
1280 512 256 1156 577 299
1536 512 256 1445 546 275
1792 512 256 1712 531 264
2048 512 256 1964 528 261
2303 512 256 2229 548 294
2559 512 256 2492 566 319
2815 512 256 2749 581 329
3071 512 256 2995 585 326
3327 512 256 3236 583 318
3583 512 256 3470 570 302
3839 512 256 3696 556 291
4095 512 256 3917 542 282
0 768 256 261 771 245
256 768 256 377 771 235
512 768 256 536 772 234
768 768 256 760 774 245
1024 768 256 996 776 242
1280 768 256 1236 777 239
1536 768 256 1480 775 249
1792 768 256 1728 779 255
2048 768 256 1981 787 260
2303 768 256 2246 805 286
2559 768 256 2506 819 304
2815 768 256 2757 827 310
3071 768 256 3000 826 300
3327 768 256 3240 822 287
3583 768 256 3473 811 270
3839 768 256 3699 798 258
4095 768 256 3920 784 249
0 1024 256 347 1026 229
256 1024 256 440 1026 219
512 1024 256 581 1026 212
768 1024 256 796 1026 208
1024 1024 256 1031 1028 210
1280 1024 256 1272 1031 215
1536 1024 256 1518 1040 228
1792 1024 256 1768 1048 236
2048 1024 256 2021 1057 241
2303 1024 256 2277 1066 254
2559 1024 256 2529 1073 265
2815 1024 256 2774 1076 269
3071 1024 256 3013 1074 264
3327 1024 256 3249 1069 256
3583 1024 256 3481 1059 245
3839 1024 256 3705 1047 236
4095 1024 256 3924 1034 229
0 1280 256 440 1289 213
256 1280 256 515 1289 204
512 1280 256 638 1290 196
768 1280 256 834 1290 190
1024 1280 256 1063 1296 193
1280 1280 256 1304 1303 199
1536 1280 256 1558 1316 208
1792 1280 256 1811 1323 214
2048 1280 256 2063 1329 218
2303 1280 256 2309 1330 220
2559 1280 256 2553 1330 222
2815 1280 256 2791 1329 227
3071 1280 256 3027 1325 226
3327 1280 256 3260 1319 224
3583 1280 256 3490 1309 219
3839 1280 256 3712 1297 214
4095 1280 256 3929 1286 208
0 1536 256 566 1582 203
256 1536 256 628 1583 196
512 1536 256 737 1584 188
768 1536 256 914 1587 180
1024 1536 256 1131 1590 181
1280 1536 256 1361 1595 185
1536 1536 256 1605 1600 191
1792 1536 256 1847 1602 194
2048 1536 256 2090 1601 196
2303 1536 256 2330 1599 196
2559 1536 256 2569 1595 196
2815 1536 256 2806 1591 195
3071 1536 256 3040 1583 192
3327 1536 256 3272 1574 187
3583 1536 256 3500 1563 181
3839 1536 256 3721 1551 178
4095 1536 256 3936 1540 175
0 1792 256 682 1863 173
256 1792 256 733 1863 165
512 1792 256 828 1865 155
768 1792 256 987 1868 142
1024 1792 256 1192 1870 142
1280 1792 256 1411 1872 146
1536 1792 256 1645 1874 152
1792 1792 256 1881 1874 155
2048 1792 256 2119 1873 158
2303 1792 256 2353 1867 155
2559 1792 256 2588 1860 150
2815 1792 256 2822 1852 144
3071 1792 256 3053 1843 131
3327 1792 256 3284 1832 117
3583 1792 256 3511 1819 106
3839 1792 256 3731 1806 102
4095 1792 256 3945 1794 101
0 2048 256 791 2135 128
256 2048 256 833 2136 119
512 2048 256 915 2137 106
768 2048 256 1057 2138 85
1024 2048 256 1248 2139 85
1280 2048 256 1456 2140 91
1536 2048 256 1682 2141 98
1792 2048 256 1914 2142 103
2048 2048 256 2150 2143 108
2303 2048 256 2378 2133 100
2559 2048 256 2607 2124 91
2815 2048 256 2838 2114 79
3071 2048 256 3067 2103 52
3327 2048 256 3295 2091 24
3583 2048 256 3521 2077 7
3839 2048 256 3741 2063 0
4095 2048 256 3956 2048 0
0 2303 256 880 2392 48
256 2303 256 918 2393 45
512 2303 256 992 2394 40
768 2303 256 1121 2395 32
1024 2303 256 1301 2396 32
1280 2303 256 1498 2396 34
1536 2303 256 1716 2397 37
1792 2303 256 1941 2398 39
2048 2303 256 2172 2398 41
2303 2303 256 2403 2394 38
2559 2303 256 2633 2387 34
2815 2303 256 2858 2375 30
3071 2303 256 3084 2362 20
3327 2303 256 3310 2349 9
3583 2303 256 3534 2334 3
3839 2303 256 3752 2318 0
4095 2303 256 3965 2301 0
0 2559 256 966 2646 0
256 2559 256 999 2648 0
512 2559 256 1067 2649 0
768 2559 256 1184 2650 0
1024 2559 256 1352 2650 0
1280 2559 256 1539 2650 0
1536 2559 256 1749 2651 0
1792 2559 256 1968 2651 0
2048 2559 256 2194 2652 0
2303 2559 256 2425 2651 0
2559 2559 256 2655 2646 0
2815 2559 256 2880 2636 0
3071 2559 256 3103 2622 0
3327 2559 256 3326 2607 0
3583 2559 256 3549 2592 0
3839 2559 256 3764 2574 0
4095 2559 256 3976 2556 0
0 2815 256 1047 2895 0
256 2815 256 1076 2897 0
512 2815 256 1136 2899 0
768 2815 256 1244 2900 0
1024 2815 256 1402 2900 0
1280 2815 256 1579 2900 0
1536 2815 256 1782 2900 0
1792 2815 256 1994 2900 0
2048 2815 256 2214 2900 0
2303 2815 256 2442 2900 0
2559 2815 256 2672 2899 0
2815 2815 256 2904 2896 0
3071 2815 256 3125 2882 0
3327 2815 256 3344 2866 0
3583 2815 256 3564 2849 0
3839 2815 256 3779 2831 0
4095 2815 256 3990 2810 0
0 3071 256 1118 3140 0
256 3071 256 1145 3142 0
512 3071 256 1202 3144 0
768 3071 256 1302 3144 0
1024 3071 256 1451 3145 0
1280 3071 256 1619 3145 0
1536 3071 256 1814 3145 0
1792 3071 256 2021 3145 0
2048 3071 256 2235 3145 0
2303 3071 256 2459 3145 0
2559 3071 256 2686 3145 0
2815 3071 256 2917 3144 0
3071 3071 256 3143 3136 0
3327 3071 256 3366 3125 0
3583 3071 256 3583 3107 0
3839 3071 256 3794 3085 0
4095 3071 256 4002 3061 0
0 3327 256 1186 3384 0
256 3327 256 1212 3385 0
512 3327 256 1265 3386 0
768 3327 256 1358 3387 0
1024 3327 256 1498 3387 0
1280 3327 256 1658 3387 0
1536 3327 256 1846 3387 0
1792 3327 256 2047 3387 0
2048 3327 256 2255 3387 0
2303 3327 256 2475 3387 0
2559 3327 256 2699 3387 0
2815 3327 256 2927 3387 0
3071 3327 256 3157 3386 0
3327 3327 256 3385 3381 0
3583 3327 256 3602 3364 0
3839 3327 256 3810 3339 0
4095 3327 256 4013 3311 0
0 3583 256 1250 3623 0
256 3583 256 1275 3624 0
512 3583 256 1325 3625 0
768 3583 256 1412 3626 0
1024 3583 256 1545 3626 0
1280 3583 256 1697 3626 0
1536 3583 256 1879 3626 0
1792 3583 256 2073 3626 0
2048 3583 256 2276 3626 0
2303 3583 256 2492 3626 0
2559 3583 256 2711 3626 0
2815 3583 256 2936 3626 0
3071 3583 256 3164 3625 0
3327 3583 256 3393 3623 0
3583 3583 256 3620 3617 0
3839 3583 256 3827 3591 0
4095 3583 256 4021 3553 0
0 3839 256 1312 3859 0
256 3839 256 1337 3859 0
512 3839 256 1385 3860 0
768 3839 256 1468 3859 0
1024 3839 256 1596 3858 0
1280 3839 256 1742 3856 0
1536 3839 256 1916 3858 0
1792 3839 256 2103 3860 0
2048 3839 256 2300 3860 0
2303 3839 256 2511 3860 0
2559 3839 256 2725 3860 0
2815 3839 256 2946 3858 0
3071 3839 256 3170 3856 0
3327 3839 256 3396 3855 0
3583 3839 256 3626 3854 0
3839 3839 256 3836 3833 0
4095 3839 256 4033 3797 0
0 4095 256 1375 4091 0
256 4095 256 1398 4092 0
512 4095 256 1444 4092 0
768 4095 256 1527 4090 0
1024 4095 256 1651 4085 0
1280 4095 256 1792 4081 0
1536 4095 256 1956 4086 0
1792 4095 256 2136 4090 0
2048 4095 256 2326 4092 0
2303 4095 256 2531 4092 0
2559 4095 256 2741 4090 0
2815 4095 256 2956 4087 0
3071 4095 256 3175 4082 0
3327 4095 256 3397 4079 0
3583 4095 256 3625 4081 0
3839 4095 256 3841 4067 0
4095 4095 256 4049 4041 0
0 0 512 46 52 521
256 0 512 263 23 520
512 0 512 491 17 520
768 0 512 737 49 522
1024 0 512 982 31 521
1280 0 512 1226 7 519
1536 0 512 1472 7 519
1792 0 512 1717 7 519
2048 0 512 1962 8 519
2303 0 512 2221 109 529
2559 0 512 2481 194 538
2815 0 512 2743 251 547
3071 0 512 2991 270 548
3327 0 512 3233 272 545
3583 0 512 3468 248 539
3839 0 512 3690 251 534
4095 0 512 3905 273 530
0 256 512 105 276 517
256 256 512 290 264 520
512 256 512 489 267 527
768 256 512 709 292 539
1024 256 512 923 312 557
1280 256 512 1152 320 567
1536 256 512 1444 288 538
1792 256 512 1710 273 524
2048 256 512 1959 269 521
2303 256 512 2222 322 531
2559 256 512 2484 367 540
2815 256 512 2744 400 547
3071 256 512 2992 410 547
3327 256 512 3234 409 544
3583 256 512 3468 391 537
3839 256 512 3694 377 529
4095 256 512 3915 367 522
0 512 512 174 513 511
256 512 512 325 513 511
512 512 512 500 518 517
768 512 512 712 533 531
1024 512 512 916 566 554
1280 512 512 1137 588 568
1536 512 512 1431 553 541
1792 512 512 1702 538 528
2048 512 512 1957 535 525
2303 512 512 2225 556 535
2559 512 512 2489 574 542
2815 512 512 2746 589 546
3071 512 512 2993 592 544
3327 512 512 3235 588 540
3583 512 512 3469 574 532
3839 512 512 3698 551 522
4095 512 512 3923 522 511
0 768 512 260 770 500
256 768 512 372 771 489
512 768 512 532 772 482
768 768 512 762 773 484
1024 768 512 987 780 491
1280 768 512 1211 789 502
1536 768 512 1441 796 521
1792 768 512 1693 803 530
2048 768 512 1958 808 533
2303 768 512 2230 822 540
2559 768 512 2496 833 544
2815 768 512 2750 838 543
3071 768 512 2996 836 539
3327 768 512 3237 830 533
3583 768 512 3471 818 524
3839 768 512 3701 797 512
4095 768 512 3928 770 498
0 1024 512 345 1025 478
256 1024 512 435 1027 466
512 1024 512 575 1027 455
768 1024 512 790 1027 449
1024 1024 512 1023 1032 452
1280 1024 512 1261 1039 461
1536 1024 512 1500 1051 482
1792 1024 512 1749 1062 499
2048 1024 512 2004 1071 513
2303 1024 512 2262 1080 520
2559 1024 512 2516 1087 525
2815 1024 512 2764 1088 525
3071 1024 512 3006 1085 520
3327 1024 512 3245 1078 513
3583 1024 512 3479 1065 503
3839 1024 512 3707 1047 490
4095 1024 512 3932 1024 477
0 1280 512 438 1288 458
256 1280 512 510 1290 446
512 1280 512 631 1291 433
768 1280 512 824 1293 421
1024 1280 512 1058 1299 424
1280 1280 512 1305 1306 431
1536 1280 512 1564 1315 444
1792 1280 512 1814 1324 461
2048 1280 512 2057 1333 483
2303 1280 512 2299 1338 490
2559 1280 512 2541 1340 494
2815 1280 512 2782 1340 495
3071 1280 512 3019 1334 491
3327 1280 512 3256 1327 484
3583 1280 512 3488 1313 472
3839 1280 512 3715 1297 461
4095 1280 512 3937 1280 449
0 1536 512 565 1582 450
256 1536 512 625 1583 439
512 1536 512 730 1586 427
768 1536 512 903 1589 413
1024 1536 512 1121 1594 411
1280 1536 512 1355 1598 414
1536 1536 512 1604 1602 423
1792 1536 512 1849 1603 431
2048 1536 512 2091 1603 440
2303 1536 512 2331 1600 441
2559 1536 512 2571 1597 440
2815 1536 512 2809 1591 438
3071 1536 512 3042 1585 435
3327 1536 512 3273 1576 430
3583 1536 512 3503 1563 419
3839 1536 512 3726 1549 411
4095 1536 512 3944 1536 406
0 1792 512 679 1863 412
256 1792 512 729 1864 402
512 1792 512 822 1866 388
768 1792 512 977 1870 368
1024 1792 512 1181 1873 364
1280 1792 512 1402 1875 366
1536 1792 512 1641 1876 374
1792 1792 512 1880 1875 381
2048 1792 512 2121 1873 386
2303 1792 512 2357 1866 381
2559 1792 512 2593 1859 375
2815 1792 512 2828 1850 367
3071 1792 512 3059 1841 352
3327 1792 512 3288 1831 335
3583 1792 512 3517 1817 317
3839 1792 512 3737 1804 311
4095 1792 512 3952 1792 312
0 2048 512 783 2135 356
256 2048 512 828 2136 345
512 2048 512 910 2138 327
768 2048 512 1048 2140 298
1024 2048 512 1237 2142 294
1280 2048 512 1445 2143 298
1536 2048 512 1675 2143 308
1792 2048 512 1910 2144 317
2048 2048 512 2148 2143 325
2303 2048 512 2378 2134 314
2559 2048 512 2609 2124 302
2815 2048 512 2841 2114 286
3071 2048 512 3071 2102 250
3327 2048 512 3301 2089 212
3583 2048 512 3530 2073 184
3839 2048 512 3749 2060 178
4095 2048 512 3962 2048 185
0 2303 512 873 2393 253
256 2303 512 913 2393 248
512 2303 512 987 2395 240
768 2303 512 1113 2396 228
1024 2303 512 1291 2398 225
1280 2303 512 1487 2399 224
1536 2303 512 1708 2399 227
1792 2303 512 1936 2399 231
2048 2303 512 2169 2399 235
2303 2303 512 2402 2395 231
2559 2303 512 2633 2387 226
2815 2303 512 2860 2375 218
3071 2303 512 3087 2362 203
3327 2303 512 3314 2348 186
3583 2303 512 3541 2332 171
3839 2303 512 3759 2317 169
4095 2303 512 3973 2303 177
0 2559 512 958 2648 186
256 2559 512 994 2648 185
512 2559 512 1062 2649 184
768 2559 512 1177 2651 182
1024 2559 512 1343 2652 178
1280 2559 512 1529 2653 174
1536 2559 512 1740 2653 173
1792 2559 512 1962 2653 173
2048 2559 512 2189 2653 174
2303 2559 512 2422 2652 175
2559 2559 512 2653 2647 174
2815 2559 512 2880 2636 172
3071 2559 512 3105 2622 169
3327 2559 512 3329 2607 165
3583 2559 512 3553 2591 158
3839 2559 512 3771 2575 159
4095 2559 512 3986 2559 167
0 2815 512 1038 2898 174
256 2815 512 1070 2898 173
512 2815 512 1132 2899 172
768 2815 512 1237 2901 170
1024 2815 512 1392 2901 166
1280 2815 512 1568 2902 162
1536 2815 512 1771 2902 159
1792 2815 512 1986 2902 159
2048 2815 512 2208 2902 160
2303 2815 512 2438 2902 160
2559 2815 512 2669 2901 161
2815 2815 512 2902 2898 160
3071 2815 512 3125 2883 158
3327 2815 512 3346 2866 153
3583 2815 512 3567 2849 145
3839 2815 512 3784 2832 147
4095 2815 512 3999 2814 156
0 3071 512 1111 3143 158
256 3071 512 1141 3143 158
512 3071 512 1198 3144 156
768 3071 512 1294 3145 154
1024 3071 512 1441 3146 149
1280 3071 512 1607 3147 145
1536 3071 512 1802 3147 141
1792 3071 512 2010 3147 139
2048 3071 512 2227 3147 140
2303 3071 512 2453 3147 141
2559 3071 512 2682 3146 141
2815 3071 512 2914 3145 142
3071 3071 512 3141 3138 140
3327 3071 512 3366 3126 137
3583 3071 512 3584 3108 129
3839 3071 512 3799 3088 131
4095 3071 512 4012 3068 141
0 3327 512 1182 3385 140
256 3327 512 1209 3386 139
512 3327 512 1261 3387 137
768 3327 512 1351 3388 135
1024 3327 512 1489 3389 130
1280 3327 512 1646 3389 124
1536 3327 512 1833 3390 116
1792 3327 512 2035 3390 114
2048 3327 512 2246 3390 115
2303 3327 512 2467 3389 115
2559 3327 512 2693 3389 116
2815 3327 512 2922 3389 117
3071 3327 512 3154 3387 117
3327 3327 512 3384 3383 115
3583 3327 512 3602 3365 107
3839 3327 512 3815 3344 110
4095 3327 512 4023 3319 119
0 3583 512 1248 3624 114
256 3583 512 1273 3625 113
512 3583 512 1321 3625 111
768 3583 512 1405 3626 107
1024 3583 512 1535 3627 101
1280 3583 512 1685 3628 92
1536 3583 512 1864 3629 75
1792 3583 512 2059 3629 69
2048 3583 512 2264 3628 70
2303 3583 512 2482 3628 71
2559 3583 512 2703 3628 72
2815 3583 512 2929 3627 72
3071 3583 512 3159 3627 73
3327 3583 512 3390 3625 73
3583 3583 512 3618 3619 70
3839 3583 512 3831 3597 70
4095 3583 512 4032 3564 73
0 3839 512 1311 3860 65
256 3839 512 1335 3860 64
512 3839 512 1382 3861 63
768 3839 512 1463 3862 60
1024 3839 512 1589 3861 56
1280 3839 512 1733 3861 49
1536 3839 512 1905 3862 37
1792 3839 512 2093 3863 32
2048 3839 512 2292 3863 33
2303 3839 512 2504 3863 33
2559 3839 512 2720 3863 34
2815 3839 512 2942 3862 34
3071 3839 512 3168 3861 34
3327 3839 512 3396 3860 35
3583 3839 512 3627 3859 34
3839 3839 512 3841 3840 34
4095 3839 512 4045 3810 34
0 4095 512 1372 4093 0
256 4095 512 1396 4094 0
512 4095 512 1442 4094 0
768 4095 512 1524 4095 0
1024 4095 512 1647 4093 0
1280 4095 512 1787 4091 0
1536 4095 512 1953 4093 0
1792 4095 512 2135 4095 0
2048 4095 512 2326 4095 0
2303 4095 512 2531 4095 0
2559 4095 512 2742 4094 0
2815 4095 512 2958 4093 0
3071 4095 512 3179 4091 0
3327 4095 512 3402 4089 0
3583 4095 512 3629 4089 0
3839 4095 512 3848 4077 0
4095 4095 512 4061 4056 0
0 0 768 82 102 784
256 0 768 276 49 781
512 0 768 491 24 779
768 0 768 737 43 780
1024 0 768 982 24 780
1280 0 768 1226 1 779
1536 0 768 1472 1 779
1792 0 768 1717 2 779
2048 0 768 1962 3 779
2303 0 768 2222 114 790
2559 0 768 2483 202 800
2815 0 768 2744 256 809
3071 0 768 2991 274 809
3327 0 768 3234 275 806
3583 0 768 3468 250 799
3839 0 768 3690 256 793
4095 0 768 3904 283 789
0 256 768 122 296 781
256 256 768 293 274 790
512 256 768 495 261 795
768 256 768 744 265 794
1024 256 768 985 260 792
1280 256 768 1226 253 788
1536 256 768 1478 247 781
1792 256 768 1723 248 778
2048 256 768 1965 255 777
2303 256 768 2225 320 791
2559 256 768 2486 372 802
2815 256 768 2744 407 810
3071 256 768 2991 416 810
3327 256 768 3233 414 806
3583 256 768 3468 395 799
3839 256 768 3694 379 790
4095 256 768 3916 364 781
0 512 768 180 516 776
256 512 768 323 512 788
512 512 768 508 508 795
768 512 768 754 504 793
1024 512 768 982 511 794
1280 512 768 1208 519 795
1536 512 768 1446 521 795
1792 512 768 1694 526 794
2048 512 768 1950 533 791
2303 512 768 2219 561 801
2559 512 768 2484 583 810
2815 512 768 2742 600 814
3071 512 768 2989 601 811
3327 512 768 3232 596 806
3583 512 768 3467 581 798
3839 512 768 3698 552 787
4095 512 768 3925 514 774
0 768 768 263 771 769
256 768 768 373 771 770
512 768 768 533 769 769
768 768 768 769 767 767
1024 768 768 970 783 781
1280 768 768 1163 806 800
1536 768 768 1356 839 828
1792 768 768 1612 851 835
2048 768 768 1910 850 827
2303 768 768 2199 854 826
2559 768 768 2477 856 824
2815 768 768 2738 856 821
3071 768 768 2987 851 814
3327 768 768 3231 842 807
3583 768 768 3467 828 796
3839 768 768 3699 802 783
4095 768 768 3928 768 767
0 1024 768 348 1026 758
256 1024 768 436 1027 753
512 1024 768 573 1027 747
768 1024 768 785 1028 737
1024 1024 768 1004 1041 744
1280 1024 768 1227 1057 757
1536 1024 768 1454 1080 778
1792 1024 768 1701 1095 803
2048 1024 768 1961 1105 832
2303 1024 768 2221 1114 841
2559 1024 768 2480 1119 842
2815 1024 768 2737 1116 832
3071 1024 768 2986 1108 820
3327 1024 768 3231 1097 806
3583 1024 768 3471 1078 790
3839 1024 768 3704 1053 773
4095 1024 768 3932 1024 755
0 1280 768 440 1289 749
256 1280 768 511 1290 742
512 1280 768 628 1292 731
768 1280 768 813 1296 714
1024 1280 768 1052 1303 710
1280 1280 768 1308 1310 711
1536 1280 768 1575 1315 720
1792 1280 768 1813 1329 759
2048 1280 768 2031 1349 818
2303 1280 768 2260 1365 835
2559 1280 768 2498 1373 840
2815 1280 768 2748 1371 827
3071 1280 768 2994 1362 813
3327 1280 768 3238 1349 798
3583 1280 768 3480 1327 776
3839 1280 768 3712 1304 758
4095 1280 768 3937 1280 741
0 1536 768 565 1583 760
256 1536 768 624 1584 754
512 1536 768 726 1587 743
768 1536 768 891 1593 726
1024 1536 768 1110 1598 713
1280 1536 768 1346 1603 706
1536 1536 768 1603 1604 716
1792 1536 768 1849 1606 732
2048 1536 768 2087 1607 753
2303 1536 768 2326 1607 757
2559 1536 768 2566 1604 757
2815 1536 768 2808 1597 752
3071 1536 768 3039 1593 756
3327 1536 768 3268 1586 757
3583 1536 768 3502 1568 740
3839 1536 768 3727 1552 728
4095 1536 768 3944 1536 720
0 1792 768 677 1864 753
256 1792 768 728 1865 747
512 1792 768 818 1868 737
768 1792 768 968 1872 721
1024 1792 768 1168 1877 705
1280 1792 768 1387 1880 694
1536 1792 768 1634 1880 704
1792 1792 768 1879 1877 711
2048 1792 768 2123 1873 717
2303 1792 768 2362 1866 715
2559 1792 768 2600 1857 712
2815 1792 768 2837 1848 707
3071 1792 768 3064 1841 708
3327 1792 768 3291 1833 705
3583 1792 768 3524 1815 685
3839 1792 768 3743 1802 681
4095 1792 768 3952 1792 687
0 2048 768 781 2135 733
256 2048 768 825 2136 728
512 2048 768 906 2138 719
768 2048 768 1043 2141 705
1024 2048 768 1226 2144 689
1280 2048 768 1429 2147 678
1536 2048 768 1665 2147 686
1792 2048 768 1904 2146 694
2048 2048 768 2146 2145 702
2303 2048 768 2378 2135 697
2559 2048 768 2612 2125 691
2815 2048 768 2845 2114 683
3071 2048 768 3078 2101 666
3327 2048 768 3311 2086 645
3583 2048 768 3545 2066 618
3839 2048 768 3760 2054 622
4095 2048 768 3962 2048 646
0 2303 768 870 2393 691
256 2303 768 910 2394 688
512 2303 768 984 2395 682
768 2303 768 1110 2397 671
1024 2303 768 1282 2400 658
1280 2303 768 1473 2402 646
1536 2303 768 1697 2402 648
1792 2303 768 1929 2402 652
2048 2303 768 2165 2401 657
2303 2303 768 2400 2396 657
2559 2303 768 2633 2388 653
2815 2303 768 2862 2376 643
3071 2303 768 3091 2362 630
3327 2303 768 3321 2346 613
3583 2303 768 3552 2327 587
3839 2303 768 3768 2313 592
4095 2303 768 3973 2303 618
0 2559 768 955 2648 650
256 2559 768 991 2648 647
512 2559 768 1059 2649 643
768 2559 768 1174 2651 635
1024 2559 768 1335 2653 622
1280 2559 768 1515 2655 610
1536 2559 768 1728 2656 606
1792 2559 768 1952 2656 607
2048 2559 768 2182 2655 610
2303 2559 768 2418 2654 612
2559 2559 768 2651 2649 610
2815 2559 768 2880 2638 603
3071 2559 768 3107 2623 592
3327 2559 768 3333 2607 577
3583 2559 768 3560 2589 551
3839 2559 768 3777 2573 557
4095 2559 768 3986 2559 586
0 2815 768 1035 2898 609
256 2815 768 1068 2898 607
512 2815 768 1129 2899 602
768 2815 768 1235 2901 594
1024 2815 768 1385 2903 580
1280 2815 768 1554 2905 566
1536 2815 768 1757 2905 557
1792 2815 768 1973 2905 555
2048 2815 768 2199 2905 558
2303 2815 768 2431 2904 561
2559 2815 768 2665 2902 562
2815 2815 768 2900 2899 561
3071 2815 768 3125 2884 551
3327 2815 768 3347 2867 535
3583 2815 768 3572 2849 508
3839 2815 768 3788 2832 516
4095 2815 768 4000 2815 547
0 3071 768 1109 3143 554
256 3071 768 1139 3143 552
512 3071 768 1196 3144 546
768 3071 768 1293 3145 538
1024 3071 768 1434 3147 522
1280 3071 768 1594 3149 506
1536 3071 768 1787 3150 492
1792 3071 768 1996 3150 488
2048 3071 768 2215 3150 490
2303 3071 768 2444 3149 493
2559 3071 768 2675 3148 495
2815 3071 768 2909 3147 496
3071 3071 768 3139 3139 491
3327 3071 768 3366 3127 480
3583 3071 768 3586 3108 450
3839 3071 768 3803 3090 459
4095 3071 768 4016 3071 494
0 3327 768 1181 3385 490
256 3327 768 1208 3386 486
512 3327 768 1260 3387 481
768 3327 768 1350 3388 471
1024 3327 768 1483 3390 453
1280 3327 768 1634 3391 432
1536 3327 768 1816 3393 407
1792 3327 768 2017 3393 399
2048 3327 768 2232 3393 401
2303 3327 768 2456 3392 404
2559 3327 768 2684 3392 406
2815 3327 768 2916 3391 408
3071 3327 768 3150 3389 409
3327 3327 768 3382 3384 403
3583 3327 768 3602 3367 375
3839 3327 768 3818 3347 383
4095 3327 768 4032 3326 417
0 3583 768 1247 3624 399
256 3583 768 1272 3624 395
512 3583 768 1320 3625 388
768 3583 768 1405 3626 375
1024 3583 768 1530 3628 352
1280 3583 768 1673 3630 321
1536 3583 768 1843 3632 263
1792 3583 768 2036 3633 242
2048 3583 768 2246 3632 245
2303 3583 768 2466 3632 248
2559 3583 768 2691 3631 250
2815 3583 768 2919 3631 253
3071 3583 768 3152 3629 254
3327 3583 768 3384 3627 254
3583 3583 768 3615 3621 245
3839 3583 768 3836 3604 246
4095 3583 768 4049 3581 255
0 3839 768 1311 3859 226
256 3839 768 1335 3859 224
512 3839 768 1382 3860 219
768 3839 768 1463 3861 211
1024 3839 768 1585 3862 195
1280 3839 768 1724 3864 172
1536 3839 768 1891 3865 128
1792 3839 768 2078 3866 112
2048 3839 768 2279 3866 114
2303 3839 768 2493 3865 116
2559 3839 768 2712 3865 118
2815 3839 768 2935 3865 119
3071 3839 768 3163 3864 120
3327 3839 768 3393 3863 121
3583 3839 768 3625 3862 120
3839 3839 768 3848 3850 120
4095 3839 768 4065 3831 119
0 4095 768 1374 4091 0
256 4095 768 1398 4091 0
512 4095 768 1444 4092 0
768 4095 768 1525 4093 0
1024 4095 768 1646 4094 0
1280 4095 768 1785 4094 0
1536 4095 768 1952 4095 0
1792 4095 768 2134 4095 0
2048 4095 768 2326 4095 0
2303 4095 768 2531 4095 0
2559 4095 768 2742 4095 0
2815 4095 768 2958 4095 0
3071 4095 768 3180 4094 0
3327 4095 768 3404 4094 0
3583 4095 768 3632 4094 0
3839 4095 768 3858 4088 0
4095 4095 768 4081 4078 0
0 0 1024 100 103 1043
256 0 1024 283 56 1041
512 0 1024 491 26 1039
768 0 1024 737 23 1039
1024 0 1024 981 11 1039
1280 0 1024 1226 0 1039
1536 0 1024 1472 0 1039
1792 0 1024 1717 0 1039
2048 0 1024 1962 1 1039
2303 0 1024 2224 122 1052
2559 0 1024 2486 214 1063
2815 0 1024 2745 263 1072
3071 0 1024 2992 279 1072
3327 0 1024 3234 279 1069
3583 0 1024 3468 253 1061
3839 0 1024 3692 239 1053
4095 0 1024 3910 234 1045
0 256 1024 127 296 1040
256 256 1024 293 275 1051
512 256 1024 494 259 1058
768 256 1024 747 252 1058
1024 256 1024 994 245 1052
1280 256 1024 1240 239 1044
1536 256 1024 1484 238 1041
1792 256 1024 1727 240 1039
2048 256 1024 1969 245 1038
2303 256 1024 2232 313 1053
2559 256 1024 2493 367 1065
2815 256 1024 2749 399 1072
3071 256 1024 2994 410 1072
3327 256 1024 3235 412 1068
3583 256 1024 3468 394 1060
3839 256 1024 3696 371 1051
4095 256 1024 3919 344 1040
0 512 1024 178 514 1036
256 512 1024 320 511 1052
512 512 1024 505 505 1063
768 512 1024 756 496 1066
1024 512 1024 999 494 1060
1280 512 1024 1238 495 1053
1536 512 1024 1475 498 1051
1792 512 1024 1720 503 1049
2048 512 1024 1972 509 1048
2303 512 1024 2239 537 1060
2559 512 1024 2500 562 1070
2815 512 1024 2753 581 1074
3071 512 1024 2996 589 1073
3327 512 1024 3235 591 1069
3583 512 1024 3468 579 1060
3839 512 1024 3698 551 1049
4095 512 1024 3925 512 1035
0 768 1024 264 771 1032
256 768 1024 373 770 1038
512 768 1024 531 767 1046
768 768 1024 765 763 1056
1024 768 1024 991 767 1062
1280 768 1024 1214 775 1067
1536 768 1024 1433 791 1075
1792 768 1024 1689 799 1076
2048 768 1024 1971 802 1074
2303 768 1024 2245 810 1076
2559 768 1024 2509 821 1078
2815 768 1024 2756 834 1078
3071 768 1024 2996 838 1075
3327 768 1024 3234 839 1070
3583 768 1024 3467 829 1061
3839 768 1024 3698 804 1047
4095 768 1024 3928 768 1030
0 1024 1024 349 1026 1024
256 1024 1024 436 1026 1025
512 1024 1024 572 1026 1026
768 1024 1024 780 1027 1028
1024 1024 1024 1015 1034 1034
1280 1024 1024 1254 1044 1042
1536 1024 1024 1477 1063 1057
1792 1024 1024 1713 1081 1078
2048 1024 1024 1956 1100 1105
2303 1024 1024 2214 1111 1112
2559 1024 1024 2472 1118 1113
2815 1024 1024 2730 1119 1103
3071 1024 1024 2979 1114 1091
3327 1024 1024 3225 1105 1078
3583 1024 1024 3466 1086 1061
3839 1024 1024 3701 1058 1043
4095 1024 1024 3932 1024 1022
0 1280 1024 442 1290 1022
256 1280 1024 512 1290 1019
512 1280 1024 627 1292 1014
768 1280 1024 810 1296 1006
1024 1280 1024 1052 1304 1007
1280 1280 1024 1305 1315 1013
1536 1280 1024 1540 1332 1031
1792 1280 1024 1758 1356 1068
2048 1280 1024 1964 1385 1117
2303 1280 1024 2198 1402 1135
2559 1280 1024 2445 1409 1140
2815 1280 1024 2708 1401 1125
3071 1280 1024 2965 1387 1105
3327 1280 1024 3219 1369 1084
3583 1280 1024 3468 1341 1059
3839 1280 1024 3706 1311 1035
4095 1280 1024 3937 1280 1013
0 1536 1024 568 1584 1042
256 1536 1024 626 1585 1039
512 1536 1024 726 1588 1032
768 1536 1024 889 1594 1021
1024 1536 1024 1107 1600 1011
1280 1536 1024 1342 1606 1005
1536 1536 1024 1593 1610 1018
1792 1536 1024 1835 1614 1032
2048 1536 1024 2071 1618 1047
2303 1536 1024 2283 1630 1087
2559 1536 1024 2502 1639 1113
2815 1536 1024 2732 1643 1118
3071 1536 1024 2983 1630 1097
3327 1536 1024 3238 1612 1070
3583 1536 1024 3484 1586 1042
3839 1536 1024 3718 1561 1019
4095 1536 1024 3944 1536 1000
0 1792 1024 679 1865 1046
256 1792 1024 729 1866 1042
512 1792 1024 818 1868 1036
768 1792 1024 967 1873 1026
1024 1792 1024 1166 1878 1012
1280 1792 1024 1385 1882 1001
1536 1792 1024 1634 1881 1010
1792 1792 1024 1880 1878 1016
2048 1792 1024 2126 1874 1021
2303 1792 1024 2340 1877 1050
2559 1792 1024 2558 1880 1069
2815 1792 1024 2781 1881 1072
3071 1792 1024 3025 1868 1051
3327 1792 1024 3273 1850 1026
3583 1792 1024 3510 1829 1004
3839 1792 1024 3735 1810 991
4095 1792 1024 3952 1792 983
0 2048 1024 780 2136 1038
256 2048 1024 825 2137 1036
512 2048 1024 907 2138 1031
768 2048 1024 1045 2141 1023
1024 2048 1024 1228 2144 1010
1280 2048 1024 1431 2147 1001
1536 2048 1024 1665 2147 1005
1792 2048 1024 1904 2146 1013
2048 2048 1024 2146 2145 1023
2303 2048 1024 2378 2136 1020
2559 2048 1024 2611 2127 1013
2815 2048 1024 2846 2116 1000
3071 2048 1024 3083 2101 980
3327 2048 1024 3318 2085 960
3583 2048 1024 3542 2070 952
3839 2048 1024 3756 2058 954
4095 2048 1024 3962 2048 965
0 2303 1024 868 2393 1015
256 2303 1024 909 2394 1012
512 2303 1024 984 2395 1008
768 2303 1024 1111 2397 1001
1024 2303 1024 1283 2399 990
1280 2303 1024 1474 2402 980
1536 2303 1024 1696 2403 977
1792 2303 1024 1926 2402 980
2048 2303 1024 2163 2401 987
2303 2303 1024 2399 2397 987
2559 2303 1024 2633 2389 983
2815 2303 1024 2863 2377 971
3071 2303 1024 3096 2362 951
3327 2303 1024 3328 2345 929
3583 2303 1024 3557 2327 908
3839 2303 1024 3770 2313 915
4095 2303 1024 3973 2303 940
0 2559 1024 953 2648 985
256 2559 1024 990 2648 983
512 2559 1024 1058 2649 979
768 2559 1024 1175 2651 973
1024 2559 1024 1336 2653 962
1280 2559 1024 1515 2655 951
1536 2559 1024 1725 2657 943
1792 2559 1024 1947 2657 941
2048 2559 1024 2179 2656 944
2303 2559 1024 2415 2655 946
2559 2559 1024 2650 2649 945
2815 2559 1024 2880 2639 936
3071 2559 1024 3110 2623 917
3327 2559 1024 3339 2606 895
3583 2559 1024 3569 2586 865
3839 2559 1024 3783 2571 875
4095 2559 1024 3986 2559 912
0 2815 1024 1033 2898 948
256 2815 1024 1066 2898 946
512 2815 1024 1128 2899 942
768 2815 1024 1235 2900 935
1024 2815 1024 1385 2903 922
1280 2815 1024 1553 2905 909
1536 2815 1024 1752 2907 897
1792 2815 1024 1967 2907 891
2048 2815 1024 2192 2907 890
2303 2815 1024 2426 2906 893
2559 2815 1024 2662 2903 894
2815 2815 1024 2898 2899 893
3071 2815 1024 3126 2885 878
3327 2815 1024 3351 2867 856
3583 2815 1024 3578 2848 823
3839 2815 1024 3793 2830 836
4095 2815 1024 4000 2815 879
0 3071 1024 1107 3142 899
256 3071 1024 1137 3143 896
512 3071 1024 1194 3144 892
768 3071 1024 1293 3145 884
1024 3071 1024 1434 3147 871
1280 3071 1024 1593 3149 856
1536 3071 1024 1782 3151 839
1792 3071 1024 1987 3153 828
2048 3071 1024 2203 3153 821
2303 3071 1024 2435 3152 824
2559 3071 1024 2669 3151 827
2815 3071 1024 2905 3149 828
3071 3071 1024 3137 3140 820
3327 3071 1024 3366 3128 806
3583 3071 1024 3590 3108 773
3839 3071 1024 3806 3090 788
4095 3071 1024 4016 3071 835
0 3327 1024 1179 3385 842
256 3327 1024 1206 3386 839
512 3327 1024 1259 3387 834
768 3327 1024 1350 3388 826
1024 3327 1024 1482 3390 811
1280 3327 1024 1632 3392 793
1536 3327 1024 1811 3394 769
1792 3327 1024 2007 3396 752
2048 3327 1024 2214 3397 739
2303 3327 1024 2442 3396 742
2559 3327 1024 2673 3395 744
2815 3327 1024 2908 3394 746
3071 3327 1024 3145 3391 746
3327 3327 1024 3379 3386 740
3583 3327 1024 3602 3368 711
3839 3327 1024 3820 3348 725
4095 3327 1024 4034 3328 768
0 3583 1024 1246 3624 767
256 3583 1024 1271 3624 764
512 3583 1024 1320 3625 758
768 3583 1024 1405 3626 748
1024 3583 1024 1529 3628 729
1280 3583 1024 1670 3630 704
1536 3583 1024 1837 3633 658
1792 3583 1024 2024 3636 631
2048 3583 1024 2224 3638 615
2303 3583 1024 2448 3637 617
2559 3583 1024 2676 3636 619
2815 3583 1024 2908 3634 620
3071 3583 1024 3144 3633 622
3327 3583 1024 3379 3630 620
3583 3583 1024 3612 3623 611
3839 3583 1024 3836 3607 612
4095 3583 1024 4054 3586 619
0 3839 1024 1312 3857 643
256 3839 1024 1336 3857 641
512 3839 1024 1383 3858 637
768 3839 1024 1464 3860 630
1024 3839 1024 1585 3862 617
1280 3839 1024 1723 3864 599
1536 3839 1024 1887 3866 565
1792 3839 1024 2069 3868 545
2048 3839 1024 2264 3869 534
2303 3839 1024 2481 3869 535
2559 3839 1024 2701 3868 536
2815 3839 1024 2927 3867 537
3071 3839 1024 3157 3866 538
3327 3839 1024 3389 3865 539
3583 3839 1024 3623 3863 538
3839 3839 1024 3849 3853 535
4095 3839 1024 4070 3836 532
0 4095 1024 1377 4086 487
256 4095 1024 1401 4087 486
512 4095 1024 1447 4088 486
768 4095 1024 1526 4091 485
1024 4095 1024 1647 4093 484
1280 4095 1024 1785 4095 483
1536 4095 1024 1952 4095 483
1792 4095 1024 2134 4095 482
2048 4095 1024 2326 4095 482
2303 4095 1024 2531 4095 482
2559 4095 1024 2742 4095 482
2815 4095 1024 2958 4095 482
3071 4095 1024 3181 4095 483
3327 4095 1024 3405 4095 483
3583 4095 1024 3633 4095 482
3839 4095 1024 3859 4090 484
4095 4095 1024 4082 4081 488
0 0 1280 118 95 1302
256 0 1280 290 55 1300
512 0 1280 492 23 1298
768 0 1280 736 4 1298
1024 0 1280 981 0 1298
1280 0 1280 1226 0 1298
1536 0 1280 1472 0 1298
1792 0 1280 1717 0 1298
2048 0 1280 1962 0 1298
2303 0 1280 2227 131 1314
2559 0 1280 2489 227 1327
2815 0 1280 2746 271 1335
3071 0 1280 2992 284 1335
3327 0 1280 3234 283 1331
3583 0 1280 3468 257 1322
3839 0 1280 3694 227 1312
4095 0 1280 3915 195 1301
0 256 1280 131 292 1299
256 256 1280 293 274 1310
512 256 1280 490 258 1318
768 256 1280 742 244 1324
1024 256 1280 990 240 1317
1280 256 1280 1238 239 1309
1536 256 1280 1483 238 1304
1792 256 1280 1727 237 1301
2048 256 1280 1972 237 1299
2303 256 1280 2238 308 1316
2559 256 1280 2500 363 1329
2815 256 1280 2755 390 1335
3071 256 1280 2998 403 1334
3327 256 1280 3237 408 1330
3583 256 1280 3470 392 1322
3839 256 1280 3697 365 1311
4095 256 1280 3921 330 1298
0 512 1280 175 513 1296
256 512 1280 317 509 1312
512 512 1280 501 503 1327
768 512 1280 748 494 1340
1024 512 1280 1001 489 1332
1280 512 1280 1253 485 1320
1536 512 1280 1500 482 1310
1792 512 1280 1747 482 1306
2048 512 1280 1996 485 1305
2303 512 1280 2260 514 1319
2559 512 1280 2518 540 1330
2815 512 1280 2766 560 1334
3071 512 1280 3004 573 1333
3327 512 1280 3240 581 1330
3583 512 1280 3471 573 1322
3839 512 1280 3699 548 1310
4095 512 1280 3925 513 1295
0 768 1280 264 770 1293
256 768 1280 372 768 1303
512 768 1280 529 766 1318
768 768 1280 757 760 1341
1024 768 1280 1013 751 1340
1280 768 1280 1274 741 1331
1536 768 1280 1525 733 1316
1792 768 1280 1781 737 1313
2048 768 1280 2041 748 1318
2303 768 1280 2298 762 1325
2559 768 1280 2546 780 1330
2815 768 1280 2779 805 1334
3071 768 1280 3010 819 1333
3327 768 1280 3241 827 1330
3583 768 1280 3471 822 1322
3839 768 1280 3700 801 1309
4095 768 1280 3928 768 1292
0 1024 1280 349 1026 1288
256 1024 1280 436 1026 1292
512 1024 1280 571 1025 1302
768 1024 1280 777 1025 1318
1024 1024 1280 1030 1025 1323
1280 1024 1280 1287 1027 1327
1536 1024 1280 1514 1037 1333
1792 1024 1280 1744 1056 1346
2048 1024 1280 1976 1080 1365
2303 1024 1280 2230 1092 1370
2559 1024 1280 2485 1101 1369
2815 1024 1280 2739 1106 1361
3071 1024 1280 2985 1105 1352
3327 1024 1280 3227 1100 1341
3583 1024 1280 3466 1084 1326
3839 1024 1280 3701 1058 1307
4095 1024 1280 3932 1024 1286
0 1280 1280 443 1290 1289
256 1280 1280 513 1290 1289
512 1280 1280 628 1292 1291
768 1280 1280 811 1296 1296
1024 1280 1280 1054 1306 1305
1280 1280 1280 1303 1319 1318
1536 1280 1280 1514 1344 1344
1792 1280 1280 1722 1373 1370
2048 1280 1280 1927 1404 1398
2303 1280 1280 2169 1418 1412
2559 1280 1280 2422 1423 1415
2815 1280 1280 2690 1412 1401
3071 1280 1280 2953 1396 1380
3327 1280 1280 3212 1376 1356
3583 1280 1280 3462 1348 1330
3839 1280 1280 3703 1315 1305
4095 1280 1280 3937 1280 1280
0 1536 1280 571 1586 1316
256 1536 1280 628 1587 1315
512 1536 1280 727 1589 1313
768 1536 1280 890 1594 1311
1024 1536 1280 1107 1601 1307
1280 1536 1280 1341 1608 1306
1536 1536 1280 1587 1614 1320
1792 1536 1280 1823 1620 1330
2048 1536 1280 2053 1627 1338
2303 1536 1280 2239 1652 1406
2559 1536 1280 2438 1673 1452
2815 1536 1280 2657 1687 1466
3071 1536 1280 2928 1666 1423
3327 1536 1280 3208 1636 1370
3583 1536 1280 3465 1603 1332
3839 1536 1280 3709 1570 1299
4095 1536 1280 3944 1536 1270
0 1792 1280 681 1866 1325
256 1792 1280 731 1867 1324
512 1792 1280 821 1869 1321
768 1792 1280 971 1874 1317
1024 1792 1280 1169 1878 1309
1280 1792 1280 1387 1882 1302
1536 1792 1280 1636 1881 1308
1792 1792 1280 1879 1879 1314
2048 1792 1280 2119 1877 1321
2303 1792 1280 2307 1893 1375
2559 1792 1280 2504 1907 1413
2815 1792 1280 2712 1920 1426
3071 1792 1280 2974 1900 1384
3327 1792 1280 3243 1873 1334
3583 1792 1280 3488 1847 1307
3839 1792 1280 3724 1820 1282
4095 1792 1280 3952 1792 1259
0 2048 1280 780 2136 1323
256 2048 1280 826 2137 1321
512 2048 1280 911 2138 1319
768 2048 1280 1052 2140 1316
1024 2048 1280 1236 2143 1310
1280 2048 1280 1439 2145 1304
1536 2048 1280 1669 2146 1305
1792 2048 1280 1906 2145 1315
2048 2048 1280 2146 2144 1332
2303 2048 1280 2374 2138 1328
2559 2048 1280 2601 2132 1324
2815 2048 1280 2827 2126 1318
3071 2048 1280 3066 2111 1292
3327 2048 1280 3304 2095 1267
3583 2048 1280 3526 2082 1266
3839 2048 1280 3745 2066 1258
4095 2048 1280 3962 2048 1246
0 2303 1280 867 2393 1306
256 2303 1280 909 2394 1304
512 2303 1280 986 2395 1302
768 2303 1280 1116 2396 1299
1024 2303 1280 1289 2398 1293
1280 2303 1280 1481 2400 1287
1536 2303 1280 1698 2402 1282
1792 2303 1280 1928 2402 1285
2048 2303 1280 2164 2401 1295
2303 2303 1280 2398 2397 1296
2559 2303 1280 2629 2391 1292
2815 2303 1280 2856 2381 1282
3071 2303 1280 3091 2366 1255
3327 2303 1280 3327 2349 1226
3583 2303 1280 3555 2331 1209
3839 2303 1280 3769 2316 1212
4095 2303 1280 3973 2303 1229
0 2559 1280 952 2648 1284
256 2559 1280 989 2648 1283
512 2559 1280 1059 2649 1281
768 2559 1280 1177 2650 1277
1024 2559 1280 1340 2652 1271
1280 2559 1280 1520 2654 1264
1536 2559 1280 1726 2656 1253
1792 2559 1280 1947 2657 1250
2048 2559 1280 2179 2656 1252
2303 2559 1280 2415 2655 1256
2559 2559 1280 2649 2650 1254
2815 2559 1280 2880 2640 1244
3071 2559 1280 3112 2624 1219
3327 2559 1280 3344 2606 1189
3583 2559 1280 3576 2585 1160
3839 2559 1280 3788 2570 1172
4095 2559 1280 3986 2559 1210
0 2815 1280 1031 2897 1257
256 2815 1280 1064 2898 1255
512 2815 1280 1128 2899 1253
768 2815 1280 1236 2900 1248
1024 2815 1280 1387 2902 1240
1280 2815 1280 1556 2904 1231
1536 2815 1280 1752 2907 1217
1792 2815 1280 1964 2908 1208
2048 2815 1280 2187 2909 1201
2303 2815 1280 2423 2907 1204
2559 2815 1280 2660 2904 1206
2815 2815 1280 2898 2900 1205
3071 2815 1280 3127 2886 1185
3327 2815 1280 3355 2868 1158
3583 2815 1280 3585 2847 1123
3839 2815 1280 3798 2829 1139
4095 2815 1280 4000 2815 1189
0 3071 1280 1106 3142 1222
256 3071 1280 1136 3143 1220
512 3071 1280 1194 3144 1217
768 3071 1280 1293 3145 1212
1024 3071 1280 1435 3147 1204
1280 3071 1280 1595 3149 1193
1536 3071 1280 1781 3152 1177
1792 3071 1280 1982 3154 1160
2048 3071 1280 2193 3156 1143
2303 3071 1280 2427 3155 1144
2559 3071 1280 2663 3153 1146
2815 3071 1280 2901 3150 1147
3071 3071 1280 3136 3141 1138
3327 3071 1280 3367 3129 1121
3583 3071 1280 3594 3108 1088
3839 3071 1280 3809 3089 1108
4095 3071 1280 4016 3071 1163
0 3327 1280 1178 3385 1184
256 3327 1280 1205 3386 1182
512 3327 1280 1258 3387 1179
768 3327 1280 1350 3388 1173
1024 3327 1280 1483 3389 1164
1280 3327 1280 1633 3392 1152
1536 3327 1280 1810 3395 1133
1792 3327 1280 2000 3398 1109
2048 3327 1280 2199 3401 1082
2303 3327 1280 2429 3400 1081
2559 3327 1280 2663 3399 1081
2815 3327 1280 2901 3397 1083
3071 3327 1280 3140 3393 1083
3327 3327 1280 3377 3387 1077
3583 3327 1280 3603 3369 1050
3839 3327 1280 3821 3349 1070
4095 3327 1280 4034 3328 1120
0 3583 1280 1245 3623 1138
256 3583 1280 1270 3624 1136
512 3583 1280 1319 3625 1133
768 3583 1280 1405 3626 1127
1024 3583 1280 1530 3628 1117
1280 3583 1280 1671 3630 1103
1536 3583 1280 1836 3634 1078
1792 3583 1280 2016 3638 1048
2048 3583 1280 2206 3642 1014
2303 3583 1280 2431 3641 1011
2559 3583 1280 2661 3640 1009
2815 3583 1280 2897 3638 1010
3071 3583 1280 3136 3636 1011
3327 3583 1280 3374 3632 1009
3583 3583 1280 3610 3624 1000
3839 3583 1280 3836 3608 1001
4095 3583 1280 4055 3586 1008
0 3839 1280 1313 3854 1088
256 3839 1280 1337 3855 1087
512 3839 1280 1384 3857 1084
768 3839 1280 1465 3859 1080
1024 3839 1280 1586 3862 1073
1280 3839 1280 1723 3864 1063
1536 3839 1280 1886 3867 1046
1792 3839 1280 2064 3869 1025
2048 3839 1280 2252 3872 1002
2303 3839 1280 2469 3872 1000
2559 3839 1280 2691 3871 998
2815 3839 1280 2919 3870 999
3071 3839 1280 3151 3869 999
3327 3839 1280 3385 3867 999
3583 3839 1280 3620 3865 998
3839 3839 1280 3848 3853 995
4095 3839 1280 4070 3835 992
0 4095 1280 1382 4080 1037
256 4095 1280 1405 4082 1036
512 4095 1280 1450 4084 1035
768 4095 1280 1528 4088 1032
1024 4095 1280 1648 4092 1030
1280 4095 1280 1785 4095 1029
1536 4095 1280 1952 4095 1028
1792 4095 1280 2134 4095 1028
2048 4095 1280 2326 4095 1028
2303 4095 1280 2531 4095 1028
2559 4095 1280 2742 4095 1028
2815 4095 1280 2959 4095 1028
3071 4095 1280 3181 4095 1028
3327 4095 1280 3405 4095 1028
3583 4095 1280 3633 4095 1028
3839 4095 1280 3858 4089 1032
4095 4095 1280 4079 4078 1038
0 0 1536 154 98 1560
256 0 1536 303 42 1559
512 0 1536 491 6 1558
768 0 1536 736 1 1558
1024 0 1536 981 0 1558
1280 0 1536 1226 0 1558
1536 0 1536 1472 0 1558
1792 0 1536 1717 0 1558
2048 0 1536 1962 0 1558
2303 0 1536 2229 141 1577
2559 0 1536 2493 242 1592
2815 0 1536 2748 279 1598
3071 0 1536 2993 290 1597
3327 0 1536 3234 288 1593
3583 0 1536 3468 260 1584
3839 0 1536 3691 251 1572
4095 0 1536 3907 255 1560
0 256 1536 144 293 1558
256 256 1536 297 269 1568
512 256 1536 488 251 1577
768 256 1536 737 242 1585
1024 256 1536 987 239 1580
1280 256 1536 1236 238 1572
1536 256 1536 1481 238 1567
1792 256 1536 1726 237 1564
2048 256 1536 1971 237 1561
2303 256 1536 2240 315 1581
2559 256 1536 2503 372 1594
2815 256 1536 2756 396 1599
3071 256 1536 3000 405 1597
3327 256 1536 3239 405 1592
3583 256 1536 3472 387 1583
3839 256 1536 3697 371 1571
4095 256 1536 3917 356 1558
0 512 1536 174 513 1556
256 512 1536 315 509 1570
512 512 1536 497 502 1586
768 512 1536 741 493 1604
1024 512 1536 994 487 1600
1280 512 1536 1248 483 1591
1536 512 1536 1496 481 1580
1792 512 1536 1745 482 1574
2048 512 1536 1995 486 1573
2303 512 1536 2261 518 1588
2559 512 1536 2521 544 1598
2815 512 1536 2769 559 1600
3071 512 1536 3010 567 1597
3327 512 1536 3246 568 1591
3583 512 1536 3477 557 1582
3839 512 1536 3703 539 1569
4095 512 1536 3924 517 1556
0 768 1536 263 769 1553
256 768 1536 371 768 1564
512 768 1536 526 764 1581
768 768 1536 749 758 1610
1024 768 1536 1004 748 1618
1280 768 1536 1265 737 1616
1536 768 1536 1518 731 1597
1792 768 1536 1778 737 1592
2048 768 1536 2043 752 1598
2303 768 1536 2299 765 1602
2559 768 1536 2550 779 1603
2815 768 1536 2790 791 1602
3071 768 1536 3025 797 1597
3327 768 1536 3258 799 1590
3583 768 1536 3487 792 1579
3839 768 1536 3709 781 1567
4095 768 1536 3928 769 1553
0 1024 1536 349 1026 1549
256 1024 1536 436 1025 1556
512 1024 1536 571 1025 1570
768 1024 1536 777 1027 1596
1024 1024 1536 1027 1025 1611
1280 1024 1536 1286 1023 1619
1536 1024 1536 1540 1025 1613
1792 1024 1536 1796 1031 1615
2048 1024 1536 2055 1041 1622
2303 1024 1536 2304 1048 1619
2559 1024 1536 2552 1054 1614
2815 1024 1536 2794 1058 1607
3071 1024 1536 3029 1060 1599
3327 1024 1536 3260 1060 1590
3583 1024 1536 3488 1053 1579
3839 1024 1536 3712 1040 1565
4095 1024 1536 3932 1024 1548
0 1280 1536 444 1290 1552
256 1280 1536 514 1290 1555
512 1280 1536 631 1294 1565
768 1280 1536 819 1302 1584
1024 1280 1536 1058 1310 1601
1280 1280 1536 1311 1317 1615
1536 1280 1536 1564 1325 1623
1792 1280 1536 1811 1331 1631
2048 1280 1536 2055 1336 1639
2303 1280 1536 2289 1344 1638
2559 1280 1536 2528 1348 1634
2815 1280 1536 2772 1346 1626
3071 1280 1536 3013 1341 1612
3327 1280 1536 3251 1335 1597
3583 1280 1536 3484 1323 1581
3839 1280 1536 3712 1304 1563
4095 1280 1536 3937 1280 1543
0 1536 1536 576 1587 1584
256 1536 1536 633 1588 1586
512 1536 1536 732 1591 1589
768 1536 1536 895 1597 1596
1024 1536 1536 1110 1602 1602
1280 1536 1536 1344 1607 1606
1536 1536 1536 1602 1608 1609
1792 1536 1536 1831 1615 1618
2048 1536 1536 2041 1627 1630
2303 1536 1536 2228 1652 1663
2559 1536 1536 2431 1672 1685
2815 1536 1536 2657 1683 1691
3071 1536 1536 2928 1663 1662
3327 1536 1536 3204 1636 1626
3583 1536 1536 3460 1605 1595
3839 1536 1536 3706 1572 1565
4095 1536 1536 3944 1536 1535
0 1792 1536 687 1868 1597
256 1792 1536 737 1868 1597
512 1792 1536 829 1870 1598
768 1792 1536 981 1873 1600
1024 1792 1536 1178 1877 1600
1280 1792 1536 1393 1880 1599
1536 1792 1536 1640 1879 1601
1792 1792 1536 1865 1884 1613
2048 1792 1536 2077 1893 1632
2303 1792 1536 2262 1913 1662
2559 1792 1536 2454 1931 1690
2815 1792 1536 2656 1948 1716
3071 1792 1536 2918 1931 1688
3327 1792 1536 3192 1904 1645
3583 1792 1536 3459 1868 1600
3839 1792 1536 3711 1830 1561
4095 1792 1536 3952 1792 1526
0 2048 1536 783 2137 1597
256 2048 1536 833 2137 1597
512 2048 1536 922 2137 1597
768 2048 1536 1073 2137 1598
1024 2048 1536 1255 2140 1596
1280 2048 1536 1453 2142 1595
1536 2048 1536 1678 2143 1596
1792 2048 1536 1910 2143 1613
2048 2048 1536 2145 2142 1640
2303 2048 1536 2358 2142 1643
2559 2048 1536 2557 2148 1665
2815 2048 1536 2730 2165 1714
3071 2048 1536 2957 2163 1696
3327 2048 1536 3204 2151 1657
3583 2048 1536 3472 2116 1599
3839 2048 1536 3722 2082 1553
4095 2048 1536 3962 2048 1516
0 2303 1536 869 2393 1583
256 2303 1536 912 2394 1582
512 2303 1536 993 2394 1582
768 2303 1536 1128 2395 1582
1024 2303 1536 1303 2396 1581
1280 2303 1536 1494 2398 1580
1536 2303 1536 1710 2399 1579
1792 2303 1536 1937 2398 1590
2048 2303 1536 2171 2397 1609
2303 2303 1536 2395 2397 1612
2559 2303 1536 2611 2397 1617
2815 2303 1536 2817 2397 1625
3071 2303 1536 3048 2387 1597
3327 2303 1536 3288 2371 1559
3583 2303 1536 3531 2346 1525
3839 2303 1536 3758 2323 1508
4095 2303 1536 3973 2303 1502
0 2559 1536 952 2648 1564
256 2559 1536 990 2648 1564
512 2559 1536 1062 2649 1563
768 2559 1536 1184 2650 1562
1024 2559 1536 1349 2651 1560
1280 2559 1536 1532 2652 1558
1536 2559 1536 1738 2653 1554
1792 2559 1536 1958 2653 1556
2048 2559 1536 2188 2652 1564
2303 2559 1536 2418 2653 1566
2559 2559 1536 2649 2649 1563
2815 2559 1536 2877 2641 1552
3071 2559 1536 3110 2626 1520
3327 2559 1536 3344 2608 1485
3583 2559 1536 3574 2587 1461
3839 2559 1536 3785 2572 1465
4095 2559 1536 3986 2559 1487
0 2815 1536 1031 2897 1541
256 2815 1536 1064 2898 1540
512 2815 1536 1129 2899 1538
768 2815 1536 1239 2900 1536
1024 2815 1536 1392 2901 1532
1280 2815 1536 1563 2903 1526
1536 2815 1536 1760 2905 1517
1792 2815 1536 1970 2907 1508
2048 2815 1536 2188 2908 1498
2303 2815 1536 2423 2907 1500
2559 2815 1536 2660 2905 1501
2815 2815 1536 2898 2901 1501
3071 2815 1536 3129 2886 1478
3327 2815 1536 3358 2868 1448
3583 2815 1536 3591 2846 1412
3839 2815 1536 3802 2829 1425
4095 2815 1536 4000 2815 1471
0 3071 1536 1105 3142 1511
256 3071 1536 1135 3143 1510
512 3071 1536 1194 3144 1508
768 3071 1536 1295 3145 1505
1024 3071 1536 1438 3146 1499
1280 3071 1536 1599 3148 1491
1536 3071 1536 1786 3151 1479
1792 3071 1536 1985 3154 1463
2048 3071 1536 2193 3157 1444
2303 3071 1536 2424 3156 1439
2559 3071 1536 2660 3154 1436
2815 3071 1536 2900 3152 1438
3071 3071 1536 3136 3142 1428
3327 3071 1536 3370 3129 1410
3583 3071 1536 3600 3108 1374
3839 3071 1536 3813 3089 1394
4095 3071 1536 4016 3071 1451
0 3327 1536 1177 3385 1478
256 3327 1536 1204 3386 1476
512 3327 1536 1258 3386 1474
768 3327 1536 1351 3387 1470
1024 3327 1536 1485 3389 1463
1280 3327 1536 1636 3391 1454
1536 3327 1536 1812 3394 1439
1792 3327 1536 2001 3398 1417
2048 3327 1536 2199 3402 1391
2303 3327 1536 2424 3402 1377
2559 3327 1536 2655 3402 1370
2815 3327 1536 2896 3399 1372
3071 3327 1536 3138 3395 1372
3327 3327 1536 3377 3388 1366
3583 3327 1536 3606 3369 1337
3839 3327 1536 3824 3349 1359
4095 3327 1536 4034 3328 1415
0 3583 1536 1244 3623 1439
256 3583 1536 1269 3624 1438
512 3583 1536 1319 3625 1435
768 3583 1536 1405 3626 1431
1024 3583 1536 1531 3628 1423
1280 3583 1536 1673 3630 1411
1536 3583 1536 1837 3634 1391
1792 3583 1536 2017 3638 1365
2048 3583 1536 2207 3642 1335
2303 3583 1536 2423 3644 1315
2559 3583 1536 2649 3644 1302
2815 3583 1536 2889 3642 1303
3071 3583 1536 3130 3639 1304
3327 3583 1536 3371 3634 1302
3583 3583 1536 3610 3626 1292
3839 3583 1536 3837 3609 1301
4095 3583 1536 4057 3586 1322
0 3839 1536 1314 3852 1398
256 3839 1536 1338 3853 1397
512 3839 1536 1385 3855 1395
768 3839 1536 1465 3858 1391
1024 3839 1536 1586 3861 1385
1280 3839 1536 1724 3864 1377
1536 3839 1536 1887 3867 1363
1792 3839 1536 2065 3869 1346
2048 3839 1536 2253 3872 1326
2303 3839 1536 2464 3874 1311
2559 3839 1536 2682 3874 1303
2815 3839 1536 2913 3872 1303
3071 3839 1536 3147 3871 1303
3327 3839 1536 3382 3869 1303
3583 3839 1536 3620 3866 1302
3839 3839 1536 3848 3853 1305
4095 3839 1536 4070 3834 1311
0 4095 1536 1386 4073 1355
256 4095 1536 1408 4076 1355
512 4095 1536 1452 4080 1353
768 4095 1536 1529 4086 1351
1024 4095 1536 1648 4091 1350
1280 4095 1536 1785 4095 1348
1536 4095 1536 1952 4095 1348
1792 4095 1536 2134 4095 1348
2048 4095 1536 2326 4095 1348
2303 4095 1536 2531 4095 1348
2559 4095 1536 2742 4095 1348
2815 4095 1536 2959 4095 1348
3071 4095 1536 3181 4095 1348
3327 4095 1536 3405 4095 1348
3583 4095 1536 3633 4095 1348
3839 4095 1536 3856 4087 1351
4095 4095 1536 4076 4074 1355
0 0 1792 184 109 1818
256 0 1792 314 41 1818
512 0 1792 490 0 1817
768 0 1792 736 0 1817
1024 0 1792 981 0 1817
1280 0 1792 1226 0 1817
1536 0 1792 1472 0 1817
1792 0 1792 1718 12 1818
2048 0 1792 1964 33 1819
2303 0 1792 2233 164 1841
2559 0 1792 2496 256 1856
2815 0 1792 2750 289 1862
3071 0 1792 2994 297 1860
3327 0 1792 3234 293 1855
3583 0 1792 3468 264 1845
3839 0 1792 3691 253 1832
4095 0 1792 3907 255 1818
0 256 1792 155 297 1817
256 256 1792 300 268 1826
512 256 1792 486 248 1835
768 256 1792 733 241 1846
1024 256 1792 983 239 1841
1280 256 1792 1233 238 1834
1536 256 1792 1480 238 1829
1792 256 1792 1727 245 1827
2048 256 1792 1976 257 1828
2303 256 1792 2244 329 1847
2559 256 1792 2506 382 1860
2815 256 1792 2757 403 1864
3071 256 1792 3000 409 1861
3327 256 1792 3240 407 1855
3583 256 1792 3472 387 1845
3839 256 1792 3697 371 1832
4095 256 1792 3916 358 1817
0 512 1792 173 512 1816
256 512 1792 314 508 1829
512 512 1792 494 502 1845
768 512 1792 734 491 1866
1024 512 1792 987 486 1865
1280 512 1792 1242 482 1859
1536 512 1792 1493 481 1848
1792 512 1792 1746 486 1844
2048 512 1792 2001 495 1846
2303 512 1792 2264 526 1859
2559 512 1792 2523 549 1867
2815 512 1792 2771 562 1867
3071 512 1792 3012 566 1862
3327 512 1792 3249 565 1854
3583 512 1792 3480 552 1843
3839 512 1792 3704 536 1830
4095 512 1792 3923 520 1816
0 768 1792 261 769 1813
256 768 1792 370 767 1824
512 768 1792 523 763 1842
768 768 1792 743 757 1873
1024 768 1792 995 745 1889
1280 768 1792 1255 734 1896
1536 768 1792 1514 732 1877
1792 768 1792 1778 741 1873
2048 768 1792 2045 757 1877
2303 768 1792 2300 770 1878
2559 768 1792 2551 780 1876
2815 768 1792 2794 788 1871
3071 768 1792 3030 790 1863
3327 768 1792 3264 789 1853
3583 768 1792 3493 780 1841
3839 768 1792 3713 774 1828
4095 768 1792 3928 769 1813
0 1024 1792 355 1029 1814
256 1024 1792 442 1028 1822
512 1024 1792 575 1028 1838
768 1024 1792 779 1030 1868
1024 1024 1792 1023 1026 1892
1280 1024 1792 1281 1021 1908
1536 1024 1792 1548 1019 1900
1792 1024 1792 1816 1022 1897
2048 1024 1792 2085 1027 1896
2303 1024 1792 2333 1032 1888
2559 1024 1792 2577 1037 1879
2815 1024 1792 2815 1040 1870
3071 1024 1792 3047 1042 1860
3327 1024 1792 3276 1041 1850
3583 1024 1792 3501 1035 1839
3839 1024 1792 3719 1030 1825
4095 1024 1792 3932 1024 1810
0 1280 1792 456 1296 1821
256 1280 1792 525 1296 1826
512 1280 1792 641 1300 1839
768 1280 1792 827 1307 1864
1024 1280 1792 1061 1312 1890
1280 1280 1792 1311 1315 1910
1536 1280 1792 1582 1314 1912
1792 1280 1792 1846 1311 1911
2048 1280 1792 2107 1307 1907
2303 1280 1792 2343 1311 1896
2559 1280 1792 2580 1313 1886
2815 1280 1792 2814 1314 1876
3071 1280 1792 3046 1312 1864
3327 1280 1792 3277 1309 1852
3583 1280 1792 3502 1302 1838
3839 1280 1792 3722 1292 1823
4095 1280 1792 3937 1280 1805
0 1536 1792 584 1589 1852
256 1536 1792 640 1589 1854
512 1536 1792 739 1592 1861
768 1536 1792 902 1597 1873
1024 1536 1792 1114 1601 1886
1280 1536 1792 1345 1603 1895
1536 1536 1792 1607 1603 1886
1792 1536 1792 1841 1610 1888
2048 1536 1792 2057 1620 1896
2303 1536 1792 2269 1632 1909
2559 1536 1792 2489 1641 1916
2815 1536 1792 2722 1645 1914
3071 1536 1792 2979 1629 1894
3327 1536 1792 3239 1608 1871
3583 1536 1792 3483 1585 1847
3839 1536 1792 3717 1561 1823
4095 1536 1792 3944 1536 1799
0 1792 1792 692 1868 1865
256 1792 1792 753 1867 1865
512 1792 1792 848 1868 1868
768 1792 1792 995 1871 1873
1024 1792 1792 1187 1874 1879
1280 1792 1792 1398 1877 1882
1536 1792 1792 1642 1878 1875
1792 1792 1792 1866 1884 1882
2048 1792 1792 2078 1895 1898
2303 1792 1792 2276 1907 1915
2559 1792 1792 2478 1920 1934
2815 1792 1792 2682 1933 1954
3071 1792 1792 2931 1921 1937
3327 1792 1792 3193 1900 1908
3583 1792 1792 3462 1863 1864
3839 1792 1792 3713 1827 1826
4095 1792 1792 3952 1792 1791
0 2048 1792 788 2138 1868
256 2048 1792 864 2135 1865
512 2048 1792 964 2134 1864
768 2048 1792 1102 2135 1868
1024 2048 1792 1274 2138 1870
1280 2048 1792 1463 2141 1872
1536 2048 1792 1683 2143 1874
1792 2048 1792 1912 2143 1887
2048 2048 1792 2145 2144 1907
2303 2048 1792 2339 2151 1917
2559 2048 1792 2518 2166 1943
2815 2048 1792 2676 2191 1996
3071 2048 1792 2896 2197 1989
3327 2048 1792 3143 2187 1956
3583 2048 1792 3438 2138 1886
3839 2048 1792 3708 2092 1829
4095 2048 1792 3961 2048 1783
0 2303 1792 872 2394 1856
256 2303 1792 927 2393 1855
512 2303 1792 1014 2392 1855
768 2303 1792 1149 2392 1857
1024 2303 1792 1324 2393 1859
1280 2303 1792 1513 2394 1861
1536 2303 1792 1723 2396 1862
1792 2303 1792 1947 2396 1875
2048 2303 1792 2181 2394 1895
2303 2303 1792 2391 2399 1901
2559 2303 1792 2594 2404 1910
2815 2303 1792 2787 2410 1923
3071 2303 1792 3004 2408 1911
3327 2303 1792 3233 2399 1889
3583 2303 1792 3484 2372 1851
3839 2303 1792 3730 2340 1811
4095 2303 1792 3973 2303 1772
0 2559 1792 953 2648 1840
256 2559 1792 993 2648 1840
512 2559 1792 1069 2648 1840
768 2559 1792 1197 2648 1841
1024 2559 1792 1367 2648 1843
1280 2559 1792 1553 2648 1843
1536 2559 1792 1754 2650 1842
1792 2559 1792 1972 2649 1849
2048 2559 1792 2202 2647 1862
2303 2559 1792 2426 2649 1870
2559 2559 1792 2648 2648 1871
2815 2559 1792 2867 2643 1862
3071 2559 1792 3084 2636 1847
3327 2559 1792 3304 2626 1827
3583 2559 1792 3531 2610 1801
3839 2559 1792 3758 2587 1779
4095 2559 1792 3986 2559 1760
0 2815 1792 1031 2897 1819
256 2815 1792 1066 2898 1818
512 2815 1792 1132 2899 1818
768 2815 1792 1245 2899 1817
1024 2815 1792 1402 2900 1816
1280 2815 1792 1575 2901 1814
1536 2815 1792 1772 2902 1810
1792 2815 1792 1981 2904 1804
2048 2815 1792 2198 2905 1798
2303 2815 1792 2435 2902 1815
2559 2815 1792 2669 2900 1823
2815 2815 1792 2898 2899 1820
3071 2815 1792 3121 2888 1801
3327 2815 1792 3346 2873 1774
3583 2815 1792 3579 2852 1730
3839 2815 1792 3795 2833 1726
4095 2815 1792 4000 2815 1746
0 3071 1792 1105 3142 1792
256 3071 1792 1136 3143 1791
512 3071 1792 1195 3144 1790
768 3071 1792 1298 3144 1789
1024 3071 1792 1444 3145 1786
1280 3071 1792 1606 3147 1781
1536 3071 1792 1794 3149 1773
1792 3071 1792 1993 3152 1761
2048 3071 1792 2199 3155 1745
2303 3071 1792 2431 3153 1746
2559 3071 1792 2665 3152 1747
2815 3071 1792 2902 3150 1747
3071 3071 1792 3135 3142 1737
3327 3071 1792 3367 3131 1719
3583 3071 1792 3599 3109 1677
3839 3071 1792 3813 3089 1687
4095 3071 1792 4016 3071 1730
0 3327 1792 1176 3385 1763
256 3327 1792 1204 3386 1762
512 3327 1792 1259 3386 1760
768 3327 1792 1352 3387 1758
1024 3327 1792 1488 3389 1753
1280 3327 1792 1640 3390 1747
1536 3327 1792 1817 3393 1735
1792 3327 1792 2006 3397 1716
2048 3327 1792 2202 3401 1693
2303 3327 1792 2424 3402 1676
2559 3327 1792 2655 3402 1667
2815 3327 1792 2896 3399 1668
3071 3327 1792 3139 3395 1668
3327 3327 1792 3379 3388 1661
3583 3327 1792 3609 3369 1629
3839 3327 1792 3826 3349 1649
4095 3327 1792 4034 3327 1704
0 3583 1792 1243 3623 1728
256 3583 1792 1269 3624 1727
512 3583 1792 1320 3625 1726
768 3583 1792 1407 3626 1723
1024 3583 1792 1533 3627 1717
1280 3583 1792 1675 3630 1708
1536 3583 1792 1840 3633 1690
1792 3583 1792 2020 3637 1669
2048 3583 1792 2209 3642 1644
2303 3583 1792 2422 3645 1618
2559 3583 1792 2645 3646 1600
2815 3583 1792 2884 3644 1596
3071 3583 1792 3127 3641 1595
3327 3583 1792 3370 3636 1593
3583 3583 1792 3611 3627 1582
3839 3583 1792 3839 3609 1602
4095 3583 1792 4057 3585 1641
0 3839 1792 1315 3850 1692
256 3839 1792 1338 3852 1691
512 3839 1792 1385 3855 1690
768 3839 1792 1466 3859 1687
1024 3839 1792 1587 3862 1683
1280 3839 1792 1725 3864 1676
1536 3839 1792 1888 3866 1664
1792 3839 1792 2066 3869 1650
2048 3839 1792 2255 3872 1633
2303 3839 1792 2462 3874 1615
2559 3839 1792 2679 3875 1602
2815 3839 1792 2909 3874 1598
3071 3839 1792 3144 3872 1598
3327 3839 1792 3381 3870 1597
3583 3839 1792 3620 3867 1596
3839 3839 1792 3848 3853 1608
4095 3839 1792 4069 3832 1630
0 4095 1792 1389 4069 1654
256 4095 1792 1410 4073 1654
512 4095 1792 1452 4080 1653
768 4095 1792 1528 4088 1652
1024 4095 1792 1647 4093 1651
1280 4095 1792 1785 4095 1650
1536 4095 1792 1952 4095 1650
1792 4095 1792 2134 4095 1650
2048 4095 1792 2326 4095 1650
2303 4095 1792 2531 4095 1650
2559 4095 1792 2742 4095 1650
2815 4095 1792 2959 4095 1650
3071 4095 1792 3181 4095 1650
3327 4095 1792 3405 4095 1650
3583 4095 1792 3633 4095 1650
3839 4095 1792 3855 4086 1651
4095 4095 1792 4073 4072 1654
0 0 2048 210 124 2076
256 0 2048 324 47 2076
512 0 2048 490 0 2077
768 0 2048 736 0 2077
1024 0 2048 981 0 2077
1280 0 2048 1226 0 2077
1536 0 2048 1472 0 2077
1792 0 2048 1719 33 2079
2048 0 2048 1967 89 2082
2303 0 2048 2237 196 2105
2559 0 2048 2500 271 2121
2815 0 2048 2751 298 2125
3071 0 2048 2995 304 2122
3327 0 2048 3235 298 2117
3583 0 2048 3468 268 2106
3839 0 2048 3693 240 2092
4095 0 2048 3912 214 2076
0 256 2048 164 303 2076
256 256 2048 303 270 2084
512 256 2048 484 248 2094
768 256 2048 729 240 2105
1024 256 2048 980 238 2102
1280 256 2048 1231 238 2095
1536 256 2048 1478 237 2091
1792 256 2048 1729 257 2092
2048 256 2048 1984 289 2098
2303 256 2048 2249 349 2115
2559 256 2048 2509 392 2126
2815 256 2048 2759 410 2128
3071 256 2048 3001 415 2124
3327 256 2048 3240 411 2117
3583 256 2048 3472 390 2106
3839 256 2048 3698 367 2092
4095 256 2048 3918 345 2076
0 512 2048 172 512 2075
256 512 2048 313 508 2088
512 512 2048 492 501 2103
768 512 2048 729 490 2125
1024 512 2048 981 484 2128
1280 512 2048 1237 481 2125
1536 512 2048 1490 482 2116
1792 512 2048 1748 493 2116
2048 512 2048 2009 511 2122
2303 512 2048 2269 536 2130
2559 512 2048 2524 556 2135
2815 512 2048 2772 567 2133
3071 512 2048 3012 570 2127
3327 512 2048 3249 568 2118
3583 512 2048 3480 554 2106
3839 512 2048 3704 538 2092
4095 512 2048 3923 522 2075
0 768 2048 259 768 2074
256 768 2048 369 767 2083
512 768 2048 521 763 2102
768 768 2048 738 756 2132
1024 768 2048 986 743 2157
1280 768 2048 1244 732 2173
1536 768 2048 1512 736 2158
1792 768 2048 1780 748 2154
2048 768 2048 2047 764 2156
2303 768 2048 2301 775 2153
2559 768 2048 2550 784 2149
2815 768 2048 2793 791 2141
3071 768 2048 3029 793 2131
3327 768 2048 3263 791 2119
3583 768 2048 3492 781 2106
3839 768 2048 3713 774 2090
4095 768 2048 3928 770 2074
0 1024 2048 364 1034 2081
256 1024 2048 451 1034 2090
512 1024 2048 582 1033 2107
768 1024 2048 781 1032 2136
1024 1024 2048 1019 1025 2169
1280 1024 2048 1272 1019 2196
1536 1024 2048 1544 1019 2192
1792 1024 2048 1815 1023 2188
2048 1024 2048 2084 1030 2183
2303 1024 2048 2331 1035 2170
2559 1024 2048 2575 1039 2156
2815 1024 2048 2814 1042 2144
3071 1024 2048 3048 1041 2131
3327 1024 2048 3279 1038 2118
3583 1024 2048 3507 1028 2103
3839 1024 2048 3723 1024 2087
4095 1024 2048 3932 1024 2070
0 1280 2048 474 1305 2093
256 1280 2048 542 1306 2101
512 1280 2048 655 1308 2115
768 1280 2048 837 1312 2140
1024 1280 2048 1062 1313 2174
1280 1280 2048 1305 1313 2204
1536 1280 2048 1578 1309 2208
1792 1280 2048 1845 1307 2203
2048 1280 2048 2109 1305 2194
2303 1280 2048 2353 1306 2176
2559 1280 2048 2594 1306 2159
2815 1280 2048 2830 1305 2144
3071 1280 2048 3063 1300 2129
3327 1280 2048 3293 1293 2115
3583 1280 2048 3520 1282 2099
3839 1280 2048 3733 1278 2083
4095 1280 2048 3937 1280 2067
0 1536 2048 592 1590 2118
256 1536 2048 649 1590 2122
512 1536 2048 748 1592 2130
768 1536 2048 910 1595 2144
1024 1536 2048 1117 1597 2164
1280 1536 2048 1344 1599 2177
1536 1536 2048 1605 1599 2155
1792 1536 2048 1853 1603 2146
2048 1536 2048 2091 1609 2144
2303 1536 2048 2344 1599 2148
2559 1536 2048 2591 1591 2146
2815 1536 2048 2828 1585 2135
3071 1536 2048 3065 1574 2122
3327 1536 2048 3299 1562 2109
3583 1536 2048 3524 1549 2093
3839 1536 2048 3738 1541 2077
4095 1536 2048 3944 1536 2061
0 1792 2048 698 1867 2131
256 1792 2048 774 1864 2130
512 1792 2048 875 1864 2132
768 1792 2048 1013 1867 2140
1024 1792 2048 1197 1870 2150
1280 1792 2048 1401 1873 2156
1536 1792 2048 1642 1876 2137
1792 1792 2048 1877 1881 2131
2048 1792 2048 2108 1887 2133
2303 1792 2048 2331 1884 2147
2559 1792 2048 2550 1884 2156
2815 1792 2048 2761 1890 2158
3071 1792 2048 2990 1884 2152
3327 1792 2048 3229 1871 2139
3583 1792 2048 3485 1842 2109
3839 1792 2048 3725 1816 2081
4095 1792 2048 3952 1792 2055
0 2048 2048 795 2138 2137
256 2048 2048 911 2132 2129
512 2048 2048 1025 2129 2125
768 2048 2048 1136 2132 2129
1024 2048 2048 1293 2136 2135
1280 2048 2048 1470 2141 2140
1536 2048 2048 1685 2143 2143
1792 2048 2048 1912 2145 2145
2048 2048 2048 2147 2147 2147
2303 2048 2048 2316 2164 2163
2559 2048 2048 2485 2184 2181
2815 2048 2048 2651 2209 2203
3071 2048 2048 2866 2217 2206
3327 2048 2048 3109 2209 2195
3583 2048 2048 3419 2152 2140
3839 2048 2048 3700 2099 2092
4095 2048 2048 3961 2048 2048
0 2303 2048 876 2394 2126
256 2303 2048 948 2392 2124
512 2303 2048 1044 2390 2123
768 2303 2048 1175 2390 2126
1024 2303 2048 1349 2390 2132
1280 2303 2048 1537 2391 2136
1536 2303 2048 1737 2394 2137
1792 2303 2048 1958 2393 2147
2048 2303 2048 2194 2391 2163
2303 2303 2048 2386 2402 2174
2559 2303 2048 2577 2411 2183
2815 2303 2048 2765 2420 2190
3071 2303 2048 2959 2429 2208
3327 2303 2048 3167 2431 2217
3583 2303 2048 3421 2406 2182
3839 2303 2048 3692 2361 2119
4095 2303 2048 3973 2303 2039
0 2559 2048 955 2648 2112
256 2559 2048 998 2648 2113
512 2559 2048 1079 2648 2114
768 2559 2048 1215 2646 2116
1024 2559 2048 1392 2644 2120
1280 2559 2048 1581 2643 2123
1536 2559 2048 1773 2646 2123
1792 2559 2048 1989 2645 2134
2048 2559 2048 2220 2641 2152
2303 2559 2048 2435 2644 2169
2559 2559 2048 2647 2646 2178
2815 2559 2048 2852 2646 2174
3071 2559 2048 3042 2652 2190
3327 2559 2048 3236 2655 2200
3583 2559 2048 3461 2645 2167
3839 2559 2048 3714 2611 2107
4095 2559 2048 3986 2559 2029
0 2815 2048 1032 2897 2093
256 2815 2048 1068 2898 2093
512 2815 2048 1136 2898 2094
768 2815 2048 1254 2898 2094
1024 2815 2048 1414 2898 2096
1280 2815 2048 1590 2898 2097
1536 2815 2048 1787 2899 2097
1792 2815 2048 1997 2900 2098
2048 2815 2048 2215 2900 2100
2303 2815 2048 2455 2893 2141
2559 2815 2048 2685 2891 2163
2815 2815 2048 2898 2895 2154
3071 2815 2048 3108 2890 2143
3327 2815 2048 3322 2881 2123
3583 2815 2048 3556 2862 2068
3839 2815 2048 3781 2840 2035
4095 2815 2048 4000 2815 2018
0 3071 2048 1105 3142 2068
256 3071 2048 1137 3143 2068
512 3071 2048 1198 3143 2068
768 3071 2048 1303 3144 2068
1024 3071 2048 1451 3144 2067
1280 3071 2048 1616 3145 2066
1536 3071 2048 1804 3147 2062
1792 3071 2048 2004 3149 2055
2048 3071 2048 2210 3151 2046
2303 3071 2048 2444 3148 2062
2559 3071 2048 2676 3146 2071
2815 3071 2048 2905 3147 2067
3071 3071 2048 3133 3142 2060
3327 3071 2048 3362 3132 2042
3583 3071 2048 3594 3111 1992
3839 3071 2048 3811 3091 1984
4095 3071 2048 4016 3071 2005
0 3327 2048 1176 3385 2041
256 3327 2048 1204 3385 2041
512 3327 2048 1260 3386 2040
768 3327 2048 1355 3387 2039
1024 3327 2048 1492 3388 2037
1280 3327 2048 1646 3389 2033
1536 3327 2048 1823 3392 2024
1792 3327 2048 2011 3396 2010
2048 3327 2048 2208 3400 1992
2303 3327 2048 2429 3401 1977
2559 3327 2048 2658 3401 1968
2815 3327 2048 2899 3398 1969
3071 3327 2048 3141 3395 1969
3327 3327 2048 3382 3388 1962
3583 3327 2048 3613 3369 1925
3839 3327 2048 3829 3348 1940
4095 3327 2048 4034 3327 1989
0 3583 2048 1243 3623 2010
256 3583 2048 1269 3624 2009
512 3583 2048 1320 3625 2008
768 3583 2048 1409 3626 2007
1024 3583 2048 1536 3627 2002
1280 3583 2048 1679 3629 1996
1536 3583 2048 1843 3633 1982
1792 3583 2048 2023 3637 1964
2048 3583 2048 2212 3641 1943
2303 3583 2048 2425 3644 1920
2559 3583 2048 2646 3646 1901
2815 3583 2048 2882 3645 1889
3071 3583 2048 3125 3642 1886
3327 3583 2048 3371 3637 1884
3583 3583 2048 3614 3628 1872
3839 3583 2048 3840 3609 1903
4095 3583 2048 4054 3584 1963
0 3839 2048 1315 3849 1976
256 3839 2048 1338 3852 1975
512 3839 2048 1384 3856 1975
768 3839 2048 1466 3861 1973
1024 3839 2048 1588 3862 1970
1280 3839 2048 1727 3864 1965
1536 3839 2048 1889 3866 1955
1792 3839 2048 2068 3869 1943
2048 3839 2048 2256 3872 1929
2303 3839 2048 2464 3874 1913
2559 3839 2048 2679 3875 1899
2815 3839 2048 2906 3875 1888
3071 3839 2048 3142 3874 1885
3327 3839 2048 3381 3871 1885
3583 3839 2048 3621 3868 1884
3839 3839 2048 3848 3853 1908
4095 3839 2048 4066 3830 1948
0 4095 2048 1390 4066 1940
256 4095 2048 1409 4074 1940
512 4095 2048 1450 4082 1940
768 4095 2048 1525 4093 1939
1024 4095 2048 1645 4095 1939
1280 4095 2048 1784 4095 1939
1536 4095 2048 1952 4095 1939
1792 4095 2048 2134 4095 1939
2048 4095 2048 2326 4095 1939
2303 4095 2048 2532 4095 1939
2559 4095 2048 2742 4095 1939
2815 4095 2048 2959 4095 1939
3071 4095 2048 3181 4095 1939
3327 4095 2048 3405 4095 1939
3583 4095 2048 3633 4095 1939
3839 4095 2048 3855 4086 1939
4095 4095 2048 4072 4071 1940
0 0 2303 236 140 2331
256 0 2303 339 82 2333
512 0 2303 497 35 2335
768 0 2303 737 6 2336
1024 0 2303 981 0 2336
1280 0 2303 1226 0 2336
1536 0 2303 1472 0 2336
1792 0 2303 1724 59 2343
2048 0 2303 1982 157 2355
2303 0 2303 2245 232 2373
2559 0 2303 2504 286 2385
2815 0 2303 2754 308 2388
3071 0 2303 2996 312 2384
3327 0 2303 3235 304 2377
3583 0 2303 3468 272 2366
3839 0 2303 3694 229 2351
4095 0 2303 3916 179 2334
0 256 2303 173 308 2334
256 256 2303 308 283 2342
512 256 2303 486 261 2351
768 256 2303 727 242 2362
1024 256 2303 977 238 2360
1280 256 2303 1229 237 2355
1536 256 2303 1476 237 2350
1792 256 2303 1732 270 2356
2048 256 2303 1994 324 2369
2303 256 2303 2255 369 2383
2559 256 2303 2512 403 2391
2815 256 2303 2760 418 2392
3071 256 2303 3002 421 2386
3327 256 2303 3240 415 2379
3583 256 2303 3472 393 2367
3839 256 2303 3698 363 2352
4095 256 2303 3920 329 2334
0 512 2303 171 512 2334
256 512 2303 312 508 2345
512 512 2303 491 501 2360
768 512 2303 725 489 2381
1024 512 2303 976 483 2387
1280 512 2303 1231 480 2387
1536 512 2303 1488 483 2380
1792 512 2303 1749 498 2383
2048 512 2303 2014 522 2392
2303 512 2303 2272 545 2399
2559 512 2303 2526 563 2401
2815 512 2303 2772 573 2398
3071 512 2303 3012 574 2390
3327 512 2303 3248 571 2381
3583 512 2303 3480 556 2368
3839 512 2303 3704 538 2352
4095 512 2303 3924 519 2334
0 768 2303 259 768 2333
256 768 2303 368 766 2342
512 768 2303 520 762 2359
768 768 2303 734 755 2388
1024 768 2303 978 741 2418
1280 768 2303 1234 731 2440
1536 768 2303 1510 740 2433
1792 768 2303 1780 753 2429
2048 768 2303 2045 768 2428
2303 768 2303 2300 779 2424
2559 768 2303 2550 788 2418
2815 768 2303 2792 795 2408
3071 768 2303 3029 796 2396
3327 768 2303 3263 793 2384
3583 768 2303 3492 782 2369
3839 768 2303 3713 775 2352
4095 768 2303 3928 769 2333
0 1024 2303 373 1037 2345
256 1024 2303 459 1037 2353
512 1024 2303 588 1035 2369
768 1024 2303 783 1033 2398
1024 1024 2303 1015 1025 2434
1280 1024 2303 1264 1018 2466
1536 1024 2303 1538 1020 2472
1792 1024 2303 1808 1024 2469
2048 1024 2303 2076 1029 2459
2303 1024 2303 2327 1036 2445
2559 1024 2303 2574 1041 2430
2815 1024 2303 2813 1044 2415
3071 1024 2303 3047 1042 2400
3327 1024 2303 3279 1038 2385
3583 1024 2303 3507 1027 2369
3839 1024 2303 3723 1023 2350
4095 1024 2303 3932 1024 2330
0 1280 2303 491 1310 2361
256 1280 2303 557 1311 2368
512 1280 2303 668 1312 2382
768 1280 2303 845 1314 2406
1024 1280 2303 1064 1314 2440
1280 1280 2303 1301 1311 2474
1536 1280 2303 1568 1305 2492
1792 1280 2303 1834 1301 2490
2048 1280 2303 2099 1301 2474
2303 1280 2303 2348 1304 2455
2559 1280 2303 2593 1305 2436
2815 1280 2303 2830 1304 2418
3071 1280 2303 3063 1299 2401
3327 1280 2303 3293 1292 2384
3583 1280 2303 3520 1281 2367
3839 1280 2303 3733 1277 2347
4095 1280 2303 3937 1280 2327
0 1536 2303 601 1589 2379
256 1536 2303 658 1589 2383
512 1536 2303 757 1590 2391
768 1536 2303 919 1592 2404
1024 1536 2303 1123 1594 2424
1280 1536 2303 1345 1594 2442
1536 1536 2303 1596 1592 2446
1792 1536 2303 1846 1593 2441
2048 1536 2303 2096 1596 2432
2303 1536 2303 2347 1592 2429
2559 1536 2303 2594 1588 2422
2815 1536 2303 2832 1581 2408
3071 1536 2303 3069 1570 2394
3327 1536 2303 3302 1558 2379
3583 1536 2303 3525 1547 2360
3839 1536 2303 3738 1540 2341
4095 1536 2303 3944 1536 2322
0 1792 2303 740 1860 2379
256 1792 2303 798 1859 2380
512 1792 2303 887 1860 2383
768 1792 2303 1025 1862 2391
1024 1792 2303 1205 1864 2403
1280 1792 2303 1405 1867 2414
1536 1792 2303 1636 1868 2416
1792 1792 2303 1873 1871 2410
2048 1792 2303 2113 1875 2399
2303 1792 2303 2344 1876 2405
2559 1792 2303 2575 1874 2408
2815 1792 2303 2803 1870 2407
3071 1792 2303 3038 1859 2398
3327 1792 2303 3274 1845 2385
3583 1792 2303 3512 1824 2362
3839 1792 2303 3736 1807 2339
4095 1792 2303 3952 1792 2316
0 2048 2303 899 2125 2365
256 2048 2303 963 2123 2363
512 2048 2303 1044 2123 2365
768 2048 2303 1151 2125 2371
1024 2048 2303 1304 2129 2380
1280 2048 2303 1477 2133 2389
1536 2048 2303 1684 2136 2398
1792 2048 2303 1908 2139 2390
2048 2048 2303 2144 2143 2371
2303 2048 2303 2339 2156 2382
2559 2048 2303 2542 2164 2394
2815 2048 2303 2753 2166 2411
3071 2048 2303 2982 2159 2410
3327 2048 2303 3222 2146 2400
3583 2048 2303 3486 2110 2369
3839 2048 2303 3730 2077 2339
4095 2048 2303 3962 2048 2310
0 2303 2303 918 2389 2379
256 2303 2303 978 2388 2377
512 2303 2303 1073 2386 2376
768 2303 2303 1221 2383 2375
1024 2303 2303 1382 2384 2380
1280 2303 2303 1552 2387 2387
1536 2303 2303 1742 2391 2392
1792 2303 2303 1956 2393 2394
2048 2303 2303 2187 2393 2393
2303 2303 2303 2393 2401 2400
2559 2303 2303 2594 2408 2409
2815 2303 2303 2785 2414 2420
3071 2303 2303 2985 2418 2429
3327 2303 2303 3191 2419 2434
3583 2303 2303 3411 2411 2422
3839 2303 2303 3676 2369 2374
4095 2303 2303 3973 2303 2302
0 2559 2303 959 2648 2379
256 2559 2303 1012 2648 2379
512 2559 2303 1107 2645 2377
768 2559 2303 1266 2641 2374
1024 2559 2303 1432 2640 2376
1280 2559 2303 1603 2641 2380
1536 2559 2303 1788 2644 2383
1792 2559 2303 1995 2645 2389
2048 2559 2303 2216 2645 2396
2303 2559 2303 2436 2647 2408
2559 2559 2303 2643 2651 2418
2815 2559 2303 2830 2658 2424
3071 2559 2303 3018 2665 2433
3327 2559 2303 3208 2672 2442
3583 2559 2303 3402 2678 2440
3839 2559 2303 3670 2635 2385
4095 2559 2303 3986 2559 2294
0 2815 2303 1034 2898 2361
256 2815 2303 1074 2898 2361
512 2815 2303 1148 2897 2362
768 2815 2303 1274 2896 2362
1024 2815 2303 1438 2895 2364
1280 2815 2303 1616 2894 2366
1536 2815 2303 1815 2894 2369
1792 2815 2303 2019 2895 2370
2048 2815 2303 2225 2897 2370
2303 2815 2303 2463 2892 2400
2559 2815 2303 2689 2891 2418
2815 2815 2303 2894 2897 2420
3071 2815 2303 3096 2895 2415
3327 2815 2303 3297 2891 2409
3583 2815 2303 3495 2889 2403
3839 2815 2303 3734 2861 2357
4095 2815 2303 4000 2815 2284
0 3071 2303 1106 3142 2338
256 3071 2303 1140 3143 2338
512 3071 2303 1203 3143 2338
768 3071 2303 1313 3143 2339
1024 3071 2303 1465 3142 2340
1280 3071 2303 1634 3142 2340
1536 3071 2303 1826 3143 2339
1792 3071 2303 2023 3145 2336
2048 3071 2303 2225 3148 2330
2303 3071 2303 2459 3144 2345
2559 3071 2303 2692 3141 2363
2815 3071 2303 2922 3139 2386
3071 3071 2303 3137 3137 2389
3327 3071 2303 3348 3133 2381
3583 3071 2303 3556 3124 2352
3839 3071 2303 3781 3102 2315
4095 3071 2303 4016 3071 2273
0 3327 2303 1176 3385 2312
256 3327 2303 1206 3385 2312
512 3327 2303 1262 3386 2312
768 3327 2303 1360 3386 2312
1024 3327 2303 1500 3387 2311
1280 3327 2303 1656 3388 2309
1536 3327 2303 1834 3390 2304
1792 3327 2303 2024 3393 2295
2048 3327 2303 2222 3396 2284
2303 3327 2303 2446 3396 2280
2559 3327 2303 2681 3392 2292
2815 3327 2303 2929 3384 2330
3071 3327 2303 3157 3383 2340
3327 3327 2303 3380 3382 2335
3583 3327 2303 3601 3369 2289
3839 3327 2303 3818 3350 2266
4095 3327 2303 4033 3327 2260
0 3583 2303 1244 3623 2282
256 3583 2303 1270 3624 2282
512 3583 2303 1322 3625 2282
768 3583 2303 1412 3625 2281
1024 3583 2303 1541 3626 2278
1280 3583 2303 1685 3628 2274
1536 3583 2303 1850 3631 2263
1792 3583 2303 2030 3635 2249
2048 3583 2303 2220 3639 2234
2303 3583 2303 2433 3642 2217
2559 3583 2303 2657 3642 2208
2815 3583 2303 2895 3639 2209
3071 3583 2303 3134 3637 2212
3327 3583 2303 3375 3633 2212
3583 3583 2303 3613 3626 2197
3839 3583 2303 3838 3608 2210
4095 3583 2303 4053 3583 2242
0 3839 2303 1313 3853 2249
256 3839 2303 1337 3855 2249
512 3839 2303 1384 3857 2249
768 3839 2303 1468 3859 2249
1024 3839 2303 1591 3861 2247
1280 3839 2303 1730 3863 2243
1536 3839 2303 1892 3866 2235
1792 3839 2303 2070 3868 2225
2048 3839 2303 2259 3871 2214
2303 3839 2303 2467 3873 2201
2559 3839 2303 2683 3874 2190
2815 3839 2303 2910 3874 2181
3071 3839 2303 3146 3872 2181
3327 3839 2303 3385 3869 2183
3583 3839 2303 3624 3866 2181
3839 3839 2303 3851 3853 2198
4095 3839 2303 4069 3834 2228
0 4095 2303 1383 4076 2214
256 4095 2303 1405 4080 2214
512 4095 2303 1449 4084 2215
768 4095 2303 1526 4091 2215
1024 4095 2303 1646 4093 2215
1280 4095 2303 1785 4095 2216
1536 4095 2303 1952 4095 2216
1792 4095 2303 2134 4095 2216
2048 4095 2303 2326 4095 2216
2303 4095 2303 2531 4095 2216
2559 4095 2303 2742 4095 2216
2815 4095 2303 2959 4095 2216
3071 4095 2303 3181 4095 2216
3327 4095 2303 3405 4095 2216
3583 4095 2303 3633 4095 2216
3839 4095 2303 3858 4090 2215
4095 4095 2303 4082 4081 2215
0 0 2559 262 155 2587
256 0 2559 356 113 2591
512 0 2559 506 65 2593
768 0 2559 738 11 2595
1024 0 2559 981 0 2595
1280 0 2559 1227 4 2596
1536 0 2559 1474 23 2598
1792 0 2559 1730 98 2609
2048 0 2559 1993 208 2626
2303 0 2559 2251 258 2639
2559 0 2559 2506 297 2648
2815 0 2559 2756 318 2651
3071 0 2559 2997 319 2646
3327 0 2559 3236 310 2639
3583 0 2559 3469 276 2627
3839 0 2559 3695 228 2611
4095 0 2559 3917 169 2593
0 256 2559 183 314 2592
256 256 2559 314 295 2600
512 256 2559 488 272 2609
768 256 2559 726 243 2620
1024 256 2559 975 237 2619
1280 256 2559 1227 239 2615
1536 256 2559 1478 249 2614
1792 256 2559 1737 290 2623
2048 256 2559 2002 350 2639
2303 256 2559 2259 384 2649
2559 256 2559 2513 410 2655
2815 256 2559 2762 426 2655
3071 256 2559 3003 427 2649
3327 256 2559 3240 420 2641
3583 256 2559 3473 396 2628
3839 256 2559 3699 363 2612
4095 256 2559 3920 324 2593
0 512 2559 171 512 2594
256 512 2559 312 508 2604
512 512 2559 489 501 2618
768 512 2559 722 489 2639
1024 512 2559 973 484 2647
1280 512 2559 1228 481 2651
1536 512 2559 1489 488 2647
1792 512 2559 1752 506 2652
2048 512 2559 2017 531 2661
2303 512 2559 2273 551 2666
2559 512 2559 2526 567 2667
2815 512 2559 2773 578 2663
3071 512 2559 3012 579 2655
3327 512 2559 3248 574 2644
3583 512 2559 3480 558 2630
3839 512 2559 3704 539 2613
4095 512 2559 3924 518 2593
0 768 2559 258 768 2593
256 768 2559 368 766 2601
512 768 2559 519 762 2618
768 768 2559 733 755 2647
1024 768 2559 975 743 2682
1280 768 2559 1230 734 2710
1536 768 2559 1509 746 2706
1792 768 2559 1779 758 2702
2048 768 2559 2042 770 2698
2303 768 2559 2297 781 2693
2559 768 2559 2547 791 2686
2815 768 2559 2791 798 2676
3071 768 2559 3028 798 2663
3327 768 2559 3262 795 2649
3583 768 2559 3491 783 2633
3839 768 2559 3712 775 2614
4095 768 2559 3928 769 2593
0 1024 2559 381 1039 2609
256 1024 2559 466 1039 2617
512 1024 2559 594 1037 2632
768 1024 2559 786 1035 2660
1024 1024 2559 1015 1026 2699
1280 1024 2559 1259 1019 2735
1536 1024 2559 1532 1021 2746
1792 1024 2559 1801 1024 2744
2048 1024 2559 2067 1028 2732
2303 1024 2559 2320 1035 2717
2559 1024 2559 2569 1041 2702
2815 1024 2559 2811 1045 2686
3071 1024 2559 3046 1043 2669
3327 1024 2559 3278 1038 2652
3583 1024 2559 3507 1027 2635
3839 1024 2559 3723 1023 2614
4095 1024 2559 3932 1024 2590
0 1280 2559 507 1314 2627
256 1280 2559 571 1314 2634
512 1280 2559 679 1315 2648
768 1280 2559 851 1316 2671
1024 1280 2559 1065 1313 2706
1280 1280 2559 1297 1309 2741
1536 1280 2559 1557 1301 2767
1792 1280 2559 1822 1297 2767
2048 1280 2559 2088 1295 2751
2303 1280 2559 2340 1300 2731
2559 1280 2559 2588 1303 2712
2815 1280 2559 2828 1303 2692
3071 1280 2559 3062 1298 2673
3327 1280 2559 3294 1291 2654
3583 1280 2559 3521 1278 2635
3839 1280 2559 3734 1276 2612
4095 1280 2559 3937 1280 2587
0 1536 2559 608 1587 2641
256 1536 2559 665 1588 2645
512 1536 2559 763 1588 2652
768 1536 2559 923 1589 2665
1024 1536 2559 1124 1589 2686
1280 1536 2559 1342 1589 2708
1536 1536 2559 1586 1585 2728
1792 1536 2559 1838 1584 2728
2048 1536 2559 2095 1583 2716
2303 1536 2559 2346 1584 2709
2559 1536 2559 2594 1582 2699
2815 1536 2559 2836 1577 2684
3071 1536 2559 3072 1566 2668
3327 1536 2559 3305 1554 2651
3583 1536 2559 3527 1544 2630
3839 1536 2559 3739 1538 2607
4095 1536 2559 3944 1536 2583
0 1792 2559 750 1854 2635
256 1792 2559 798 1854 2637
512 1792 2559 884 1855 2640
768 1792 2559 1026 1856 2647
1024 1792 2559 1208 1858 2659
1280 1792 2559 1406 1860 2672
1536 1792 2559 1630 1860 2688
1792 1792 2559 1867 1861 2685
2048 1792 2559 2113 1863 2670
2303 1792 2559 2351 1865 2671
2559 1792 2559 2590 1863 2670
2815 1792 2559 2831 1855 2667
3071 1792 2559 3070 1841 2656
3327 1792 2559 3305 1826 2643
3583 1792 2559 3530 1812 2622
3839 1792 2559 3745 1801 2601
4095 1792 2559 3952 1792 2578
0 2048 2559 918 2116 2616
256 2048 2559 958 2116 2617
512 2048 2559 1029 2118 2618
768 2048 2559 1149 2119 2620
1024 2048 2559 1308 2122 2626
1280 2048 2559 1483 2126 2635
1536 2048 2559 1685 2129 2648
1792 2048 2559 1905 2132 2640
2048 2048 2559 2139 2136 2618
2303 2048 2559 2354 2145 2622
2559 2048 2559 2580 2147 2630
2815 2048 2559 2820 2136 2643
3071 2048 2559 3059 2120 2640
3327 2048 2559 3296 2103 2632
3583 2048 2559 3529 2081 2614
3839 2048 2559 3750 2063 2594
4095 2048 2559 3962 2048 2573
0 2303 2559 925 2383 2637
256 2303 2559 984 2382 2634
512 2303 2559 1085 2380 2630
768 2303 2559 1250 2376 2621
1024 2303 2559 1405 2378 2625
1280 2303 2559 1564 2381 2632
1536 2303 2559 1747 2386 2642
1792 2303 2559 1954 2389 2642
2048 2303 2559 2177 2391 2636
2303 2303 2559 2395 2397 2637
2559 2303 2559 2607 2402 2642
2815 2303 2559 2807 2406 2652
3071 2303 2559 3019 2403 2657
3327 2303 2559 3231 2399 2659
3583 2303 2559 3434 2398 2657
3839 2303 2559 3687 2362 2622
4095 2303 2559 3973 2303 2566
0 2559 2559 960 2645 2644
256 2559 2559 1023 2644 2640
512 2559 2559 1131 2641 2634
768 2559 2559 1307 2635 2623
1024 2559 2559 1464 2635 2625
1280 2559 2559 1622 2637 2630
1536 2559 2559 1800 2640 2637
1792 2559 2559 1998 2643 2641
2048 2559 2559 2209 2645 2644
2303 2559 2559 2434 2646 2647
2559 2559 2559 2642 2652 2653
2815 2559 2559 2827 2663 2662
3071 2559 2559 3021 2667 2669
3327 2559 2559 3215 2670 2676
3583 2559 2559 3399 2681 2686
3839 2559 2559 3659 2641 2644
4095 2559 2559 3970 2568 2567
0 2815 2559 1037 2897 2629
256 2815 2559 1080 2897 2629
512 2815 2559 1161 2896 2628
768 2815 2559 1297 2894 2626
1024 2815 2559 1466 2892 2626
1280 2815 2559 1647 2890 2628
1536 2815 2559 1840 2890 2633
1792 2815 2559 2035 2892 2635
2048 2815 2559 2232 2896 2636
2303 2815 2559 2469 2891 2651
2559 2815 2559 2692 2891 2664
2815 2815 2559 2894 2899 2671
3071 2815 2559 3087 2900 2673
3327 2815 2559 3275 2900 2676
3583 2815 2559 3456 2908 2695
3839 2815 2559 3685 2887 2656
4095 2815 2559 3946 2846 2579
0 3071 2559 1108 3142 2607
256 3071 2559 1144 3143 2608
512 3071 2559 1211 3142 2608
768 3071 2559 1326 3142 2608
1024 3071 2559 1485 3140 2609
1280 3071 2559 1659 3139 2610
1536 3071 2559 1849 3139 2611
1792 3071 2559 2044 3141 2611
2048 3071 2559 2243 3144 2609
2303 3071 2559 2473 3140 2620
2559 3071 2559 2704 3137 2639
2815 3071 2559 2932 3135 2672
3071 3071 2559 3136 3136 2681
3327 3071 2559 3333 3138 2680
3583 3071 2559 3529 3136 2663
3839 3071 2559 3743 3121 2627
4095 3071 2559 3969 3097 2578
0 3327 2559 1177 3385 2583
256 3327 2559 1208 3385 2583
512 3327 2559 1266 3386 2584
768 3327 2559 1367 3386 2584
1024 3327 2559 1511 3386 2584
1280 3327 2559 1670 3386 2584
1536 3327 2559 1851 3387 2582
1792 3327 2559 2044 3389 2578
2048 3327 2559 2245 3390 2574
2303 3327 2559 2466 3390 2575
2559 3327 2559 2699 3386 2596
2815 3327 2559 2949 3375 2646
3071 3327 2559 3168 3377 2663
3327 3327 2559 3380 3378 2661
3583 3327 2559 3595 3369 2613
3839 3327 2559 3802 3356 2585
4095 3327 2559 4004 3341 2571
0 3583 2559 1244 3623 2554
256 3583 2559 1271 3624 2554
512 3583 2559 1324 3624 2555
768 3583 2559 1416 3625 2554
1024 3583 2559 1548 3625 2553
1280 3583 2559 1694 3627 2550
1536 3583 2559 1859 3630 2543
1792 3583 2559 2040 3633 2534
2048 3583 2559 2231 3636 2523
2303 3583 2559 2445 3638 2513
2559 3583 2559 2669 3638 2511
2815 3583 2559 2911 3633 2522
3071 3583 2559 3150 3630 2539
3327 3583 2559 3387 3626 2550
3583 3583 2559 3616 3622 2537
3839 3583 2559 3832 3608 2538
4095 3583 2559 4039 3588 2549
0 3839 2559 1312 3853 2522
256 3839 2559 1337 3855 2522
512 3839 2559 1386 3856 2522
768 3839 2559 1470 3859 2523
1024 3839 2559 1594 3861 2522
1280 3839 2559 1734 3863 2520
1536 3839 2559 1896 3865 2514
1792 3839 2559 2074 3867 2507
2048 3839 2559 2263 3870 2498
2303 3839 2559 2472 3872 2489
2559 3839 2559 2689 3872 2482
2815 3839 2559 2919 3871 2479
3071 3839 2559 3157 3867 2490
3327 3839 2559 3395 3864 2501
3583 3839 2559 3628 3862 2500
3839 3839 2559 3850 3853 2508
4095 3839 2559 4065 3837 2521
0 4095 2559 1382 4078 2486
256 4095 2559 1404 4080 2487
512 4095 2559 1449 4084 2488
768 4095 2559 1526 4090 2490
1024 4095 2559 1647 4093 2491
1280 4095 2559 1785 4095 2491
1536 4095 2559 1952 4095 2491
1792 4095 2559 2134 4095 2491
2048 4095 2559 2326 4095 2491
2303 4095 2559 2531 4095 2491
2559 4095 2559 2742 4095 2491
2815 4095 2559 2959 4095 2491
3071 4095 2559 3181 4095 2491
3327 4095 2559 3405 4095 2491
3583 4095 2559 3633 4095 2491
3839 4095 2559 3860 4092 2490
4095 4095 2559 4087 4087 2489
0 0 2815 288 170 2843
256 0 2815 375 136 2847
512 0 2815 517 86 2851
768 0 2815 740 14 2854
1024 0 2815 981 0 2855
1280 0 2815 1228 14 2856
1536 0 2815 1479 82 2863
1792 0 2815 1737 155 2875
2048 0 2815 1999 230 2892
2303 0 2815 2253 269 2902
2559 0 2815 2507 302 2909
2815 0 2815 2757 327 2913
3071 0 2815 2999 327 2908
3327 0 2815 3236 315 2900
3583 0 2815 3469 281 2888
3839 0 2815 3694 241 2871
4095 0 2815 3914 198 2850
0 256 2815 193 320 2850
256 256 2815 321 303 2858
512 256 2815 491 280 2867
768 256 2815 725 245 2878
1024 256 2815 973 237 2878
1280 256 2815 1227 244 2876
1536 256 2815 1485 280 2883
1792 256 2815 1745 321 2892
2048 256 2815 2006 364 2905
2303 256 2815 2260 390 2911
2559 256 2815 2513 413 2916
2815 256 2815 2763 432 2918
3071 256 2815 3003 433 2912
3327 256 2815 3241 424 2903
3583 256 2815 3473 399 2889
3839 256 2815 3698 370 2872
4095 256 2815 3919 338 2852
0 512 2815 171 512 2854
256 512 2815 311 507 2863
512 512 2815 489 501 2876
768 512 2815 721 490 2897
1024 512 2815 972 485 2908
1280 512 2815 1229 486 2915
1536 512 2815 1494 500 2918
1792 512 2815 1757 517 2922
2048 512 2815 2018 537 2927
2303 512 2815 2271 553 2929
2559 512 2815 2524 569 2929
2815 512 2815 2773 583 2927
3071 512 2815 3012 583 2918
3327 512 2815 3248 577 2907
3583 512 2815 3479 560 2892
3839 512 2815 3704 541 2874
4095 512 2815 3923 521 2853
0 768 2815 257 768 2853
256 768 2815 367 766 2861
512 768 2815 520 763 2877
768 768 2815 736 758 2907
1024 768 2815 980 750 2949
1280 768 2815 1236 744 2984
1536 768 2815 1510 752 2978
1792 768 2815 1776 761 2971
2048 768 2815 2037 770 2964
2303 768 2815 2290 780 2957
2559 768 2815 2541 791 2950
2815 768 2815 2789 801 2942
3071 768 2815 3027 801 2929
3327 768 2815 3261 796 2914
3583 768 2815 3491 784 2897
3839 768 2815 3712 776 2876
4095 768 2815 3928 770 2852
0 1024 2815 388 1041 2871
256 1024 2815 472 1040 2878
512 1024 2815 599 1038 2894
768 1024 2815 791 1036 2922
1024 1024 2815 1018 1030 2964
1280 1024 2815 1260 1024 3003
1536 1024 2815 1527 1023 3011
1792 1024 2815 1792 1023 3009
2048 1024 2815 2056 1025 3000
2303 1024 2815 2310 1032 2984
2559 1024 2815 2561 1039 2969
2815 1024 2815 2808 1046 2956
3071 1024 2815 3044 1044 2938
3327 1024 2815 3277 1038 2920
3583 1024 2815 3507 1026 2901
3839 1024 2815 3724 1022 2877
4095 1024 2815 3932 1024 2850
0 1280 2815 520 1316 2891
256 1280 2815 582 1316 2898
512 1280 2815 687 1316 2911
768 1280 2815 855 1315 2933
1024 1280 2815 1064 1312 2967
1280 1280 2815 1291 1307 3002
1536 1280 2815 1547 1299 3026
1792 1280 2815 1808 1293 3030
2048 1280 2815 2074 1290 3022
2303 1280 2815 2328 1293 3001
2559 1280 2815 2580 1297 2982
2815 1280 2815 2826 1301 2966
3071 1280 2815 3062 1296 2945
3327 1280 2815 3294 1289 2924
3583 1280 2815 3522 1275 2904
3839 1280 2815 3735 1274 2877
4095 1280 2815 3937 1280 2848
0 1536 2815 613 1584 2900
256 1536 2815 667 1584 2905
512 1536 2815 763 1585 2913
768 1536 2815 919 1585 2927
1024 1536 2815 1118 1584 2950
1280 1536 2815 1333 1583 2973
1536 1536 2815 1574 1578 2995
1792 1536 2815 1826 1575 2999
2048 1536 2815 2084 1573 2992
2303 1536 2815 2337 1572 2984
2559 1536 2815 2589 1571 2974
2815 1536 2815 2837 1571 2962
3071 1536 2815 3075 1561 2944
3327 1536 2815 3309 1549 2924
3583 1536 2815 3530 1540 2899
3839 1536 2815 3741 1536 2873
4095 1536 2815 3944 1536 2844
0 1792 2815 709 1850 2903
256 1792 2815 763 1850 2904
512 1792 2815 858 1850 2905
768 1792 2815 1011 1851 2908
1024 1792 2815 1200 1852 2917
1280 1792 2815 1403 1852 2929
1536 1792 2815 1624 1852 2948
1792 1792 2815 1859 1851 2953
2048 1792 2815 2103 1851 2948
2303 1792 2815 2347 1851 2946
2559 1792 2815 2592 1850 2944
2815 1792 2815 2838 1847 2941
3071 1792 2815 3078 1833 2931
3327 1792 2815 3314 1817 2916
3583 1792 2815 3535 1806 2892
3839 1792 2815 3747 1798 2866
4095 1792 2815 3952 1792 2840
0 2048 2815 807 2114 2901
256 2048 2815 867 2114 2897
512 2048 2815 965 2114 2890
768 2048 2815 1122 2114 2879
1024 2048 2815 1302 2116 2874
1280 2048 2815 1491 2118 2875
1536 2048 2815 1689 2121 2889
1792 2048 2815 1903 2123 2895
2048 2048 2815 2129 2126 2895
2303 2048 2815 2357 2130 2894
2559 2048 2815 2591 2132 2899
2815 2048 2815 2833 2128 2910
3071 2048 2815 3074 2111 2910
3327 2048 2815 3313 2091 2902
3583 2048 2815 3538 2074 2882
3839 2048 2815 3753 2060 2859
4095 2048 2815 3962 2048 2835
0 2303 2815 879 2376 2903
256 2303 2815 953 2374 2895
512 2303 2815 1071 2372 2882
768 2303 2815 1255 2368 2861
1024 2303 2815 1413 2370 2861
1280 2303 2815 1570 2373 2868
1536 2303 2815 1749 2377 2882
1792 2303 2815 1949 2380 2891
2048 2303 2815 2163 2383 2896
2303 2303 2815 2390 2387 2887
2559 2303 2815 2613 2391 2883
2815 2303 2815 2832 2396 2888
3071 2303 2815 3064 2383 2893
3327 2303 2815 3296 2367 2895
3583 2303 2815 3510 2357 2880
3839 2303 2815 3738 2335 2857
4095 2303 2815 3973 2303 2829
0 2559 2815 955 2637 2901
256 2559 2815 1029 2635 2894
512 2559 2815 1147 2632 2881
768 2559 2815 1333 2626 2860
1024 2559 2815 1487 2627 2861
1280 2559 2815 1638 2629 2868
1536 2559 2815 1807 2633 2879
1792 2559 2815 1996 2636 2888
2048 2559 2815 2197 2639 2896
2303 2559 2815 2427 2641 2885
2559 2559 2815 2646 2646 2879
2815 2559 2815 2851 2656 2882
3071 2559 2815 3065 2650 2890
3327 2559 2815 3278 2641 2897
3583 2559 2815 3481 2638 2890
3839 2559 2815 3701 2619 2874
4095 2559 2815 3932 2590 2851
0 2815 2815 1039 2896 2895
256 2815 2815 1088 2896 2893
512 2815 2815 1176 2894 2890
768 2815 2815 1324 2890 2883
1024 2815 2815 1503 2887 2880
1280 2815 2815 1687 2885 2879
1536 2815 2815 1860 2887 2884
1792 2815 2815 2043 2891 2889
2048 2815 2815 2233 2895 2894
2303 2815 2815 2471 2892 2892
2559 2815 2815 2696 2893 2893
2815 2815 2815 2900 2900 2900
3071 2815 2815 3081 2906 2907
3327 2815 2815 3260 2910 2914
3583 2815 2815 3450 2914 2918
3839 2815 2815 3634 2918 2918
4095 2815 2815 3813 2924 2915
0 3071 2815 1111 3142 2875
256 3071 2815 1149 3143 2875
512 3071 2815 1221 3142 2875
768 3071 2815 1345 3140 2873
1024 3071 2815 1512 3137 2872
1280 3071 2815 1691 3135 2871
1536 3071 2815 1872 3136 2873
1792 3071 2815 2065 3138 2876
2048 3071 2815 2265 3139 2880
2303 3071 2815 2488 3138 2880
2559 3071 2815 2711 3137 2887
2815 3071 2815 2935 3137 2906
3071 3071 2815 3128 3143 2915
3327 3071 2815 3317 3148 2917
3583 3071 2815 3519 3144 2897
3839 3071 2815 3694 3149 2908
4095 3071 2815 3851 3160 2939
0 3327 2815 1179 3385 2851
256 3327 2815 1211 3385 2852
512 3327 2815 1272 3385 2852
768 3327 2815 1377 3385 2853
1024 3327 2815 1525 3384 2854
1280 3327 2815 1689 3383 2854
1536 3327 2815 1874 3383 2855
1792 3327 2815 2073 3383 2856
2048 3327 2815 2283 3382 2857
2303 3327 2815 2490 3384 2856
2559 3327 2815 2712 3383 2866
2815 3327 2815 2955 3375 2894
3071 3327 2815 3173 3377 2911
3327 3327 2815 3385 3378 2914
3583 3327 2815 3598 3368 2875
3839 3327 2815 3776 3368 2890
4095 3327 2815 3929 3375 2941
0 3583 2815 1244 3623 2824
256 3583 2815 1273 3624 2824
512 3583 2815 1328 3624 2824
768 3583 2815 1422 3624 2825
1024 3583 2815 1557 3624 2825
1280 3583 2815 1705 3625 2824
1536 3583 2815 1872 3628 2820
1792 3583 2815 2055 3630 2815
2048 3583 2815 2249 3632 2809
2303 3583 2815 2460 3634 2803
2559 3583 2815 2686 3633 2806
2815 3583 2815 2931 3627 2822
3071 3583 2815 3175 3619 2864
3327 3583 2815 3412 3613 2902
3583 3583 2815 3623 3613 2895
3839 3583 2815 3818 3609 2894
4095 3583 2815 4003 3602 2898
0 3839 2815 1315 3849 2790
256 3839 2815 1340 3851 2791
512 3839 2815 1388 3855 2792
768 3839 2815 1472 3859 2794
1024 3839 2815 1598 3861 2794
1280 3839 2815 1739 3862 2793
1536 3839 2815 1902 3864 2789
1792 3839 2815 2080 3866 2785
2048 3839 2815 2269 3868 2780
2303 3839 2815 2480 3869 2775
2559 3839 2815 2700 3869 2774
2815 3839 2815 2936 3865 2781
3071 3839 2815 3178 3858 2814
3327 3839 2815 3416 3852 2847
3583 3839 2815 3633 3855 2850
3839 3839 2815 3844 3850 2845
4095 3839 2815 4052 3839 2835
0 4095 2815 1389 4067 2751
256 4095 2815 1410 4072 2753
512 4095 2815 1452 4080 2757
768 4095 2815 1525 4092 2761
1024 4095 2815 1646 4095 2762
1280 4095 2815 1785 4095 2762
1536 4095 2815 1952 4095 2762
1792 4095 2815 2134 4095 2762
2048 4095 2815 2326 4095 2762
2303 4095 2815 2531 4095 2762
2559 4095 2815 2742 4095 2762
2815 4095 2815 2959 4095 2762
3071 4095 2815 3181 4095 2762
3327 4095 2815 3405 4095 2762
3583 4095 2815 3633 4095 2762
3839 4095 2815 3859 4091 2761
4095 4095 2815 4084 4084 2758
0 0 3071 313 186 3098
256 0 3071 395 156 3103
512 0 3071 529 104 3108
768 0 3071 742 17 3114
1024 0 3071 984 28 3117
1280 0 3071 1234 69 3122
1536 0 3071 1488 134 3131
1792 0 3071 1744 190 3142
2048 0 3071 2000 238 3153
2303 0 3071 2251 268 3160
2559 0 3071 2502 295 3165
2815 0 3071 2752 318 3169
3071 0 3071 2996 325 3167
3327 0 3071 3237 321 3162
3583 0 3071 3469 285 3149
3839 0 3071 3692 260 3129
4095 0 3071 3909 241 3105
0 256 3071 202 325 3108
256 256 3071 328 311 3115
512 256 3071 496 286 3124
768 256 3071 725 246 3135
1024 256 3071 977 252 3140
1280 256 3071 1234 273 3143
1536 256 3071 1493 307 3151
1792 256 3071 1750 338 3158
2048 256 3071 2006 367 3165
2303 256 3071 2256 388 3169
2559 256 3071 2507 407 3172
2815 256 3071 2757 425 3174
3071 256 3071 3001 431 3171
3327 256 3071 3241 429 3165
3583 256 3071 3473 402 3151
3839 256 3071 3697 379 3131
4095 256 3071 3916 357 3109
0 512 3071 180 514 3116
256 512 3071 319 509 3125
512 512 3071 494 503 3137
768 512 3071 725 492 3156
1024 512 3071 977 492 3170
1280 512 3071 1236 496 3182
1536 512 3071 1498 509 3185
1792 512 3071 1758 523 3187
2048 512 3071 2014 537 3188
2303 512 3071 2266 550 3187
2559 512 3071 2517 563 3186
2815 512 3071 2766 577 3184
3071 512 3071 3009 581 3178
3327 512 3071 3248 580 3170
3583 512 3071 3479 561 3154
3839 512 3071 3703 543 3134
4095 512 3071 3922 525 3111
0 768 3071 292 775 3122
256 768 3071 395 773 3130
512 768 3071 541 770 3146
768 768 3071 750 765 3174
1024 768 3071 988 757 3213
1280 768 3071 1237 750 3246
1536 768 3071 1506 754 3242
1792 768 3071 1770 760 3234
2048 768 3071 2029 767 3225
2303 768 3071 2281 776 3215
2559 768 3071 2532 785 3207
2815 768 3071 2780 795 3200
3071 768 3071 3022 799 3190
3327 768 3071 3261 798 3178
3583 768 3071 3490 785 3160
3839 768 3071 3712 776 3137
4095 768 3071 3927 770 3112
0 1024 3071 411 1044 3136
256 1024 3071 491 1043 3143
512 1024 3071 613 1042 3158
768 1024 3071 800 1039 3184
1024 1024 3071 1021 1032 3224
1280 1024 3071 1257 1025 3259
1536 1024 3071 1520 1023 3263
1792 1024 3071 1782 1023 3260
2048 1024 3071 2043 1023 3251
2303 1024 3071 2297 1028 3239
2559 1024 3071 2549 1032 3227
2815 1024 3071 2798 1039 3216
3071 1024 3071 3039 1040 3202
3327 1024 3071 3276 1038 3186
3583 1024 3071 3506 1025 3167
3839 1024 3071 3723 1021 3141
4095 1024 3071 3932 1024 3110
0 1280 3071 525 1314 3151
256 1280 3071 587 1314 3157
512 1280 3071 690 1313 3169
768 1280 3071 856 1312 3190
1024 1280 3071 1061 1308 3223
1280 1280 3071 1284 1303 3255
1536 1280 3071 1538 1297 3269
1792 1280 3071 1797 1293 3271
2048 1280 3071 2057 1289 3266
2303 1280 3071 2312 1289 3254
2559 1280 3071 2565 1290 3241
2815 1280 3071 2814 1292 3228
3071 1280 3071 3056 1291 3212
3327 1280 3071 3293 1287 3194
3583 1280 3071 3522 1272 3172
3839 1280 3071 3735 1272 3143
4095 1280 3071 3937 1280 3108
0 1536 3071 612 1579 3156
256 1536 3071 666 1579 3161
512 1536 3071 760 1579 3169
768 1536 3071 915 1579 3184
1024 1536 3071 1111 1577 3206
1280 1536 3071 1324 1575 3229
1536 1536 3071 1565 1572 3245
1792 1536 3071 1815 1569 3248
2048 1536 3071 2070 1567 3243
2303 1536 3071 2322 1564 3238
2559 1536 3071 2574 1562 3232
2815 1536 3071 2825 1561 3224
3071 1536 3071 3070 1554 3213
3327 1536 3071 3310 1544 3198
3583 1536 3071 3532 1535 3170
3839 1536 3071 3742 1533 3139
4095 1536 3071 3944 1536 3105
0 1792 3071 696 1842 3159
256 1792 3071 749 1842 3160
512 1792 3071 841 1843 3163
768 1792 3071 993 1843 3167
1024 1792 3071 1182 1843 3178
1280 1792 3071 1386 1843 3191
1536 1792 3071 1610 1842 3207
1792 1792 3071 1846 1841 3212
2048 1792 3071 2089 1841 3210
2303 1792 3071 2335 1839 3209
2559 1792 3071 2582 1837 3208
2815 1792 3071 2830 1834 3208
3071 1792 3071 3077 1823 3203
3327 1792 3071 3318 1810 3193
3583 1792 3071 3539 1800 3164
3839 1792 3071 3749 1795 3133
4095 1792 3071 3952 1792 3101
0 2048 3071 779 2105 3159
256 2048 3071 834 2105 3156
512 2048 3071 930 2105 3152
768 2048 3071 1084 2105 3145
1024 2048 3071 1268 2107 3143
1280 2048 3071 1461 2108 3145
1536 2048 3071 1665 2110 3160
1792 2048 3071 1885 2111 3167
2048 2048 3071 2114 2112 3168
2303 2048 3071 2349 2113 3170
2559 2048 3071 2588 2112 3174
2815 2048 3071 2832 2109 3183
3071 2048 3071 3079 2096 3185
3327 2048 3071 3322 2081 3180
3583 2048 3071 3544 2068 3154
3839 2048 3071 3756 2057 3126
4095 2048 3071 3962 2048 3097
0 2303 3071 861 2364 3156
256 2303 3071 926 2364 3151
512 2303 3071 1034 2362 3141
768 2303 3071 1205 2360 3124
1024 2303 3071 1376 2362 3120
1280 2303 3071 1551 2364 3121
1536 2303 3071 1739 2367 3131
1792 2303 3071 1942 2369 3140
2048 2303 3071 2154 2371 3148
2303 2303 3071 2381 2373 3144
2559 2303 3071 2609 2376 3144
2815 2303 3071 2838 2378 3148
3071 2303 3071 3078 2368 3156
3327 2303 3071 3316 2355 3159
3583 2303 3071 3537 2340 3140
3839 2303 3071 3756 2323 3117
4095 2303 3071 3973 2303 3091
0 2559 3071 945 2625 3153
256 2559 3071 1010 2624 3147
512 2559 3071 1118 2622 3136
768 2559 3071 1291 2618 3117
1024 2559 3071 1461 2618 3110
1280 2559 3071 1632 2619 3108
1536 2559 3071 1807 2623 3115
1792 2559 3071 1996 2626 3125
2048 2559 3071 2192 2629 3136
2303 2559 3071 2416 2631 3131
2559 2559 3071 2638 2635 3129
2815 2559 3071 2856 2641 3132
3071 2559 3071 3082 2636 3140
3327 2559 3071 3307 2628 3146
3583 2559 3071 3523 2615 3135
3839 2559 3071 3739 2598 3119
4095 2559 3071 3955 2577 3102
0 2815 3071 1029 2884 3148
256 2815 3071 1080 2884 3146
512 2815 3071 1172 2882 3140
768 2815 3071 1324 2879 3130
1024 2815 3071 1511 2876 3120
1280 2815 3071 1701 2874 3113
1536 2815 3071 1866 2877 3120
1792 2815 3071 2043 2881 3128
2048 2815 3071 2229 2885 3138
2303 2815 3071 2454 2884 3137
2559 2815 3071 2676 2886 3139
2815 2815 3071 2891 2890 3142
3071 2815 3071 3093 2895 3145
3327 2815 3071 3293 2898 3147
3583 2815 3071 3498 2892 3142
3839 2815 3071 3697 2886 3139
4095 2815 3071 3892 2878 3136
0 3071 3071 1107 3137 3135
256 3071 3071 1148 3137 3134
512 3071 3071 1225 3136 3132
768 3071 3071 1356 3134 3128
1024 3071 3071 1530 3131 3122
1280 3071 3071 1714 3128 3117
1536 3071 3071 1894 3129 3120
1792 3071 3071 2080 3131 3125
2048 3071 3071 2270 3133 3132
2303 3071 3071 2483 3134 3133
2559 3071 3071 2702 3134 3136
2815 3071 3071 2930 3134 3143
3071 3071 3071 3135 3139 3148
3327 3071 3071 3333 3144 3149
3583 3071 3071 3532 3139 3137
3839 3071 3071 3713 3139 3145
4095 3071 3071 3883 3143 3166
0 3327 3071 1181 3385 3118
256 3327 3071 1215 3385 3118
512 3327 3071 1279 3385 3118
768 3327 3071 1390 3384 3118
1024 3327 3071 1544 3382 3117
1280 3327 3071 1715 3380 3116
1536 3327 3071 1907 3379 3115
1792 3327 3071 2102 3379 3116
2048 3327 3071 2299 3380 3119
2303 3327 3071 2502 3382 3120
2559 3327 3071 2720 3382 3125
2815 3327 3071 2960 3376 3135
3071 3327 3071 3176 3379 3146
3327 3327 3071 3383 3382 3152
3583 3327 3071 3579 3378 3135
3839 3327 3071 3750 3382 3149
4095 3327 3071 3903 3392 3184
0 3583 3071 1246 3623 3091
256 3583 3071 1275 3624 3091
512 3583 3071 1332 3624 3092
768 3583 3071 1431 3623 3092
1024 3583 3071 1569 3623 3092
1280 3583 3071 1722 3623 3091
1536 3583 3071 1892 3625 3089
1792 3583 3071 2076 3626 3087
2048 3583 3071 2269 3628 3085
2303 3583 3071 2491 3627 3085
2559 3583 3071 2717 3625 3089
2815 3583 3071 2951 3622 3097
3071 3583 3071 3187 3616 3128
3327 3583 3071 3417 3612 3158
3583 3583 3071 3619 3616 3158
3839 3583 3071 3810 3614 3155
4095 3583 3071 3993 3609 3151
0 3839 3071 1315 3851 3058
256 3839 3071 1340 3853 3058
512 3839 3071 1390 3855 3060
768 3839 3071 1477 3858 3061
1024 3839 3071 1605 3860 3062
1280 3839 3071 1748 3861 3062
1536 3839 3071 1911 3862 3061
1792 3839 3071 2091 3864 3059
2048 3839 3071 2283 3865 3056
2303 3839 3071 2503 3864 3056
2559 3839 3071 2726 3862 3058
2815 3839 3071 2951 3861 3063
3071 3839 3071 3187 3855 3087
3327 3839 3071 3421 3851 3114
3583 3839 3071 3639 3853 3129
3839 3839 3071 3848 3849 3127
4095 3839 3071 4050 3841 3115
0 4095 3071 1387 4071 3020
256 4095 3071 1408 4074 3021
512 4095 3071 1451 4080 3024
768 4095 3071 1527 4089 3028
1024 4095 3071 1647 4093 3030
1280 4095 3071 1785 4095 3031
1536 4095 3071 1952 4095 3031
1792 4095 3071 2134 4095 3031
2048 4095 3071 2326 4095 3031
2303 4095 3071 2531 4095 3031
2559 4095 3071 2742 4095 3031
2815 4095 3071 2959 4095 3031
3071 4095 3071 3181 4095 3031
3327 4095 3071 3407 4094 3037
3583 4095 3071 3646 4089 3065
3839 4095 3071 3871 4086 3077
4095 4095 3071 4087 4084 3078
0 0 3327 344 204 3354
256 0 3327 420 179 3359
512 0 3327 546 127 3366
768 0 3327 748 35 3375
1024 0 3327 989 68 3381
1280 0 3327 1241 128 3388
1536 0 3327 1497 176 3398
1792 0 3327 1749 211 3406
2048 0 3327 1999 237 3412
2303 0 3327 2247 259 3415
2559 0 3327 2496 280 3419
2815 0 3327 2744 299 3421
3071 0 3327 2991 314 3422
3327 0 3327 3235 319 3420
3583 0 3327 3469 287 3408
3839 0 3327 3691 275 3387
4095 0 3327 3905 277 3360
0 256 3327 222 333 3368
256 256 3327 343 321 3375
512 256 3327 505 297 3383
768 256 3327 729 255 3395
1024 256 3327 983 272 3403
1280 256 3327 1243 303 3411
1536 256 3327 1499 328 3416
1792 256 3327 1752 348 3421
2048 256 3327 2003 365 3423
2303 256 3327 2251 381 3425
2559 256 3327 2500 396 3426
2815 256 3327 2748 410 3427
3071 256 3327 2995 422 3427
3327 256 3327 3239 427 3424
3583 256 3327 3472 403 3411
3839 256 3327 3696 385 3391
4095 256 3327 3914 371 3367
0 512 3327 201 517 3380
256 512 3327 334 513 3388
512 512 3327 505 507 3399
768 512 3327 731 497 3416
1024 512 3327 984 500 3432
1280 512 3327 1242 507 3446
1536 512 3327 1500 516 3447
1792 512 3327 1756 525 3447
2048 512 3327 2009 534 3445
2303 512 3327 2258 544 3442
2559 512 3327 2508 555 3439
2815 512 3327 2756 565 3437
3071 512 3327 3002 575 3435
3327 512 3327 3246 578 3430
3583 512 3327 3478 562 3415
3839 512 3327 3703 544 3395
4095 512 3327 3922 526 3371
0 768 3327 331 782 3391
256 768 3327 427 781 3399
512 768 3327 564 778 3414
768 768 3327 765 772 3439
1024 768 3327 995 763 3472
1280 768 3327 1239 756 3499
1536 768 3327 1502 756 3497
1792 768 3327 1762 759 3490
2048 768 3327 2019 764 3480
2303 768 3327 2270 770 3470
2559 768 3327 2520 778 3461
2815 768 3327 2769 786 3454
3071 768 3327 3015 793 3448
3327 768 3327 3257 796 3439
3583 768 3327 3489 785 3422
3839 768 3327 3711 776 3399
4095 768 3327 3927 770 3372
0 1024 3327 433 1047 3400
256 1024 3327 509 1046 3407
512 1024 3327 626 1044 3421
768 1024 3327 807 1041 3445
1024 1024 3327 1023 1033 3479
1280 1024 3327 1255 1025 3507
1536 1024 3327 1514 1023 3507
1792 1024 3327 1773 1022 3503
2048 1024 3327 2030 1023 3495
2303 1024 3327 2282 1024 3488
2559 1024 3327 2534 1026 3480
2815 1024 3327 2784 1030 3470
3071 1024 3327 3030 1035 3461
3327 1024 3327 3272 1036 3449
3583 1024 3327 3505 1023 3432
3839 1024 3327 3723 1020 3404
4095 1024 3327 3932 1024 3371
0 1280 3327 526 1311 3408
256 1280 3327 587 1311 3414
512 1280 3327 689 1310 3425
768 1280 3327 853 1308 3445
1024 1280 3327 1057 1303 3474
1280 1280 3327 1279 1298 3500
1536 1280 3327 1531 1295 3504
1792 1280 3327 1786 1293 3504
2048 1280 3327 2041 1290 3501
2303 1280 3327 2294 1286 3498
2559 1280 3327 2547 1284 3492
2815 1280 3327 2798 1284 3482
3071 1280 3327 3045 1285 3472
3327 1280 3327 3288 1283 3459
3583 1280 3327 3520 1269 3439
3839 1280 3327 3735 1270 3408
4095 1280 3327 3937 1280 3368
0 1536 3327 607 1573 3410
256 1536 3327 661 1573 3415
512 1536 3327 755 1572 3423
768 1536 3327 908 1572 3437
1024 1536 3327 1104 1570 3458
1280 1536 3327 1316 1567 3479
1536 1536 3327 1557 1565 3486
1792 1536 3327 1804 1563 3488
2048 1536 3327 2055 1561 3485
2303 1536 3327 2305 1558 3483
2559 1536 3327 2556 1555 3481
2815 1536 3327 2808 1552 3478
3071 1536 3327 3059 1546 3474
3327 1536 3327 3305 1540 3466
3583 1536 3327 3532 1531 3439
3839 1536 3327 3743 1530 3405
4095 1536 3327 3944 1536 3365
0 1792 3327 687 1833 3410
256 1792 3327 738 1833 3413
512 1792 3327 827 1834 3417
768 1792 3327 974 1834 3425
1024 1792 3327 1162 1834 3438
1280 1792 3327 1366 1833 3451
1536 1792 3327 1594 1832 3462
1792 1792 3327 1831 1831 3465
2048 1792 3327 2074 1830 3463
2303 1792 3327 2319 1828 3463
2559 1792 3327 2567 1824 3464
2815 1792 3327 2816 1820 3466
3071 1792 3327 3069 1812 3467
3327 1792 3327 3316 1804 3463
3583 1792 3327 3540 1795 3434
3839 1792 3327 3751 1792 3400
4095 1792 3327 3952 1792 3362
0 2048 3327 768 2093 3409
256 2048 3327 817 2094 3409
512 2048 3327 903 2094 3410
768 2048 3327 1048 2095 3410
1024 2048 3327 1229 2096 3414
1280 2048 3327 1425 2097 3420
1536 2048 3327 1637 2098 3432
1792 2048 3327 1863 2098 3437
2048 2048 3327 2098 2097 3435
2303 2048 3327 2336 2096 3440
2559 2048 3327 2579 2093 3444
2815 2048 3327 2825 2089 3450
3071 2048 3327 3076 2081 3454
3327 2048 3327 3323 2072 3453
3583 2048 3327 3547 2061 3426
3839 2048 3327 3759 2053 3394
4095 2048 3327 3962 2048 3358
0 2303 3327 850 2352 3406
256 2303 3327 902 2352 3404
512 2303 3327 994 2352 3399
768 2303 3327 1145 2352 3391
1024 2303 3327 1328 2353 3384
1280 2303 3327 1520 2354 3381
1536 2303 3327 1720 2355 3386
1792 2303 3327 1928 2357 3393
2048 2303 3327 2142 2358 3400
2303 2303 3327 2369 2359 3404
2559 2303 3327 2600 2359 3408
2815 2303 3327 2836 2358 3413
3071 2303 3327 3079 2353 3422
3327 2303 3327 3321 2346 3426
3583 2303 3327 3549 2330 3409
3839 2303 3327 3765 2316 3384
4095 2303 3327 3973 2303 3353
0 2559 3327 932 2611 3402
256 2559 3327 985 2611 3399
512 2559 3327 1080 2610 3391
768 2559 3327 1235 2609 3378
1024 2559 3327 1420 2609 3365
1280 2559 3327 1611 2609 3355
1536 2559 3327 1795 2612 3358
1792 2559 3327 1988 2614 3366
2048 2559 3327 2185 2617 3377
2303 2559 3327 2403 2619 3382
2559 2559 3327 2625 2621 3386
2815 2559 3327 2853 2623 3389
3071 2559 3327 3087 2621 3397
3327 2559 3327 3322 2616 3401
3583 2559 3327 3549 2599 3391
3839 2559 3327 3770 2580 3373
4095 2559 3327 3986 2559 3348
0 2815 3327 1015 2869 3397
256 2815 3327 1066 2869 3394
512 2815 3327 1158 2868 3388
768 2815 3327 1312 2866 3376
1024 2815 3327 1502 2863 3361
1280 2815 3327 1695 2862 3349
1536 2815 3327 1860 2865 3356
1792 2815 3327 2038 2868 3365
2048 2815 3327 2226 2872 3374
2303 2815 3327 2438 2874 3379
2559 2815 3327 2655 2876 3383
2815 2815 3327 2880 2877 3384
3071 2815 3327 3104 2881 3383
3327 2815 3327 3328 2881 3380
3583 2815 3327 3547 2869 3373
3839 2815 3327 3771 2846 3360
4095 2815 3327 3999 2816 3341
0 3071 3327 1099 3127 3391
256 3071 3327 1143 3127 3390
512 3071 3327 1223 3126 3386
768 3071 3327 1359 3124 3379
1024 3071 3327 1537 3121 3369
1280 3071 3327 1724 3119 3361
1536 3071 3327 1906 3119 3363
1792 3071 3327 2089 3121 3368
2048 3071 3327 2272 3125 3374
2303 3071 3327 2475 3127 3379
2559 3071 3327 2690 3129 3381
2815 3071 3327 2922 3127 3380
3071 3071 3327 3140 3132 3381
3327 3071 3327 3351 3135 3381
3583 3071 3327 3550 3130 3379
3839 3071 3327 3748 3122 3375
4095 3071 3327 3944 3110 3368
0 3327 3327 1180 3382 3381
256 3327 3327 1215 3382 3381
512 3327 3327 1283 3381 3380
768 3327 3327 1400 3380 3377
1024 3327 3327 1560 3378 3374
1280 3327 3327 1737 3375 3371
1536 3327 3327 1935 3373 3367
1792 3327 3327 2124 3374 3368
2048 3327 3327 2307 3376 3371
2303 3327 3327 2508 3379 3376
2559 3327 3327 2724 3379 3377
2815 3327 3327 2960 3375 3374
3071 3327 3327 3175 3378 3380
3327 3327 3327 3380 3383 3387
3583 3327 3327 3564 3385 3390
3839 3327 3327 3737 3390 3392
4095 3327 3327 3903 3397 3394
0 3583 3327 1246 3623 3357
256 3583 3327 1277 3623 3357
512 3583 3327 1336 3623 3357
768 3583 3327 1439 3622 3356
1024 3583 3327 1582 3621 3356
1280 3583 3327 1740 3620 3355
1536 3583 3327 1913 3621 3354
1792 3583 3327 2098 3622 3353
2048 3583 3327 2293 3623 3354
2303 3583 3327 2521 3620 3359
2559 3583 3327 2746 3618 3362
2815 3583 3327 2965 3618 3363
3071 3583 3327 3193 3615 3375
3327 3583 3327 3416 3614 3389
3583 3583 3327 3615 3620 3395
3839 3583 3327 3805 3619 3391
4095 3583 3327 3988 3614 3381
0 3839 3327 1313 3854 3325
256 3839 3327 1340 3855 3326
512 3839 3327 1392 3856 3327
768 3839 3327 1482 3857 3328
1024 3839 3327 1612 3858 3329
1280 3839 3327 1757 3860 3330
1536 3839 3327 1922 3861 3330
1792 3839 3327 2105 3862 3329
2048 3839 3327 2302 3862 3329
2303 3839 3327 2528 3859 3332
2559 3839 3327 2751 3857 3335
2815 3839 3327 2969 3856 3337
3071 3839 3327 3197 3854 3347
3327 3839 3327 3426 3851 3361
3583 3839 3327 3645 3852 3384
3839 3839 3327 3851 3850 3389
4095 3839 3327 4048 3845 3382
0 4095 3327 1381 4079 3289
256 4095 3327 1404 4081 3290
512 4095 3327 1450 4083 3292
768 4095 3327 1528 4087 3294
1024 4095 3327 1647 4092 3297
1280 4095 3327 1785 4095 3299
1536 4095 3327 1952 4095 3299
1792 4095 3327 2134 4095 3299
2048 4095 3327 2326 4095 3299
2303 4095 3327 2531 4095 3299
2559 4095 3327 2746 4094 3300
2815 4095 3327 2971 4092 3302
3071 4095 3327 3193 4092 3303
3327 4095 3327 3417 4091 3313
3583 4095 3327 3661 4083 3363
3839 4095 3327 3883 4082 3386
4095 4095 3327 4090 4086 3391
0 0 3583 393 233 3615
256 0 3583 462 213 3621
512 0 3583 579 177 3630
768 0 3583 767 116 3643
1024 0 3583 1002 128 3649
1280 0 3583 1249 157 3653
1536 0 3583 1497 181 3658
1792 0 3583 1745 201 3661
2048 0 3583 1992 218 3664
2303 0 3583 2238 233 3666
2559 0 3583 2485 248 3668
2815 0 3583 2732 262 3669
3071 0 3583 2978 275 3670
3327 0 3583 3224 284 3669
3583 0 3583 3465 278 3665
3839 0 3583 3692 274 3647
4095 0 3583 3908 270 3620
0 256 3583 285 351 3633
256 256 3583 389 341 3640
512 256 3583 536 324 3650
768 256 3583 750 296 3663
1024 256 3583 994 301 3669
1280 256 3583 1246 315 3673
1536 256 3583 1497 328 3674
1792 256 3583 1746 340 3675
2048 256 3583 1995 351 3676
2303 256 3583 2241 362 3675
2559 256 3583 2489 373 3675
2815 256 3583 2735 383 3675
3071 256 3583 2982 393 3674
3327 256 3583 3227 400 3673
3583 256 3583 3468 396 3668
3839 256 3583 3697 382 3652
4095 256 3583 3918 360 3628
0 512 3583 257 526 3647
256 512 3583 372 522 3654
512 512 3583 528 516 3665
768 512 3583 748 509 3681
1024 512 3583 993 508 3691
1280 512 3583 1244 511 3697
1536 512 3583 1497 515 3697
1792 512 3583 1748 520 3696
2048 512 3583 1999 525 3694
2303 512 3583 2247 532 3691
2559 512 3583 2495 538 3688
2815 512 3583 2742 546 3685
3071 512 3583 2988 553 3683
3327 512 3583 3233 559 3679
3583 512 3583 3474 557 3673
3839 512 3583 3703 541 3656
4095 512 3583 3925 516 3632
0 768 3583 349 785 3653
256 768 3583 439 783 3660
512 768 3583 571 779 3673
768 768 3583 767 773 3696
1024 768 3583 999 767 3715
1280 768 3583 1243 762 3729
1536 768 3583 1498 761 3728
1792 768 3583 1752 760 3726
2048 768 3583 2006 761 3722
2303 768 3583 2255 763 3716
2559 768 3583 2505 766 3710
2815 768 3583 2753 771 3703
3071 768 3583 2999 776 3697
3327 768 3583 3244 781 3690
3583 768 3583 3485 781 3681
3839 768 3583 3711 776 3661
4095 768 3583 3928 769 3632
0 1024 3583 432 1045 3657
256 1024 3583 507 1043 3663
512 1024 3583 623 1041 3676
768 1024 3583 802 1036 3697
1024 1024 3583 1022 1031 3717
1280 1024 3583 1258 1026 3732
1536 1024 3583 1510 1024 3732
1792 1024 3583 1763 1023 3730
2048 1024 3583 2015 1022 3727
2303 1024 3583 2265 1021 3722
2559 1024 3583 2515 1021 3718
2815 1024 3583 2763 1022 3712
3071 1024 3583 3011 1023 3706
3327 1024 3583 3257 1024 3700
3583 1024 3583 3499 1019 3692
3839 1024 3583 3722 1020 3667
4095 1024 3583 3932 1024 3630
0 1280 3583 512 1304 3660
256 1280 3583 575 1304 3665
512 1280 3583 678 1302 3676
768 1280 3583 843 1300 3694
1024 1280 3583 1053 1297 3712
1280 1280 3583 1279 1294 3727
1536 1280 3583 1527 1292 3727
1792 1280 3583 1776 1290 3726
2048 1280 3583 2026 1289 3724
2303 1280 3583 2275 1286 3722
2559 1280 3583 2524 1284 3720
2815 1280 3583 2774 1282 3716
3071 1280 3583 3022 1279 3713
3327 1280 3583 3270 1274 3709
3583 1280 3583 3514 1265 3701
3839 1280 3583 3734 1268 3672
4095 1280 3583 3937 1280 3629
0 1536 3583 591 1563 3659
256 1536 3583 646 1563 3664
512 1536 3583 741 1562 3672
768 1536 3583 896 1561 3685
1024 1536 3583 1095 1560 3701
1280 1536 3583 1311 1558 3714
1536 1536 3583 1551 1557 3716
1792 1536 3583 1794 1556 3715
2048 1536 3583 2040 1554 3714
2303 1536 3583 2286 1552 3712
2559 1536 3583 2534 1550 3711
2815 1536 3583 2783 1547 3710
3071 1536 3583 3032 1542 3710
3327 1536 3583 3280 1536 3708
3583 1536 3583 3523 1528 3700
3839 1536 3583 3742 1529 3670
4095 1536 3583 3944 1536 3626
0 1792 3583 670 1822 3658
256 1792 3583 721 1822 3661
512 1792 3583 810 1822 3666
768 1792 3583 957 1822 3674
1024 1792 3583 1146 1821 3686
1280 1792 3583 1351 1821 3697
1536 1792 3583 1582 1820 3700
1792 1792 3583 1819 1819 3701
2048 1792 3583 2059 1818 3700
2303 1792 3583 2302 1817 3700
2559 1792 3583 2546 1814 3701
2815 1792 3583 2793 1811 3702
3071 1792 3583 3042 1806 3703
3327 1792 3583 3290 1800 3703
3583 1792 3583 3532 1792 3695
3839 1792 3583 3750 1790 3666
4095 1792 3583 3952 1792 3623
0 2048 3583 750 2080 3655
256 2048 3583 798 2080 3657
512 2048 3583 882 2081 3659
768 2048 3583 1024 2082 3661
1024 2048 3583 1203 2082 3670
1280 2048 3583 1397 2083 3678
1536 2048 3583 1618 2083 3682
1792 2048 3583 1847 2082 3683
2048 2048 3583 2081 2082 3683
2303 2048 3583 2319 2080 3686
2559 2048 3583 2560 2078 3688
2815 2048 3583 2804 2075 3691
3071 2048 3583 3051 2070 3694
3327 2048 3583 3298 2064 3695
3583 2048 3583 3541 2056 3689
3839 2048 3583 3759 2051 3661
4095 2048 3583 3962 2048 3619
0 2303 3583 831 2337 3652
256 2303 3583 879 2337 3651
512 2303 3583 964 2338 3650
768 2303 3583 1106 2338 3647
1024 2303 3583 1281 2339 3648
1280 2303 3583 1469 2340 3651
1536 2303 3583 1675 2341 3656
1792 2303 3583 1892 2341 3659
2048 2303 3583 2116 2341 3661
2303 2303 3583 2347 2341 3663
2559 2303 3583 2581 2340 3666
2815 2303 3583 2819 2339 3670
3071 2303 3583 3061 2335 3675
3327 2303 3583 3305 2330 3679
3583 2303 3583 3548 2320 3677
3839 2303 3583 3768 2311 3653
4095 2303 3583 3973 2303 3614
0 2559 3583 913 2595 3648
256 2559 3583 961 2595 3646
512 2559 3583 1047 2595 3642
768 2559 3583 1189 2595 3634
1024 2559 3583 1363 2596 3630
1280 2559 3583 1547 2597 3627
1536 2559 3583 1741 2598 3632
1792 2559 3583 1947 2599 3634
2048 2559 3583 2163 2600 3633
2303 2559 3583 2385 2601 3636
2559 2559 3583 2610 2602 3640
2815 2559 3583 2840 2602 3644
3071 2559 3583 3075 2601 3650
3327 2559 3583 3312 2598 3655
3583 2559 3583 3552 2588 3658
3839 2559 3583 3775 2575 3640
4095 2559 3583 3986 2559 3609
0 2815 3583 996 2852 3643
256 2815 3583 1043 2852 3641
512 2815 3583 1129 2852 3635
768 2815 3583 1272 2851 3626
1024 2815 3583 1449 2851 3616
1280 2815 3583 1633 2851 3609
1536 2815 3583 1817 2853 3611
1792 2815 3583 2018 2855 3607
2048 2815 3583 2231 2857 3598
2303 2815 3583 2439 2859 3603
2559 2815 3583 2651 2861 3607
2815 2815 3583 2870 2864 3611
3071 2815 3583 3093 2866 3615
3327 2815 3583 3319 2867 3620
3583 2815 3583 3551 2861 3628
3839 2815 3583 3777 2842 3621
4095 2815 3583 4000 2815 3604
0 3071 3583 1080 3110 3637
256 3071 3583 1123 3110 3635
512 3071 3583 1202 3109 3631
768 3071 3583 1336 3108 3624
1024 3071 3583 1508 3107 3615
1280 3071 3583 1691 3106 3608
1536 3071 3583 1884 3106 3604
1792 3071 3583 2078 3107 3602
2048 3071 3583 2275 3110 3599
2303 3071 3583 2476 3112 3604
2559 3071 3583 2685 3114 3608
2815 3071 3583 2904 3116 3611
3071 3071 3583 3122 3119 3614
3327 3071 3583 3342 3121 3619
3583 3071 3583 3565 3119 3625
3839 3071 3583 3774 3110 3618
4095 3071 3583 3975 3096 3601
0 3327 3583 1163 3366 3629
256 3327 3583 1201 3366 3629
512 3327 3583 1272 3366 3627
768 3327 3583 1394 3364 3622
1024 3327 3583 1557 3362 3617
1280 3327 3583 1735 3361 3610
1536 3327 3583 1934 3359 3603
1792 3327 3583 2124 3360 3603
2048 3327 3583 2310 3362 3607
2303 3327 3583 2509 3364 3611
2559 3327 3583 2716 3365 3615
2815 3327 3583 2935 3366 3616
3071 3327 3583 3155 3368 3620
3327 3327 3583 3373 3370 3625
3583 3327 3583 3586 3372 3628
3839 3327 3583 3777 3373 3619
4095 3327 3583 3953 3374 3602
0 3583 3583 1242 3618 3617
256 3583 3583 1274 3618 3617
512 3583 3583 1337 3618 3616
768 3583 3583 1444 3617 3614
1024 3583 3583 1591 3616 3612
1280 3583 3583 1752 3615 3610
1536 3583 3583 1929 3615 3608
1792 3583 3583 2123 3615 3607
2048 3583 3583 2330 3614 3606
2303 3583 3583 2537 3614 3609
2559 3583 3583 2746 3615 3612
2815 3583 3583 2957 3616 3614
3071 3583 3583 3187 3614 3617
3327 3583 3583 3417 3612 3620
3583 3583 3583 3623 3618 3626
3839 3583 3583 3810 3619 3624
4095 3583 3583 3983 3619 3617
0 3839 3583 1311 3858 3593
256 3839 3583 1339 3858 3593
512 3839 3583 1393 3858 3594
768 3839 3583 1487 3858 3593
1024 3839 3583 1620 3858 3593
1280 3839 3583 1769 3858 3593
1536 3839 3583 1936 3859 3593
1792 3839 3583 2127 3858 3592
2048 3839 3583 2333 3857 3591
2303 3839 3583 2542 3857 3592
2559 3839 3583 2760 3855 3596
2815 3839 3583 2992 3852 3602
3071 3839 3583 3220 3849 3605
3327 3839 3583 3443 3849 3609
3583 3839 3583 3651 3853 3620
3839 3839 3583 3845 3855 3624
4095 3839 3583 4031 3856 3624
0 4095 3583 1374 4089 3561
256 4095 3583 1398 4090 3562
512 4095 3583 1445 4091 3562
768 4095 3583 1525 4093 3564
1024 4095 3583 1646 4094 3565
1280 4095 3583 1785 4095 3565
1536 4095 3583 1952 4095 3565
1792 4095 3583 2134 4095 3565
2048 4095 3583 2326 4095 3565
2303 4095 3583 2532 4095 3565
2559 4095 3583 2764 4090 3570
2815 4095 3583 3035 4078 3581
3071 4095 3583 3253 4078 3587
3327 4095 3583 3458 4080 3593
3583 4095 3583 3673 4081 3611
3839 4095 3583 3883 4084 3621
4095 4095 3583 4090 4088 3626
0 0 3839 426 253 3860
256 0 3839 494 240 3864
512 0 3839 604 210 3870
768 0 3839 777 157 3880
1024 0 3839 1008 167 3883
1280 0 3839 1253 184 3885
1536 0 3839 1492 166 3886
1792 0 3839 1735 179 3888
2048 0 3839 1981 212 3889
2303 0 3839 2225 221 3890
2559 0 3839 2470 233 3890
2815 0 3839 2715 248 3891
3071 0 3839 2959 257 3891
3327 0 3839 3203 266 3891
3583 0 3839 3447 277 3891
3839 0 3839 3680 285 3880
4095 0 3839 3905 290 3863
0 256 3839 347 367 3873
256 256 3839 427 357 3877
512 256 3839 557 340 3883
768 256 3839 760 315 3892
1024 256 3839 998 318 3895
1280 256 3839 1245 326 3896
1536 256 3839 1489 321 3896
1792 256 3839 1735 328 3896
2048 256 3839 1982 342 3896
2303 256 3839 2227 350 3895
2559 256 3839 2472 357 3895
2815 256 3839 2718 364 3894
3071 256 3839 2963 371 3894
3327 256 3839 3208 379 3894
3583 256 3839 3451 387 3892
3839 256 3839 3685 389 3883
4095 256 3839 3912 386 3868
0 512 3839 323 536 3882
256 512 3839 406 528 3886
512 512 3839 542 521 3893
768 512 3839 756 513 3902
1024 512 3839 995 512 3907
1280 512 3839 1241 512 3909
1536 512 3839 1489 514 3909
1792 512 3839 1737 516 3908
2048 512 3839 1984 518 3906
2303 512 3839 2230 523 3905
2559 512 3839 2477 527 3903
2815 512 3839 2723 529 3901
3071 512 3839 2968 534 3899
3327 512 3839 3214 539 3898
3583 512 3839 3457 545 3896
3839 512 3839 3691 545 3886
4095 512 3839 3917 541 3871
0 768 3839 382 787 3884
256 768 3839 454 783 3888
512 768 3839 576 778 3896
768 768 3839 771 771 3910
1024 768 3839 1002 768 3918
1280 768 3839 1244 765 3924
1536 768 3839 1493 764 3924
1792 768 3839 1741 764 3923
2048 768 3839 1990 763 3922
2303 768 3839 2237 763 3920
2559 768 3839 2484 764 3916
2815 768 3839 2731 766 3912
3071 768 3839 2976 769 3908
3327 768 3839 3222 773 3905
3583 768 3839 3466 776 3901
3839 768 3839 3698 779 3889
4095 768 3839 3921 782 3871
0 1024 3839 445 1041 3885
256 1024 3839 508 1038 3889
512 1024 3839 619 1035 3897
768 1024 3839 802 1031 3909
1024 1024 3839 1024 1028 3918
1280 1024 3839 1260 1026 3925
1536 1024 3839 1506 1025 3924
1792 1024 3839 1752 1024 3924
2048 1024 3839 1999 1022 3923
2303 1024 3839 2245 1021 3921
2559 1024 3839 2492 1021 3919
2815 1024 3839 2739 1021 3916
3071 1024 3839 2985 1021 3914
3327 1024 3839 3231 1021 3911
3583 1024 3839 3477 1020 3908
3839 1024 3839 3708 1023 3893
4095 1024 3839 3928 1030 3870
0 1280 3839 510 1296 3886
256 1280 3839 566 1294 3889
512 1280 3839 668 1293 3896
768 1280 3839 839 1291 3907
1024 1280 3839 1052 1289 3915
1280 1280 3839 1280 1287 3922
1536 1280 3839 1522 1287 3921
1792 1280 3839 1765 1286 3920
2048 1280 3839 2010 1285 3919
2303 1280 3839 2255 1284 3918
2559 1280 3839 2501 1282 3917
2815 1280 3839 2747 1280 3917
3071 1280 3839 2994 1278 3916
3327 1280 3839 3241 1274 3916
3583 1280 3839 3488 1270 3914
3839 1280 3839 3717 1273 3897
4095 1280 3839 3935 1281 3868
0 1536 3839 584 1552 3885
256 1536 3839 633 1551 3888
512 1536 3839 727 1550 3893
768 1536 3839 887 1549 3901
1024 1536 3839 1090 1548 3909
1280 1536 3839 1308 1548 3916
1536 1536 3839 1544 1547 3915
1792 1536 3839 1784 1546 3914
2048 1536 3839 2025 1546 3914
2303 1536 3839 2267 1545 3913
2559 1536 3839 2511 1543 3913
2815 1536 3839 2756 1542 3913
3071 1536 3839 3003 1539 3913
3327 1536 3839 3249 1535 3913
3583 1536 3839 3496 1530 3913
3839 1536 3839 3724 1532 3896
4095 1536 3839 3939 1538 3867
0 1792 3839 658 1808 3884
256 1792 3839 703 1808 3886
512 1792 3839 791 1808 3889
768 1792 3839 942 1808 3894
1024 1792 3839 1134 1807 3902
1280 1792 3839 1342 1807 3908
1536 1792 3839 1572 1807 3908
1792 1792 3839 1806 1806 3907
2048 1792 3839 2043 1806 3907
2303 1792 3839 2283 1805 3907
2559 1792 3839 2525 1804 3908
2815 1792 3839 2768 1802 3908
3071 1792 3839 3013 1799 3909
3327 1792 3839 3259 1796 3910
3583 1792 3839 3506 1791 3911
3839 1792 3839 3733 1791 3894
4095 1792 3839 3947 1794 3865
0 2048 3839 734 2064 3882
256 2048 3839 775 2065 3883
512 2048 3839 858 2065 3885
768 2048 3839 1002 2066 3887
1024 2048 3839 1184 2066 3893
1280 2048 3839 1381 2066 3899
1536 2048 3839 1604 2066 3899
1792 2048 3839 1832 2066 3899
2048 2048 3839 2064 2065 3900
2303 2048 3839 2301 2064 3901
2559 2048 3839 2540 2063 3902
2815 2048 3839 2781 2062 3903
3071 2048 3839 3025 2059 3905
3327 2048 3839 3269 2056 3906
3583 2048 3839 3515 2052 3907
3839 2048 3839 3743 2050 3891
4095 2048 3839 3957 2048 3863
0 2303 3839 814 2320 3880
256 2303 3839 855 2320 3880
512 2303 3839 935 2321 3880
768 2303 3839 1072 2322 3879
1024 2303 3839 1246 2322 3882
1280 2303 3839 1436 2323 3885
1536 2303 3839 1646 2323 3888
1792 2303 3839 1866 2323 3889
2048 2303 3839 2093 2323 3889
2303 2303 3839 2325 2322 3890
2559 2303 3839 2560 2322 3891
2815 2303 3839 2798 2321 3893
3071 2303 3839 3039 2319 3896
3327 2303 3839 3281 2316 3898
3583 2303 3839 3527 2312 3901
3839 2303 3839 3754 2307 3886
4095 2303 3839 3969 2303 3860
0 2559 3839 896 2576 3877
256 2559 3839 937 2577 3876
512 2559 3839 1014 2577 3875
768 2559 3839 1145 2578 3871
1024 2559 3839 1314 2579 3870
1280 2559 3839 1497 2579 3871
1536 2559 3839 1698 2580 3874
1792 2559 3839 1912 2580 3874
2048 2559 3839 2135 2580 3871
2303 2559 3839 2359 2581 3872
2559 2559 3839 2588 2581 3874
2815 2559 3839 2819 2581 3877
3071 2559 3839 3055 2580 3880
3327 2559 3839 3293 2578 3884
3583 2559 3839 3535 2575 3888
3839 2559 3839 3764 2568 3878
4095 2559 3839 3982 2558 3857
0 2815 3839 981 2831 3874
256 2815 3839 1019 2833 3873
512 2815 3839 1094 2833 3870
768 2815 3839 1223 2834 3864
1024 2815 3839 1390 2834 3860
1280 2815 3839 1569 2835 3856
1536 2815 3839 1764 2836 3856
1792 2815 3839 1974 2836 3850
2048 2815 3839 2194 2837 3841
2303 2815 3839 2408 2839 3843
2559 2815 3839 2625 2840 3846
2815 2815 3839 2847 2842 3850
3071 2815 3839 3074 2844 3853
3327 2815 3839 3304 2844 3858
3583 2815 3839 3541 2842 3867
3839 2815 3839 3771 2831 3864
4095 2815 3839 3997 2814 3854
0 3071 3839 1065 3087 3870
256 3071 3839 1101 3088 3869
512 3071 3839 1171 3089 3867
768 3071 3839 1293 3090 3862
1024 3071 3839 1455 3090 3857
1280 3071 3839 1632 3089 3852
1536 3071 3839 1827 3089 3849
1792 3071 3839 2029 3090 3845
2048 3071 3839 2234 3091 3841
2303 3071 3839 2457 3093 3835
2559 3071 3839 2676 3095 3832
2815 3071 3839 2889 3098 3836
3071 3071 3839 3108 3101 3840
3327 3071 3839 3330 3103 3845
3583 3071 3839 3559 3103 3852
3839 3071 3839 3780 3095 3851
4095 3071 3839 3995 3082 3844
0 3327 3839 1150 3342 3865
256 3327 3839 1183 3343 3865
512 3327 3839 1247 3345 3864
768 3327 3839 1359 3346 3861
1024 3327 3839 1515 3345 3857
1280 3327 3839 1687 3344 3852
1536 3327 3839 1882 3344 3847
1792 3327 3839 2076 3344 3846
2048 3327 3839 2270 3345 3849
2303 3327 3839 2504 3347 3833
2559 3327 3839 2727 3349 3825
2815 3327 3839 2932 3352 3829
3071 3327 3839 3146 3354 3833
3327 3327 3839 3363 3357 3837
3583 3327 3839 3582 3361 3842
3839 3327 3839 3790 3358 3841
4095 3327 3839 3992 3350 3838
0 3583 3839 1234 3597 3857
256 3583 3839 1263 3598 3859
512 3583 3839 1320 3600 3860
768 3583 3839 1420 3602 3859
1024 3583 3839 1563 3602 3857
1280 3583 3839 1723 3602 3856
1536 3583 3839 1901 3602 3855
1792 3583 3839 2098 3601 3853
2048 3583 3839 2306 3600 3852
2303 3583 3839 2542 3598 3839
2559 3583 3839 2766 3599 3833
2815 3583 3839 2968 3602 3836
3071 3583 3839 3187 3602 3837
3327 3583 3839 3407 3603 3839
3583 3583 3839 3616 3609 3845
3839 3583 3839 3812 3611 3848
4095 3583 3839 4000 3612 3849
0 3839 3839 1310 3842 3840
256 3839 3839 1336 3844 3842
512 3839 3839 1386 3847 3845
768 3839 3839 1475 3850 3847
1024 3839 3839 1607 3851 3847
1280 3839 3839 1755 3850 3847
1536 3839 3839 1926 3851 3847
1792 3839 3839 2117 3850 3846
2048 3839 3839 2322 3848 3844
2303 3839 3839 2548 3847 3837
2559 3839 3839 2778 3845 3834
2815 3839 3839 3012 3841 3837
3071 3839 3839 3231 3841 3839
3327 3839 3839 3444 3842 3841
3583 3839 3839 3648 3848 3847
3839 3839 3839 3845 3853 3852
4095 3839 3839 4036 3857 3856
0 4095 3839 1381 4081 3817
256 4095 3839 1404 4083 3819
512 4095 3839 1448 4087 3822
768 4095 3839 1525 4093 3828
1024 4095 3839 1646 4094 3829
1280 4095 3839 1785 4094 3829
1536 4095 3839 1953 4094 3829
1792 4095 3839 2135 4093 3829
2048 4095 3839 2326 4093 3829
2303 4095 3839 2531 4094 3829
2559 4095 3839 2772 4088 3831
2815 4095 3839 3063 4072 3835
3071 4095 3839 3279 4073 3839
3327 4095 3839 3476 4077 3844
3583 4095 3839 3679 4082 3850
3839 4095 3839 3885 4086 3855
4095 4095 3839 4092 4091 3860
0 0 4095 450 267 4095
256 0 4095 520 260 4095
512 0 4095 625 232 4095
768 0 4095 782 170 4095
1024 0 4095 1011 192 4095
1280 0 4095 1254 211 4095
1536 0 4095 1482 138 4095
1792 0 4095 1721 149 4095
2048 0 4095 1968 215 4095
2303 0 4095 2209 219 4095
2559 0 4095 2451 229 4095
2815 0 4095 2694 249 4095
3071 0 4095 2936 254 4095
3327 0 4095 3177 260 4095
3583 0 4095 3418 282 4095
3839 0 4095 3659 305 4095
4095 0 4095 3899 329 4095
0 256 4095 407 382 4095
256 256 4095 462 369 4095
512 256 4095 571 350 4095
768 256 4095 762 321 4095
1024 256 4095 996 328 4095
1280 256 4095 1240 335 4095
1536 256 4095 1478 308 4095
1792 256 4095 1720 312 4095
2048 256 4095 1966 336 4095
2303 256 4095 2209 342 4095
2559 256 4095 2453 347 4095
2815 256 4095 2697 350 4095
3071 256 4095 2940 354 4095
3327 256 4095 3183 360 4095
3583 256 4095 3425 376 4095
3839 256 4095 3664 402 4095
4095 256 4095 3900 437 4095
0 512 4095 393 548 4095
256 512 4095 439 533 4095
512 512 4095 550 521 4095
768 512 4095 758 514 4095
1024 512 4095 993 512 4095
1280 512 4095 1235 512 4095
1536 512 4095 1479 512 4095
1792 512 4095 1723 512 4095
2048 512 4095 1967 512 4095
2303 512 4095 2211 517 4095
2559 512 4095 2455 518 4095
2815 512 4095 2700 513 4095
3071 512 4095 2945 515 4095
3327 512 4095 3189 520 4095
3583 512 4095 3432 529 4095
3839 512 4095 3670 553 4095
4095 512 4095 3904 589 4095
0 768 4095 423 788 4095
256 768 4095 472 780 4095
512 768 4095 579 774 4095
768 768 4095 776 769 4095
1024 768 4095 1006 768 4095
1280 768 4095 1245 768 4095
1536 768 4095 1487 768 4095
1792 768 4095 1729 768 4095
2048 768 4095 1973 768 4095
2303 768 4095 2216 769 4095
2559 768 4095 2460 769 4095
2815 768 4095 2704 768 4095
3071 768 4095 2949 769 4095
3327 768 4095 3193 769 4095
3583 768 4095 3438 771 4095
3839 768 4095 3676 785 4095
4095 768 4095 3909 807 4095
0 1024 4095 466 1036 4095
256 1024 4095 512 1031 4095
512 1024 4095 616 1027 4095
768 1024 4095 805 1025 4095
1024 1024 4095 1028 1024 4095
1280 1024 4095 1261 1024 4095
1536 1024 4095 1500 1024 4095
1792 1024 4095 1741 1024 4095
2048 1024 4095 1982 1024 4095
2303 1024 4095 2224 1024 4095
2559 1024 4095 2467 1024 4095
2815 1024 4095 2711 1024 4095
3071 1024 4095 2955 1024 4095
3327 1024 4095 3199 1024 4095
3583 1024 4095 3443 1024 4095
3839 1024 4095 3684 1030 4095
4095 1024 4095 3921 1041 4095
0 1280 4095 516 1286 4095
256 1280 4095 559 1284 4095
512 1280 4095 657 1281 4095
768 1280 4095 838 1280 4095
1024 1280 4095 1054 1280 4095
1280 1280 4095 1281 1280 4095
1536 1280 4095 1516 1280 4095
1792 1280 4095 1754 1280 4095
2048 1280 4095 1994 1280 4095
2303 1280 4095 2234 1280 4095
2559 1280 4095 2476 1280 4095
2815 1280 4095 2719 1280 4095
3071 1280 4095 2962 1280 4095
3327 1280 4095 3205 1280 4095
3583 1280 4095 3449 1280 4095
3839 1280 4095 3691 1281 4095
4095 1280 4095 3932 1283 4095
0 1536 4095 582 1539 4095
256 1536 4095 621 1538 4095
512 1536 4095 712 1537 4095
768 1536 4095 881 1536 4095
1024 1536 4095 1088 1536 4095
1280 1536 4095 1307 1536 4095
1536 1536 4095 1538 1536 4095
1792 1536 4095 1772 1536 4095
2048 1536 4095 2009 1536 4095
2303 1536 4095 2248 1536 4095
2559 1536 4095 2488 1536 4095
2815 1536 4095 2729 1536 4095
3071 1536 4095 2972 1536 4095
3327 1536 4095 3214 1536 4095
3583 1536 4095 3457 1536 4095
3839 1536 4095 3696 1538 4095
4095 1536 4095 3931 1541 4095
0 1792 4095 650 1793 4095
256 1792 4095 686 1793 4095
512 1792 4095 770 1792 4095
768 1792 4095 929 1792 4095
1024 1792 4095 1127 1792 4095
1280 1792 4095 1338 1792 4095
1536 1792 4095 1564 1792 4095
1792 1792 4095 1794 1792 4095
2048 1792 4095 2027 1792 4095
2303 1792 4095 2264 1792 4095
2559 1792 4095 2502 1792 4095
2815 1792 4095 2742 1792 4095
3071 1792 4095 2983 1792 4095
3327 1792 4095 3225 1792 4095
3583 1792 4095 3467 1792 4095
3839 1792 4095 3704 1794 4095
4095 1792 4095 3938 1796 4095
0 2048 4095 719 2047 4095
256 2048 4095 751 2048 4095
512 2048 4095 830 2048 4095
768 2048 4095 980 2048 4095
1024 2048 4095 1169 2048 4095
1280 2048 4095 1372 2048 4095
1536 2048 4095 1592 2048 4095
1792 2048 4095 1818 2048 4095
2048 2048 4095 2048 2048 4095
2303 2048 4095 2282 2048 4095
2559 2048 4095 2518 2048 4095
2815 2048 4095 2757 2048 4095
3071 2048 4095 2996 2048 4095
3327 2048 4095 3236 2048 4095
3583 2048 4095 3478 2048 4095
3839 2048 4095 3715 2048 4095
4095 2048 4095 3948 2049 4095
0 2303 4095 798 2300 4095
256 2303 4095 831 2301 4095
512 2303 4095 905 2302 4095
768 2303 4095 1040 2303 4095
1024 2303 4095 1219 2303 4095
1280 2303 4095 1413 2303 4095
1536 2303 4095 1627 2303 4095
1792 2303 4095 1848 2303 4095
2048 2303 4095 2073 2303 4095
2303 2303 4095 2305 2303 4095
2559 2303 4095 2538 2303 4095
2815 2303 4095 2774 2303 4095
3071 2303 4095 3012 2303 4095
3327 2303 4095 3251 2303 4095
3583 2303 4095 3491 2303 4095
3839 2303 4095 3728 2303 4095
4095 2303 4095 3962 2302 4095
0 2559 4095 881 2554 4095
256 2559 4095 913 2556 4095
512 2559 4095 980 2558 4095
768 2559 4095 1102 2559 4095
1024 2559 4095 1271 2559 4095
1280 2559 4095 1456 2559 4095
1536 2559 4095 1664 2559 4095
1792 2559 4095 1879 2559 4095
2048 2559 4095 2101 2559 4095
2303 2559 4095 2329 2559 4095
2559 2559 4095 2560 2559 4095
2815 2559 4095 2794 2559 4095
3071 2559 4095 3030 2559 4095
3327 2559 4095 3267 2559 4095
3583 2559 4095 3506 2559 4095
3839 2559 4095 3742 2558 4095
4095 2559 4095 3977 2557 4095
0 2815 4095 968 2807 4095
256 2815 4095 995 2810 4095
512 2815 4095 1056 2813 4095
768 2815 4095 1167 2815 4095
1024 2815 4095 1326 2815 4095
1280 2815 4095 1503 2815 4095
1536 2815 4095 1704 2815 4095
1792 2815 4095 1914 2815 4095
2048 2815 4095 2131 2815 4095
2303 2815 4095 2356 2815 4095
2559 2815 4095 2584 2815 4095
2815 2815 4095 2816 2815 4095
3071 2815 4095 3050 2815 4095
3327 2815 4095 3285 2815 4095
3583 2815 4095 3523 2815 4095
3839 2815 4095 3758 2814 4095
4095 2815 4095 3992 2812 4095
0 3071 4095 1054 3060 4094
256 3071 4095 1079 3063 4095
512 3071 4095 1134 3067 4095
768 3071 4095 1235 3070 4095
1024 3071 4095 1386 3071 4095
1280 3071 4095 1555 3071 4095
1536 3071 4095 1749 3071 4095
1792 3071 4095 1953 3071 4095
2048 3071 4095 2165 3071 4095
2303 3071 4095 2423 3072 4069
2559 3071 4095 2664 3073 4054
2815 3071 4095 2878 3075 4057
3071 3071 4095 3096 3078 4060
3327 3071 4095 3316 3081 4063
3583 3071 4095 3539 3085 4066
3839 3071 4095 3771 3079 4078
4095 3071 4095 4009 3067 4095
0 3327 4095 1139 3312 4092
256 3327 4095 1162 3316 4094
512 3327 4095 1213 3321 4095
768 3327 4095 1305 3326 4095
1024 3327 4095 1447 3327 4095
1280 3327 4095 1608 3327 4095
1536 3327 4095 1795 3327 4095
1792 3327 4095 1994 3327 4095
2048 3327 4095 2201 3327 4095
2303 3327 4095 2495 3327 4045
2559 3327 4095 2750 3329 4016
2815 3327 4095 2945 3334 4021
3071 3327 4095 3146 3339 4027
3327 3327 4095 3351 3345 4033
3583 3327 4095 3559 3352 4039
3839 3327 4095 3786 3344 4061
4095 3327 4095 4024 3326 4092
0 3583 4095 1224 3564 4084
256 3583 4095 1245 3569 4089
512 3583 4095 1292 3574 4093
768 3583 4095 1377 3582 4095
1024 3583 4095 1512 3583 4095
1280 3583 4095 1665 3583 4095
1536 3583 4095 1846 3583 4095
1792 3583 4095 2039 3583 4095
2048 3583 4095 2241 3583 4095
2303 3583 4095 2541 3577 4055
2559 3583 4095 2799 3575 4033
2815 3583 4095 2991 3579 4038
3071 3583 4095 3190 3584 4043
3327 3583 4095 3392 3589 4048
3583 3583 4095 3598 3595 4054
3839 3583 4095 3812 3597 4065
4095 3583 4095 4030 3597 4078
0 3839 4095 1310 3813 4073
256 3839 4095 1331 3818 4079
512 3839 4095 1374 3825 4085
768 3839 4095 1452 3836 4092
1024 3839 4095 1578 3838 4094
1280 3839 4095 1724 3838 4094
1536 3839 4095 1899 3838 4094
1792 3839 4095 2086 3837 4093
2048 3839 4095 2283 3837 4093
2303 3839 4095 2549 3833 4072
2559 3839 4095 2801 3829 4057
2815 3839 4095 3031 3826 4054
3071 3839 4095 3235 3829 4058
3327 3839 4095 3435 3834 4063
3583 3839 4095 3639 3839 4069
3839 3839 4095 3846 3845 4075
4095 3839 4095 4056 3851 4081
0 4095 4095 1397 4062 4061
256 4095 4095 1417 4066 4066
512 4095 4095 1457 4075 4074
768 4095 4095 1528 4089 4089
1024 4095 4095 1647 4092 4092
1280 4095 4095 1786 4092 4092
1536 4095 4095 1953 4091 4091
1792 4095 4095 2135 4091 4091
2048 4095 4095 2326 4090 4090
2303 4095 4095 2531 4092 4092
2559 4095 4095 2773 4088 4087
2815 4095 4095 3067 4072 4070
3071 4095 4095 3283 4073 4072
3327 4095 4095 3479 4078 4077
3583 4095 4095 3682 4083 4083
3839 4095 4095 3887 4089 4089
4095 4095 4095 4095 4095 4095
