0 0 0 0 0 0
255 0 0 0 0 0
511 0 0 498 16 16
767 0 0 915 96 32
1023 0 0 1349 112 16
1279 0 0 1766 145 16
1535 0 0 1991 161 0
1791 0 0 2329 209 16
2047 0 0 2585 225 64
2303 0 0 2923 257 64
2559 0 0 3180 257 48
2815 0 0 3404 289 96
3071 0 0 3613 337 161
3327 0 0 3806 401 177
3583 0 0 3967 434 209
3839 0 0 4095 466 273
4095 0 0 4079 482 321
0 255 0 16 48 0
255 255 0 112 96 16
511 255 0 482 193 0
767 255 0 964 273 0
1023 255 0 1301 289 0
1279 255 0 1702 305 0
1535 255 0 1991 353 0
1791 255 0 2296 353 16
2047 255 0 2585 401 16
2303 255 0 2923 450 64
2559 255 0 3180 450 80
2815 255 0 3404 482 128
3071 255 0 3661 546 112
3327 255 0 3822 594 145
3583 255 0 3983 642 193
3839 255 0 4063 658 273
4095 255 0 4095 691 305
0 511 0 0 385 32
255 511 0 177 466 48
511 511 0 385 450 16
767 511 0 851 434 0
1023 511 0 1188 482 16
1279 511 0 1574 514 0
1535 511 0 1927 546 0
1791 511 0 2248 578 0
2047 511 0 2618 626 16
2303 511 0 2891 674 48
2559 511 0 3212 707 64
2815 511 0 3453 755 128
3071 511 0 3677 755 112
3327 511 0 3838 867 161
3583 511 0 3983 915 209
3839 511 0 4095 931 257
4095 511 0 4095 964 321
0 767 0 32 867 80
255 767 0 225 931 145
511 767 0 369 964 128
767 767 0 626 964 64
1023 767 0 1108 867 0
1279 767 0 1606 883 0
1535 767 0 1927 851 0
1791 767 0 2264 899 32
2047 767 0 2634 915 16
2303 767 0 2971 964 32
2559 767 0 3244 980 80
2815 767 0 3469 1044 128
3071 767 0 3677 1108 145
3327 767 0 3822 1156 161
3583 767 0 3983 1204 241
3839 767 0 4079 1253 289
4095 767 0 4079 1253 305
0 1023 0 418 1076 16
255 1023 0 225 1220 145
511 1023 0 401 1301 128
767 1023 0 594 1349 96
1023 1023 0 787 1269 80
1279 1023 0 1188 1204 80
1535 1023 0 1766 1188 0
1791 1023 0 2184 1156 0
2047 1023 0 2618 1204 16
2303 1023 0 2971 1237 64
2559 1023 0 3228 1301 80
2815 1023 0 3485 1349 145
3071 1023 0 3726 1381 145
3327 1023 0 3854 1461 177
3583 1023 0 3999 1510 225
3839 1023 0 4095 1606 321
4095 1023 0 4095 1558 369
0 1279 0 48 1477 161
255 1279 0 209 1445 128
511 1279 0 353 1510 161
767 1279 0 546 1574 177
1023 1279 0 707 1590 96
1279 1279 0 947 1574 112
1535 1279 0 1397 1558 16
1791 1279 0 2056 1493 0
2047 1279 0 2489 1510 48
2303 1279 0 2891 1558 48
2559 1279 0 3244 1590 64
2815 1279 0 3517 1638 112
3071 1279 0 3694 1702 128
3327 1279 0 3870 1783 209
3583 1279 0 3999 1799 257
3839 1279 0 4095 1863 337
4095 1279 0 4095 1895 385
0 1535 0 96 1734 145
255 1535 0 193 1734 128
511 1535 0 353 1766 128
767 1535 0 546 1847 161
1023 1535 0 755 1863 145
1279 1535 0 931 1847 128
1535 1535 0 1156 1895 145
1791 1535 0 1654 1879 64
2047 1535 0 2393 1799 0
2303 1535 0 2842 1831 0
2559 1535 0 3164 1847 48
2815 1535 0 3469 1959 145
3071 1535 0 3694 1959 177
3327 1535 0 3854 1991 177
3583 1535 0 4015 2088 273
3839 1535 0 4079 2136 321
4095 1535 0 4079 2152 385
0 1791 0 80 2039 128
255 1791 0 177 2072 112
511 1791 0 369 2056 145
767 1791 0 530 2072 96
1023 1791 0 691 2104 128
1279 1791 0 899 2120 96
1535 1791 0 1124 2168 112
1791 1791 0 1429 2184 96
2047 1791 0 1991 2136 64
2303 1791 0 2666 2184 64
2559 1791 0 3099 2136 16
2815 1791 0 3437 2168 96
3071 1791 0 3677 2216 128
3327 1791 0 3854 2296 209
3583 1791 0 3983 2329 257
3839 1791 0 4079 2393 353
4095 1791 0 4079 2393 385
0 2047 0 32 2280 112
255 2047 0 145 2232 48
511 2047 0 273 2280 96
767 2047 0 482 2248 80
1023 2047 0 658 2280 64
1279 2047 0 883 2296 64
1535 2047 0 1076 2393 80
1791 2047 0 1349 2457 128
2047 2047 0 1734 2473 96
2303 2047 0 2393 2457 64
2559 2047 0 3019 2441 64
2815 2047 0 3340 2473 96
3071 2047 0 3613 2489 128
3327 2047 0 3822 2505 161
3583 2047 0 3983 2602 273
3839 2047 0 4095 2602 353
4095 2047 0 4095 2666 385
0 2303 0 385 2393 0
255 2303 0 128 2521 48
511 2303 0 289 2521 32
767 2303 0 450 2521 32
1023 2303 0 626 2553 32
1279 2303 0 851 2569 80
1535 2303 0 1028 2553 80
1791 2303 0 1301 2650 80
2047 2303 0 1654 2730 48
2303 2303 0 2088 2778 128
2559 2303 0 2666 2778 128
2815 2303 0 3212 2746 80
3071 2303 0 3597 2730 145
3327 2303 0 3790 2762 193
3583 2303 0 3983 2826 257
3839 2303 0 4095 2875 337
4095 2303 0 4095 2891 418
0 2559 0 16 2810 32
255 2559 0 112 2810 32
511 2559 0 273 2810 32
767 2559 0 418 2794 32
1023 2559 0 626 2778 16
1279 2559 0 803 2762 16
1535 2559 0 1012 2810 48
1791 2559 0 1237 2891 80
2047 2559 0 1542 2955 64
2303 2559 0 2039 3019 80
2559 2559 0 2537 3019 96
2815 2559 0 3099 3019 161
3071 2559 0 3453 3019 177
3327 2559 0 3758 3019 225
3583 2559 0 3983 3083 305
3839 2559 0 4079 3099 385
4095 2559 0 4095 3131 418
0 2815 0 337 2826 0
255 2815 0 112 3003 0
511 2815 0 225 3003 0
767 2815 0 401 3019 0
1023 2815 0 594 3003 16
1279 2815 0 771 3019 16
1535 2815 0 947 3035 16
1791 2815 0 1204 3083 32
2047 2815 0 1526 3148 64
2303 2815 0 1943 3228 96
2559 2815 0 2377 3308 161
2815 2815 0 2955 3308 273
3071 2815 0 3421 3292 257
3327 2815 0 3758 3276 289
3583 2815 0 3918 3308 337
3839 2815 0 4063 3324 401
4095 2815 0 4095 3324 418
0 3071 0 16 3164 16
255 3071 0 112 3164 0
511 3071 0 209 3196 16
767 3071 0 369 3212 0
1023 3071 0 546 3228 0
1279 3071 0 723 3212 0
1535 3071 0 931 3228 0
1791 3071 0 1156 3260 16
2047 3071 0 1493 3340 48
2303 3071 0 1847 3421 64
2559 3071 0 2296 3485 96
2815 3071 0 2875 3501 209
3071 3071 0 3324 3501 289
3327 3071 0 3661 3533 369
3583 3071 0 3886 3533 369
3839 3071 0 4047 3533 385
4095 3071 0 4095 3517 401
0 3327 0 0 3372 16
255 3327 0 64 3340 0
511 3327 0 177 3356 0
767 3327 0 321 3372 0
1023 3327 0 498 3356 0
1279 3327 0 674 3372 0
1535 3327 0 867 3404 16
1791 3327 0 1076 3437 16
2047 3327 0 1429 3517 16
2303 3327 0 1847 3565 32
2559 3327 0 2280 3629 128
2815 3327 0 2730 3710 257
3071 3327 0 3212 3742 321
3327 3327 0 3645 3726 418
3583 3327 0 3886 3710 434
3839 3327 0 3999 3710 434
4095 3327 0 4079 3645 353
0 3583 0 353 3388 0
255 3583 0 48 3549 0
511 3583 0 177 3549 0
767 3583 0 337 3549 0
1023 3583 0 466 3597 0
1279 3583 0 658 3581 0
1535 3583 0 851 3581 0
1791 3583 0 1108 3629 0
2047 3583 0 1413 3677 32
2303 3583 0 1799 3742 96
2559 3583 0 2264 3806 209
2815 3583 0 2762 3854 241
3071 3583 0 3228 3886 385
3327 3583 0 3565 3870 450
3583 3583 0 3806 3886 418
3839 3583 0 3934 3838 337
4095 3583 0 4095 3806 209
0 3839 0 0 3726 0
255 3839 0 80 3710 16
511 3839 0 177 3710 16
767 3839 0 321 3726 0
1023 3839 0 482 3726 0
1279 3839 0 642 3726 0
1535 3839 0 835 3758 16
1791 3839 0 1028 3790 0
2047 3839 0 1365 3806 32
2303 3839 0 1847 3886 48
2559 3839 0 2280 3950 145
2815 3839 0 2746 3999 241
3071 3839 0 3148 4031 401
3327 3839 0 3469 4015 466
3583 3839 0 3790 3999 337
3839 3839 0 3950 3967 80
4095 3839 0 4063 3918 16
0 4095 0 369 3694 0
255 4095 0 80 3854 0
511 4095 0 161 3838 0
767 4095 0 289 3838 16
1023 4095 0 450 3838 0
1279 4095 0 626 3854 16
1535 4095 0 819 3902 32
1791 4095 0 1060 3950 16
2047 4095 0 1365 3983 16
2303 4095 0 1927 4031 112
2559 4095 0 2329 4095 193
2815 4095 0 2794 4095 353
3071 4095 0 3212 4095 434
3327 4095 0 3501 4095 434
3583 4095 0 3726 4095 241
3839 4095 0 3822 4063 32
4095 4095 0 3967 4047 0
0 0 255 0 0 32
255 0 255 80 0 96
511 0 255 482 0 193
767 0 255 899 32 241
1023 0 255 1301 64 225
1279 0 255 1686 80 209
1535 0 255 1975 128 241
1791 0 255 2232 161 241
2047 0 255 2521 193 273
2303 0 255 2858 209 273
2559 0 255 3131 241 289
2815 0 255 3356 257 305
3071 0 255 3565 305 353
3327 0 255 3758 337 401
3583 0 255 3902 369 369
3839 0 255 4095 401 450
4095 0 255 4095 418 498
0 255 255 0 64 48
255 255 255 80 80 80
511 255 255 418 128 96
767 255 255 964 209 112
1023 255 255 1317 289 145
1279 255 255 1654 305 145
1535 255 255 1927 353 177
1791 255 255 2248 337 209
2047 255 255 2553 401 225
2303 255 255 2875 434 257
2559 255 255 3148 450 305
2815 255 255 3388 482 305
3071 255 255 3597 514 337
3327 255 255 3790 578 369
3583 255 255 3950 642 434
3839 255 255 4095 658 482
4095 255 255 4095 691 498
0 511 255 16 369 177
255 511 255 128 385 177
511 511 255 401 369 128
767 511 255 851 401 64
1023 511 255 1188 434 112
1279 511 255 1590 498 128
1535 511 255 1911 530 128
1791 511 255 2248 578 177
2047 511 255 2602 610 225
2303 511 255 2891 674 257
2559 511 255 3180 674 273
2815 511 255 3453 707 289
3071 511 255 3629 739 305
3327 511 255 3774 803 353
3583 511 255 3967 851 401
3839 511 255 4079 899 434
4095 511 255 4095 931 466
0 767 255 64 819 273
255 767 255 161 803 241
511 767 255 369 883 257
767 767 255 691 867 177
1023 767 255 1253 787 112
1279 767 255 1606 819 128
1535 767 255 1975 835 128
1791 767 255 2232 835 145
2047 767 255 2618 899 193
2303 767 255 2955 947 209
2559 767 255 3196 980 241
2815 767 255 3469 1012 305
3071 767 255 3645 1060 321
3327 767 255 3806 1108 321
3583 767 255 3967 1172 369
3839 767 255 4095 1188 434
4095 767 255 4079 1220 482
0 1023 255 450 1060 241
255 1023 255 209 1172 305
511 1023 255 418 1237 289
767 1023 255 594 1269 241
1023 1023 255 899 1220 209
1279 1023 255 1397 1172 161
1535 1023 255 1847 1140 128
1791 1023 255 2248 1124 128
2047 1023 255 2585 1172 161
2303 1023 255 2923 1220 225
2559 1023 255 3196 1269 257
2815 1023 255 3469 1301 273
3071 1023 255 3677 1317 241
3327 1023 255 3838 1397 321
3583 1023 255 3950 1477 353
3839 1023 255 4095 1493 466
4095 1023 255 4095 1510 514
0 1279 255 96 1413 353
255 1279 255 225 1397 289
511 1279 255 321 1445 273
767 1279 255 514 1510 273
1023 1279 255 755 1542 241
1279 1279 255 1012 1558 209
1535 1279 255 1574 1477 128
1791 1279 255 2088 1413 96
2047 1279 255 2489 1493 161
2303 1279 255 2923 1542 209
2559 1279 255 3212 1526 193
2815 1279 255 3485 1622 289
3071 1279 255 3710 1654 257
3327 1279 255 3854 1750 337
3583 1279 255 3967 1783 369
3839 1279 255 4095 1815 466
4095 1279 255 4095 1831 546
0 1535 255 128 1734 353
255 1535 255 193 1702 289
511 1535 255 321 1750 273
767 1535 255 530 1815 257
1023 1535 255 787 1847 273
1279 1535 255 964 1863 241
1535 1535 255 1220 1863 273
1791 1535 255 1734 1815 177
2047 1535 255 2473 1783 112
2303 1535 255 2842 1799 128
2559 1535 255 3196 1863 225
2815 1535 255 3453 1895 241
3071 1535 255 3677 1927 273
3327 1535 255 3870 1991 305
3583 1535 255 3999 2023 353
3839 1535 255 4079 2104 450
4095 1535 255 4079 2088 514
0 1791 255 112 2039 337
255 1791 255 209 2039 257
511 1791 255 353 2023 241
767 1791 255 530 2039 273
1023 1791 255 691 2088 273
1279 1791 255 931 2104 225
1535 1791 255 1172 2152 241
1791 1791 255 1510 2136 225
2047 1791 255 2120 2120 161
2303 1791 255 2682 2104 177
2559 1791 255 3148 2120 145
2815 1791 255 3421 2152 209
3071 1791 255 3677 2232 257
3327 1791 255 3854 2280 305
3583 1791 255 3983 2329 385
3839 1791 255 4095 2361 450
4095 1791 255 4095 2377 514
0 2047 255 64 2248 257
255 2047 255 161 2216 241
511 2047 255 257 2200 161
767 2047 255 450 2248 225
1023 2047 255 674 2264 193
1279 2047 255 883 2329 209
1535 2047 255 1108 2393 225
1791 2047 255 1365 2457 257
2047 2047 255 1799 2489 225
2303 2047 255 2457 2441 193
2559 2047 255 3035 2409 161
2815 2047 255 3356 2457 225
3071 2047 255 3597 2489 257
3327 2047 255 3838 2521 305
3583 2047 255 3967 2569 337
3839 2047 255 4095 2650 466
4095 2047 255 4095 2682 530
0 2303 255 385 2329 96
255 2303 255 145 2505 209
511 2303 255 273 2505 177
767 2303 255 450 2521 193
1023 2303 255 626 2553 193
1279 2303 255 835 2569 225
1535 2303 255 1092 2634 209
1791 2303 255 1301 2634 161
2047 2303 255 1670 2714 209
2303 2303 255 2104 2762 225
2559 2303 255 2666 2762 225
2815 2303 255 3228 2746 209
3071 2303 255 3597 2746 241
3327 2303 255 3806 2794 305
3583 2303 255 3950 2842 385
3839 2303 255 4079 2875 418
4095 2303 255 4095 2891 514
0 2559 255 32 2794 193
255 2559 255 145 2794 161
511 2559 255 225 2778 161
767 2559 255 401 2794 161
1023 2559 255 594 2762 128
1279 2559 255 803 2810 145
1535 2559 255 996 2794 161
1791 2559 255 1237 2891 177
2047 2559 255 1590 2971 225
2303 2559 255 2056 3019 225
2559 2559 255 2569 3035 209
2815 2559 255 3083 3035 257
3071 2559 255 3485 3067 321
3327 2559 255 3758 3051 369
3583 2559 255 3934 3083 418
3839 2559 255 4079 3083 466
4095 2559 255 4079 3131 498
0 2815 255 369 2842 48
255 2815 255 112 2987 145
511 2815 255 225 3003 112
767 2815 255 385 3019 96
1023 2815 255 578 3019 145
1279 2815 255 755 3035 145
1535 2815 255 964 3035 161
1791 2815 255 1188 3083 161
2047 2815 255 1558 3164 209
2303 2815 255 1975 3276 225
2559 2815 255 2409 3276 289
2815 2815 255 2923 3340 337
3071 2815 255 3453 3308 401
3327 2815 255 3758 3292 401
3583 2815 255 3902 3308 466
3839 2815 255 4063 3340 466
4095 2815 255 4079 3324 530
0 3071 255 16 3180 112
255 3071 255 112 3180 96
511 3071 255 209 3180 96
767 3071 255 321 3212 80
1023 3071 255 498 3228 96
1279 3071 255 723 3260 80
1535 3071 255 947 3212 112
1791 3071 255 1156 3276 145
2047 3071 255 1413 3356 161
2303 3071 255 1847 3421 225
2559 3071 255 2329 3469 225
2815 3071 255 2875 3533 321
3071 3071 255 3356 3549 401
3327 3071 255 3677 3533 466
3583 3071 255 3902 3533 482
3839 3071 255 4047 3517 482
4095 3071 255 4079 3517 498
0 3327 255 0 3356 96
255 3327 255 80 3340 80
511 3327 255 193 3324 96
767 3327 255 321 3356 80
1023 3327 255 466 3388 64
1279 3327 255 658 3421 80
1535 3327 255 867 3421 96
1791 3327 255 1076 3453 80
2047 3327 255 1413 3501 128
2303 3327 255 1831 3581 161
2559 3327 255 2280 3645 225
2815 3327 255 2762 3726 369
3071 3327 255 3228 3742 450
3327 3327 255 3629 3742 530
3583 3327 255 3854 3710 514
3839 3327 255 3999 3694 482
4095 3327 255 4095 3677 450
0 3583 255 353 3388 0
255 3583 255 64 3565 64
511 3583 255 177 3533 64
767 3583 255 321 3549 80
1023 3583 255 450 3597 64
1279 3583 255 610 3581 80
1535 3583 255 867 3597 64
1791 3583 255 1092 3629 80
2047 3583 255 1381 3645 145
2303 3583 255 1815 3758 241
2559 3583 255 2264 3822 305
2815 3583 255 2778 3854 369
3071 3583 255 3244 3886 498
3327 3583 255 3565 3870 562
3583 3583 255 3806 3870 514
3839 3583 255 3934 3854 418
4095 3583 255 4079 3790 225
0 3839 255 0 3694 112
255 3839 255 80 3726 80
511 3839 255 161 3710 64
767 3839 255 257 3726 112
1023 3839 255 434 3742 48
1279 3839 255 642 3710 48
1535 3839 255 819 3758 64
1791 3839 255 1012 3806 64
2047 3839 255 1333 3838 128
2303 3839 255 1847 3886 177
2559 3839 255 2329 3983 273
2815 3839 255 2810 4015 401
3071 3839 255 3164 4031 498
3327 3839 255 3501 4047 546
3583 3839 255 3806 3999 434
3839 3839 255 3934 3967 209
4095 3839 255 4063 3918 16
0 4095 255 401 3710 0
255 4095 255 96 3838 112
511 4095 255 193 3822 64
767 4095 255 305 3854 80
1023 4095 255 418 3854 64
1279 4095 255 610 3854 64
1535 4095 255 803 3934 80
1791 4095 255 1076 3950 96
2047 4095 255 1397 3999 128
2303 4095 255 1911 4047 209
2559 4095 255 2361 4095 353
2815 4095 255 2794 4095 466
3071 4095 255 3228 4095 530
3327 4095 255 3517 4095 530
3583 4095 255 3742 4095 353
3839 4095 255 3870 4063 48
4095 4095 255 3967 4063 0
0 0 511 0 0 161
255 0 511 112 16 241
511 0 511 466 0 450
767 0 511 899 48 530
1023 0 511 1285 64 482
1279 0 511 1606 64 498
1535 0 511 1895 96 482
1791 0 511 2168 128 466
2047 0 511 2457 193 466
2303 0 511 2746 209 450
2559 0 511 3051 209 466
2815 0 511 3308 241 498
3071 0 511 3501 273 562
3327 0 511 3694 305 578
3583 0 511 3870 321 610
3839 0 511 4047 385 658
4095 0 511 4095 434 707
0 255 511 0 145 289
255 255 511 112 112 273
511 255 511 418 145 401
767 255 511 883 177 385
1023 255 511 1253 241 385
1279 255 511 1590 257 418
1535 255 511 1847 321 450
1791 255 511 2184 337 418
2047 255 511 2505 337 434
2303 255 511 2778 353 434
2559 255 511 3035 385 450
2815 255 511 3276 450 498
3071 255 511 3549 450 530
3327 255 511 3710 498 546
3583 255 511 3886 530 610
3839 255 511 4047 562 691
4095 255 511 4095 594 691
0 511 511 0 385 385
255 511 511 145 369 369
511 511 511 337 337 337
767 511 511 787 385 321
1023 511 511 1156 434 385
1279 511 511 1542 466 337
1535 511 511 1847 530 337
1791 511 511 2184 530 385
2047 511 511 2473 578 418
2303 511 511 2826 626 466
2559 511 511 3115 674 466
2815 511 511 3356 691 466
3071 511 511 3629 739 514
3327 511 511 3774 787 578
3583 511 511 3918 835 626
3839 511 511 4095 883 674
4095 511 511 4079 899 691
0 767 511 48 835 482
255 767 511 209 819 482
511 767 511 353 803 450
767 767 511 787 771 321
1023 767 511 1253 771 321
1279 767 511 1670 819 321
1535 767 511 1943 835 337
1791 767 511 2248 883 418
2047 767 511 2585 899 418
2303 767 511 2923 947 418
2559 767 511 3180 947 450
2815 767 511 3437 980 466
3071 767 511 3597 1028 482
3327 767 511 3774 1076 498
3583 767 511 3950 1108 562
3839 767 511 4079 1140 626
4095 767 511 4095 1188 691
0 1023 511 498 1076 466
255 1023 511 273 1188 530
511 1023 511 401 1188 466
767 1023 511 642 1237 418
1023 1023 511 1012 1172 369
1279 1023 511 1461 1140 321
1535 1023 511 1863 1092 305
1791 1023 511 2248 1124 337
2047 1023 511 2553 1172 353
2303 1023 511 2907 1204 401
2559 1023 511 3180 1220 401
2815 1023 511 3453 1269 434
3071 1023 511 3645 1285 418
3327 1023 511 3790 1365 482
3583 1023 511 3934 1413 562
3839 1023 511 4095 1461 642
4095 1023 511 4079 1477 691
0 1279 511 80 1477 594
255 1279 511 273 1413 482
511 1279 511 337 1397 418
767 1279 511 530 1429 418
1023 1279 511 819 1510 369
1279 1279 511 1124 1445 305
1535 1279 511 1718 1429 241
1791 1279 511 2120 1413 273
2047 1279 511 2521 1445 321
2303 1279 511 2891 1493 353
2559 1279 511 3196 1542 434
2815 1279 511 3453 1574 450
3071 1279 511 3645 1590 450
3327 1279 511 3806 1654 482
3583 1279 511 3950 1734 530
3839 1279 511 4095 1815 658
4095 1279 511 4095 1831 723
0 1535 511 128 1734 562
255 1535 511 241 1718 482
511 1535 511 353 1718 418
767 1535 511 546 1750 418
1023 1535 511 787 1831 385
1279 1535 511 1028 1847 369
1535 1535 511 1333 1815 369
1791 1535 511 1927 1750 273
2047 1535 511 2457 1734 273
2303 1535 511 2826 1750 289
2559 1535 511 3148 1799 353
2815 1535 511 3421 1847 385
3071 1535 511 3645 1895 434
3327 1535 511 3822 1911 434
3583 1535 511 3999 2023 530
3839 1535 511 4047 2039 562
4095 1535 511 4095 2039 691
0 1791 511 145 2072 514
255 1791 511 241 2023 498
511 1791 511 337 2007 418
767 1791 511 514 2039 401
1023 1791 511 739 2120 401
1279 1791 511 947 2104 369
1535 1791 511 1204 2136 369
1791 1791 511 1590 2136 337
2047 1791 511 2216 2056 273
2303 1791 511 2746 2072 305
2559 1791 511 3115 2088 321
2815 1791 511 3421 2136 353
3071 1791 511 3645 2168 385
3327 1791 511 3854 2248 466
3583 1791 511 3983 2312 530
3839 1791 511 4063 2329 578
4095 1791 511 4095 2312 707
0 2047 511 64 2248 466
255 2047 511 209 2248 401
511 2047 511 305 2216 353
767 2047 511 466 2216 337
1023 2047 511 691 2264 321
1279 2047 511 883 2296 321
1535 2047 511 1108 2377 337
1791 2047 511 1381 2425 369
2047 2047 511 1815 2409 305
2303 2047 511 2553 2393 289
2559 2047 511 3035 2393 289
2815 2047 511 3356 2441 369
3071 2047 511 3597 2473 385
3327 2047 511 3838 2537 434
3583 2047 511 3934 2585 466
3839 2047 511 4079 2602 562
4095 2047 511 4079 2634 674
0 2303 511 450 2393 321
255 2303 511 193 2537 401
511 2303 511 305 2521 353
767 2303 511 450 2537 353
1023 2303 511 626 2569 337
1279 2303 511 835 2585 321
1535 2303 511 1092 2618 337
1791 2303 511 1349 2666 321
2047 2303 511 1702 2698 337
2303 2303 511 2168 2794 369
2559 2303 511 2762 2762 353
2815 2303 511 3276 2698 321
3071 2303 511 3597 2730 353
3327 2303 511 3774 2778 418
3583 2303 511 3950 2826 466
3839 2303 511 4063 2858 530
4095 2303 511 4095 2858 642
0 2559 511 48 2826 401
255 2559 511 193 2842 401
511 2559 511 273 2794 337
767 2559 511 401 2778 273
1023 2559 511 594 2762 289
1279 2559 511 803 2794 257
1535 2559 511 1028 2810 289
1791 2559 511 1269 2907 321
2047 2559 511 1574 2939 321
2303 2559 511 2088 3003 321
2559 2559 511 2602 3035 353
2815 2559 511 3115 3035 369
3071 2559 511 3469 3035 385
3327 2559 511 3758 3067 434
3583 2559 511 3918 3083 482
3839 2559 511 4063 3099 546
4095 2559 511 4079 3099 674
0 2815 511 385 2842 177
255 2815 511 161 3003 305
511 2815 511 257 3019 289
767 2815 511 337 3003 241
1023 2815 511 562 3003 257
1279 2815 511 755 3035 273
1535 2815 511 964 3067 273
1791 2815 511 1220 3083 305
2047 2815 511 1510 3164 289
2303 2815 511 1975 3228 337
2559 2815 511 2425 3276 385
2815 2815 511 2939 3340 466
3071 2815 511 3421 3308 466
3327 2815 511 3774 3292 498
3583 2815 511 3918 3308 530
3839 2815 511 4031 3324 578
4095 2815 511 4095 3324 626
0 3071 511 16 3196 257
255 3071 511 145 3180 257
511 3071 511 257 3212 289
767 3071 511 321 3180 257
1023 3071 511 498 3228 257
1279 3071 511 723 3228 225
1535 3071 511 915 3244 209
1791 3071 511 1140 3276 241
2047 3071 511 1429 3340 289
2303 3071 511 1863 3421 321
2559 3071 511 2345 3501 353
2815 3071 511 2875 3501 434
3071 3071 511 3356 3533 482
3327 3071 511 3677 3549 562
3583 3071 511 3870 3517 562
3839 3071 511 4031 3549 626
4095 3071 511 4079 3501 578
0 3327 511 16 3388 257
255 3327 511 80 3356 225
511 3327 511 209 3356 241
767 3327 511 305 3356 209
1023 3327 511 466 3388 193
1279 3327 511 658 3404 193
1535 3327 511 819 3437 209
1791 3327 511 1060 3437 225
2047 3327 511 1413 3517 273
2303 3327 511 1831 3581 289
2559 3327 511 2280 3645 353
2815 3327 511 2746 3726 482
3071 3327 511 3212 3726 530
3327 3327 511 3629 3726 610
3583 3327 511 3870 3726 658
3839 3327 511 4015 3710 642
4095 3327 511 4079 3694 578
0 3583 511 369 3372 80
255 3583 511 80 3549 225
511 3583 511 209 3549 177
767 3583 511 305 3549 177
1023 3583 511 434 3597 193
1279 3583 511 626 3581 177
1535 3583 511 835 3613 209
1791 3583 511 1076 3661 209
2047 3583 511 1365 3645 273
2303 3583 511 1783 3758 353
2559 3583 511 2280 3822 434
2815 3583 511 2778 3870 482
3071 3583 511 3212 3886 610
3327 3583 511 3549 3886 626
3583 3583 511 3806 3870 642
3839 3583 511 3967 3854 578
4095 3583 511 4079 3838 418
0 3839 511 16 3694 241
255 3839 511 112 3742 193
511 3839 511 209 3710 209
767 3839 511 273 3710 209
1023 3839 511 434 3742 209
1279 3839 511 610 3726 177
1535 3839 511 851 3774 209
1791 3839 511 1028 3790 193
2047 3839 511 1301 3806 225
2303 3839 511 1799 3918 321
2559 3839 511 2329 3967 418
2815 3839 511 2810 4015 530
3071 3839 511 3196 4047 642
3327 3839 511 3501 4047 658
3583 3839 511 3790 4015 530
3839 3839 511 3950 3983 385
4095 3839 511 4063 3950 257
0 4095 511 401 3726 96
255 4095 511 128 3854 257
511 4095 511 225 3870 193
767 4095 511 289 3838 193
1023 4095 511 450 3870 177
1279 4095 511 626 3886 177
1535 4095 511 803 3902 193
1791 4095 511 1012 3934 193
2047 4095 511 1365 3983 273
2303 4095 511 1927 4063 385
2559 4095 511 2393 4095 546
2815 4095 511 2810 4095 594
3071 4095 511 3244 4095 691
3327 4095 511 3517 4095 658
3583 4095 511 3742 4095 514
3839 4095 511 3870 4095 161
4095 4095 511 3967 4047 0
0 0 767 0 16 353
255 0 767 80 0 514
511 0 767 353 16 707
767 0 767 851 80 915
1023 0 767 1253 64 915
1279 0 767 1590 96 851
1535 0 767 1831 112 819
1791 0 767 2088 128 755
2047 0 767 2393 161 787
2303 0 767 2682 193 739
2559 0 767 2971 225 739
2815 0 767 3212 241 739
3071 0 767 3453 289 771
3327 0 767 3629 337 835
3583 0 767 3838 337 883
3839 0 767 3999 385 899
4095 0 767 4079 401 899
0 255 767 16 128 546
255 255 767 80 145 578
511 255 767 305 128 674
767 255 767 803 193 851
1023 255 767 1204 241 819
1279 255 767 1542 273 787
1535 255 767 1799 305 771
1791 255 767 2072 305 739
2047 255 767 2393 337 707
2303 255 767 2714 369 707
2559 255 767 2987 385 723
2815 255 767 3196 418 739
3071 255 767 3469 450 723
3327 255 767 3677 450 755
3583 255 767 3838 482 835
3839 255 767 3999 530 867
4095 255 767 4095 578 899
0 511 767 0 418 626
255 511 767 112 385 674
511 511 767 241 321 642
767 511 767 755 369 787
1023 511 767 1108 434 787
1279 511 767 1493 466 739
1535 511 767 1799 466 723
1791 511 767 2088 530 707
2047 511 767 2409 546 723
2303 511 767 2698 578 755
2559 511 767 3003 610 707
2815 511 767 3276 626 723
3071 511 767 3533 658 723
3327 511 767 3726 691 787
3583 511 767 3854 723 819
3839 511 767 4031 771 867
4095 511 767 4095 803 883
0 767 767 16 851 787
255 767 767 209 835 819
511 767 767 353 835 803
767 767 767 658 723 771
1023 767 767 1172 787 787
1279 767 767 1590 819 755
1535 767 767 1879 835 739
1791 767 767 2152 867 755
2047 767 767 2505 883 723
2303 767 767 2826 883 707
2559 767 767 3115 931 707
2815 767 767 3372 964 739
3071 767 767 3565 996 771
3327 767 767 3758 996 771
3583 767 767 3902 1076 835
3839 767 767 4063 1140 915
4095 767 767 4095 1156 931
0 1023 767 466 1076 739
255 1023 767 273 1204 851
511 1023 767 434 1156 819
767 1023 767 691 1156 803
1023 1023 767 1124 1108 658
1279 1023 767 1526 1108 707
1535 1023 767 1895 1140 691
1791 1023 767 2216 1140 707
2047 1023 767 2537 1172 707
2303 1023 767 2858 1204 707
2559 1023 767 3131 1253 723
2815 1023 767 3388 1253 691
3071 1023 767 3629 1269 723
3327 1023 767 3758 1317 723
3583 1023 767 3918 1381 819
3839 1023 767 4063 1445 883
4095 1023 767 4095 1445 964
0 1279 767 112 1477 819
255 1279 767 289 1429 787
511 1279 767 418 1413 755
767 1279 767 578 1397 707
1023 1279 767 851 1477 626
1279 1279 767 1269 1413 562
1535 1279 767 1799 1445 530
1791 1279 767 2184 1429 594
2047 1279 767 2505 1445 642
2303 1279 767 2875 1510 642
2559 1279 767 3148 1526 658
2815 1279 767 3421 1574 707
3071 1279 767 3597 1558 674
3327 1279 767 3774 1606 707
3583 1279 767 3934 1702 819
3839 1279 767 4063 1750 899
4095 1279 767 4079 1815 964
0 1535 767 145 1734 819
255 1535 767 289 1718 787
511 1535 767 418 1718 771
767 1535 767 610 1734 723
1023 1535 767 819 1783 626
1279 1535 767 1124 1799 578
1535 1535 767 1461 1831 578
1791 1535 767 2039 1734 466
2047 1535 767 2505 1734 514
2303 1535 767 2826 1750 498
2559 1535 767 3115 1799 610
2815 1535 767 3388 1847 626
3071 1535 767 3629 1863 658
3327 1535 767 3774 1895 658
3583 1535 767 3950 1975 739
3839 1535 767 4047 1991 851
4095 1535 767 4095 2072 964
0 1791 767 193 2072 819
255 1791 767 321 2039 755
511 1791 767 434 2023 739
767 1791 767 530 2007 642
1023 1791 767 739 2072 626
1279 1791 767 964 2072 578
1535 1791 767 1285 2104 578
1791 1791 767 1686 2072 498
2047 1791 767 2345 2023 434
2303 1791 767 2746 2039 482
2559 1791 767 3099 2072 498
2815 1791 767 3388 2104 514
3071 1791 767 3629 2152 562
3327 1791 767 3774 2168 626
3583 1791 767 3918 2248 658
3839 1791 767 4063 2280 803
4095 1791 767 4095 2329 964
0 2047 767 128 2296 771
255 2047 767 273 2264 691
511 2047 767 369 2232 674
767 2047 767 514 2216 594
1023 2047 767 691 2248 562
1279 2047 767 915 2329 530
1535 2047 767 1156 2393 562
1791 2047 767 1477 2425 562
2047 2047 767 1991 2441 530
2303 2047 767 2650 2345 418
2559 2047 767 3067 2345 434
2815 2047 767 3324 2425 482
3071 2047 767 3549 2409 514
3327 2047 767 3790 2457 562
3583 2047 767 3967 2537 674
3839 2047 767 4047 2585 739
4095 2047 767 4095 2602 899
0 2303 767 482 2425 578
255 2303 767 273 2569 707
511 2303 767 321 2537 594
767 2303 767 466 2489 514
1023 2303 767 626 2521 546
1279 2303 767 819 2569 498
1535 2303 767 1108 2602 514
1791 2303 767 1349 2634 498
2047 2303 767 1750 2682 498
2303 2303 767 2232 2730 514
2559 2303 767 2810 2714 466
2815 2303 767 3276 2682 418
3071 2303 767 3565 2682 401
3327 2303 767 3758 2746 514
3583 2303 767 3902 2794 562
3839 2303 767 4079 2826 642
4095 2303 767 4095 2842 819
0 2559 767 96 2858 707
255 2559 767 241 2810 626
511 2559 767 321 2810 594
767 2559 767 434 2794 514
1023 2559 767 626 2762 498
1279 2559 767 819 2778 450
1535 2559 767 1028 2778 450
1791 2559 767 1301 2907 530
2047 2559 767 1606 2939 498
2303 2559 767 2104 2971 466
2559 2559 767 2650 3003 434
2815 2559 767 3164 3003 450
3071 2559 767 3501 3019 514
3327 2559 767 3742 3019 530
3583 2559 767 3950 3067 610
3839 2559 767 4079 3099 674
4095 2559 767 4095 3099 803
0 2815 767 434 2891 482
255 2815 767 193 3035 594
511 2815 767 305 3051 578
767 2815 767 418 3019 434
1023 2815 767 562 3003 418
1279 2815 767 739 3019 418
1535 2815 767 980 3051 450
1791 2815 767 1253 3099 482
2047 2815 767 1606 3164 514
2303 2815 767 2007 3228 498
2559 2815 767 2441 3276 546
2815 2815 767 2955 3340 578
3071 2815 767 3453 3276 578
3327 2815 767 3774 3276 610
3583 2815 767 3934 3308 658
3839 2815 767 4031 3308 691
4095 2815 767 4095 3292 771
0 3071 767 80 3244 562
255 3071 767 161 3196 546
511 3071 767 289 3228 530
767 3071 767 369 3228 466
1023 3071 767 466 3212 418
1279 3071 767 691 3212 369
1535 3071 767 915 3244 369
1791 3071 767 1172 3276 418
2047 3071 767 1445 3340 450
2303 3071 767 1863 3437 530
2559 3071 767 2329 3469 546
2815 3071 767 2858 3501 546
3071 3071 767 3356 3533 610
3327 3071 767 3645 3533 658
3583 3071 767 3870 3533 658
3839 3071 767 4031 3533 707
4095 3071 767 4095 3517 755
0 3327 767 48 3388 466
255 3327 767 145 3388 466
511 3327 767 257 3388 466
767 3327 767 353 3404 450
1023 3327 767 450 3388 353
1279 3327 767 626 3421 321
1535 3327 767 803 3437 337
1791 3327 767 1076 3485 385
2047 3327 767 1365 3517 418
2303 3327 767 1831 3597 466
2559 3327 767 2280 3661 530
2815 3327 767 2730 3726 594
3071 3327 767 3196 3726 626
3327 3327 767 3629 3726 739
3583 3327 767 3902 3710 755
3839 3327 767 4031 3710 739
4095 3327 767 4095 3677 707
0 3583 767 369 3421 305
255 3583 767 112 3549 401
511 3583 767 241 3549 385
767 3583 767 353 3565 401
1023 3583 767 434 3597 369
1279 3583 767 594 3597 369
1535 3583 767 835 3613 353
1791 3583 767 1044 3645 353
2047 3583 767 1381 3677 434
2303 3583 767 1783 3758 514
2559 3583 767 2248 3838 562
2815 3583 767 2762 3854 626
3071 3583 767 3196 3870 691
3327 3583 767 3565 3886 755
3583 3583 767 3822 3870 771
3839 3583 767 3967 3870 723
4095 3583 767 4095 3822 642
0 3839 767 32 3742 530
255 3839 767 145 3694 418
511 3839 767 241 3710 385
767 3839 767 305 3710 385
1023 3839 767 450 3726 369
1279 3839 767 626 3742 369
1535 3839 767 803 3758 353
1791 3839 767 1012 3806 401
2047 3839 767 1285 3806 385
2303 3839 767 1815 3902 498
2559 3839 767 2377 3983 610
2815 3839 767 2826 3999 723
3071 3839 767 3196 4047 803
3327 3839 767 3517 4047 819
3583 3839 767 3774 4015 723
3839 3839 767 3934 3983 562
4095 3839 767 4047 3950 450
0 4095 767 418 3710 482
255 4095 767 177 3854 578
511 4095 767 273 3854 562
767 4095 767 353 3854 466
1023 4095 767 434 3854 385
1279 4095 767 610 3918 385
1535 4095 767 803 3950 418
1791 4095 767 1028 3934 418
2047 4095 767 1349 3983 466
2303 4095 767 1911 4047 594
2559 4095 767 2377 4095 739
2815 4095 767 2842 4095 803
3071 4095 767 3244 4079 883
3327 4095 767 3533 4095 819
3583 4095 767 3726 4095 658
3839 4095 767 3870 4095 353
4095 4095 767 3983 4079 0
0 0 1023 16 16 594
255 0 1023 80 32 723
511 0 1023 305 32 915
767 0 1023 723 64 1124
1023 0 1023 1172 80 1253
1279 0 1023 1574 112 1188
1535 0 1023 1863 112 1156
1791 0 1023 2088 128 1076
2047 0 1023 2329 161 1092
2303 0 1023 2634 209 1060
2559 0 1023 2955 225 1012
2815 0 1023 3180 257 1028
3071 0 1023 3404 321 1076
3327 0 1023 3597 353 1124
3583 0 1023 3774 401 1188
3839 0 1023 3950 385 1172
4095 0 1023 4079 434 1172
0 255 1023 0 193 755
255 255 1023 80 161 771
511 255 1023 241 145 883
767 255 1023 674 177 1092
1023 255 1023 1124 241 1156
1279 255 1023 1510 273 1140
1535 255 1023 1734 289 1108
1791 255 1023 2056 289 1044
2047 255 1023 2329 321 996
2303 255 1023 2634 353 996
2559 255 1023 2923 369 980
2815 255 1023 3148 418 996
3071 255 1023 3404 450 996
3327 255 1023 3613 466 1044
3583 255 1023 3806 530 1092
3839 255 1023 3983 546 1124
4095 255 1023 4095 594 1140
0 511 1023 0 434 899
255 511 1023 96 401 915
511 511 1023 193 321 899
767 511 1023 562 321 980
1023 511 1023 1012 418 1124
1279 511 1023 1445 450 1076
1535 511 1023 1718 482 996
1791 511 1023 2023 498 980
2047 511 1023 2329 514 996
2303 511 1023 2634 594 1028
2559 511 1023 2939 578 996
2815 511 1023 3212 610 980
3071 511 1023 3485 626 980
3327 511 1023 3677 691 1028
3583 511 1023 3822 723 1060
3839 511 1023 3983 739 1092
4095 511 1023 4095 755 1108
0 767 1023 16 851 1060
255 767 1023 161 835 1060
511 767 1023 305 771 1060
767 767 1023 546 642 1028
1023 767 1023 1076 691 1108
1279 767 1023 1493 771 1108
1535 767 1023 1831 819 1092
1791 767 1023 2088 851 1108
2047 767 1023 2441 819 1044
2303 767 1023 2730 867 1012
2559 767 1023 3003 899 1028
2815 767 1023 3276 915 1012
3071 767 1023 3501 915 996
3327 767 1023 3694 947 1044
3583 767 1023 3870 996 1060
3839 767 1023 4015 1028 1108
4095 767 1023 4095 1076 1140
0 1023 1023 498 1076 1044
255 1023 1023 289 1188 1172
511 1023 1023 450 1188 1156
767 1023 1023 658 1140 1140
1023 1023 1023 964 1012 1092
1279 1023 1023 1429 1108 1140
1535 1023 1023 1815 1156 1124
1791 1023 1023 2168 1156 1076
2047 1023 1023 2441 1156 1044
2303 1023 1023 2746 1172 996
2559 1023 1023 3051 1220 1044
2815 1023 1023 3308 1220 996
3071 1023 1023 3565 1269 1012
3327 1023 1023 3758 1301 1044
3583 1023 1023 3870 1349 1076
3839 1023 1023 4047 1381 1156
4095 1023 1023 4095 1429 1204
0 1279 1023 145 1526 1124
255 1279 1023 305 1429 1044
511 1279 1023 434 1429 1060
767 1279 1023 642 1429 1076
1023 1279 1023 915 1429 1060
1279 1279 1023 1397 1381 931
1535 1279 1023 1783 1397 947
1791 1279 1023 2184 1445 1028
2047 1279 1023 2473 1493 1028
2303 1279 1023 2794 1493 1012
2559 1279 1023 3115 1510 964
2815 1279 1023 3372 1574 980
3071 1279 1023 3581 1542 980
3327 1279 1023 3742 1590 996
3583 1279 1023 3902 1654 1076
3839 1279 1023 4031 1718 1156
4095 1279 1023 4047 1734 1188
0 1535 1023 225 1766 1156
255 1535 1023 321 1734 1092
511 1535 1023 466 1718 1044
767 1535 1023 674 1750 1044
1023 1535 1023 883 1734 1028
1279 1535 1023 1204 1799 964
1535 1535 1023 1606 1766 915
1791 1535 1023 2104 1766 915
2047 1535 1023 2505 1783 899
2303 1535 1023 2842 1799 931
2559 1535 1023 3099 1831 931
2815 1535 1023 3356 1831 931
3071 1535 1023 3581 1831 931
3327 1535 1023 3790 1847 931
3583 1535 1023 3902 1911 1044
3839 1535 1023 4031 1991 1140
4095 1535 1023 4095 2039 1253
0 1791 1023 241 2072 1108
255 1791 1023 369 2056 1108
511 1791 1023 498 2039 1060
767 1791 1023 658 2039 1028
1023 1791 1023 803 2023 980
1279 1791 1023 1060 2088 899
1535 1791 1023 1381 2088 851
1791 1791 1023 1831 2104 819
2047 1791 1023 2409 2056 723
2303 1791 1023 2762 2072 819
2559 1791 1023 3083 2104 819
2815 1791 1023 3356 2088 851
3071 1791 1023 3613 2120 867
3327 1791 1023 3758 2168 867
3583 1791 1023 3902 2248 1012
3839 1791 1023 4047 2312 1140
4095 1791 1023 4079 2329 1253
0 2047 1023 161 2329 1108
255 2047 1023 337 2312 1028
511 2047 1023 418 2264 1012
767 2047 1023 578 2264 915
1023 2047 1023 739 2248 867
1279 2047 1023 947 2280 803
1535 2047 1023 1220 2361 819
1791 2047 1023 1542 2409 835
2047 2047 1023 2039 2377 723
2303 2047 1023 2730 2345 610
2559 2047 1023 3067 2361 674
2815 2047 1023 3276 2361 674
3071 2047 1023 3565 2425 755
3327 2047 1023 3774 2473 787
3583 2047 1023 3934 2505 867
3839 2047 1023 4063 2569 1028
4095 2047 1023 4079 2602 1204
0 2303 1023 546 2473 915
255 2303 1023 305 2618 1044
511 2303 1023 418 2569 980
767 2303 1023 546 2553 915
1023 2303 1023 658 2537 851
1279 2303 1023 851 2553 771
1535 2303 1023 1124 2618 771
1791 2303 1023 1461 2634 755
2047 2303 1023 1799 2682 755
2303 2303 1023 2296 2714 707
2559 2303 1023 2891 2682 594
2815 2303 1023 3308 2650 626
3071 2303 1023 3565 2634 610
3327 2303 1023 3758 2714 658
3583 2303 1023 3902 2762 739
3839 2303 1023 4047 2826 899
4095 2303 1023 4079 2826 1092
0 2559 1023 128 2907 1044
255 2559 1023 321 2875 1012
511 2559 1023 401 2858 980
767 2559 1023 514 2826 883
1023 2559 1023 642 2778 771
1279 2559 1023 819 2810 723
1535 2559 1023 1076 2842 739
1791 2559 1023 1301 2858 755
2047 2559 1023 1638 2923 755
2303 2559 1023 2152 3003 755
2559 2559 1023 2682 3003 642
2815 2559 1023 3196 2971 594
3071 2559 1023 3469 2955 594
3327 2559 1023 3726 3003 674
3583 2559 1023 3918 3003 707
3839 2559 1023 4063 3051 819
4095 2559 1023 4095 3083 1012
0 2815 1023 498 2923 819
255 2815 1023 241 3067 915
511 2815 1023 401 3099 931
767 2815 1023 514 3051 819
1023 2815 1023 594 3035 723
1279 2815 1023 723 3035 674
1535 2815 1023 996 3051 691
1791 2815 1023 1269 3067 707
2047 2815 1023 1590 3131 707
2303 2815 1023 2023 3196 771
2559 2815 1023 2489 3276 803
2815 2815 1023 2971 3292 739
3071 2815 1023 3469 3276 674
3327 2815 1023 3726 3244 674
3583 2815 1023 3902 3292 739
3839 2815 1023 4047 3308 819
4095 2815 1023 4095 3292 931
0 3071 1023 145 3244 915
255 3071 1023 257 3244 899
511 3071 1023 353 3292 883
767 3071 1023 466 3260 835
1023 3071 1023 530 3228 691
1279 3071 1023 674 3228 610
1535 3071 1023 915 3244 594
1791 3071 1023 1188 3260 642
2047 3071 1023 1461 3340 674
2303 3071 1023 1895 3437 739
2559 3071 1023 2361 3469 771
2815 3071 1023 2891 3501 755
3071 3071 1023 3308 3501 739
3327 3071 1023 3645 3517 771
3583 3071 1023 3886 3533 771
3839 3071 1023 4031 3517 803
4095 3071 1023 4095 3485 867
0 3327 1023 96 3453 835
255 3327 1023 225 3437 851
511 3327 1023 321 3453 851
767 3327 1023 450 3437 819
1023 3327 1023 530 3421 691
1279 3327 1023 642 3421 562
1535 3327 1023 803 3421 546
1791 3327 1023 1076 3469 578
2047 3327 1023 1397 3501 642
2303 3327 1023 1847 3597 691
2559 3327 1023 2280 3613 755
2815 3327 1023 2746 3694 835
3071 3327 1023 3196 3726 851
3327 3327 1023 3597 3726 819
3583 3327 1023 3886 3710 851
3839 3327 1023 3983 3710 851
4095 3327 1023 4095 3694 915
0 3583 1023 434 3453 691
255 3583 1023 209 3597 819
511 3583 1023 305 3581 739
767 3583 1023 434 3597 771
1023 3583 1023 514 3581 723
1279 3583 1023 610 3597 594
1535 3583 1023 803 3613 546
1791 3583 1023 1060 3645 562
2047 3583 1023 1349 3677 610
2303 3583 1023 1799 3758 755
2559 3583 1023 2264 3806 787
2815 3583 1023 2762 3870 867
3071 3583 1023 3212 3886 899
3327 3583 1023 3565 3886 915
3583 3583 1023 3806 3870 899
3839 3583 1023 3967 3870 883
4095 3583 1023 4095 3854 819
0 3839 1023 80 3742 964
255 3839 1023 225 3742 819
511 3839 1023 273 3742 739
767 3839 1023 401 3758 723
1023 3839 1023 482 3742 723
1279 3839 1023 610 3774 546
1535 3839 1023 771 3774 546
1791 3839 1023 1012 3822 594
2047 3839 1023 1301 3838 610
2303 3839 1023 1799 3934 707
2559 3839 1023 2329 3934 819
2815 3839 1023 2826 3999 899
3071 3839 1023 3212 4031 996
3327 3839 1023 3517 4031 996
3583 3839 1023 3758 4015 883
3839 3839 1023 3950 3999 771
4095 3839 1023 4079 3967 691
0 4095 1023 514 3774 931
255 4095 1023 289 3886 1060
511 4095 1023 353 3870 1012
767 4095 1023 466 3902 947
1023 4095 1023 546 3902 867
1279 4095 1023 626 3918 723
1535 4095 1023 787 3934 658
1791 4095 1023 1044 3967 642
2047 4095 1023 1381 3983 658
2303 4095 1023 1863 4031 803
2559 4095 1023 2345 4095 947
2815 4095 1023 2842 4095 1028
3071 4095 1023 3260 4095 1076
3327 4095 1023 3533 4095 1044
3583 4095 1023 3742 4095 899
3839 4095 1023 3870 4095 691
4095 4095 1023 3999 4079 225
0 0 1279 0 32 819
255 0 1279 80 32 915
511 0 1279 241 32 1140
767 0 1279 578 48 1317
1023 0 1279 996 112 1445
1279 0 1279 1445 96 1477
1535 0 1279 1766 128 1461
1791 0 1279 2039 145 1397
2047 0 1279 2296 177 1381
2303 0 1279 2618 209 1349
2559 0 1279 2891 241 1301
2815 0 1279 3131 289 1381
3071 0 1279 3340 305 1397
3327 0 1279 3533 385 1445
3583 0 1279 3710 385 1477
3839 0 1279 3886 401 1510
4095 0 1279 4031 450 1461
0 255 1279 0 193 964
255 255 1279 64 193 980
511 255 1279 225 161 1140
767 255 1279 546 193 1237
1023 255 1279 947 257 1397
1279 255 1279 1397 273 1445
1535 255 1279 1702 305 1445
1791 255 1279 1991 305 1365
2047 255 1279 2296 305 1301
2303 255 1279 2569 353 1301
2559 255 1279 2842 385 1285
2815 255 1279 3099 418 1285
3071 255 1279 3356 498 1333
3327 255 1279 3581 514 1349
3583 255 1279 3758 562 1445
3839 255 1279 3886 610 1429
4095 255 1279 4047 642 1461
0 511 1279 0 434 1124
255 511 1279 80 418 1140
511 511 1279 257 385 1172
767 511 1279 466 321 1204
1023 511 1279 883 385 1333
1279 511 1279 1317 434 1365
1535 511 1279 1702 466 1365
1791 511 1279 1991 482 1333
2047 511 1279 2296 530 1317
2303 511 1279 2553 578 1333
2559 511 1279 2891 594 1285
2815 511 1279 3164 578 1253
3071 511 1279 3404 658 1333
3327 511 1279 3597 691 1349
3583 511 1279 3790 755 1429
3839 511 1279 3950 803 1413
4095 511 1279 4079 851 1429
0 767 1279 32 851 1285
255 767 1279 145 803 1317
511 767 1279 257 739 1285
767 767 1279 418 610 1253
1023 767 1279 819 610 1301
1279 767 1279 1413 723 1461
1535 767 1279 1783 803 1461
1791 767 1279 2023 803 1413
2047 767 1279 2361 803 1365
2303 767 1279 2682 867 1349
2559 767 1279 2939 867 1317
2815 767 1279 3212 899 1333
3071 767 1279 3404 883 1317
3327 767 1279 3629 931 1333
3583 767 1279 3822 964 1317
3839 767 1279 3999 1012 1381
4095 767 1279 4095 1060 1413
0 1023 1279 514 1044 1317
255 1023 1279 273 1204 1429
511 1023 1279 434 1124 1397
767 1023 1279 578 1028 1381
1023 1023 1279 851 964 1381
1279 1023 1279 1285 1028 1461
1535 1023 1279 1766 1092 1445
1791 1023 1279 2072 1092 1381
2047 1023 1279 2393 1140 1397
2303 1023 1279 2682 1140 1365
2559 1023 1279 2955 1156 1349
2815 1023 1279 3228 1188 1301
3071 1023 1279 3485 1172 1317
3327 1023 1279 3677 1188 1285
3583 1023 1279 3822 1237 1333
3839 1023 1279 3983 1301 1413
4095 1023 1279 4095 1333 1397
0 1279 1279 128 1493 1445
255 1279 1279 321 1445 1413
511 1279 1279 466 1429 1429
767 1279 1279 642 1445 1429
1023 1279 1279 899 1381 1413
1279 1279 1279 1285 1301 1381
1535 1279 1279 1718 1397 1413
1791 1279 1279 2104 1429 1445
2047 1279 1279 2409 1477 1461
2303 1279 1279 2714 1461 1397
2559 1279 1279 3067 1477 1381
2815 1279 1279 3260 1526 1333
3071 1279 1279 3501 1542 1301
3327 1279 1279 3710 1574 1333
3583 1279 1279 3854 1606 1365
3839 1279 1279 3983 1686 1429
4095 1279 1279 4095 1686 1461
0 1535 1279 225 1750 1397
255 1535 1279 353 1766 1413
511 1535 1279 514 1718 1381
767 1535 1279 723 1734 1397
1023 1535 1279 996 1718 1397
1279 1535 1279 1301 1750 1397
1535 1535 1279 1686 1766 1397
1791 1535 1279 2104 1750 1365
2047 1535 1279 2489 1815 1413
2303 1535 1279 2826 1847 1381
2559 1535 1279 3083 1799 1365
2815 1535 1279 3292 1831 1333
3071 1535 1279 3549 1831 1285
3327 1535 1279 3742 1831 1285
3583 1535 1279 3902 1927 1381
3839 1535 1279 4031 1959 1461
4095 1535 1279 4079 2007 1510
0 1791 1279 273 2088 1397
255 1791 1279 401 2039 1397
511 1791 1279 562 2039 1413
767 1791 1279 723 2039 1397
1023 1791 1279 915 2056 1381
1279 1791 1279 1156 2056 1333
1535 1791 1279 1477 2088 1301
1791 1791 1279 2007 2088 1220
2047 1791 1279 2457 2039 1220
2303 1791 1279 2762 2088 1285
2559 1791 1279 3067 2072 1253
2815 1791 1279 3340 2104 1237
3071 1791 1279 3565 2136 1237
3327 1791 1279 3742 2152 1237
3583 1791 1279 3902 2216 1333
3839 1791 1279 4031 2264 1477
4095 1791 1279 4095 2280 1574
0 2047 1279 177 2312 1397
255 2047 1279 337 2296 1349
511 2047 1279 482 2312 1349
767 2047 1279 642 2264 1301
1023 2047 1279 851 2264 1285
1279 2047 1279 1044 2248 1172
1535 2047 1279 1301 2361 1204
1791 2047 1279 1638 2377 1172
2047 2047 1279 2184 2393 1124
2303 2047 1279 2778 2345 1044
2559 2047 1279 3067 2329 1076
2815 2047 1279 3260 2361 1124
3071 2047 1279 3517 2425 1092
3327 2047 1279 3774 2441 1156
3583 2047 1279 3918 2473 1220
3839 2047 1279 4031 2569 1429
4095 2047 1279 4095 2585 1558
0 2303 1279 610 2505 1285
255 2303 1279 385 2650 1397
511 2303 1279 514 2618 1333
767 2303 1279 642 2585 1301
1023 2303 1279 787 2585 1269
1279 2303 1279 947 2553 1172
1535 2303 1279 1156 2585 1108
1791 2303 1279 1445 2634 1108
2047 2303 1279 1879 2682 1092
2303 2303 1279 2409 2698 1060
2559 2303 1279 2875 2650 899
2815 2303 1279 3228 2618 867
3071 2303 1279 3501 2634 883
3327 2303 1279 3694 2698 915
3583 2303 1279 3886 2714 1028
3839 2303 1279 4047 2794 1220
4095 2303 1279 4095 2810 1445
0 2559 1279 209 2955 1413
255 2559 1279 385 2923 1397
511 2559 1279 498 2907 1349
767 2559 1279 626 2875 1317
1023 2559 1279 771 2842 1188
1279 2559 1279 883 2842 1092
1535 2559 1279 1092 2826 1044
1791 2559 1279 1317 2875 1028
2047 2559 1279 1686 2923 1092
2303 2559 1279 2184 2971 1092
2559 2559 1279 2746 2987 947
2815 2559 1279 3164 2939 803
3071 2559 1279 3469 2955 787
3327 2559 1279 3677 2971 835
3583 2559 1279 3902 3035 915
3839 2559 1279 4015 3019 1044
4095 2559 1279 4079 3051 1349
0 2815 1279 562 2971 1237
255 2815 1279 353 3115 1349
511 2815 1279 466 3099 1301
767 2815 1279 562 3083 1237
1023 2815 1279 723 3051 1140
1279 2815 1279 803 3051 1076
1535 2815 1279 980 3051 1012
1791 2815 1279 1301 3083 996
2047 2815 1279 1638 3131 1044
2303 2815 1279 2072 3196 1076
2559 2815 1279 2537 3276 1108
2815 2815 1279 2987 3276 1060
3071 2815 1279 3453 3276 867
3327 2815 1279 3710 3244 787
3583 2815 1279 3886 3244 851
3839 2815 1279 4031 3276 996
4095 2815 1279 4095 3292 1188
0 3071 1279 209 3308 1301
255 3071 1279 337 3292 1301
511 3071 1279 418 3308 1301
767 3071 1279 562 3292 1285
1023 3071 1279 642 3276 1172
1279 3071 1279 787 3244 964
1535 3071 1279 915 3260 899
1791 3071 1279 1156 3276 899
2047 3071 1279 1510 3340 980
2303 3071 1279 1943 3421 1060
2559 3071 1279 2425 3453 1060
2815 3071 1279 2891 3469 1028
3071 3071 1279 3372 3485 996
3327 3071 1279 3629 3469 899
3583 3071 1279 3870 3485 883
3839 3071 1279 4031 3517 931
4095 3071 1279 4095 3501 1092
0 3327 1279 161 3469 1301
255 3327 1279 305 3485 1285
511 3327 1279 401 3485 1253
767 3327 1279 546 3469 1269
1023 3327 1279 642 3469 1140
1279 3327 1279 723 3437 947
1535 3327 1279 835 3437 851
1791 3327 1279 1108 3453 867
2047 3327 1279 1445 3549 915
2303 3327 1279 1863 3565 964
2559 3327 1279 2329 3645 1044
2815 3327 1279 2730 3710 1092
3071 3327 1279 3212 3726 1108
3327 3327 1279 3613 3726 1076
3583 3327 1279 3902 3694 1012
3839 3327 1279 4015 3726 1028
4095 3327 1279 4095 3677 1124
0 3583 1279 482 3469 1124
255 3583 1279 289 3629 1285
511 3583 1279 401 3613 1237
767 3583 1279 530 3613 1237
1023 3583 1279 610 3645 1204
1279 3583 1279 723 3613 1028
1535 3583 1279 835 3629 819
1791 3583 1279 1076 3661 835
2047 3583 1279 1397 3677 883
2303 3583 1279 1815 3774 1028
2559 3583 1279 2248 3806 1108
2815 3583 1279 2778 3870 1124
3071 3583 1279 3196 3870 1140
3327 3583 1279 3533 3886 1156
3583 3583 1279 3822 3870 1156
3839 3583 1279 3934 3886 1108
4095 3583 1279 4095 3838 1060
0 3839 1279 145 3806 1413
255 3839 1279 321 3774 1285
511 3839 1279 385 3774 1285
767 3839 1279 514 3790 1204
1023 3839 1279 642 3806 1156
1279 3839 1279 755 3806 1076
1535 3839 1279 835 3774 883
1791 3839 1279 1028 3822 883
2047 3839 1279 1349 3854 883
2303 3839 1279 1783 3902 980
2559 3839 1279 2312 3967 1092
2815 3839 1279 2810 4015 1140
3071 3839 1279 3180 4031 1204
3327 3839 1279 3517 4047 1237
3583 3839 1279 3806 4031 1124
3839 3839 1279 3934 3999 1060
4095 3839 1279 4063 3967 980
0 4095 1279 626 3822 1365
255 4095 1279 385 3886 1493
511 4095 1279 482 3918 1413
767 4095 1279 594 3934 1397
1023 4095 1279 707 3950 1349
1279 4095 1279 787 3950 1253
1535 4095 1279 851 3967 1044
1791 4095 1279 1076 3983 947
2047 4095 1279 1413 3999 947
2303 4095 1279 1911 4047 1076
2559 4095 1279 2345 4095 1188
2815 4095 1279 2826 4095 1269
3071 4095 1279 3228 4079 1349
3327 4095 1279 3501 4095 1285
3583 4095 1279 3758 4095 1220
3839 4095 1279 3870 4095 899
4095 4095 1279 3999 4079 642
0 0 1535 0 32 851
255 0 1535 80 64 1124
511 0 1535 241 64 1317
767 0 1535 530 64 1510
1023 0 1535 899 96 1622
1279 0 1535 1333 145 1734
1535 0 1535 1702 161 1734
1791 0 1535 2007 145 1702
2047 0 1535 2264 193 1686
2303 0 1535 2569 209 1638
2559 0 1535 2842 241 1622
2815 0 1535 3099 273 1638
3071 0 1535 3292 289 1686
3327 0 1535 3501 353 1734
3583 0 1535 3710 385 1799
3839 0 1535 3886 418 1783
4095 0 1535 4015 466 1750
0 255 1535 16 209 1140
255 255 1535 64 225 1220
511 255 1535 225 209 1333
767 255 1535 482 209 1493
1023 255 1535 851 209 1590
1279 255 1535 1301 305 1686
1535 255 1535 1638 305 1718
1791 255 1535 1943 305 1638
2047 255 1535 2264 321 1606
2303 255 1535 2537 337 1590
2559 255 1535 2810 385 1622
2815 255 1535 3067 418 1638
3071 255 1535 3292 466 1622
3327 255 1535 3565 514 1670
3583 255 1535 3710 562 1718
3839 255 1535 3886 610 1750
4095 255 1535 3983 658 1750
0 511 1535 0 401 1269
255 511 1535 80 418 1333
511 511 1535 225 369 1413
767 511 1535 434 337 1461
1023 511 1535 739 369 1526
1279 511 1535 1188 434 1590
1535 511 1535 1606 450 1638
1791 511 1535 1959 498 1622
2047 511 1535 2232 514 1606
2303 511 1535 2537 562 1606
2559 511 1535 2826 610 1606
2815 511 1535 3083 610 1606
3071 511 1535 3356 658 1638
3327 511 1535 3565 707 1638
3583 511 1535 3726 755 1686
3839 511 1535 3902 819 1734
4095 511 1535 4015 851 1718
0 767 1535 48 835 1493
255 767 1535 128 787 1526
511 767 1535 241 691 1461
767 767 1535 418 594 1493
1023 767 1535 739 578 1542
1279 767 1535 1188 691 1654
1535 767 1535 1654 755 1766
1791 767 1535 2007 803 1750
2047 767 1535 2280 835 1670
2303 767 1535 2634 835 1638
2559 767 1535 2891 835 1622
2815 767 1535 3148 867 1606
3071 767 1535 3356 899 1606
3327 767 1535 3597 947 1638
3583 767 1535 3758 980 1670
3839 767 1535 3934 1028 1718
4095 767 1535 4063 1076 1734
0 1023 1535 498 1028 1526
255 1023 1535 273 1156 1654
511 1023 1535 385 1108 1638
767 1023 1535 514 996 1606
1023 1023 1535 707 883 1606
1279 1023 1535 1108 915 1654
1535 1023 1535 1622 1028 1734
1791 1023 1535 2023 1044 1718
2047 1023 1535 2329 1092 1670
2303 1023 1535 2650 1124 1670
2559 1023 1535 2875 1124 1638
2815 1023 1535 3148 1140 1622
3071 1023 1535 3421 1172 1606
3327 1023 1535 3629 1188 1590
3583 1023 1535 3774 1237 1638
3839 1023 1535 3918 1285 1686
4095 1023 1535 4079 1317 1702
0 1279 1535 177 1493 1718
255 1279 1535 337 1445 1686
511 1279 1535 466 1413 1670
767 1279 1535 610 1365 1654
1023 1279 1535 803 1301 1638
1279 1279 1535 1108 1204 1622
1535 1279 1535 1606 1301 1654
1791 1279 1535 1991 1365 1702
2047 1279 1535 2345 1429 1734
2303 1279 1535 2682 1445 1702
2559 1279 1535 2971 1461 1686
2815 1279 1535 3180 1445 1654
3071 1279 1535 3453 1510 1654
3327 1279 1535 3677 1526 1670
3583 1279 1535 3806 1542 1670
3839 1279 1535 3999 1590 1734
4095 1279 1535 4079 1606 1734
0 1535 1535 241 1766 1702
255 1535 1535 353 1734 1686
511 1535 1535 514 1702 1686
767 1535 1535 755 1718 1734
1023 1535 1535 964 1734 1766
1279 1535 1535 1285 1686 1750
1535 1535 1535 1590 1670 1766
1791 1535 1535 2056 1734 1766
2047 1535 1535 2393 1750 1750
2303 1535 1535 2746 1766 1750
2559 1535 1535 3035 1783 1750
2815 1535 1535 3228 1799 1702
3071 1535 1535 3485 1799 1702
3327 1535 1535 3726 1815 1686
3583 1535 1535 3870 1911 1734
3839 1535 1535 3999 1943 1799
4095 1535 1535 4079 1927 1783
0 1791 1535 273 2072 1686
255 1791 1535 401 2072 1702
511 1791 1535 562 2056 1718
767 1791 1535 755 2023 1718
1023 1791 1535 964 2039 1750
1279 1791 1535 1253 2039 1734
1535 1791 1535 1590 2023 1718
1791 1791 1535 2056 2039 1702
2047 1791 1535 2425 2072 1702
2303 1791 1535 2746 2088 1734
2559 1791 1535 3035 2104 1718
2815 1791 1535 3308 2088 1670
3071 1791 1535 3549 2120 1638
3327 1791 1535 3726 2168 1654
3583 1791 1535 3886 2200 1718
3839 1791 1535 3999 2264 1799
4095 1791 1535 4095 2264 1831
0 2047 1535 209 2329 1702
255 2047 1535 401 2345 1686
511 2047 1535 530 2296 1670
767 2047 1535 755 2312 1654
1023 2047 1535 915 2280 1654
1279 2047 1535 1140 2280 1638
1535 2047 1535 1381 2329 1622
1791 2047 1535 1702 2377 1638
2047 2047 1535 2216 2361 1510
2303 2047 1535 2730 2361 1526
2559 2047 1535 3051 2377 1574
2815 2047 1535 3260 2409 1574
3071 2047 1535 3501 2425 1574
3327 2047 1535 3726 2425 1542
3583 2047 1535 3870 2473 1622
3839 2047 1535 3999 2553 1750
4095 2047 1535 4095 2569 1863
0 2303 1535 626 2505 1622
255 2303 1535 418 2618 1718
511 2303 1535 546 2618 1702
767 2303 1535 739 2634 1670
1023 2303 1535 899 2634 1702
1279 2303 1535 1060 2585 1654
1535 2303 1535 1269 2602 1510
1791 2303 1535 1542 2618 1477
2047 2303 1535 1975 2682 1477
2303 2303 1535 2473 2698 1461
2559 2303 1535 2907 2634 1317
2815 2303 1535 3244 2634 1301
3071 2303 1535 3469 2634 1301
3327 2303 1535 3677 2682 1317
3583 2303 1535 3854 2714 1461
3839 2303 1535 4015 2778 1622
4095 2303 1535 4095 2842 1847
0 2559 1535 225 2987 1799
255 2559 1535 418 2923 1750
511 2559 1535 562 2907 1702
767 2559 1535 707 2891 1670
1023 2559 1535 867 2875 1622
1279 2559 1535 1028 2842 1558
1535 2559 1535 1172 2810 1429
1791 2559 1535 1381 2875 1445
2047 2559 1535 1734 2907 1429
2303 2559 1535 2248 2987 1413
2559 2559 1535 2746 2939 1301
2815 2559 1535 3196 2939 1156
3071 2559 1535 3453 2939 1188
3327 2559 1535 3694 2939 1204
3583 2559 1535 3886 2955 1237
3839 2559 1535 4047 3019 1445
4095 2559 1535 4095 3051 1766
0 2815 1535 610 2987 1574
255 2815 1535 418 3115 1702
511 2815 1535 546 3115 1702
767 2815 1535 674 3083 1638
1023 2815 1535 835 3099 1558
1279 2815 1535 947 3067 1477
1535 2815 1535 1108 3083 1413
1791 2815 1535 1333 3083 1365
2047 2815 1535 1670 3148 1397
2303 2815 1535 2120 3196 1349
2559 2815 1535 2569 3244 1445
2815 2815 1535 3019 3260 1349
3071 2815 1535 3453 3212 1140
3327 2815 1535 3694 3212 1060
3583 2815 1535 3886 3244 1124
3839 2815 1535 4031 3260 1237
4095 2815 1535 4095 3292 1574
0 3071 1535 257 3324 1670
255 3071 1535 418 3308 1702
511 3071 1535 514 3324 1702
767 3071 1535 642 3308 1670
1023 3071 1535 755 3324 1590
1279 3071 1535 899 3292 1429
1535 3071 1535 1012 3260 1301
1791 3071 1535 1220 3308 1285
2047 3071 1535 1574 3340 1333
2303 3071 1535 1991 3421 1397
2559 3071 1535 2473 3469 1429
2815 3071 1535 2907 3469 1381
3071 3071 1535 3356 3485 1317
3327 3071 1535 3645 3469 1156
3583 3071 1535 3870 3485 1108
3839 3071 1535 4015 3501 1140
4095 3071 1535 4095 3485 1445
0 3327 1535 241 3517 1734
255 3327 1535 385 3501 1702
511 3327 1535 514 3517 1702
767 3327 1535 626 3485 1654
1023 3327 1535 771 3485 1606
1279 3327 1535 851 3469 1429
1535 3327 1535 931 3469 1285
1791 3327 1535 1092 3485 1188
2047 3327 1535 1477 3549 1269
2303 3327 1535 1927 3581 1317
2559 3327 1535 2345 3645 1381
2815 3327 1535 2746 3694 1413
3071 3327 1535 3196 3710 1413
3327 3327 1535 3629 3726 1349
3583 3327 1535 3870 3710 1188
3839 3327 1535 4015 3710 1237
4095 3327 1535 4095 3694 1381
0 3583 1535 546 3501 1510
255 3583 1535 369 3645 1702
511 3583 1535 482 3677 1670
767 3583 1535 626 3661 1638
1023 3583 1535 755 3645 1638
1279 3583 1535 851 3645 1542
1535 3583 1535 931 3645 1317
1791 3583 1535 1076 3661 1156
2047 3583 1535 1413 3677 1204
2303 3583 1535 1815 3742 1333
2559 3583 1535 2248 3790 1365
2815 3583 1535 2746 3854 1429
3071 3583 1535 3196 3886 1477
3327 3583 1535 3565 3886 1461
3583 3583 1535 3806 3886 1413
3839 3583 1535 3967 3886 1381
4095 3583 1535 4095 3886 1413
0 3839 1535 241 3838 1847
255 3839 1535 369 3806 1718
511 3839 1535 498 3790 1686
767 3839 1535 642 3806 1686
1023 3839 1535 771 3822 1670
1279 3839 1535 883 3822 1574
1535 3839 1535 980 3822 1381
1791 3839 1535 1060 3822 1220
2047 3839 1535 1349 3870 1220
2303 3839 1535 1815 3918 1285
2559 3839 1535 2296 3934 1349
2815 3839 1535 2778 3999 1429
3071 3839 1535 3164 4031 1526
3327 3839 1535 3485 4031 1526
3583 3839 1535 3822 4015 1413
3839 3839 1535 3983 4031 1381
4095 3839 1535 4063 3983 1381
0 4095 1535 674 3806 1702
255 4095 1535 466 3918 1831
511 4095 1535 578 3950 1815
767 4095 1535 739 3950 1831
1023 4095 1535 835 3950 1783
1279 4095 1535 964 3983 1750
1535 4095 1535 1012 3967 1590
1791 4095 1535 1140 3983 1317
2047 4095 1535 1429 3999 1237
2303 4095 1535 1911 4047 1365
2559 4095 1535 2312 4095 1461
2815 4095 1535 2762 4095 1542
3071 4095 1535 3212 4095 1638
3327 4095 1535 3533 4095 1622
3583 4095 1535 3758 4079 1558
3839 4095 1535 3886 4095 1365
4095 4095 1535 4031 4095 1156
0 0 1791 0 48 1124
255 0 1791 80 112 1349
511 0 1791 225 96 1477
767 0 1791 450 96 1702
1023 0 1791 851 112 1847
1279 0 1791 1237 161 1975
1535 0 1791 1606 193 2007
1791 0 1791 1943 177 2023
2047 0 1791 2232 193 2007
2303 0 1791 2505 209 1943
2559 0 1791 2778 257 1943
2815 0 1791 3035 257 1943
3071 0 1791 3276 305 1975
3327 0 1791 3437 353 2007
3583 0 1791 3661 369 2023
3839 0 1791 3806 401 2039
4095 0 1791 3999 466 2039
0 255 1791 16 257 1365
255 255 1791 96 241 1445
511 255 1791 225 241 1574
767 255 1791 450 209 1670
1023 255 1791 787 241 1799
1279 255 1791 1156 289 1863
1535 255 1791 1542 337 1959
1791 255 1791 1879 337 1943
2047 255 1791 2184 321 1911
2303 255 1791 2521 353 1879
2559 255 1791 2778 401 1911
2815 255 1791 2987 401 1911
3071 255 1791 3260 450 1911
3327 255 1791 3501 498 1959
3583 255 1791 3661 530 2007
3839 255 1791 3838 578 2023
4095 255 1791 3967 626 1975
0 511 1791 0 434 1510
255 511 1791 96 418 1558
511 511 1791 225 418 1638
767 511 1791 418 385 1734
1023 511 1791 674 385 1734
1279 511 1791 1076 401 1783
1535 511 1791 1477 482 1863
1791 511 1791 1831 482 1895
2047 511 1791 2200 530 1927
2303 511 1791 2489 578 1927
2559 511 1791 2778 578 1895
2815 511 1791 3051 626 1927
3071 511 1791 3292 642 1911
3327 511 1791 3517 707 1943
3583 511 1791 3677 755 1991
3839 511 1791 3854 787 2023
4095 511 1791 3999 835 1991
0 767 1791 48 803 1702
255 767 1791 177 755 1718
511 767 1791 225 707 1702
767 767 1791 418 626 1750
1023 767 1791 707 610 1799
1279 767 1791 1060 626 1863
1535 767 1791 1493 707 1975
1791 767 1791 1911 771 2023
2047 767 1791 2264 787 1959
2303 767 1791 2569 819 1911
2559 767 1791 2858 851 1911
2815 767 1791 3051 867 1927
3071 767 1791 3292 899 1927
3327 767 1791 3549 915 1895
3583 767 1791 3742 964 1975
3839 767 1791 3886 1028 1991
4095 767 1791 4015 1076 1991
0 1023 1791 498 1012 1799
255 1023 1791 273 1140 1895
511 1023 1791 369 1076 1799
767 1023 1791 514 947 1831
1023 1023 1791 674 867 1831
1279 1023 1791 1012 883 1847
1535 1023 1791 1461 947 1959
1791 1023 1791 1895 996 1975
2047 1023 1791 2264 1028 1927
2303 1023 1791 2585 1108 1927
2559 1023 1791 2826 1108 1943
2815 1023 1791 3115 1124 1927
3071 1023 1791 3340 1140 1879
3327 1023 1791 3613 1188 1911
3583 1023 1791 3742 1204 1975
3839 1023 1791 3886 1301 2007
4095 1023 1791 4047 1381 2023
0 1279 1791 177 1526 1975
255 1279 1791 353 1413 1927
511 1279 1791 434 1381 1895
767 1279 1791 594 1333 1879
1023 1279 1791 723 1237 1847
1279 1279 1791 996 1140 1831
1535 1279 1791 1381 1172 1863
1791 1279 1791 1879 1285 1975
2047 1279 1791 2248 1333 1991
2303 1279 1791 2602 1381 1959
2559 1279 1791 2907 1397 1943
2815 1279 1791 3148 1429 1911
3071 1279 1791 3404 1461 1959
3327 1279 1791 3581 1477 1975
3583 1279 1791 3758 1526 1991
3839 1279 1791 3918 1558 2007
4095 1279 1791 4063 1622 2023
0 1535 1791 273 1766 2007
255 1535 1791 369 1750 1991
511 1535 1791 562 1734 1975
767 1535 1791 739 1686 1975
1023 1535 1791 915 1670 1991
1279 1535 1791 1140 1590 1943
1535 1535 1791 1381 1542 1975
1791 1535 1791 1927 1638 2023
2047 1535 1791 2312 1686 2023
2303 1535 1791 2698 1718 2007
2559 1535 1791 2923 1734 2007
2815 1535 1791 3148 1750 2007
3071 1535 1791 3437 1718 1975
3327 1535 1791 3677 1783 1975
3583 1535 1791 3822 1799 1991
3839 1535 1791 3934 1847 2007
4095 1535 1791 4047 1863 2056
0 1791 1791 321 2072 2023
255 1791 1791 466 2072 2039
511 1791 1791 626 2056 2023
767 1791 1791 819 2039 2039
1023 1791 1791 996 2056 2039
1279 1791 1791 1237 2007 2072
1535 1791 1791 1542 1991 2056
1791 1791 1791 1943 1959 2039
2047 1791 1791 2345 1991 2039
2303 1791 1791 2666 2023 2039
2559 1791 1791 3003 2039 2039
2815 1791 1791 3228 2039 1991
3071 1791 1791 3501 2072 1975
3327 1791 1791 3661 2104 2007
3583 1791 1791 3822 2152 2007
3839 1791 1791 3967 2184 2072
4095 1791 1791 4095 2216 2104
0 2047 1791 209 2361 1975
255 2047 1791 401 2296 1943
511 2047 1791 578 2312 1943
767 2047 1791 787 2280 1991
1023 2047 1791 980 2248 1943
1279 2047 1791 1253 2280 2007
1535 2047 1791 1461 2280 2007
1791 2047 1791 1815 2345 2039
2047 2047 1791 2248 2329 1975
2303 2047 1791 2698 2345 1975
2559 2047 1791 3019 2361 2007
2815 2047 1791 3212 2377 1991
3071 2047 1791 3469 2425 1975
3327 2047 1791 3694 2393 1959
3583 2047 1791 3838 2441 2007
3839 2047 1791 3950 2489 2056
4095 2047 1791 4095 2521 2120
0 2303 1791 642 2505 1911
255 2303 1791 450 2634 1991
511 2303 1791 594 2585 1991
767 2303 1791 755 2618 1991
1023 2303 1791 931 2618 1975
1279 2303 1791 1156 2602 1991
1535 2303 1791 1381 2585 1927
1791 2303 1791 1638 2618 1911
2047 2303 1791 2023 2634 1879
2303 2303 1791 2521 2682 1879
2559 2303 1791 2907 2650 1831
2815 2303 1791 3212 2634 1831
3071 2303 1791 3501 2682 1831
3327 2303 1791 3677 2666 1847
3583 2303 1791 3838 2714 1895
3839 2303 1791 3983 2746 2007
4095 2303 1791 4095 2778 2136
0 2559 1791 241 3003 2104
255 2559 1791 498 2955 2056
511 2559 1791 594 2923 2039
767 2559 1791 771 2907 2023
1023 2559 1791 964 2875 1975
1279 2559 1791 1140 2858 1959
1535 2559 1791 1333 2858 1927
1791 2559 1791 1461 2842 1863
2047 2559 1791 1815 2875 1847
2303 2559 1791 2296 2939 1815
2559 2559 1791 2810 2939 1702
2815 2559 1791 3196 2923 1670
3071 2559 1791 3453 2955 1670
3327 2559 1791 3645 2955 1702
3583 2559 1791 3886 2987 1783
3839 2559 1791 3999 3035 1911
4095 2559 1791 4095 3051 2120
0 2815 1791 658 2987 1911
255 2815 1791 466 3148 2039
511 2815 1791 594 3115 2039
767 2815 1791 755 3083 1975
1023 2815 1791 883 3083 1959
1279 2815 1791 1060 3115 1911
1535 2815 1791 1220 3099 1847
1791 2815 1791 1429 3083 1783
2047 2815 1791 1702 3115 1734
2303 2815 1791 2152 3180 1783
2559 2815 1791 2569 3212 1799
2815 2815 1791 3019 3244 1718
3071 2815 1791 3404 3196 1526
3327 2815 1791 3694 3196 1461
3583 2815 1791 3854 3180 1542
3839 2815 1791 4015 3228 1702
4095 2815 1791 4095 3260 1975
0 3071 1791 321 3308 2007
255 3071 1791 450 3324 2007
511 3071 1791 562 3324 2007
767 3071 1791 707 3340 1959
1023 3071 1791 803 3324 1927
1279 3071 1791 1012 3308 1863
1535 3071 1791 1156 3292 1799
1791 3071 1791 1301 3292 1718
2047 3071 1791 1606 3340 1718
2303 3071 1791 2007 3388 1766
2559 3071 1791 2457 3453 1734
2815 3071 1791 2939 3453 1734
3071 3071 1791 3324 3469 1622
3327 3071 1791 3629 3437 1477
3583 3071 1791 3806 3421 1397
3839 3071 1791 3983 3469 1493
4095 3071 1791 4079 3485 1815
0 3327 1791 273 3533 2088
255 3327 1791 418 3517 2056
511 3327 1791 562 3533 2072
767 3327 1791 723 3501 2056
1023 3327 1791 851 3501 1975
1279 3327 1791 996 3501 1879
1535 3327 1791 1092 3485 1815
1791 3327 1791 1204 3485 1686
2047 3327 1791 1461 3501 1622
2303 3327 1791 1943 3565 1638
2559 3327 1791 2361 3613 1702
2815 3327 1791 2778 3661 1750
3071 3327 1791 3196 3694 1766
3327 3327 1791 3581 3677 1654
3583 3327 1791 3822 3677 1445
3839 3327 1791 3999 3694 1477
4095 3327 1791 4095 3710 1718
0 3583 1791 642 3517 1879
255 3583 1791 434 3645 2056
511 3583 1791 594 3677 2056
767 3583 1791 658 3629 1991
1023 3583 1791 835 3661 2039
1279 3583 1791 980 3661 1975
1535 3583 1791 1124 3661 1847
1791 3583 1791 1188 3677 1638
2047 3583 1791 1429 3694 1590
2303 3583 1791 1863 3742 1654
2559 3583 1791 2280 3774 1686
2815 3583 1791 2714 3822 1750
3071 3583 1791 3180 3870 1766
3327 3583 1791 3533 3870 1766
3583 3583 1791 3790 3918 1750
3839 3583 1791 3950 3886 1702
4095 3583 1791 4095 3854 1783
0 3839 1791 289 3838 2184
255 3839 1791 498 3806 2072
511 3839 1791 594 3838 2072
767 3839 1791 723 3806 2023
1023 3839 1791 899 3822 2056
1279 3839 1791 1060 3822 2023
1535 3839 1791 1124 3838 1959
1791 3839 1791 1220 3838 1799
2047 3839 1791 1429 3870 1670
2303 3839 1791 1847 3886 1622
2559 3839 1791 2296 3918 1702
2815 3839 1791 2746 3983 1734
3071 3839 1791 3148 4015 1815
3327 3839 1791 3485 3999 1799
3583 3839 1791 3790 4015 1783
3839 3839 1791 3983 3999 1783
4095 3839 1791 4063 3999 1863
0 4095 1791 739 3822 2007
255 4095 1791 546 3950 2136
511 4095 1791 691 3967 2152
767 4095 1791 835 3950 2152
1023 4095 1791 964 3999 2136
1279 4095 1791 1060 3967 2088
1535 4095 1791 1204 3999 2056
1791 4095 1791 1317 3999 1879
2047 4095 1791 1542 3999 1686
2303 4095 1791 1911 4031 1702
2559 4095 1791 2280 4079 1766
2815 4095 1791 2698 4095 1799
3071 4095 1791 3164 4095 1911
3327 4095 1791 3501 4095 1975
3583 4095 1791 3758 4079 1927
3839 4095 1791 3918 4095 1879
4095 4095 1791 4063 4095 1766
0 0 2047 0 80 1301
255 0 2047 96 112 1590
511 0 2047 225 96 1686
767 0 2047 401 112 1879
1023 0 2047 755 128 2007
1279 0 2047 1140 145 2152
1535 0 2047 1493 193 2248
1791 0 2047 1879 241 2280
2047 0 2047 2168 225 2264
2303 0 2047 2489 225 2280
2559 0 2047 2762 257 2264
2815 0 2047 3019 289 2296
3071 0 2047 3228 289 2280
3327 0 2047 3437 353 2296
3583 0 2047 3629 353 2329
3839 0 2047 3806 401 2329
4095 0 2047 3950 450 2264
0 255 2047 0 289 1606
255 255 2047 96 273 1702
511 255 2047 225 273 1799
767 255 2047 418 241 1879
1023 255 2047 723 257 1991
1279 255 2047 1076 305 2104
1535 255 2047 1413 337 2184
1791 255 2047 1783 353 2216
2047 255 2047 2136 353 2248
2303 255 2047 2457 353 2184
2559 255 2047 2762 385 2216
2815 255 2047 2971 434 2248
3071 255 2047 3228 466 2232
3327 255 2047 3437 482 2264
3583 255 2047 3613 546 2248
3839 255 2047 3790 578 2296
4095 255 2047 3934 626 2248
0 511 2047 16 450 1718
255 511 2047 112 434 1815
511 511 2047 257 434 1863
767 511 2047 401 418 1911
1023 511 2047 642 418 1975
1279 511 2047 996 418 1991
1535 511 2047 1333 450 2072
1791 511 2047 1734 498 2136
2047 511 2047 2104 514 2216
2303 511 2047 2441 562 2232
2559 511 2047 2762 594 2232
2815 511 2047 3003 626 2200
3071 511 2047 3244 658 2200
3327 511 2047 3453 707 2248
3583 511 2047 3645 739 2264
3839 511 2047 3806 787 2296
4095 511 2047 3983 819 2232
0 767 2047 32 755 1847
255 767 2047 161 739 1927
511 767 2047 273 674 1959
767 767 2047 418 658 1959
1023 767 2047 658 610 2007
1279 767 2047 964 642 2072
1535 767 2047 1349 691 2200
1791 767 2047 1799 771 2280
2047 767 2047 2168 787 2248
2303 767 2047 2489 787 2232
2559 767 2047 2810 851 2216
2815 767 2047 3067 851 2216
3071 767 2047 3260 899 2200
3327 767 2047 3501 899 2232
3583 767 2047 3661 947 2248
3839 767 2047 3838 1028 2264
4095 767 2047 3999 1076 2264
0 1023 2047 498 980 1975
255 1023 2047 273 1092 2104
511 1023 2047 385 1044 2072
767 1023 2047 514 947 2056
1023 1023 2047 691 883 2072
1279 1023 2047 931 867 2056
1535 1023 2047 1333 899 2136
1791 1023 2047 1750 980 2200
2047 1023 2047 2168 1012 2232
2303 1023 2047 2521 1044 2248
2559 1023 2047 2746 1092 2232
2815 1023 2047 3083 1092 2216
3071 1023 2047 3324 1140 2200
3327 1023 2047 3549 1156 2184
3583 1023 2047 3710 1237 2264
3839 1023 2047 3838 1269 2264
4095 1023 2047 4031 1333 2312
0 1279 2047 161 1461 2184
255 1279 2047 337 1413 2136
511 1279 2047 450 1349 2104
767 1279 2047 594 1301 2088
1023 1279 2047 739 1172 2056
1279 1279 2047 947 1108 2056
1535 1279 2047 1285 1108 2072
1791 1279 2047 1686 1172 2184
2047 1279 2047 2104 1269 2264
2303 1279 2047 2537 1333 2248
2559 1279 2047 2842 1349 2232
2815 1279 2047 3099 1365 2200
3071 1279 2047 3324 1429 2232
3327 1279 2047 3581 1493 2264
3583 1279 2047 3726 1526 2264
3839 1279 2047 3854 1558 2264
4095 1279 2047 4015 1590 2280
0 1535 2047 289 1734 2280
255 1535 2047 385 1718 2232
511 1535 2047 530 1702 2216
767 1535 2047 691 1654 2200
1023 1535 2047 867 1574 2168
1279 1535 2047 1044 1477 2168
1535 1535 2047 1285 1461 2184
1791 1535 2047 1734 1461 2184
2047 1535 2047 2216 1622 2312
2303 1535 2047 2602 1622 2280
2559 1535 2047 2875 1686 2280
2815 1535 2047 3115 1702 2312
3071 1535 2047 3388 1718 2248
3327 1535 2047 3629 1734 2280
3583 1535 2047 3774 1799 2264
3839 1535 2047 3886 1847 2329
4095 1535 2047 4047 1879 2361
0 1791 2047 337 2104 2377
255 1791 2047 514 2072 2345
511 1791 2047 658 2056 2329
767 1791 2047 803 2007 2345
1023 1791 2047 980 1975 2312
1279 1791 2047 1204 1959 2280
1535 1791 2047 1429 1863 2296
1791 1791 2047 1734 1815 2280
2047 1791 2047 2200 1911 2296
2303 1791 2047 2602 1959 2377
2559 1791 2047 2923 2007 2312
2815 1791 2047 3180 2007 2312
3071 1791 2047 3453 1991 2264
3327 1791 2047 3661 2039 2296
3583 1791 2047 3774 2072 2264
3839 1791 2047 3950 2104 2345
4095 1791 2047 4063 2120 2361
0 2047 2047 225 2377 2361
255 2047 2047 466 2312 2264
511 2047 2047 626 2329 2296
767 2047 2047 803 2248 2264
1023 2047 2047 1012 2264 2264
1279 2047 2047 1253 2280 2312
1535 2047 2047 1477 2232 2329
1791 2047 2047 1783 2248 2345
2047 2047 2047 2152 2200 2312
2303 2047 2047 2634 2232 2296
2559 2047 2047 2939 2280 2345
2815 2047 2047 3164 2296 2296
3071 2047 2047 3421 2329 2280
3327 2047 2047 3645 2345 2280
3583 2047 2047 3806 2377 2280
3839 2047 2047 3950 2425 2361
4095 2047 2047 4047 2457 2377
0 2303 2047 658 2457 2200
255 2303 2047 482 2618 2345
511 2303 2047 642 2618 2296
767 2303 2047 851 2602 2296
1023 2303 2047 1012 2602 2280
1279 2303 2047 1220 2618 2312
1535 2303 2047 1526 2634 2345
1791 2303 2047 1750 2602 2280
2047 2303 2047 2104 2602 2312
2303 2303 2047 2473 2585 2296
2559 2303 2047 2875 2602 2280
2815 2303 2047 3196 2618 2264
3071 2303 2047 3469 2634 2248
3327 2303 2047 3661 2666 2264
3583 2303 2047 3822 2666 2280
3839 2303 2047 3950 2730 2361
4095 2303 2047 4095 2778 2425
0 2559 2047 289 2939 2393
255 2559 2047 514 2923 2361
511 2559 2047 658 2923 2377
767 2559 2047 787 2907 2312
1023 2559 2047 996 2891 2329
1279 2559 2047 1237 2875 2280
1535 2559 2047 1413 2858 2280
1791 2559 2047 1654 2875 2296
2047 2559 2047 1879 2842 2232
2303 2559 2047 2280 2875 2168
2559 2559 2047 2826 2891 2088
2815 2559 2047 3164 2875 2104
3071 2559 2047 3421 2923 2168
3327 2559 2047 3645 2939 2184
3583 2559 2047 3838 2971 2232
3839 2559 2047 3999 3003 2345
4095 2559 2047 4079 3019 2457
0 2815 2047 658 2955 2216
255 2815 2047 498 3131 2329
511 2815 2047 610 3115 2345
767 2815 2047 771 3083 2264
1023 2815 2047 947 3099 2280
1279 2815 2047 1124 3083 2264
1535 2815 2047 1301 3083 2232
1791 2815 2047 1590 3099 2248
2047 2815 2047 1815 3099 2152
2303 2815 2047 2184 3115 2136
2559 2815 2047 2569 3196 2152
2815 2815 2047 3035 3212 2120
3071 2815 2047 3453 3180 2023
3327 2815 2047 3661 3180 2056
3583 2815 2047 3838 3196 2072
3839 2815 2047 4015 3244 2216
4095 2815 2047 4079 3260 2377
0 3071 2047 353 3308 2312
255 3071 2047 498 3324 2329
511 3071 2047 626 3324 2377
767 3071 2047 803 3372 2377
1023 3071 2047 899 3308 2280
1279 3071 2047 1092 3324 2232
1535 3071 2047 1301 3308 2216
1791 3071 2047 1493 3324 2200
2047 3071 2047 1686 3324 2136
2303 3071 2047 2039 3340 2072
2559 3071 2047 2441 3388 2039
2815 3071 2047 2907 3421 2056
3071 3071 2047 3308 3453 2023
3327 3071 2047 3581 3421 1895
3583 3071 2047 3822 3437 1895
3839 3071 2047 3999 3453 2007
4095 3071 2047 4079 3437 2280
0 3327 2047 321 3533 2361
255 3327 2047 466 3517 2329
511 3327 2047 610 3533 2345
767 3327 2047 771 3533 2345
1023 3327 2047 899 3501 2280
1279 3327 2047 1076 3501 2232
1535 3327 2047 1204 3501 2216
1791 3327 2047 1381 3533 2168
2047 3327 2047 1606 3517 2072
2303 3327 2047 1943 3549 1975
2559 3327 2047 2361 3597 2056
2815 3327 2047 2746 3645 2056
3071 3327 2047 3180 3661 2088
3327 3327 2047 3581 3694 2039
3583 3327 2047 3854 3661 1863
3839 3327 2047 4015 3677 1927
4095 3327 2047 4079 3661 2104
0 3583 2047 674 3549 2232
255 3583 2047 498 3661 2377
511 3583 2047 626 3661 2377
767 3583 2047 787 3661 2361
1023 3583 2047 899 3677 2361
1279 3583 2047 1012 3677 2329
1535 3583 2047 1237 3677 2280
1791 3583 2047 1413 3677 2168
2047 3583 2047 1574 3694 2056
2303 3583 2047 1863 3710 2039
2559 3583 2047 2296 3806 2039
2815 3583 2047 2746 3822 2120
3071 3583 2047 3180 3870 2136
3327 3583 2047 3517 3870 2120
3583 3583 2047 3790 3886 2120
3839 3583 2047 3983 3886 2088
4095 3583 2047 4095 3886 2216
0 3839 2047 289 3854 2457
255 3839 2047 530 3790 2361
511 3839 2047 642 3806 2361
767 3839 2047 803 3838 2361
1023 3839 2047 964 3838 2377
1279 3839 2047 1108 3854 2377
1535 3839 2047 1269 3854 2345
1791 3839 2047 1381 3870 2248
2047 3839 2047 1590 3870 2136
2303 3839 2047 1911 3886 2023
2559 3839 2047 2296 3902 2039
2815 3839 2047 2698 3950 2023
3071 3839 2047 3115 3999 2120
3327 3839 2047 3453 4015 2152
3583 3839 2047 3790 4015 2184
3839 3839 2047 4015 4015 2184
4095 3839 2047 4079 3983 2409
0 4095 2047 787 3822 2312
255 4095 2047 610 3950 2441
511 4095 2047 739 3967 2425
767 4095 2047 883 3950 2425
1023 4095 2047 1012 3999 2409
1279 4095 2047 1156 3983 2393
1535 4095 2047 1317 3983 2377
1791 4095 2047 1493 4015 2296
2047 4095 2047 1686 4015 2136
2303 4095 2047 2007 4015 2088
2559 4095 2047 2345 4079 2120
2815 4095 2047 2666 4079 2104
3071 4095 2047 3115 4095 2152
3327 4095 2047 3501 4095 2280
3583 4095 2047 3774 4095 2312
3839 4095 2047 3950 4095 2312
4095 4095 2047 4063 4095 2296
0 0 2303 0 112 1526
255 0 2303 96 161 1766
511 0 2303 225 128 1863
767 0 2303 385 145 2023
1023 0 2303 691 128 2184
1279 0 2303 1028 161 2361
1535 0 2303 1429 193 2441
1791 0 2303 1750 241 2489
2047 0 2303 2088 273 2553
2303 0 2303 2441 257 2537
2559 0 2303 2762 257 2553
2815 0 2303 2987 305 2585
3071 0 2303 3196 273 2585
3327 0 2303 3372 353 2585
3583 0 2303 3613 369 2553
3839 0 2303 3742 401 2585
4095 0 2303 3918 434 2537
0 255 2303 0 289 1799
255 255 2303 96 321 1911
511 255 2303 273 321 2039
767 255 2303 385 273 2072
1023 255 2303 626 257 2136
1279 255 2303 1012 305 2280
1535 255 2303 1333 353 2425
1791 255 2303 1702 369 2457
2047 255 2303 2056 401 2505
2303 255 2303 2409 385 2521
2559 255 2303 2714 401 2505
2815 255 2303 2955 434 2569
3071 255 2303 3180 466 2537
3327 255 2303 3388 498 2521
3583 255 2303 3613 514 2553
3839 255 2303 3742 562 2537
4095 255 2303 3902 610 2553
0 511 2303 32 466 1927
255 511 2303 145 466 2056
511 511 2303 257 466 2104
767 511 2303 401 450 2136
1023 511 2303 610 418 2152
1279 511 2303 899 418 2248
1535 511 2303 1301 450 2312
1791 511 2303 1638 514 2377
2047 511 2303 2056 546 2473
2303 511 2303 2345 562 2505
2559 511 2303 2698 578 2505
2815 511 2303 2987 594 2521
3071 511 2303 3196 642 2537
3327 511 2303 3421 674 2521
3583 511 2303 3597 739 2569
3839 511 2303 3774 755 2521
4095 511 2303 3934 787 2521
0 767 2303 16 755 2007
255 767 2303 161 739 2120
511 767 2303 289 723 2152
767 767 2303 450 658 2200
1023 767 2303 658 658 2232
1279 767 2303 947 610 2264
1535 767 2303 1269 674 2361
1791 767 2303 1622 771 2473
2047 767 2303 2072 803 2553
2303 767 2303 2457 819 2569
2559 767 2303 2762 819 2521
2815 767 2303 3003 835 2521
3071 767 2303 3212 867 2489
3327 767 2303 3453 899 2505
3583 767 2303 3645 931 2553
3839 767 2303 3790 964 2537
4095 767 2303 3983 1044 2521
0 1023 2303 482 915 2152
255 1023 2303 257 1012 2264
511 1023 2303 353 980 2248
767 1023 2303 514 947 2248
1023 1023 2303 707 899 2280
1279 1023 2303 947 899 2361
1535 1023 2303 1253 883 2345
1791 1023 2303 1638 947 2425
2047 1023 2303 2056 1012 2521
2303 1023 2303 2441 1012 2521
2559 1023 2303 2746 1060 2553
2815 1023 2303 3019 1092 2537
3071 1023 2303 3292 1108 2473
3327 1023 2303 3501 1156 2521
3583 1023 2303 3677 1172 2521
3839 1023 2303 3806 1253 2602
4095 1023 2303 3967 1269 2521
0 1279 2303 161 1429 2377
255 1279 2303 321 1349 2377
511 1279 2303 450 1317 2345
767 1279 2303 562 1269 2312
1023 1279 2303 707 1188 2312
1279 1279 2303 915 1108 2264
1535 1279 2303 1237 1108 2312
1791 1279 2303 1590 1140 2377
2047 1279 2303 1991 1204 2505
2303 1279 2303 2441 1269 2537
2559 1279 2303 2778 1301 2537
2815 1279 2303 3051 1349 2537
3071 1279 2303 3308 1381 2521
3327 1279 2303 3501 1413 2537
3583 1279 2303 3694 1461 2553
3839 1279 2303 3822 1493 2569
4095 1279 2303 4047 1606 2585
0 1535 2303 257 1718 2441
255 1535 2303 385 1686 2441
511 1535 2303 530 1654 2473
767 1535 2303 658 1590 2393
1023 1535 2303 867 1558 2409
1279 1535 2303 1028 1445 2361
1535 1535 2303 1253 1413 2393
1791 1535 2303 1606 1413 2409
2047 1535 2303 2056 1477 2505
2303 1535 2303 2473 1574 2553
2559 1535 2303 2842 1622 2618
2815 1535 2303 3067 1654 2585
3071 1535 2303 3324 1670 2569
3327 1535 2303 3581 1702 2585
3583 1535 2303 3742 1750 2585
3839 1535 2303 3854 1799 2585
4095 1535 2303 3983 1799 2569
0 1791 2303 337 2088 2618
255 1791 2303 514 2072 2602
511 1791 2303 642 2023 2585
767 1791 2303 803 1991 2553
1023 1791 2303 947 1943 2569
1279 1791 2303 1156 1879 2537
1535 1791 2303 1349 1783 2505
1791 1791 2303 1670 1734 2489
2047 1791 2303 2039 1783 2537
2303 1791 2303 2457 1879 2618
2559 1791 2303 2842 1895 2602
2815 1791 2303 3148 1911 2585
3071 1791 2303 3404 1959 2569
3327 1791 2303 3613 2007 2618
3583 1791 2303 3774 2039 2585
3839 1791 2303 3902 2072 2602
4095 1791 2303 4063 2088 2585
0 2047 2303 273 2409 2650
255 2047 2303 482 2345 2585
511 2047 2303 642 2296 2602
767 2047 2303 851 2280 2569
1023 2047 2303 1028 2232 2569
1279 2047 2303 1220 2216 2553
1535 2047 2303 1413 2184 2553
1791 2047 2303 1638 2152 2553
2047 2047 2303 1991 2072 2537
2303 2047 2303 2505 2136 2602
2559 2047 2303 2875 2168 2602
2815 2047 2303 3099 2200 2602
3071 2047 2303 3388 2264 2650
3327 2047 2303 3613 2280 2569
3583 2047 2303 3790 2296 2585
3839 2047 2303 3918 2345 2585
4095 2047 2303 4047 2361 2585
0 2303 2303 707 2457 2505
255 2303 2303 530 2618 2650
511 2303 2303 691 2618 2602
767 2303 2303 851 2585 2618
1023 2303 2303 1012 2585 2602
1279 2303 2303 1285 2585 2634
1535 2303 2303 1542 2585 2650
1791 2303 2303 1799 2569 2634
2047 2303 2303 2072 2537 2602
2303 2303 2303 2409 2489 2553
2559 2303 2303 2810 2489 2634
2815 2303 2303 3148 2521 2602
3071 2303 2303 3404 2569 2602
3327 2303 2303 3629 2585 2553
3583 2303 2303 3790 2602 2585
3839 2303 2303 3918 2634 2618
4095 2303 2303 4095 2682 2650
0 2559 2303 273 2923 2650
255 2559 2303 546 2907 2650
511 2559 2303 674 2891 2634
767 2559 2303 851 2891 2618
1023 2559 2303 1060 2858 2634
1279 2559 2303 1285 2858 2618
1535 2559 2303 1510 2826 2602
1791 2559 2303 1718 2858 2634
2047 2559 2303 2007 2842 2634
2303 2559 2303 2377 2794 2585
2559 2559 2303 2746 2794 2521
2815 2559 2303 3115 2826 2505
3071 2559 2303 3372 2842 2537
3327 2559 2303 3597 2907 2634
3583 2559 2303 3822 2939 2602
3839 2559 2303 3950 2939 2666
4095 2559 2303 4063 2987 2714
0 2815 2303 658 2955 2505
255 2815 2303 514 3099 2569
511 2815 2303 658 3115 2618
767 2815 2303 851 3115 2602
1023 2815 2303 1012 3083 2585
1279 2815 2303 1140 3051 2537
1535 2815 2303 1365 3099 2585
1791 2815 2303 1670 3099 2585
2047 2815 2303 1959 3067 2602
2303 2815 2303 2264 3099 2521
2559 2815 2303 2553 3099 2505
2815 2815 2303 3035 3131 2521
3071 2815 2303 3404 3115 2473
3327 2815 2303 3661 3148 2521
3583 2815 2303 3822 3196 2569
3839 2815 2303 3967 3228 2650
4095 2815 2303 4079 3276 2746
0 3071 2303 369 3308 2602
255 3071 2303 498 3324 2585
511 3071 2303 594 3324 2602
767 3071 2303 787 3356 2618
1023 3071 2303 980 3340 2618
1279 3071 2303 1172 3308 2553
1535 3071 2303 1349 3308 2553
1791 3071 2303 1590 3324 2537
2047 3071 2303 1815 3308 2553
2303 3071 2303 2088 3324 2489
2559 3071 2303 2473 3324 2425
2815 3071 2303 2891 3388 2425
3071 3071 2303 3324 3404 2377
3327 3071 2303 3565 3388 2361
3583 3071 2303 3790 3421 2345
3839 3071 2303 3967 3404 2473
4095 3071 2303 4079 3421 2682
0 3327 2303 353 3549 2634
255 3327 2303 498 3533 2602
511 3327 2303 626 3549 2634
767 3327 2303 803 3517 2602
1023 3327 2303 980 3517 2585
1279 3327 2303 1124 3517 2585
1535 3327 2303 1285 3517 2569
1791 3327 2303 1493 3517 2537
2047 3327 2303 1734 3517 2457
2303 3327 2303 2056 3517 2409
2559 3327 2303 2393 3549 2377
2815 3327 2303 2746 3613 2409
3071 3327 2303 3148 3645 2425
3327 3327 2303 3565 3645 2361
3583 3327 2303 3806 3645 2248
3839 3327 2303 3983 3645 2312
4095 3327 2303 4079 3645 2537
0 3583 2303 707 3533 2489
255 3583 2303 514 3661 2602
511 3583 2303 626 3661 2569
767 3583 2303 771 3677 2602
1023 3583 2303 947 3694 2602
1279 3583 2303 1108 3694 2602
1535 3583 2303 1317 3677 2553
1791 3583 2303 1493 3661 2553
2047 3583 2303 1686 3694 2473
2303 3583 2303 1975 3726 2457
2559 3583 2303 2329 3726 2425
2815 3583 2303 2714 3774 2377
3071 3583 2303 3115 3822 2393
3327 3583 2303 3485 3854 2409
3583 3583 2303 3790 3870 2425
3839 3583 2303 3950 3854 2441
4095 3583 2303 4095 3838 2602
0 3839 2303 305 3838 2650
255 3839 2303 546 3790 2569
511 3839 2303 674 3822 2602
767 3839 2303 819 3838 2602
1023 3839 2303 980 3838 2618
1279 3839 2303 1140 3838 2602
1535 3839 2303 1317 3838 2602
1791 3839 2303 1493 3854 2602
2047 3839 2303 1702 3886 2569
2303 3839 2303 2023 3854 2441
2559 3839 2303 2329 3886 2393
2815 3839 2303 2698 3934 2393
3071 3839 2303 3003 3967 2393
3327 3839 2303 3421 3967 2441
3583 3839 2303 3774 3999 2473
3839 3839 2303 3999 3999 2553
4095 3839 2303 4095 3999 2746
0 4095 2303 819 3854 2569
255 4095 2303 626 3950 2634
511 4095 2303 755 3950 2650
767 4095 2303 931 3967 2650
1023 4095 2303 1028 3967 2634
1279 4095 2303 1220 4015 2650
1535 4095 2303 1349 4015 2666
1791 4095 2303 1590 3999 2602
2047 4095 2303 1799 3999 2553
2303 4095 2303 2056 3999 2441
2559 4095 2303 2377 4047 2489
2815 4095 2303 2682 4063 2473
3071 4095 2303 3051 4095 2425
3327 4095 2303 3421 4095 2521
3583 4095 2303 3758 4095 2602
3839 4095 2303 3967 4095 2714
4095 4095 2303 4095 4095 2714
0 0 2559 0 145 1766
255 0 2559 112 177 1943
511 0 2559 241 145 2104
767 0 2559 385 145 2184
1023 0 2559 626 128 2329
1279 0 2559 996 161 2521
1535 0 2559 1333 209 2634
1791 0 2559 1718 257 2714
2047 0 2559 2072 321 2778
2303 0 2559 2409 305 2778
2559 0 2559 2714 321 2794
2815 0 2559 3003 273 2810
3071 0 2559 3180 337 2794
3327 0 2559 3388 353 2826
3583 0 2559 3581 369 2794
3839 0 2559 3726 385 2762
4095 0 2559 3870 434 2794
0 255 2559 32 337 2023
255 255 2559 128 305 2168
511 255 2559 241 321 2216
767 255 2559 401 305 2264
1023 255 2559 626 289 2361
1279 255 2559 931 289 2457
1535 255 2559 1285 369 2602
1791 255 2559 1670 353 2666
2047 255 2559 2007 418 2698
2303 255 2559 2377 434 2698
2559 255 2559 2650 418 2746
2815 255 2559 2923 450 2794
3071 255 2559 3180 482 2842
3327 255 2559 3372 498 2810
3583 255 2559 3565 498 2778
3839 255 2559 3710 546 2810
4095 255 2559 3870 578 2778
0 511 2559 32 498 2168
255 511 2559 177 514 2264
511 511 2559 305 514 2345
767 511 2559 450 466 2329
1023 511 2559 626 482 2393
1279 511 2559 915 450 2473
1535 511 2559 1253 466 2521
1791 511 2559 1590 482 2553
2047 511 2559 1959 562 2666
2303 511 2559 2312 594 2714
2559 511 2559 2650 594 2778
2815 511 2559 2955 610 2746
3071 511 2559 3196 674 2810
3327 511 2559 3404 674 2794
3583 511 2559 3581 739 2858
3839 511 2559 3758 771 2810
4095 511 2559 3918 771 2762
0 767 2559 64 707 2232
255 767 2559 193 739 2296
511 767 2559 337 739 2393
767 767 2559 498 691 2425
1023 767 2559 658 658 2457
1279 767 2559 915 642 2489
1535 767 2559 1204 674 2553
1791 767 2559 1558 739 2650
2047 767 2559 1991 771 2730
2303 767 2559 2361 835 2762
2559 767 2559 2682 835 2778
2815 767 2559 2987 819 2762
3071 767 2559 3212 883 2826
3327 767 2559 3437 883 2794
3583 767 2559 3597 899 2810
3839 767 2559 3790 947 2778
4095 767 2559 3950 1028 2794
0 1023 2559 466 867 2312
255 1023 2559 241 1044 2473
511 1023 2559 401 996 2457
767 1023 2559 546 964 2489
1023 1023 2559 707 931 2521
1279 1023 2559 899 883 2521
1535 1023 2559 1188 883 2569
1791 1023 2559 1574 915 2618
2047 1023 2559 1975 947 2714
2303 1023 2559 2361 1028 2762
2559 1023 2559 2650 1060 2810
2815 1023 2559 2987 1060 2794
3071 1023 2559 3260 1092 2778
3327 1023 2559 3469 1108 2778
3583 1023 2559 3597 1140 2810
3839 1023 2559 3790 1220 2826
4095 1023 2559 3967 1269 2810
0 1279 2559 193 1381 2553
255 1279 2559 321 1317 2553
511 1279 2559 450 1301 2521
767 1279 2559 562 1253 2505
1023 1279 2559 707 1204 2521
1279 1279 2559 947 1108 2505
1535 1279 2559 1188 1124 2521
1791 1279 2559 1526 1108 2569
2047 1279 2559 1879 1156 2618
2303 1279 2559 2345 1237 2730
2559 1279 2559 2698 1269 2778
2815 1279 2559 3003 1317 2842
3071 1279 2559 3276 1333 2826
3327 1279 2559 3469 1365 2858
3583 1279 2559 3645 1429 2810
3839 1279 2559 3838 1461 2842
4095 1279 2559 3967 1510 2826
0 1535 2559 241 1654 2666
255 1535 2559 385 1638 2666
511 1535 2559 498 1590 2634
767 1535 2559 642 1574 2602
1023 1535 2559 819 1510 2602
1279 1535 2559 964 1429 2553
1535 1535 2559 1204 1397 2585
1791 1535 2559 1542 1365 2618
2047 1535 2559 1959 1429 2698
2303 1535 2559 2393 1526 2778
2559 1535 2559 2746 1574 2842
2815 1535 2559 3003 1590 2842
3071 1535 2559 3292 1622 2826
3327 1535 2559 3565 1670 2858
3583 1535 2559 3694 1670 2842
3839 1535 2559 3838 1734 2858
4095 1535 2559 3967 1783 2842
0 1791 2559 337 2039 2810
255 1791 2559 546 2023 2810
511 1791 2559 610 1991 2778
767 1791 2559 835 1975 2810
1023 1791 2559 915 1895 2762
1279 1791 2559 1108 1831 2714
1535 1791 2559 1301 1766 2698
1791 1791 2559 1606 1686 2714
2047 1791 2559 1943 1686 2698
2303 1791 2559 2345 1766 2794
2559 1791 2559 2762 1863 2875
2815 1791 2559 3083 1863 2858
3071 1791 2559 3340 1879 2858
3327 1791 2559 3565 1943 2875
3583 1791 2559 3726 1975 2858
3839 1791 2559 3870 2039 2875
4095 1791 2559 4031 2039 2842
0 2047 2559 257 2409 2875
255 2047 2559 434 2248 2762
511 2047 2559 594 2280 2794
767 2047 2559 803 2232 2778
1023 2047 2559 980 2200 2778
1279 2047 2559 1140 2168 2746
1535 2047 2559 1381 2104 2762
1791 2047 2559 1558 2072 2730
2047 2047 2559 1895 2007 2746
2303 2047 2559 2329 2023 2762
2559 2047 2559 2778 2088 2939
2815 2047 2559 3083 2152 2923
3071 2047 2559 3356 2184 2907
3327 2047 2559 3581 2216 2875
3583 2047 2559 3726 2248 2842
3839 2047 2559 3854 2280 2891
4095 2047 2559 4031 2345 2842
0 2303 2559 723 2473 2794
255 2303 2559 514 2602 2858
511 2303 2559 691 2618 2875
767 2303 2559 867 2585 2875
1023 2303 2559 1028 2585 2858
1279 2303 2559 1269 2585 2923
1535 2303 2559 1445 2537 2842
1791 2303 2559 1734 2505 2858
2047 2303 2559 1991 2441 2826
2303 2303 2559 2264 2377 2826
2559 2303 2559 2682 2425 2858
2815 2303 2559 3115 2473 2891
3071 2303 2559 3372 2489 2858
3327 2303 2559 3597 2505 2842
3583 2303 2559 3758 2521 2842
3839 2303 2559 3886 2553 2842
4095 2303 2559 4047 2634 2891
0 2559 2559 337 2971 2987
255 2559 2559 578 2923 2923
511 2559 2559 739 2923 2923
767 2559 2559 851 2875 2858
1023 2559 2559 1092 2842 2891
1279 2559 2559 1285 2858 2907
1535 2559 2559 1558 2826 2907
1791 2559 2559 1766 2842 2939
2047 2559 2559 2007 2794 2875
2303 2559 2559 2296 2730 2875
2559 2559 2559 2666 2714 2826
2815 2559 2559 3083 2762 2794
3071 2559 2559 3356 2794 2858
3327 2559 2559 3549 2810 2858
3583 2559 2559 3726 2826 2842
3839 2559 2559 3934 2875 2907
4095 2559 2559 4063 2939 2939
0 2815 2559 691 2939 2730
255 2815 2559 498 3083 2826
511 2815 2559 642 3083 2842
767 2815 2559 867 3083 2842
1023 2815 2559 1028 3051 2826
1279 2815 2559 1237 3083 2842
1535 2815 2559 1461 3099 2875
1791 2815 2559 1734 3083 2875
2047 2815 2559 2007 3067 2875
2303 2815 2559 2361 3067 2858
2559 2815 2559 2650 3067 2891
2815 2815 2559 3019 3083 2858
3071 2815 2559 3356 3099 2858
3327 2815 2559 3629 3131 2842
3583 2815 2559 3774 3164 2858
3839 2815 2559 3934 3180 2923
4095 2815 2559 4031 3212 2939
0 3071 2559 401 3308 2810
255 3071 2559 498 3308 2842
511 3071 2559 642 3324 2842
767 3071 2559 819 3340 2907
1023 3071 2559 1012 3324 2891
1279 3071 2559 1220 3308 2891
1535 3071 2559 1429 3308 2842
1791 3071 2559 1622 3276 2810
2047 3071 2559 1895 3324 2810
2303 3071 2559 2200 3308 2810
2559 3071 2559 2537 3292 2778
2815 3071 2559 2907 3324 2730
3071 3071 2559 3276 3356 2714
3327 3071 2559 3565 3372 2762
3583 3071 2559 3790 3372 2778
3839 3071 2559 3950 3404 2810
4095 3071 2559 4063 3437 2939
0 3327 2559 369 3517 2875
255 3327 2559 530 3533 2842
511 3327 2559 658 3533 2858
767 3327 2559 819 3533 2875
1023 3327 2559 1012 3533 2842
1279 3327 2559 1172 3533 2858
1535 3327 2559 1317 3517 2810
1791 3327 2559 1558 3501 2778
2047 3327 2559 1815 3517 2746
2303 3327 2559 2104 3517 2746
2559 3327 2559 2441 3533 2746
2815 3327 2559 2730 3581 2746
3071 3327 2559 3164 3629 2730
3327 3327 2559 3549 3629 2730
3583 3327 2559 3806 3613 2650
3839 3327 2559 3967 3629 2746
4095 3327 2559 4047 3661 2891
0 3583 2559 691 3533 2698
255 3583 2559 530 3694 2842
511 3583 2559 642 3677 2810
767 3583 2559 803 3661 2826
1023 3583 2559 947 3694 2842
1279 3583 2559 1108 3694 2826
1535 3583 2559 1301 3694 2810
1791 3583 2559 1558 3726 2826
2047 3583 2559 1766 3726 2810
2303 3583 2559 2023 3710 2794
2559 3583 2559 2377 3726 2778
2815 3583 2559 2714 3758 2698
3071 3583 2559 3115 3790 2730
3327 3583 2559 3437 3838 2746
3583 3583 2559 3758 3854 2730
3839 3583 2559 3967 3854 2730
4095 3583 2559 4079 3854 2875
0 3839 2559 321 3854 2858
255 3839 2559 562 3806 2842
511 3839 2559 707 3822 2842
767 3839 2559 867 3822 2826
1023 3839 2559 1028 3854 2826
1279 3839 2559 1188 3854 2826
1535 3839 2559 1365 3838 2842
1791 3839 2559 1526 3870 2826
2047 3839 2559 1734 3870 2826
2303 3839 2559 2039 3870 2762
2559 3839 2559 2409 3870 2746
2815 3839 2559 2730 3918 2714
3071 3839 2559 3019 3950 2714
3327 3839 2559 3388 3983 2746
3583 3839 2559 3774 3999 2794
3839 3839 2559 3983 4015 2842
4095 3839 2559 4079 3983 2987
0 4095 2559 819 3854 2794
255 4095 2559 674 3967 2858
511 4095 2559 819 3983 2875
767 4095 2559 947 3999 2842
1023 4095 2559 1076 3983 2842
1279 4095 2559 1253 4015 2858
1535 4095 2559 1397 3983 2858
1791 4095 2559 1574 3983 2826
2047 4095 2559 1863 3983 2778
2303 4095 2559 2136 3999 2794
2559 4095 2559 2409 4031 2778
2815 4095 2559 2762 4063 2794
3071 4095 2559 3051 4095 2746
3327 4095 2559 3421 4095 2778
3583 4095 2559 3758 4079 2923
3839 4095 2559 3950 4095 3019
4095 4095 2559 4095 4095 3067
0 0 2815 0 177 2023
255 0 2815 128 209 2232
511 0 2815 257 209 2312
767 0 2815 385 193 2377
1023 0 2815 610 177 2473
1279 0 2815 947 161 2634
1535 0 2815 1285 209 2746
1791 0 2815 1718 225 2891
2047 0 2815 2023 305 2971
2303 0 2815 2409 337 2987
2559 0 2815 2682 321 3019
2815 0 2815 2955 289 2987
3071 0 2815 3164 321 3019
3327 0 2815 3356 353 3003
3583 0 2815 3597 369 3035
3839 0 2815 3710 401 3019
4095 0 2815 3870 434 3003
0 255 2815 32 337 2232
255 255 2815 128 353 2329
511 255 2815 289 337 2441
767 255 2815 434 305 2473
1023 255 2815 610 321 2537
1279 255 2815 883 321 2634
1535 255 2815 1220 353 2762
1791 255 2815 1590 353 2826
2047 255 2815 1927 401 2875
2303 255 2815 2393 450 2939
2559 255 2815 2634 466 2955
2815 255 2815 2891 466 2987
3071 255 2815 3180 482 3003
3327 255 2815 3372 498 2971
3583 255 2815 3581 514 3003
3839 255 2815 3726 562 3003
4095 255 2815 3854 594 3019
0 511 2815 32 514 2312
255 511 2815 209 546 2457
511 511 2815 305 530 2505
767 511 2815 466 530 2553
1023 511 2815 610 498 2585
1279 511 2815 867 450 2634
1535 511 2815 1156 482 2666
1791 511 2815 1542 498 2778
2047 511 2815 1895 562 2842
2303 511 2815 2248 594 2907
2559 511 2815 2602 642 2939
2815 511 2815 2923 642 3019
3071 511 2815 3164 658 3003
3327 511 2815 3388 691 3051
3583 511 2815 3581 723 3067
3839 511 2815 3742 755 3051
4095 511 2815 3886 803 3003
0 767 2815 48 723 2329
255 767 2815 241 755 2537
511 767 2815 321 755 2569
767 767 2815 498 739 2618
1023 767 2815 674 707 2650
1279 767 2815 899 658 2666
1535 767 2815 1172 642 2730
1791 767 2815 1510 707 2810
2047 767 2815 1927 787 2907
2303 767 2815 2312 851 2955
2559 767 2815 2650 851 3003
2815 767 2815 2907 851 3035
3071 767 2815 3148 867 3051
3327 767 2815 3421 883 3067
3583 767 2815 3613 931 3051
3839 767 2815 3742 931 3003
4095 767 2815 3886 996 3003
0 1023 2815 482 835 2425
255 1023 2815 273 996 2618
511 1023 2815 434 1028 2698
767 1023 2815 546 980 2698
1023 1023 2815 739 964 2714
1279 1023 2815 899 931 2714
1535 1023 2815 1172 899 2746
1791 1023 2815 1526 915 2826
2047 1023 2815 1911 964 2858
2303 1023 2815 2280 996 2971
2559 1023 2815 2585 1044 3019
2815 1023 2815 2907 1044 3019
3071 1023 2815 3196 1076 3035
3327 1023 2815 3453 1076 3003
3583 1023 2815 3597 1124 3051
3839 1023 2815 3758 1204 3067
4095 1023 2815 3934 1237 3019
0 1279 2815 161 1317 2666
255 1279 2815 321 1269 2714
511 1279 2815 450 1269 2698
767 1279 2815 594 1220 2714
1023 1279 2815 771 1188 2746
1279 1279 2815 931 1124 2698
1535 1279 2815 1204 1124 2730
1791 1279 2815 1461 1092 2762
2047 1279 2815 1783 1172 2826
2303 1279 2815 2216 1204 2923
2559 1279 2815 2650 1269 3019
2815 1279 2815 2971 1317 3067
3071 1279 2815 3228 1301 3035
3327 1279 2815 3453 1333 3083
3583 1279 2815 3645 1397 3083
3839 1279 2815 3790 1445 3067
4095 1279 2815 3983 1510 3083
0 1535 2815 241 1622 2858
255 1535 2815 369 1590 2810
511 1535 2815 498 1558 2778
767 1535 2815 674 1526 2778
1023 1535 2815 819 1493 2810
1279 1535 2815 1028 1413 2794
1535 1535 2815 1220 1397 2826
1791 1535 2815 1542 1365 2842
2047 1535 2815 1863 1397 2875
2303 1535 2815 2280 1461 2955
2559 1535 2815 2618 1542 3035
2815 1535 2815 2939 1574 3067
3071 1535 2815 3260 1574 3067
3327 1535 2815 3517 1606 3083
3583 1535 2815 3645 1654 3067
3839 1535 2815 3822 1702 3083
4095 1535 2815 3950 1734 3099
0 1791 2815 321 1959 2955
255 1791 2815 466 1975 2971
511 1791 2815 594 1943 2939
767 1791 2815 755 1895 2923
1023 1791 2815 915 1863 2923
1279 1791 2815 1092 1815 2907
1535 1791 2815 1301 1718 2907
1791 1791 2815 1558 1686 2891
2047 1791 2815 1863 1670 2891
2303 1791 2815 2232 1702 2971
2559 1791 2815 2602 1750 3035
2815 1791 2815 3003 1831 3099
3071 1791 2815 3324 1863 3099
3327 1791 2815 3517 1879 3099
3583 1791 2815 3661 1943 3099
3839 1791 2815 3870 1991 3131
4095 1791 2815 4015 1975 3083
0 2047 2815 289 2345 3099
255 2047 2815 482 2248 3035
511 2047 2815 626 2264 3035
767 2047 2815 803 2184 2971
1023 2047 2815 980 2200 3003
1279 2047 2815 1140 2104 2939
1535 2047 2815 1333 2088 2955
1791 2047 2815 1574 1991 2971
2047 2047 2815 1863 1959 2923
2303 2047 2815 2232 1975 2971
2559 2047 2815 2618 2039 3035
2815 2047 2815 2987 2104 3148
3071 2047 2815 3292 2136 3164
3327 2047 2815 3565 2152 3115
3583 2047 2815 3694 2200 3083
3839 2047 2815 3886 2232 3115
4095 2047 2815 3983 2280 3067
0 2303 2815 723 2473 3003
255 2303 2815 530 2569 3083
511 2303 2815 691 2602 3115
767 2303 2815 851 2569 3083
1023 2303 2815 996 2553 3067
1279 2303 2815 1204 2537 3083
1535 2303 2815 1445 2473 3035
1791 2303 2815 1670 2441 3019
2047 2303 2815 1911 2377 3019
2303 2303 2815 2184 2296 3035
2559 2303 2815 2553 2345 3083
2815 2303 2815 3003 2377 3131
3071 2303 2815 3340 2425 3148
3327 2303 2815 3549 2457 3115
3583 2303 2815 3710 2489 3099
3839 2303 2815 3886 2537 3115
4095 2303 2815 4031 2521 3067
0 2559 2815 337 2955 3196
255 2559 2815 594 2891 3148
511 2559 2815 739 2875 3148
767 2559 2815 867 2842 3099
1023 2559 2815 1060 2842 3115
1279 2559 2815 1285 2842 3115
1535 2559 2815 1493 2826 3115
1791 2559 2815 1734 2810 3115
2047 2559 2815 1943 2762 3099
2303 2559 2815 2216 2666 3051
2559 2559 2815 2537 2602 3067
2815 2559 2815 2971 2650 3083
3071 2559 2815 3308 2730 3148
3327 2559 2815 3533 2746 3099
3583 2559 2815 3774 2778 3115
3839 2559 2815 3886 2810 3099
4095 2559 2815 4063 2826 3115
0 2815 2815 723 2939 2987
255 2815 2815 530 3067 3083
511 2815 2815 707 3083 3083
767 2815 2815 867 3083 3083
1023 2815 2815 1060 3067 3099
1279 2815 2815 1253 3051 3083
1535 2815 2815 1461 3067 3067
1791 2815 2815 1734 3083 3115
2047 2815 2815 2007 3019 3099
2303 2815 2815 2296 3019 3115
2559 2815 2815 2537 3003 3099
2815 2815 2815 2907 2971 3115
3071 2815 2815 3324 3019 3083
3327 2815 2815 3549 3035 3083
3583 2815 2815 3742 3067 3099
3839 2815 2815 3918 3115 3131
4095 2815 2815 4063 3164 3148
0 3071 2815 401 3308 3067
255 3071 2815 546 3308 3083
511 3071 2815 707 3308 3099
767 3071 2815 819 3308 3083
1023 3071 2815 1044 3324 3099
1279 3071 2815 1253 3308 3099
1535 3071 2815 1510 3308 3083
1791 3071 2815 1702 3324 3099
2047 3071 2815 1975 3324 3115
2303 3071 2815 2216 3308 3131
2559 3071 2815 2537 3276 3099
2815 3071 2815 2939 3260 3067
3071 3071 2815 3260 3260 3067
3327 3071 2815 3533 3308 3099
3583 3071 2815 3726 3356 3099
3839 3071 2815 3934 3404 3164
4095 3071 2815 4047 3404 3212
0 3327 2815 385 3549 3115
255 3327 2815 562 3517 3099
511 3327 2815 674 3517 3099
767 3327 2815 883 3517 3115
1023 3327 2815 1028 3501 3051
1279 3327 2815 1188 3517 3051
1535 3327 2815 1381 3549 3067
1791 3327 2815 1590 3501 3051
2047 3327 2815 1895 3501 3051
2303 3327 2815 2184 3549 3051
2559 3327 2815 2473 3517 3035
2815 3327 2815 2762 3501 3035
3071 3327 2815 3131 3565 3035
3327 3327 2815 3517 3565 3067
3583 3327 2815 3758 3597 3019
3839 3327 2815 3950 3629 3099
4095 3327 2815 4063 3645 3212
0 3583 2815 723 3517 2923
255 3583 2815 562 3645 3019
511 3583 2815 674 3661 3067
767 3583 2815 819 3694 3067
1023 3583 2815 1028 3694 3083
1279 3583 2815 1172 3677 3051
1535 3583 2815 1349 3677 3051
1791 3583 2815 1590 3694 3051
2047 3583 2815 1831 3694 3067
2303 3583 2815 2023 3710 3051
2559 3583 2815 2361 3726 3067
2815 3583 2815 2778 3774 3019
3071 3583 2815 3115 3790 3019
3327 3583 2815 3453 3806 3051
3583 3583 2815 3726 3822 3051
3839 3583 2815 3950 3854 3051
4095 3583 2815 4079 3838 3148
0 3839 2815 353 3854 3083
255 3839 2815 594 3806 3051
511 3839 2815 739 3854 3051
767 3839 2815 915 3838 3051
1023 3839 2815 1012 3838 3051
1279 3839 2815 1237 3838 3051
1535 3839 2815 1381 3854 3051
1791 3839 2815 1558 3870 3051
2047 3839 2815 1734 3870 3019
2303 3839 2815 2056 3870 3035
2559 3839 2815 2393 3886 3003
2815 3839 2815 2762 3902 3003
3071 3839 2815 3067 3950 3035
3327 3839 2815 3356 3967 3019
3583 3839 2815 3742 3983 3099
3839 3839 2815 3983 3983 3115
4095 3839 2815 4079 3983 3180
0 4095 2815 867 3870 2987
255 4095 2815 723 3983 3099
511 4095 2815 851 3983 3083
767 4095 2815 980 3999 3067
1023 4095 2815 1140 3999 3067
1279 4095 2815 1285 3967 3067
1535 4095 2815 1445 3999 3067
1791 4095 2815 1622 3999 3035
2047 4095 2815 1847 3999 3019
2303 4095 2815 2088 4015 3019
2559 4095 2815 2393 4031 3019
2815 4095 2815 2746 4063 3035
3071 4095 2815 3131 4079 3051
3327 4095 2815 3388 4095 3067
3583 4095 2815 3710 4095 3099
3839 4095 2815 3950 4095 3260
4095 4095 2815 4095 4095 3324
0 0 3071 16 193 2184
255 0 3071 161 225 2409
511 0 3071 273 225 2489
767 0 3071 418 193 2521
1023 0 3071 594 177 2569
1279 0 3071 915 177 2746
1535 0 3071 1269 209 2907
1791 0 3071 1654 241 3035
2047 0 3071 1991 321 3131
2303 0 3071 2361 321 3164
2559 0 3071 2698 337 3180
2815 0 3071 2939 321 3164
3071 0 3071 3148 337 3212
3327 0 3071 3372 369 3212
3583 0 3071 3597 369 3196
3839 0 3071 3710 401 3180
4095 0 3071 3870 450 3180
0 255 3071 64 369 2425
255 255 3071 209 369 2521
511 255 3071 289 385 2602
767 255 3071 450 337 2618
1023 255 3071 658 337 2698
1279 255 3071 883 321 2794
1535 255 3071 1156 321 2891
1791 255 3071 1590 353 3019
2047 255 3071 1943 418 3051
2303 255 3071 2296 450 3099
2559 255 3071 2602 482 3115
2815 255 3071 2842 482 3180
3071 255 3071 3164 498 3196
3327 255 3071 3372 482 3164
3583 255 3071 3565 530 3180
3839 255 3071 3694 562 3196
4095 255 3071 3822 578 3180
0 511 3071 64 546 2537
255 511 3071 241 578 2634
511 511 3071 369 562 2714
767 511 3071 482 514 2714
1023 511 3071 626 514 2730
1279 511 3071 819 450 2730
1535 511 3071 1156 482 2858
1791 511 3071 1461 498 2907
2047 511 3071 1831 530 3019
2303 511 3071 2200 610 3099
2559 511 3071 2569 658 3131
2815 511 3071 2891 642 3164
3071 511 3071 3148 674 3212
3327 511 3071 3388 691 3212
3583 511 3071 3549 739 3228
3839 511 3071 3710 739 3228
4095 511 3071 3886 755 3196
0 767 3071 96 755 2585
255 767 3071 257 771 2714
511 767 3071 385 803 2778
767 767 3071 546 755 2810
1023 767 3071 739 739 2826
1279 767 3071 899 674 2842
1535 767 3071 1172 674 2891
1791 767 3071 1461 707 2987
2047 767 3071 1895 787 3083
2303 767 3071 2296 819 3115
2559 767 3071 2618 867 3196
2815 767 3071 2907 883 3196
3071 767 3071 3115 867 3244
3327 767 3071 3421 883 3244
3583 767 3071 3613 931 3212
3839 767 3071 3742 964 3244
4095 767 3071 3886 980 3212
0 1023 3071 466 819 2569
255 1023 3071 273 1012 2794
511 1023 3071 418 996 2826
767 1023 3071 578 1012 2858
1023 1023 3071 755 1028 2923
1279 1023 3071 947 980 2923
1535 1023 3071 1156 899 2907
1791 1023 3071 1477 915 3003
2047 1023 3071 1847 964 3051
2303 1023 3071 2232 996 3115
2559 1023 3071 2537 1060 3196
2815 1023 3071 2875 1076 3228
3071 1023 3071 3164 1076 3228
3327 1023 3071 3453 1140 3260
3583 1023 3071 3629 1156 3276
3839 1023 3071 3790 1204 3276
4095 1023 3071 3950 1237 3244
0 1279 3071 161 1285 2810
255 1279 3071 289 1253 2826
511 1279 3071 418 1253 2875
767 1279 3071 578 1253 2891
1023 1279 3071 771 1237 2907
1279 1279 3071 964 1156 2891
1535 1279 3071 1188 1124 2907
1791 1279 3071 1429 1108 2955
2047 1279 3071 1766 1140 3019
2303 1279 3071 2168 1188 3099
2559 1279 3071 2537 1237 3164
2815 1279 3071 2907 1317 3228
3071 1279 3071 3180 1333 3244
3327 1279 3071 3421 1365 3276
3583 1279 3071 3613 1397 3308
3839 1279 3071 3806 1413 3276
4095 1279 3071 3934 1461 3260
0 1535 3071 225 1574 2955
255 1535 3071 353 1574 2987
511 1535 3071 498 1558 2955
767 1535 3071 658 1526 2971
1023 1535 3071 819 1477 2955
1279 1535 3071 1028 1445 3003
1535 1535 3071 1188 1381 2987
1791 1535 3071 1493 1349 3035
2047 1535 3071 1815 1365 3019
2303 1535 3071 2200 1413 3131
2559 1535 3071 2569 1510 3212
2815 1535 3071 2875 1574 3260
3071 1535 3071 3196 1558 3308
3327 1535 3071 3485 1606 3292
3583 1535 3071 3629 1606 3324
3839 1535 3071 3774 1654 3292
4095 1535 3071 3950 1734 3276
0 1791 3071 321 1927 3131
255 1791 3071 434 1911 3115
511 1791 3071 626 1895 3099
767 1791 3071 755 1863 3115
1023 1791 3071 899 1847 3099
1279 1791 3071 1076 1750 3067
1535 1791 3071 1285 1702 3067
1791 1791 3071 1574 1654 3115
2047 1791 3071 1831 1670 3099
2303 1791 3071 2168 1670 3164
2559 1791 3071 2537 1718 3196
2815 1791 3071 2923 1783 3260
3071 1791 3071 3244 1815 3324
3327 1791 3071 3533 1847 3340
3583 1791 3071 3661 1879 3356
3839 1791 3071 3838 1943 3324
4095 1791 3071 3983 1959 3276
0 2047 3071 257 2280 3228
255 2047 3071 482 2232 3180
511 2047 3071 594 2200 3164
767 2047 3071 755 2168 3180
1023 2047 3071 947 2136 3148
1279 2047 3071 1124 2104 3148
1535 2047 3071 1333 2056 3131
1791 2047 3071 1526 1991 3115
2047 2047 3071 1831 1927 3115
2303 2047 3071 2200 1943 3148
2559 2047 3071 2489 1943 3180
2815 2047 3071 2891 2039 3292
3071 2047 3071 3244 2104 3356
3327 2047 3071 3533 2120 3372
3583 2047 3071 3677 2184 3324
3839 2047 3071 3822 2200 3324
4095 2047 3071 3950 2248 3308
0 2303 3071 739 2457 3196
255 2303 3071 514 2553 3276
511 2303 3071 658 2537 3244
767 2303 3071 835 2553 3260
1023 2303 3071 980 2505 3244
1279 2303 3071 1156 2473 3228
1535 2303 3071 1381 2441 3212
1791 2303 3071 1638 2409 3196
2047 2303 3071 1879 2312 3196
2303 2303 3071 2120 2264 3212
2559 2303 3071 2489 2264 3244
2815 2303 3071 2875 2296 3292
3071 2303 3071 3260 2361 3340
3327 2303 3071 3533 2393 3356
3583 2303 3071 3694 2409 3356
3839 2303 3071 3870 2473 3356
4095 2303 3071 4031 2489 3260
0 2559 3071 305 2939 3340
255 2559 3071 578 2875 3356
511 2559 3071 707 2875 3340
767 2559 3071 867 2842 3340
1023 2559 3071 1076 2826 3324
1279 2559 3071 1301 2826 3340
1535 2559 3071 1477 2762 3292
1791 2559 3071 1702 2762 3324
2047 2559 3071 1879 2682 3276
2303 2559 3071 2168 2569 3228
2559 2559 3071 2457 2521 3244
2815 2559 3071 2826 2553 3260
3071 2559 3071 3228 2650 3388
3327 2559 3071 3517 2666 3372
3583 2559 3071 3742 2746 3372
3839 2559 3071 3870 2746 3324
4095 2559 3071 3999 2794 3292
0 2815 3071 739 2939 3228
255 2815 3071 530 3051 3292
511 2815 3071 707 3083 3308
767 2815 3071 851 3067 3276
1023 2815 3071 1028 3051 3292
1279 2815 3071 1237 3051 3308
1535 2815 3071 1445 3051 3308
1791 2815 3071 1718 3019 3324
2047 2815 3071 1943 3019 3324
2303 2815 3071 2200 2955 3276
2559 2815 3071 2425 2907 3292
2815 2815 3071 2762 2875 3292
3071 2815 3071 3212 2923 3308
3327 2815 3071 3549 2987 3340
3583 2815 3071 3742 3019 3356
3839 2815 3071 3886 3067 3372
4095 2815 3071 4015 3083 3324
0 3071 3071 401 3292 3308
255 3071 3071 546 3308 3308
511 3071 3071 707 3324 3308
767 3071 3071 851 3292 3308
1023 3071 3071 1028 3308 3340
1279 3071 3071 1269 3324 3340
1535 3071 3071 1526 3292 3308
1791 3071 3071 1766 3292 3356
2047 3071 3071 1959 3292 3356
2303 3071 3071 2216 3260 3324
2559 3071 3071 2521 3244 3324
2815 3071 3071 2810 3212 3292
3071 3071 3071 3180 3196 3276
3327 3071 3071 3501 3260 3340
3583 3071 3071 3726 3308 3356
3839 3071 3071 3886 3308 3340
4095 3071 3071 4047 3340 3356
0 3327 3071 369 3517 3324
255 3327 3071 562 3517 3324
511 3327 3071 723 3533 3324
767 3327 3071 867 3501 3324
1023 3327 3071 1044 3517 3324
1279 3327 3071 1253 3533 3308
1535 3327 3071 1445 3485 3308
1791 3327 3071 1638 3501 3324
2047 3327 3071 1911 3469 3292
2303 3327 3071 2184 3501 3276
2559 3327 3071 2505 3501 3324
2815 3327 3071 2794 3533 3356
3071 3327 3071 3164 3517 3324
3327 3327 3071 3501 3533 3308
3583 3327 3071 3758 3565 3340
3839 3327 3071 3918 3613 3388
4095 3327 3071 4063 3629 3453
0 3583 3071 739 3517 3196
255 3583 3071 578 3661 3260
511 3583 3071 691 3677 3292
767 3583 3071 899 3661 3308
1023 3583 3071 996 3694 3292
1279 3583 3071 1188 3694 3308
1535 3583 3071 1429 3661 3292
1791 3583 3071 1638 3694 3324
2047 3583 3071 1863 3694 3292
2303 3583 3071 2104 3710 3324
2559 3583 3071 2409 3742 3324
2815 3583 3071 2762 3726 3308
3071 3583 3071 3164 3742 3292
3327 3583 3071 3469 3774 3324
3583 3583 3071 3742 3806 3372
3839 3583 3071 3918 3838 3372
4095 3583 3071 4063 3822 3453
0 3839 3071 385 3838 3308
255 3839 3071 626 3806 3276
511 3839 3071 787 3838 3292
767 3839 3071 915 3822 3292
1023 3839 3071 1060 3854 3260
1279 3839 3071 1253 3854 3260
1535 3839 3071 1461 3870 3308
1791 3839 3071 1606 3854 3292
2047 3839 3071 1815 3886 3276
2303 3839 3071 2039 3870 3292
2559 3839 3071 2361 3886 3244
2815 3839 3071 2682 3886 3260
3071 3839 3071 3051 3934 3292
3327 3839 3071 3388 3950 3308
3583 3839 3071 3726 3967 3340
3839 3839 3071 3950 3983 3388
4095 3839 3071 4079 3983 3437
0 4095 3071 899 3870 3212
255 4095 3071 755 3983 3308
511 4095 3071 899 3999 3292
767 4095 3071 1060 3983 3324
1023 4095 3071 1172 3999 3260
1279 4095 3071 1317 3999 3292
1535 4095 3071 1510 3999 3324
1791 4095 3071 1670 4015 3292
2047 4095 3071 1863 3999 3244
2303 4095 3071 2104 3999 3228
2559 4095 3071 2345 3999 3244
2815 4095 3071 2714 4063 3276
3071 4095 3071 3131 4063 3260
3327 4095 3071 3421 4095 3324
3583 4095 3071 3742 4095 3404
3839 4095 3071 3934 4095 3469
4095 4095 3071 4079 4095 3549
0 0 3327 32 225 2377
255 0 3327 177 225 2521
511 0 3327 289 225 2585
767 0 3327 434 225 2634
1023 0 3327 594 177 2730
1279 0 3327 867 177 2858
1535 0 3327 1204 193 3003
1791 0 3327 1606 241 3148
2047 0 3327 1943 305 3276
2303 0 3327 2345 321 3340
2559 0 3327 2650 353 3340
2815 0 3327 2939 369 3356
3071 0 3327 3164 353 3388
3327 0 3327 3356 369 3404
3583 0 3327 3581 385 3421
3839 0 3327 3694 418 3388
4095 0 3327 3870 434 3356
0 255 3327 112 434 2602
255 255 3327 225 401 2714
511 255 3327 305 385 2698
767 255 3327 466 369 2778
1023 255 3327 626 321 2794
1279 255 3327 867 305 2907
1535 255 3327 1124 337 3019
1791 255 3327 1542 353 3131
2047 255 3327 1927 418 3212
2303 255 3327 2280 450 3276
2559 255 3327 2585 530 3308
2815 255 3327 2842 530 3340
3071 255 3327 3115 466 3324
3327 255 3327 3356 514 3372
3583 255 3327 3597 530 3388
3839 255 3327 3726 562 3372
4095 255 3327 3854 610 3372
0 511 3327 128 578 2714
255 511 3327 273 578 2810
511 511 3327 385 562 2842
767 511 3327 530 578 2875
1023 511 3327 658 530 2891
1279 511 3327 851 482 2891
1535 511 3327 1124 498 2987
1791 511 3327 1461 498 3067
2047 511 3327 1815 562 3148
2303 511 3327 2184 610 3228
2559 511 3327 2537 626 3308
2815 511 3327 2858 691 3340
3071 511 3327 3131 674 3372
3327 511 3327 3372 707 3404
3583 511 3327 3549 739 3421
3839 511 3327 3710 771 3437
4095 511 3327 3854 771 3356
0 767 3327 112 787 2730
255 767 3327 305 787 2907
511 767 3327 369 803 2907
767 767 3327 578 803 2971
1023 767 3327 739 755 3003
1279 767 3327 915 739 3003
1535 767 3327 1124 674 3035
1791 767 3327 1445 739 3131
2047 767 3327 1831 755 3244
2303 767 3327 2232 851 3308
2559 767 3327 2569 883 3356
2815 767 3327 2842 899 3388
3071 767 3327 3115 867 3388
3327 767 3327 3388 899 3404
3583 767 3327 3597 899 3388
3839 767 3327 3742 964 3404
4095 767 3327 3886 996 3421
0 1023 3327 498 851 2778
255 1023 3327 305 1012 2955
511 1023 3327 434 1012 2971
767 1023 3327 594 996 3019
1023 1023 3327 787 996 3051
1279 1023 3327 980 980 3099
1535 1023 3327 1172 915 3083
1791 1023 3327 1445 931 3131
2047 1023 3327 1815 931 3228
2303 1023 3327 2184 980 3292
2559 1023 3327 2537 1060 3388
2815 1023 3327 2891 1092 3404
3071 1023 3327 3131 1076 3404
3327 1023 3327 3388 1092 3404
3583 1023 3327 3613 1156 3469
3839 1023 3327 3774 1188 3469
4095 1023 3327 3902 1237 3421
0 1279 3327 161 1253 2875
255 1279 3327 305 1204 2987
511 1279 3327 434 1237 3019
767 1279 3327 594 1237 3067
1023 1279 3327 787 1220 3067
1279 1279 3327 1012 1204 3099
1535 1279 3327 1172 1156 3083
1791 1279 3327 1413 1092 3099
2047 1279 3327 1718 1140 3164
2303 1279 3327 2136 1156 3228
2559 1279 3327 2473 1237 3324
2815 1279 3327 2842 1285 3388
3071 1279 3327 3164 1301 3437
3327 1279 3327 3372 1365 3453
3583 1279 3327 3613 1365 3469
3839 1279 3327 3774 1429 3469
4095 1279 3327 3950 1510 3453
0 1535 3327 209 1493 3019
255 1535 3327 337 1493 3067
511 1535 3327 498 1526 3131
767 1535 3327 674 1461 3115
1023 1535 3327 835 1461 3148
1279 1535 3327 996 1429 3115
1535 1535 3327 1220 1413 3180
1791 1535 3327 1461 1349 3148
2047 1535 3327 1799 1365 3212
2303 1535 3327 2200 1413 3260
2559 1535 3327 2505 1493 3372
2815 1535 3327 2858 1558 3453
3071 1535 3327 3164 1606 3469
3327 1535 3327 3437 1590 3501
3583 1535 3327 3629 1622 3501
3839 1535 3327 3806 1686 3485
4095 1535 3327 3918 1702 3485
0 1791 3327 289 1863 3260
255 1791 3327 450 1863 3260
511 1791 3327 546 1831 3228
767 1791 3327 723 1799 3260
1023 1791 3327 867 1783 3228
1279 1791 3327 1060 1783 3244
1535 1791 3327 1269 1718 3276
1791 1791 3327 1542 1670 3260
2047 1791 3327 1831 1670 3260
2303 1791 3327 2120 1670 3308
2559 1791 3327 2473 1686 3372
2815 1791 3327 2842 1734 3437
3071 1791 3327 3180 1815 3485
3327 1791 3327 3453 1831 3501
3583 1791 3327 3661 1879 3533
3839 1791 3327 3838 1943 3501
4095 1791 3327 4015 1959 3485
0 2047 3327 257 2248 3372
255 2047 3327 466 2200 3356
511 2047 3327 578 2152 3324
767 2047 3327 755 2136 3308
1023 2047 3327 915 2104 3308
1279 2047 3327 1092 2039 3260
1535 2047 3327 1269 2007 3260
1791 2047 3327 1510 1959 3292
2047 2047 3327 1815 1911 3292
2303 2047 3327 2104 1911 3292
2559 2047 3327 2457 1927 3356
2815 2047 3327 2810 2007 3437
3071 2047 3327 3164 2056 3517
3327 2047 3327 3469 2088 3549
3583 2047 3327 3694 2152 3549
3839 2047 3327 3838 2152 3517
4095 2047 3327 3950 2200 3533
0 2303 3327 707 2409 3340
255 2303 3327 498 2537 3421
511 2303 3327 658 2521 3437
767 2303 3327 803 2489 3404
1023 2303 3327 947 2473 3404
1279 2303 3327 1140 2425 3437
1535 2303 3327 1365 2425 3404
1791 2303 3327 1590 2361 3388
2047 2303 3327 1831 2264 3372
2303 2303 3327 2104 2232 3388
2559 2303 3327 2425 2232 3421
2815 2303 3327 2810 2216 3469
3071 2303 3327 3148 2280 3501
3327 2303 3327 3485 2361 3533
3583 2303 3327 3694 2409 3581
3839 2303 3327 3822 2425 3565
4095 2303 3327 3999 2457 3485
0 2559 3327 321 2923 3549
255 2559 3327 546 2826 3469
511 2559 3327 707 2842 3501
767 2559 3327 867 2842 3501
1023 2559 3327 1044 2794 3485
1279 2559 3327 1237 2762 3501
1535 2559 3327 1429 2730 3485
1791 2559 3327 1622 2714 3501
2047 2559 3327 1847 2650 3469
2303 2559 3327 2120 2553 3437
2559 2559 3327 2393 2473 3404
2815 2559 3327 2730 2441 3437
3071 2559 3327 3099 2553 3533
3327 2559 3327 3453 2634 3581
3583 2559 3327 3710 2666 3565
3839 2559 3327 3886 2714 3565
4095 2559 3327 4015 2746 3517
0 2815 3327 707 2907 3421
255 2815 3327 530 3067 3501
511 2815 3327 707 3035 3501
767 2815 3327 867 3035 3501
1023 2815 3327 1028 3035 3485
1279 2815 3327 1285 3067 3549
1535 2815 3327 1429 3019 3517
1791 2815 3327 1702 2987 3517
2047 2815 3327 1895 2923 3485
2303 2815 3327 2136 2907 3485
2559 2815 3327 2377 2826 3453
2815 2815 3327 2698 2810 3485
3071 2815 3327 3083 2810 3485
3327 2815 3327 3469 2923 3517
3583 2815 3327 3710 2971 3565
3839 2815 3327 3870 3003 3581
4095 2815 3327 4047 3019 3565
0 3071 3327 418 3276 3501
255 3071 3327 546 3276 3517
511 3071 3327 674 3276 3485
767 3071 3327 867 3276 3501
1023 3071 3327 1028 3276 3517
1279 3071 3327 1253 3308 3517
1535 3071 3327 1493 3260 3533
1791 3071 3327 1702 3228 3517
2047 3071 3327 1927 3260 3549
2303 3071 3327 2152 3228 3533
2559 3071 3327 2409 3180 3533
2815 3071 3327 2698 3115 3485
3071 3071 3327 3083 3115 3485
3327 3071 3327 3437 3196 3565
3583 3071 3327 3694 3228 3581
3839 3071 3327 3918 3260 3549
4095 3071 3327 4015 3260 3517
0 3327 3327 369 3517 3485
255 3327 3327 578 3533 3533
511 3327 3327 723 3517 3501
767 3327 3327 883 3517 3533
1023 3327 3327 1060 3501 3517
1279 3327 3327 1237 3469 3517
1535 3327 3327 1461 3469 3501
1791 3327 3327 1670 3485 3549
2047 3327 3327 1911 3485 3501
2303 3327 3327 2200 3469 3533
2559 3327 3327 2489 3469 3517
2815 3327 3327 2762 3485 3565
3071 3327 3327 3083 3469 3533
3327 3327 3327 3453 3469 3533
3583 3327 3327 3726 3533 3565
3839 3327 3327 3918 3565 3597
4095 3327 3327 4047 3581 3613
0 3583 3327 739 3533 3388
255 3583 3327 578 3661 3485
511 3583 3327 674 3661 3485
767 3583 3327 867 3661 3501
1023 3583 3327 1028 3694 3501
1279 3583 3327 1204 3710 3501
1535 3583 3327 1429 3677 3501
1791 3583 3327 1686 3677 3501
2047 3583 3327 1879 3677 3485
2303 3583 3327 2168 3710 3533
2559 3583 3327 2409 3726 3533
2815 3583 3327 2778 3710 3517
3071 3583 3327 3099 3710 3533
3327 3583 3327 3453 3726 3565
3583 3583 3327 3726 3774 3597
3839 3583 3327 3950 3854 3661
4095 3583 3327 4063 3838 3694
0 3839 3327 385 3870 3533
255 3839 3327 642 3790 3469
511 3839 3327 803 3838 3485
767 3839 3327 964 3838 3485
1023 3839 3327 1108 3870 3517
1279 3839 3327 1333 3870 3501
1535 3839 3327 1493 3870 3517
1791 3839 3327 1670 3886 3485
2047 3839 3327 1847 3870 3517
2303 3839 3327 2088 3886 3533
2559 3839 3327 2361 3870 3485
2815 3839 3327 2682 3902 3485
3071 3839 3327 3019 3918 3517
3327 3839 3327 3388 3934 3549
3583 3839 3327 3726 3950 3549
3839 3839 3327 3934 3967 3613
4095 3839 3327 4079 3967 3661
0 4095 3327 915 3854 3404
255 4095 3327 787 3983 3517
511 4095 3327 947 3983 3469
767 4095 3327 1092 3999 3501
1023 4095 3327 1253 3999 3485
1279 4095 3327 1397 4031 3485
1535 4095 3327 1526 4015 3501
1791 4095 3327 1702 4015 3485
2047 4095 3327 1895 3999 3453
2303 4095 3327 2120 4015 3453
2559 4095 3327 2361 4031 3469
2815 4095 3327 2682 4031 3485
3071 4095 3327 3083 4079 3485
3327 4095 3327 3437 4079 3533
3583 4095 3327 3726 4095 3629
3839 4095 3327 3934 4095 3694
4095 4095 3327 4095 4095 3710
0 0 3583 96 257 2650
255 0 3583 209 257 2714
511 0 3583 305 241 2730
767 0 3583 434 241 2810
1023 0 3583 594 225 2891
1279 0 3583 867 177 2987
1535 0 3583 1172 193 3131
1791 0 3583 1526 225 3324
2047 0 3583 1863 305 3437
2303 0 3583 2280 337 3533
2559 0 3583 2634 385 3549
2815 0 3583 2907 401 3565
3071 0 3583 3131 369 3549
3327 0 3583 3324 401 3565
3583 0 3583 3549 401 3549
3839 0 3583 3710 401 3549
4095 0 3583 3870 434 3549
0 255 3583 161 434 2810
255 255 3583 257 434 2875
511 255 3583 353 401 2891
767 255 3583 498 401 2971
1023 255 3583 674 337 2987
1279 255 3583 867 337 3051
1535 255 3583 1124 321 3131
1791 255 3583 1477 369 3244
2047 255 3583 1847 401 3356
2303 255 3583 2232 466 3437
2559 255 3583 2585 530 3501
2815 255 3583 2826 530 3517
3071 255 3583 3099 530 3517
3327 255 3583 3340 514 3517
3583 255 3583 3533 546 3517
3839 255 3583 3677 594 3549
4095 255 3583 3822 626 3533
0 511 3583 161 610 2907
255 511 3583 273 594 2955
511 511 3583 385 610 3003
767 511 3583 546 594 3051
1023 511 3583 674 562 3067
1279 511 3583 883 498 3035
1535 511 3583 1140 482 3148
1791 511 3583 1477 482 3228
2047 511 3583 1799 546 3340
2303 511 3583 2152 594 3404
2559 511 3583 2553 674 3485
2815 511 3583 2858 691 3549
3071 511 3583 3131 707 3549
3327 511 3583 3340 691 3549
3583 511 3583 3533 739 3581
3839 511 3583 3710 755 3549
4095 511 3583 3870 787 3565
0 767 3583 145 835 2939
255 767 3583 305 835 3067
511 767 3583 401 819 3051
767 767 3583 610 803 3148
1023 767 3583 755 787 3148
1279 767 3583 931 723 3164
1535 767 3583 1156 674 3180
1791 767 3583 1429 723 3276
2047 767 3583 1815 771 3404
2303 767 3583 2216 819 3469
2559 767 3583 2602 883 3517
2815 767 3583 2875 899 3565
3071 767 3583 3099 899 3565
3327 767 3583 3356 899 3597
3583 767 3583 3581 931 3581
3839 767 3583 3726 996 3581
4095 767 3583 3870 1012 3581
0 1023 3583 546 867 2971
255 1023 3583 289 996 3099
511 1023 3583 418 1012 3131
767 1023 3583 610 1028 3212
1023 1023 3583 803 1012 3228
1279 1023 3583 980 996 3276
1535 1023 3583 1172 931 3260
1791 1023 3583 1461 883 3292
2047 1023 3583 1799 947 3388
2303 1023 3583 2168 996 3437
2559 1023 3583 2505 1044 3533
2815 1023 3583 2858 1076 3549
3071 1023 3583 3180 1140 3581
3327 1023 3583 3340 1076 3549
3583 1023 3583 3581 1108 3613
3839 1023 3583 3742 1188 3629
4095 1023 3583 3902 1237 3581
0 1279 3583 177 1237 3051
255 1279 3583 353 1253 3196
511 1279 3583 434 1204 3196
767 1279 3583 594 1237 3196
1023 1279 3583 819 1220 3244
1279 1279 3583 1012 1188 3244
1535 1279 3583 1172 1156 3244
1791 1279 3583 1413 1076 3276
2047 1279 3583 1718 1124 3356
2303 1279 3583 2104 1156 3437
2559 1279 3583 2457 1220 3501
2815 1279 3583 2842 1285 3549
3071 1279 3583 3131 1317 3565
3327 1279 3583 3372 1349 3645
3583 1279 3583 3597 1381 3613
3839 1279 3583 3774 1429 3597
4095 1279 3583 3918 1493 3597
0 1535 3583 225 1493 3180
255 1535 3583 321 1445 3228
511 1535 3583 482 1445 3244
767 1535 3583 642 1445 3260
1023 1535 3583 819 1461 3292
1279 1535 3583 1028 1461 3340
1535 1535 3583 1220 1413 3340
1791 1535 3583 1461 1365 3356
2047 1535 3583 1799 1381 3388
2303 1535 3583 2136 1381 3469
2559 1535 3583 2505 1461 3549
2815 1535 3583 2810 1542 3597
3071 1535 3583 3148 1558 3629
3327 1535 3583 3404 1558 3629
3583 1535 3583 3629 1606 3629
3839 1535 3583 3790 1654 3661
4095 1535 3583 3934 1686 3661
0 1791 3583 273 1783 3356
255 1791 3583 418 1799 3388
511 1791 3583 562 1766 3388
767 1791 3583 707 1750 3421
1023 1791 3583 883 1766 3421
1279 1791 3583 1060 1750 3437
1535 1791 3583 1269 1734 3404
1791 1791 3583 1526 1654 3437
2047 1791 3583 1783 1622 3437
2303 1791 3583 2088 1622 3485
2559 1791 3583 2457 1670 3549
2815 1791 3583 2826 1718 3581
3071 1791 3583 3115 1750 3629
3327 1791 3583 3437 1831 3694
3583 1791 3583 3613 1879 3677
3839 1791 3583 3822 1895 3661
4095 1791 3583 3967 1943 3661
0 2047 3583 257 2200 3501
255 2047 3583 482 2120 3485
511 2047 3583 578 2120 3501
767 2047 3583 723 2072 3485
1023 2047 3583 899 2039 3485
1279 2047 3583 1092 2007 3453
1535 2047 3583 1269 1991 3453
1791 2047 3583 1510 1975 3485
2047 2047 3583 1783 1911 3485
2303 2047 3583 2056 1863 3469
2559 2047 3583 2409 1895 3517
2815 2047 3583 2730 1959 3597
3071 2047 3583 3083 2007 3661
3327 2047 3583 3437 2072 3694
3583 2047 3583 3661 2088 3677
3839 2047 3583 3822 2152 3677
4095 2047 3583 3967 2184 3694
0 2303 3583 691 2329 3485
255 2303 3583 498 2473 3549
511 2303 3583 674 2489 3613
767 2303 3583 787 2441 3549
1023 2303 3583 931 2425 3533
1279 2303 3583 1124 2409 3549
1535 2303 3583 1301 2361 3549
1791 2303 3583 1526 2280 3533
2047 2303 3583 1799 2216 3565
2303 2303 3583 2056 2184 3549
2559 2303 3583 2377 2184 3565
2815 2303 3583 2730 2200 3597
3071 2303 3583 3083 2232 3645
3327 2303 3583 3421 2329 3694
3583 2303 3583 3661 2377 3742
3839 2303 3583 3822 2393 3710
4095 2303 3583 4015 2457 3694
0 2559 3583 305 2907 3661
255 2559 3583 562 2810 3661
511 2559 3583 691 2794 3661
767 2559 3583 851 2794 3645
1023 2559 3583 1028 2746 3645
1279 2559 3583 1204 2698 3613
1535 2559 3583 1397 2682 3629
1791 2559 3583 1606 2666 3629
2047 2559 3583 1799 2602 3581
2303 2559 3583 2072 2505 3581
2559 2559 3583 2361 2425 3565
2815 2559 3583 2650 2441 3597
3071 2559 3583 3019 2473 3661
3327 2559 3583 3372 2569 3710
3583 2559 3583 3694 2650 3742
3839 2559 3583 3886 2682 3726
4095 2559 3583 4015 2698 3694
0 2815 3583 723 2907 3549
255 2815 3583 546 3051 3661
511 2815 3583 674 3019 3645
767 2815 3583 851 3035 3645
1023 2815 3583 1060 3051 3661
1279 2815 3583 1220 3019 3661
1535 2815 3583 1365 2955 3613
1791 2815 3583 1606 2907 3661
2047 2815 3583 1879 2907 3645
2303 2815 3583 2104 2842 3629
2559 2815 3583 2312 2794 3629
2815 2815 3583 2634 2746 3629
3071 2815 3583 3035 2762 3645
3327 2815 3583 3372 2810 3677
3583 2815 3583 3710 2907 3758
3839 2815 3583 3870 2971 3758
4095 2815 3583 3999 2987 3710
0 3071 3583 434 3260 3645
255 3071 3583 594 3260 3645
511 3071 3583 691 3260 3613
767 3071 3583 915 3308 3694
1023 3071 3583 1044 3260 3677
1279 3071 3583 1237 3244 3694
1535 3071 3583 1477 3244 3645
1791 3071 3583 1718 3244 3726
2047 3071 3583 1895 3228 3710
2303 3071 3583 2120 3196 3661
2559 3071 3583 2377 3115 3661
2815 3071 3583 2634 3051 3645
3071 3071 3583 2987 3051 3661
3327 3071 3583 3308 3067 3694
3583 3071 3583 3661 3180 3758
3839 3071 3583 3870 3212 3726
4095 3071 3583 4047 3260 3726
0 3327 3583 401 3501 3645
255 3327 3583 578 3485 3661
511 3327 3583 723 3485 3645
767 3327 3583 931 3469 3661
1023 3327 3583 1092 3469 3661
1279 3327 3583 1269 3485 3694
1535 3327 3583 1429 3469 3710
1791 3327 3583 1654 3469 3694
2047 3327 3583 1895 3453 3710
2303 3327 3583 2184 3453 3694
2559 3327 3583 2409 3421 3710
2815 3327 3583 2666 3388 3694
3071 3327 3583 2955 3340 3726
3327 3327 3583 3292 3372 3694
3583 3327 3583 3677 3437 3742
3839 3327 3583 3934 3501 3774
4095 3327 3583 4031 3533 3774
0 3583 3583 771 3565 3581
255 3583 3583 610 3661 3661
511 3583 3583 723 3661 3629
767 3583 3583 915 3677 3677
1023 3583 3583 1060 3677 3661
1279 3583 3583 1237 3694 3661
1535 3583 3583 1461 3677 3710
1791 3583 3583 1686 3677 3677
2047 3583 3583 1879 3677 3694
2303 3583 3583 2120 3694 3710
2559 3583 3583 2425 3677 3742
2815 3583 3583 2794 3677 3726
3071 3583 3583 3067 3677 3694
3327 3583 3583 3404 3694 3758
3583 3583 3583 3710 3774 3822
3839 3583 3583 3934 3790 3806
4095 3583 3583 4047 3822 3806
0 3839 3583 401 3870 3661
255 3839 3583 658 3838 3629
511 3839 3583 835 3838 3661
767 3839 3583 964 3854 3661
1023 3839 3583 1172 3838 3677
1279 3839 3583 1365 3838 3645
1535 3839 3583 1558 3886 3677
1791 3839 3583 1718 3886 3661
2047 3839 3583 1895 3886 3710
2303 3839 3583 2136 3854 3694
2559 3839 3583 2425 3902 3726
2815 3839 3583 2714 3886 3710
3071 3839 3583 3003 3902 3726
3327 3839 3583 3340 3918 3758
3583 3839 3583 3694 3950 3774
3839 3839 3583 3967 3967 3806
4095 3839 3583 4095 3999 3870
0 4095 3583 947 3886 3597
255 4095 3583 835 3999 3677
511 4095 3583 980 4015 3661
767 4095 3583 1140 3983 3661
1023 4095 3583 1301 4015 3677
1279 4095 3583 1461 4015 3661
1535 4095 3583 1574 4015 3645
1791 4095 3583 1766 3999 3629
2047 4095 3583 1943 4031 3645
2303 4095 3583 2152 4015 3645
2559 4095 3583 2393 4031 3645
2815 4095 3583 2698 4047 3677
3071 4095 3583 3035 4063 3645
3327 4095 3583 3437 4063 3726
3583 4095 3583 3758 4095 3790
3839 4095 3583 3934 4095 3854
4095 4095 3583 4095 4095 3902
0 0 3839 128 305 2778
255 0 3839 241 273 2875
511 0 3839 337 257 2858
767 0 3839 450 273 2939
1023 0 3839 610 225 2987
1279 0 3839 835 209 3115
1535 0 3839 1092 177 3228
1791 0 3839 1445 225 3388
2047 0 3839 1799 289 3533
2303 0 3839 2216 337 3597
2559 0 3839 2602 401 3677
2815 0 3839 2891 434 3710
3071 0 3839 3099 401 3726
3327 0 3839 3276 434 3710
3583 0 3839 3549 401 3710
3839 0 3839 3677 450 3710
4095 0 3839 3870 482 3710
0 255 3839 145 450 2923
255 255 3839 257 450 3019
511 255 3839 353 418 3003
767 255 3839 530 450 3099
1023 255 3839 658 369 3131
1279 255 3839 867 337 3180
1535 255 3839 1108 337 3260
1791 255 3839 1445 385 3404
2047 255 3839 1831 385 3533
2303 255 3839 2184 466 3581
2559 255 3839 2521 498 3629
2815 255 3839 2794 546 3677
3071 255 3839 3099 530 3677
3327 255 3839 3292 530 3677
3583 255 3839 3533 546 3710
3839 255 3839 3694 578 3710
4095 255 3839 3838 642 3710
0 511 3839 145 626 3035
255 511 3839 289 626 3083
511 511 3839 418 626 3164
767 511 3839 546 610 3196
1023 511 3839 674 562 3212
1279 511 3839 883 514 3212
1535 511 3839 1124 482 3276
1791 511 3839 1461 514 3372
2047 511 3839 1799 546 3469
2303 511 3839 2120 610 3533
2559 511 3839 2505 674 3629
2815 511 3839 2842 691 3661
3071 511 3839 3099 707 3694
3327 511 3839 3324 707 3710
3583 511 3839 3533 771 3726
3839 511 3839 3710 771 3758
4095 511 3839 3886 803 3710
0 767 3839 161 851 3083
255 767 3839 321 835 3196
511 767 3839 418 835 3228
767 767 3839 594 819 3244
1023 767 3839 771 771 3308
1279 767 3839 947 707 3292
1535 767 3839 1204 707 3372
1791 767 3839 1445 707 3421
2047 767 3839 1847 787 3549
2303 767 3839 2216 835 3613
2559 767 3839 2553 883 3661
2815 767 3839 2858 931 3742
3071 767 3839 3067 931 3742
3327 767 3839 3356 931 3742
3583 767 3839 3565 931 3742
3839 767 3839 3726 964 3726
4095 767 3839 3870 1028 3742
0 1023 3839 514 883 3131
255 1023 3839 289 1028 3244
511 1023 3839 450 1028 3276
767 1023 3839 626 1028 3356
1023 1023 3839 803 996 3372
1279 1023 3839 964 964 3372
1535 1023 3839 1188 915 3421
1791 1023 3839 1477 899 3469
2047 1023 3839 1831 931 3517
2303 1023 3839 2168 1028 3565
2559 1023 3839 2489 1076 3677
2815 1023 3839 2826 1124 3726
3071 1023 3839 3115 1108 3710
3327 1023 3839 3372 1108 3742
3583 1023 3839 3565 1140 3758
3839 1023 3839 3726 1172 3774
4095 1023 3839 3918 1220 3758
0 1279 3839 177 1285 3228
255 1279 3839 353 1237 3308
511 1279 3839 434 1220 3324
767 1279 3839 610 1237 3340
1023 1279 3839 787 1204 3388
1279 1279 3839 996 1188 3404
1535 1279 3839 1237 1124 3404
1791 1279 3839 1461 1108 3437
2047 1279 3839 1750 1140 3501
2303 1279 3839 2104 1156 3565
2559 1279 3839 2425 1204 3645
2815 1279 3839 2810 1285 3726
3071 1279 3839 3131 1317 3758
3327 1279 3839 3356 1349 3790
3583 1279 3839 3581 1381 3758
3839 1279 3839 3758 1381 3758
4095 1279 3839 3934 1477 3758
0 1535 3839 225 1461 3324
255 1535 3839 353 1461 3372
511 1535 3839 498 1429 3404
767 1535 3839 642 1445 3421
1023 1535 3839 819 1429 3437
1279 1535 3839 1044 1413 3469
1535 1535 3839 1204 1365 3469
1791 1535 3839 1493 1381 3469
2047 1535 3839 1783 1333 3533
2303 1535 3839 2152 1413 3581
2559 1535 3839 2489 1461 3710
2815 1535 3839 2778 1526 3742
3071 1535 3839 3115 1542 3774
3327 1535 3839 3372 1574 3758
3583 1535 3839 3629 1606 3790
3839 1535 3839 3790 1638 3806
4095 1535 3839 3918 1670 3774
0 1791 3839 257 1750 3453
255 1791 3839 418 1734 3501
511 1791 3839 546 1718 3501
767 1791 3839 674 1734 3501
1023 1791 3839 851 1750 3533
1279 1791 3839 1060 1702 3533
1535 1791 3839 1285 1686 3549
1791 1791 3839 1542 1638 3565
2047 1791 3839 1799 1622 3581
2303 1791 3839 2088 1638 3613
2559 1791 3839 2441 1654 3677
2815 1791 3839 2810 1702 3710
3071 1791 3839 3083 1734 3726
3327 1791 3839 3421 1847 3822
3583 1791 3839 3597 1863 3822
3839 1791 3839 3806 1895 3822
4095 1791 3839 3983 1943 3822
0 2047 3839 257 2104 3565
255 2047 3839 434 2039 3581
511 2047 3839 562 2056 3597
767 2047 3839 739 2023 3581
1023 2047 3839 883 2007 3581
1279 2047 3839 1028 1975 3581
1535 2047 3839 1269 1991 3613
1791 2047 3839 1477 1943 3581
2047 2047 3839 1750 1847 3613
2303 2047 3839 2056 1847 3549
2559 2047 3839 2361 1895 3661
2815 2047 3839 2730 1959 3758
3071 2047 3839 3067 1991 3806
3327 2047 3839 3388 2039 3822
3583 2047 3839 3613 2120 3838
3839 2047 3839 3838 2104 3854
4095 2047 3839 3967 2152 3822
0 2303 3839 658 2280 3597
255 2303 3839 466 2409 3677
511 2303 3839 642 2425 3694
767 2303 3839 755 2409 3677
1023 2303 3839 915 2409 3694
1279 2303 3839 1108 2361 3694
1535 2303 3839 1285 2345 3694
1791 2303 3839 1526 2264 3645
2047 2303 3839 1799 2200 3677
2303 2303 3839 2023 2168 3694
2559 2303 3839 2345 2152 3726
2815 2303 3839 2666 2152 3742
3071 2303 3839 3051 2216 3790
3327 2303 3839 3356 2312 3822
3583 2303 3839 3613 2377 3886
3839 2303 3839 3822 2393 3870
4095 2303 3839 3983 2441 3870
0 2559 3839 321 2826 3806
255 2559 3839 530 2778 3774
511 2559 3839 674 2746 3790
767 2559 3839 851 2778 3790
1023 2559 3839 1044 2730 3822
1279 2559 3839 1156 2650 3758
1535 2559 3839 1381 2634 3790
1791 2559 3839 1558 2634 3774
2047 2559 3839 1766 2569 3742
2303 2559 3839 2056 2457 3742
2559 2559 3839 2329 2409 3726
2815 2559 3839 2618 2393 3758
3071 2559 3839 2971 2457 3822
3327 2559 3839 3340 2553 3870
3583 2559 3839 3645 2602 3886
3839 2559 3839 3886 2650 3902
4095 2559 3839 3999 2682 3838
0 2815 3839 771 2875 3710
255 2815 3839 578 3019 3822
511 2815 3839 691 3003 3806
767 2815 3839 883 3003 3790
1023 2815 3839 1028 2971 3822
1279 2815 3839 1188 2987 3790
1535 2815 3839 1413 2939 3806
1791 2815 3839 1606 2907 3806
2047 2815 3839 1831 2875 3806
2303 2815 3839 2088 2826 3774
2559 2815 3839 2296 2746 3758
2815 2815 3839 2585 2698 3790
3071 2815 3839 2971 2698 3822
3327 2815 3839 3340 2778 3838
3583 2815 3839 3661 2891 3886
3839 2815 3839 3870 2939 3918
4095 2815 3839 3999 2955 3886
0 3071 3839 450 3212 3790
255 3071 3839 610 3212 3822
511 3071 3839 771 3244 3790
767 3071 3839 915 3228 3822
1023 3071 3839 1092 3244 3838
1279 3071 3839 1253 3244 3854
1535 3071 3839 1493 3260 3854
1791 3071 3839 1686 3180 3838
2047 3071 3839 1879 3196 3838
2303 3071 3839 2120 3164 3838
2559 3071 3839 2329 3083 3822
2815 3071 3839 2618 3051 3806
3071 3071 3839 2939 2987 3838
3327 3071 3839 3244 3051 3854
3583 3071 3839 3645 3131 3918
3839 3071 3839 3902 3164 3902
4095 3071 3839 4015 3196 3886
0 3327 3839 434 3469 3790
255 3327 3839 610 3485 3838
511 3327 3839 771 3485 3854
767 3327 3839 980 3453 3838
1023 3327 3839 1108 3421 3838
1279 3327 3839 1301 3453 3886
1535 3327 3839 1477 3469 3854
1791 3327 3839 1670 3453 3886
2047 3327 3839 1863 3437 3902
2303 3327 3839 2136 3372 3854
2559 3327 3839 2361 3372 3870
2815 3327 3839 2634 3356 3854
3071 3327 3839 2939 3324 3870
3327 3327 3839 3260 3308 3838
3583 3327 3839 3661 3421 3886
3839 3327 3839 3886 3501 3918
4095 3327 3839 4031 3501 3967
0 3583 3839 787 3485 3694
255 3583 3839 626 3613 3806
511 3583 3839 771 3629 3822
767 3583 3839 947 3613 3806
1023 3583 3839 1108 3645 3822
1279 3583 3839 1285 3629 3838
1535 3583 3839 1493 3645 3838
1791 3583 3839 1702 3661 3902
2047 3583 3839 1895 3629 3838
2303 3583 3839 2168 3661 3902
2559 3583 3839 2425 3661 3918
2815 3583 3839 2730 3661 3886
3071 3583 3839 3035 3613 3870
3327 3583 3839 3372 3645 3902
3583 3583 3839 3661 3710 3950
3839 3583 3839 3918 3790 3967
4095 3583 3839 4079 3822 3983
0 3839 3839 385 3854 3806
255 3839 3839 707 3822 3822
511 3839 3839 867 3838 3870
767 3839 3839 1012 3838 3838
1023 3839 3839 1204 3838 3854
1279 3839 3839 1429 3838 3822
1535 3839 3839 1558 3838 3870
1791 3839 3839 1734 3870 3854
2047 3839 3839 1943 3870 3854
2303 3839 3839 2136 3886 3838
2559 3839 3839 2457 3870 3902
2815 3839 3839 2730 3870 3902
3071 3839 3839 3035 3902 3934
3327 3839 3839 3388 3886 3934
3583 3839 3839 3726 3950 3950
3839 3839 3839 3967 3967 3967
4095 3839 3839 4079 3983 3983
0 4095 3839 931 3886 3758
255 4095 3839 819 4031 3822
511 4095 3839 1012 4015 3838
767 4095 3839 1188 4015 3838
1023 4095 3839 1333 4015 3854
1279 4095 3839 1493 4015 3838
1535 4095 3839 1606 4015 3838
1791 4095 3839 1766 4015 3838
2047 4095 3839 1959 4015 3806
2303 4095 3839 2184 4031 3822
2559 4095 3839 2409 4047 3838
2815 4095 3839 2746 4079 3918
3071 4095 3839 3067 4063 3886
3327 4095 3839 3421 4063 3918
3583 4095 3839 3742 4079 3934
3839 4095 3839 3950 4095 3983
4095 4095 3839 4095 4095 4031
0 0 4095 161 305 2923
255 0 4095 257 305 2987
511 0 4095 337 273 3035
767 0 4095 482 273 3083
1023 0 4095 594 289 3180
1279 0 4095 803 225 3212
1535 0 4095 1092 193 3324
1791 0 4095 1413 241 3501
2047 0 4095 1766 289 3645
2303 0 4095 2168 321 3742
2559 0 4095 2521 385 3838
2815 0 4095 2810 418 3854
3071 0 4095 3067 418 3854
3327 0 4095 3260 466 3870
3583 0 4095 3501 450 3854
3839 0 4095 3677 466 3870
4095 0 4095 3854 434 3870
0 255 4095 177 498 3083
255 255 4095 289 498 3164
511 255 4095 418 450 3196
767 255 4095 530 418 3212
1023 255 4095 674 401 3244
1279 255 4095 851 353 3276
1535 255 4095 1076 353 3356
1791 255 4095 1429 369 3517
2047 255 4095 1766 418 3629
2303 255 4095 2136 466 3694
2559 255 4095 2489 514 3790
2815 255 4095 2746 546 3822
3071 255 4095 3019 594 3854
3327 255 4095 3244 562 3806
3583 255 4095 3485 578 3806
3839 255 4095 3661 594 3838
4095 255 4095 3790 594 3854
0 511 4095 193 642 3196
255 511 4095 289 642 3228
511 511 4095 450 642 3276
767 511 4095 578 626 3308
1023 511 4095 707 578 3324
1279 511 4095 899 530 3356
1535 511 4095 1108 514 3372
1791 511 4095 1413 514 3485
2047 511 4095 1750 546 3613
2303 511 4095 2088 594 3677
2559 511 4095 2457 658 3806
2815 511 4095 2778 691 3806
3071 511 4095 3019 755 3854
3327 511 4095 3276 787 3870
3583 511 4095 3469 787 3870
3839 511 4095 3677 771 3870
4095 511 4095 3886 771 3870
0 767 4095 177 899 3228
255 767 4095 321 851 3308
511 767 4095 466 851 3388
767 767 4095 610 835 3372
1023 767 4095 755 803 3421
1279 767 4095 931 723 3421
1535 767 4095 1156 707 3485
1791 767 4095 1445 755 3597
2047 767 4095 1783 771 3645
2303 767 4095 2184 819 3742
2559 767 4095 2505 883 3806
2815 767 4095 2826 899 3870
3071 767 4095 3035 980 3886
3327 767 4095 3292 964 3902
3583 767 4095 3549 996 3902
3839 767 4095 3710 996 3902
4095 767 4095 3838 996 3870
0 1023 4095 578 931 3276
255 1023 4095 337 1060 3388
511 1023 4095 482 1060 3437
767 1023 4095 642 1060 3453
1023 1023 4095 819 1028 3501
1279 1023 4095 996 964 3517
1535 1023 4095 1188 947 3533
1791 1023 4095 1477 915 3565
2047 1023 4095 1799 980 3661
2303 1023 4095 2120 1012 3758
2559 1023 4095 2457 1076 3854
2815 1023 4095 2762 1092 3838
3071 1023 4095 3035 1124 3854
3327 1023 4095 3308 1172 3886
3583 1023 4095 3549 1188 3902
3839 1023 4095 3710 1204 3918
4095 1023 4095 3918 1188 3902
0 1279 4095 193 1301 3372
255 1279 4095 369 1269 3437
511 1279 4095 498 1253 3469
767 1279 4095 626 1220 3469
1023 1279 4095 787 1220 3517
1279 1279 4095 1060 1156 3533
1535 1279 4095 1220 1124 3533
1791 1279 4095 1493 1124 3581
2047 1279 4095 1718 1124 3645
2303 1279 4095 2120 1156 3694
2559 1279 4095 2425 1204 3774
2815 1279 4095 2746 1269 3854
3071 1279 4095 3051 1333 3870
3327 1279 4095 3276 1397 3934
3583 1279 4095 3565 1381 3918
3839 1279 4095 3694 1445 3870
4095 1279 4095 3902 1413 3918
0 1535 4095 209 1461 3453
255 1535 4095 369 1477 3517
511 1535 4095 514 1461 3517
767 1535 4095 658 1445 3549
1023 1535 4095 851 1445 3581
1279 1535 4095 1028 1381 3549
1535 1535 4095 1269 1381 3629
1791 1535 4095 1542 1317 3645
2047 1535 4095 1815 1381 3677
2303 1535 4095 2104 1365 3742
2559 1535 4095 2473 1445 3822
2815 1535 4095 2730 1510 3886
3071 1535 4095 3083 1574 3983
3327 1535 4095 3324 1590 3918
3583 1535 4095 3581 1622 3918
3839 1535 4095 3758 1654 3934
4095 1535 4095 3918 1638 3950
0 1791 4095 225 1734 3565
255 1791 4095 401 1702 3597
511 1791 4095 546 1734 3677
767 1791 4095 723 1718 3661
1023 1791 4095 867 1734 3694
1279 1791 4095 1076 1686 3694
1535 1791 4095 1285 1670 3694
1791 1791 4095 1542 1622 3710
2047 1791 4095 1815 1606 3726
2303 1791 4095 2088 1606 3758
2559 1791 4095 2425 1654 3822
2815 1791 4095 2762 1702 3854
3071 1791 4095 3051 1734 3886
3327 1791 4095 3340 1799 3934
3583 1791 4095 3533 1895 3950
3839 1791 4095 3758 1895 3934
4095 1791 4095 3983 1911 3983
0 2047 4095 225 2039 3677
255 2047 4095 418 2007 3677
511 2047 4095 562 2023 3742
767 2047 4095 707 1959 3710
1023 2047 4095 867 1959 3710
1279 2047 4095 1060 1959 3742
1535 2047 4095 1269 1943 3742
1791 2047 4095 1445 1879 3694
2047 2047 4095 1734 1847 3726
2303 2047 4095 2072 1815 3774
2559 2047 4095 2377 1831 3774
2815 2047 4095 2698 1927 3886
3071 2047 4095 3019 1991 3950
3327 2047 4095 3356 2056 3983
3583 2047 4095 3581 2088 3934
3839 2047 4095 3790 2136 4015
4095 2047 4095 3918 2152 3967
0 2303 4095 658 2248 3742
255 2303 4095 466 2377 3854
511 2303 4095 610 2361 3822
767 2303 4095 739 2361 3838
1023 2303 4095 915 2377 3870
1279 2303 4095 1044 2329 3854
1535 2303 4095 1269 2264 3854
1791 2303 4095 1542 2248 3806
2047 2303 4095 1783 2184 3806
2303 2303 4095 2023 2136 3838
2559 2303 4095 2329 2120 3822
2815 2303 4095 2682 2136 3902
3071 2303 4095 3051 2216 3950
3327 2303 4095 3340 2296 3967
3583 2303 4095 3581 2345 4015
3839 2303 4095 3758 2377 3967
4095 2303 4095 3999 2393 3983
0 2559 4095 289 2762 3918
255 2559 4095 546 2730 3918
511 2559 4095 674 2730 3934
767 2559 4095 819 2698 3934
1023 2559 4095 980 2666 3967
1279 2559 4095 1188 2650 3918
1535 2559 4095 1333 2634 3902
1791 2559 4095 1542 2602 3950
2047 2559 4095 1766 2537 3902
2303 2559 4095 2007 2441 3870
2559 2559 4095 2329 2393 3854
2815 2559 4095 2634 2393 3918
3071 2559 4095 2955 2409 3967
3327 2559 4095 3260 2505 4015
3583 2559 4095 3581 2618 3999
3839 2559 4095 3838 2650 4047
4095 2559 4095 4015 2666 4031
0 2815 4095 771 2826 3838
255 2815 4095 578 2955 3918
511 2815 4095 723 2939 3934
767 2815 4095 867 2955 3918
1023 2815 4095 1044 2939 3934
1279 2815 4095 1188 2955 3967
1535 2815 4095 1397 2923 3983
1791 2815 4095 1606 2875 3950
2047 2815 4095 1831 2842 3950
2303 2815 4095 2056 2762 3934
2559 2815 4095 2248 2730 3902
2815 2815 4095 2537 2650 3950
3071 2815 4095 2955 2682 3967
3327 2815 4095 3260 2746 3967
3583 2815 4095 3597 2858 4015
3839 2815 4095 3822 2923 4063
4095 2815 4095 3983 2939 4031
0 3071 4095 498 3196 3918
255 3071 4095 642 3180 3934
511 3071 4095 787 3212 3967
767 3071 4095 915 3196 3934
1023 3071 4095 1156 3212 3999
1279 3071 4095 1301 3196 3999
1535 3071 4095 1493 3164 3983
1791 3071 4095 1702 3164 4015
2047 3071 4095 1895 3131 3999
2303 3071 4095 2104 3115 3983
2559 3071 4095 2312 3035 3983
2815 3071 4095 2585 3003 3983
3071 3071 4095 2939 2955 3983
3327 3071 4095 3212 2971 4015
3583 3071 4095 3581 3099 4063
3839 3071 4095 3822 3180 4031
4095 3071 4095 4015 3164 4031
0 3327 4095 482 3453 3950
255 3327 4095 691 3421 3950
511 3327 4095 819 3437 3967
767 3327 4095 1028 3437 3967
1023 3327 4095 1188 3437 3999
1279 3327 4095 1365 3421 3983
1535 3327 4095 1526 3421 3999
1791 3327 4095 1766 3437 4031
2047 3327 4095 1943 3372 4015
2303 3327 4095 2168 3372 3999
2559 3327 4095 2393 3340 4015
2815 3327 4095 2585 3292 4015
3071 3327 4095 2891 3244 3999
3327 3327 4095 3228 3260 4031
3583 3327 4095 3629 3388 4047
3839 3327 4095 3854 3469 4047
4095 3327 4095 4031 3485 4079
0 3583 4095 803 3469 3854
255 3583 4095 691 3581 3950
511 3583 4095 835 3565 3934
767 3583 4095 996 3565 3950
1023 3583 4095 1140 3581 3967
1279 3583 4095 1381 3613 3983
1535 3583 4095 1526 3581 3983
1791 3583 4095 1766 3597 3983
2047 3583 4095 1991 3597 3983
2303 3583 4095 2216 3613 4047
2559 3583 4095 2425 3613 4047
2815 3583 4095 2714 3565 4063
3071 3583 4095 3019 3581 4031
3327 3583 4095 3356 3629 4047
3583 3583 4095 3661 3694 4095
3839 3583 4095 3902 3774 4095
4095 3583 4095 4095 3822 4095
0 3839 4095 434 3838 4015
255 3839 4095 707 3758 3950
511 3839 4095 883 3790 3967
767 3839 4095 1060 3806 3967
1023 3839 4095 1269 3806 3983
1279 3839 4095 1461 3822 3983
1535 3839 4095 1670 3822 3967
1791 3839 4095 1831 3822 3983
2047 3839 4095 2007 3838 4015
2303 3839 4095 2264 3838 4047
2559 3839 4095 2489 3822 4047
2815 3839 4095 2794 3806 4047
3071 3839 4095 3051 3838 4079
3327 3839 4095 3404 3870 4095
3583 3839 4095 3710 3902 4095
3839 3839 4095 3967 3967 4095
4095 3839 4095 4095 4015 4095
0 4095 4095 931 3886 3886
255 4095 4095 867 4015 3999
511 4095 4095 1028 4015 3999
767 4095 4095 1204 4031 4031
1023 4095 4095 1381 4015 4031
1279 4095 4095 1526 4031 4015
1535 4095 4095 1686 3999 4015
1791 4095 4095 1831 4015 4015
2047 4095 4095 1991 3999 4031
2303 4095 4095 2216 4015 4047
2559 4095 4095 2425 4031 4063
2815 4095 4095 2730 4031 4047
3071 4095 4095 3067 4047 4095
3327 4095 4095 3453 4079 4063
3583 4095 4095 3758 4095 4095
3839 4095 4095 3950 4095 4095
4095 4095 4095 4095 4095 4095
