0 0 0 224 224 208
256 0 0 272 272 192
512 0 0 368 304 208
768 0 0 496 304 208
1024 0 0 704 320 208
1280 0 0 960 336 224
1536 0 0 1360 368 224
1792 0 0 1808 416 224
2048 0 0 2240 448 224
2288 0 0 2528 464 224
2544 0 0 2784 512 256
2800 0 0 2992 512 240
3056 0 0 3216 544 240
3312 0 0 3440 560 208
3568 0 0 3600 592 240
3824 0 0 3712 624 240
4080 0 0 3760 688 240
0 256 0 208 288 224
256 256 0 320 320 240
512 256 0 416 336 256
768 256 0 576 352 240
1024 256 0 784 352 272
1280 256 0 1056 384 272
1536 256 0 1456 432 272
1792 256 0 1936 480 272
2048 256 0 2320 512 256
2288 256 0 2592 528 272
2544 256 0 2880 576 272
2800 256 0 3072 608 288
3056 256 0 3296 656 288
3312 256 0 3520 656 256
3568 256 0 3680 688 272
3824 256 0 3776 704 256
4080 256 0 3808 752 288
0 512 0 240 368 240
256 512 0 320 400 256
512 512 0 432 416 256
768 512 0 592 432 272
1024 512 0 816 464 272
1280 512 0 1056 496 272
1536 512 0 1472 560 288
1792 512 0 1920 608 272
2048 512 0 2352 656 288
2288 512 0 2608 672 288
2544 512 0 2880 720 288
2800 512 0 3072 736 288
3056 512 0 3296 768 288
3312 512 0 3520 784 272
3568 512 0 3664 784 272
3824 512 0 3776 816 272
4080 512 0 3824 848 304
0 768 0 240 480 240
256 768 0 320 496 256
512 768 0 416 560 272
768 768 0 640 592 288
1024 768 0 848 608 288
1280 768 0 1088 656 288
1536 768 0 1488 704 288
1792 768 0 1936 784 288
2048 768 0 2368 832 288
2288 768 0 2624 848 288
2544 768 0 2880 864 304
2800 768 0 3072 896 304
3056 768 0 3296 912 288
3312 768 0 3520 912 288
3568 768 0 3680 912 288
3824 768 0 3776 912 288
4080 768 0 3824 992 368
0 1024 0 240 608 256
256 1024 0 304 592 256
512 1024 0 400 656 288
768 1024 0 624 784 288
1024 1024 0 880 832 336
1280 1024 0 1120 864 336
1536 1024 0 1536 928 336
1792 1024 0 1968 960 320
2048 1024 0 2368 976 320
2288 1024 0 2640 1040 336
2544 1024 0 2880 1040 320
2800 1024 0 3088 1072 320
3056 1024 0 3280 1104 320
3312 1024 0 3504 1104 304
3568 1024 0 3680 1072 304
3824 1024 0 3776 1072 320
4080 1024 0 3824 1136 432
0 1280 0 240 736 272
256 1280 0 320 736 272
512 1280 0 400 800 288
768 1280 0 544 912 336
1024 1280 0 864 1056 384
1280 1280 0 1168 1088 416
1536 1280 0 1552 1136 432
1792 1280 0 2000 1168 416
2048 1280 0 2384 1200 400
2288 1280 0 2640 1232 400
2544 1280 0 2912 1248 400
2800 1280 0 3088 1232 400
3056 1280 0 3280 1264 368
3312 1280 0 3504 1296 400
3568 1280 0 3664 1312 384
3824 1280 0 3776 1280 400
4080 1280 0 3808 1312 512
0 1536 0 240 976 304
256 1536 0 320 976 288
512 1536 0 384 1024 304
768 1536 0 544 1104 352
1024 1536 0 768 1216 448
1280 1536 0 1200 1456 512
1536 1536 0 1616 1472 576
1792 1536 0 2016 1488 560
2048 1536 0 2416 1504 544
2288 1536 0 2656 1504 544
2544 1536 0 2912 1536 528
2800 1536 0 3104 1552 544
3056 1536 0 3280 1520 512
3312 1536 0 3504 1584 512
3568 1536 0 3648 1520 496
3824 1536 0 3776 1488 496
4080 1536 0 3824 1552 592
0 1792 0 256 1184 368
256 1792 0 320 1184 304
512 1792 0 384 1232 320
768 1792 0 496 1296 384
1024 1792 0 720 1408 496
1280 1792 0 1072 1600 576
1536 1792 0 1776 1888 720
1792 1792 0 2112 1824 720
2048 1792 0 2432 1808 688
2288 1792 0 2672 1840 704
2544 1792 0 2912 1872 720
2800 1792 0 3104 1872 704
3056 1792 0 3280 1872 672
3312 1792 0 3488 1856 656
3568 1792 0 3664 1808 640
3824 1792 0 3776 1776 608
4080 1792 0 3824 1792 688
0 2048 0 272 1424 432
256 2048 0 320 1424 368
512 2048 0 400 1472 352
768 2048 0 480 1504 400
1024 2048 0 688 1616 512
1280 2048 0 992 1744 624
1536 2048 0 1616 2112 752
1792 2048 0 2272 2272 880
2048 2048 0 2464 2176 864
2288 2048 0 2688 2128 816
2544 2048 0 2912 2160 832
2800 2048 0 3104 2160 800
3056 2048 0 3264 2160 784
3312 2048 0 3488 2160 784
3568 2048 0 3648 2096 736
3824 2048 0 3760 2016 688
4080 2048 0 3824 2032 784
0 2288 0 288 1616 464
256 2288 0 336 1632 416
512 2288 0 400 1632 400
768 2288 0 480 1696 416
1024 2288 0 656 1792 512
1280 2288 0 928 1936 640
1536 2288 0 1424 2176 768
1792 2288 0 2256 2448 896
2048 2288 0 2576 2480 992
2288 2288 0 2720 2448 976
2544 2288 0 2928 2400 944
2800 2288 0 3104 2416 944
3056 2288 0 3280 2432 928
3312 2288 0 3488 2384 896
3568 2288 0 3616 2336 864
3824 2288 0 3760 2272 816
4080 2288 0 3824 2272 864
0 2544 0 304 1840 528
256 2544 0 352 1856 464
512 2544 0 400 1904 448
768 2544 0 480 1920 432
1024 2544 0 624 2032 512
1280 2544 0 848 2144 656
1536 2544 0 1312 2336 800
1792 2544 0 2064 2608 928
2048 2544 0 2608 2736 1056
2288 2544 0 2800 2720 1120
2544 2544 0 2944 2640 1056
2800 2544 0 3120 2608 1024
3056 2544 0 3280 2608 1008
3312 2544 0 3472 2576 992
3568 2544 0 3616 2560 944
3824 2544 0 3728 2480 896
4080 2544 0 3824 2480 944
0 2800 0 304 2160 592
256 2800 0 368 2160 528
512 2800 0 416 2208 496
768 2800 0 496 2240 512
1024 2800 0 608 2320 544
1280 2800 0 784 2400 672
1536 2800 0 1168 2528 800
1792 2800 0 1824 2736 960
2048 2800 0 2464 2928 1056
2288 2800 0 2848 2992 1200
2544 2800 0 3008 2992 1248
2800 2800 0 3120 2864 1184
3056 2800 0 3280 2832 1168
3312 2800 0 3472 2800 1120
3568 2800 0 3616 2768 1056
3824 2800 0 3712 2720 1024
4080 2800 0 3808 2688 1040
0 3056 0 352 2464 656
256 3056 0 400 2496 592
512 3056 0 432 2528 544
768 3056 0 512 2560 544
1024 3056 0 592 2608 576
1280 3056 0 768 2656 688
1536 3056 0 1104 2768 832
1792 3056 0 1664 2896 992
2048 3056 0 2320 3072 1088
2288 3056 0 2736 3152 1200
2544 3056 0 3040 3216 1264
2800 3056 0 3216 3216 1344
3056 3056 0 3280 3072 1280
3312 3056 0 3472 3024 1232
3568 3056 0 3600 2976 1168
3824 3056 0 3728 2960 1136
4080 3056 0 3824 2928 1120
0 3312 0 368 2784 736
256 3312 0 416 2800 656
512 3312 0 464 2800 624
768 3312 0 528 2848 608
1024 3312 0 608 2880 624
1280 3312 0 752 2928 704
1536 3312 0 1008 2992 816
1792 3312 0 1552 3088 1024
2048 3312 0 2208 3216 1184
2288 3312 0 2624 3312 1232
2544 3312 0 2976 3392 1280
2800 3312 0 3232 3408 1392
3056 3312 0 3408 3392 1424
3312 3312 0 3504 3264 1392
3568 3312 0 3600 3216 1312
3824 3312 0 3712 3168 1248
4080 3312 0 3808 3120 1232
0 3568 0 416 3008 816
256 3568 0 432 3040 704
512 3568 0 480 3072 672
768 3568 0 544 3088 672
1024 3568 0 608 3104 672
1280 3568 0 720 3120 704
1536 3568 0 896 3168 800
1792 3568 0 1424 3232 992
2048 3568 0 2064 3328 1200
2288 3568 0 2512 3424 1248
2544 3568 0 2912 3504 1328
2800 3568 0 3200 3552 1408
3056 3568 0 3408 3552 1456
3312 3568 0 3568 3504 1536
3568 3568 0 3600 3392 1408
3824 3568 0 3712 3360 1360
4080 3568 0 3808 3328 1344
0 3824 0 416 3216 832
256 3824 0 480 3232 736
512 3824 0 512 3264 688
768 3824 0 576 3280 704
1024 3824 0 624 3280 704
1280 3824 0 704 3312 720
1536 3824 0 848 3328 816
1792 3824 0 1264 3408 976
2048 3824 0 1968 3440 1216
2288 3824 0 2448 3536 1280
2544 3824 0 2816 3600 1328
2800 3824 0 3136 3664 1424
3056 3824 0 3440 3696 1488
3312 3824 0 3568 3680 1536
3568 3824 0 3664 3664 1520
3824 3824 0 3696 3536 1440
4080 3824 0 3808 3472 1408
0 4080 0 512 3424 960
256 4080 0 528 3440 896
512 4080 0 608 3440 784
768 4080 0 672 3456 784
1024 4080 0 704 3456 800
1280 4080 0 784 3472 768
1536 4080 0 928 3488 880
1792 4080 0 1296 3520 1024
2048 4080 0 1920 3584 1248
2288 4080 0 2448 3616 1360
2544 4080 0 2800 3680 1408
2800 4080 0 3152 3744 1456
3056 4080 0 3408 3776 1520
3312 4080 0 3616 3760 1600
3568 4080 0 3728 3744 1632
3824 4080 0 3808 3712 1616
4080 4080 0 3808 3632 1504
0 0 256 240 224 304
256 0 256 272 288 272
512 0 256 368 304 288
768 0 256 496 304 272
1024 0 256 704 320 288
1280 0 256 960 320 288
1536 0 256 1376 368 304
1792 0 256 1808 400 304
2048 0 256 2256 432 288
2288 0 256 2528 464 304
2544 0 256 2800 496 304
2800 0 256 3008 512 288
3056 0 256 3216 528 288
3312 0 256 3456 576 288
3568 0 256 3616 576 272
3824 0 256 3712 624 288
4080 0 256 3760 688 304
0 256 256 240 288 304
256 256 256 320 304 304
512 256 256 400 320 304
768 256 256 544 336 320
1024 256 256 752 352 320
1280 256 256 1040 400 336
1536 256 256 1456 432 336
1792 256 256 1904 464 336
2048 256 256 2336 528 320
2288 256 256 2608 544 320
2544 256 256 2864 560 320
2800 256 256 3088 608 320
3056 256 256 3296 624 320
3312 256 256 3520 656 304
3568 256 256 3680 656 320
3824 256 256 3776 688 304
4080 256 256 3824 736 320
0 512 256 240 400 304
256 512 256 320 416 320
512 512 256 416 416 336
768 512 256 576 432 336
1024 512 256 784 480 352
1280 512 256 1072 496 336
1536 512 256 1472 576 336
1792 512 256 1920 608 336
2048 512 256 2352 672 336
2288 512 256 2608 688 336
2544 512 256 2864 704 336
2800 512 256 3088 752 336
3056 512 256 3296 768 336
3312 512 256 3520 800 336
3568 512 256 3680 800 320
3824 512 256 3776 816 304
4080 512 256 3824 864 368
0 768 256 240 496 320
256 768 256 320 528 336
512 768 256 416 528 336
768 768 256 592 592 352
1024 768 256 800 608 352
1280 768 256 1072 656 336
1536 768 256 1472 720 352
1792 768 256 1968 800 352
2048 768 256 2368 832 336
2288 768 256 2624 864 352
2544 768 256 2896 896 352
2800 768 256 3088 912 352
3056 768 256 3296 928 352
3312 768 256 3536 944 336
3568 768 256 3680 944 336
3824 768 256 3776 944 320
4080 768 256 3808 1008 400
0 1024 256 256 640 352
256 1024 256 320 656 368
512 1024 256 384 640 336
768 1024 256 576 768 384
1024 1024 256 848 832 400
1280 1024 256 1104 848 416
1536 1024 256 1520 912 416
1792 1024 256 1968 960 400
2048 1024 256 2368 1008 400
2288 1024 256 2640 1040 400
2544 1024 256 2896 1072 400
2800 1024 256 3104 1104 400
3056 1024 256 3296 1104 368
3312 1024 256 3520 1104 368
3568 1024 256 3680 1104 352
3824 1024 256 3776 1104 368
4080 1024 256 3824 1152 448
0 1280 256 256 816 416
256 1280 256 320 832 416
512 1280 256 384 816 368
768 1280 256 544 928 400
1024 1280 256 816 1056 480
1280 1280 256 1168 1136 544
1536 1280 256 1552 1152 512
1792 1280 256 1984 1200 512
2048 1280 256 2384 1232 496
2288 1280 256 2640 1264 464
2544 1280 256 2880 1248 464
2800 1280 256 3088 1312 464
3056 1280 256 3296 1328 464
3312 1280 256 3520 1328 448
3568 1280 256 3664 1328 432
3824 1280 256 3776 1328 464
4080 1280 256 3808 1312 544
0 1536 256 272 1024 480
256 1536 256 336 1056 480
512 1536 256 384 1040 400
768 1536 256 496 1104 432
1024 1536 256 752 1200 528
1280 1536 256 1152 1440 608
1536 1536 256 1616 1488 672
1792 1536 256 2048 1520 656
2048 1536 256 2416 1536 624
2288 1536 256 2672 1552 624
2544 1536 256 2912 1584 608
2800 1536 256 3104 1568 592
3056 1536 256 3280 1600 592
3312 1536 256 3504 1584 576
3568 1536 256 3648 1568 544
3824 1536 256 3776 1568 560
4080 1536 256 3824 1584 656
0 1792 256 272 1248 528
256 1792 256 352 1280 528
512 1792 256 384 1248 464
768 1792 256 480 1296 464
1024 1792 256 704 1408 560
1280 1792 256 1024 1552 672
1536 1792 256 1744 1904 800
1792 1792 256 2096 1872 816
2048 1792 256 2432 1888 800
2288 1792 256 2672 1872 784
2544 1792 256 2928 1888 768
2800 1792 256 3104 1920 768
3056 1792 256 3280 1904 752
3312 1792 256 3504 1904 736
3568 1792 256 3664 1888 720
3824 1792 256 3776 1824 672
4080 1792 256 3808 1808 736
0 2048 256 288 1472 592
256 2048 256 368 1520 592
512 2048 256 416 1504 528
768 2048 256 496 1536 512
1024 2048 256 640 1600 560
1280 2048 256 944 1744 688
1536 2048 256 1520 2048 816
1792 2048 256 2256 2272 960
2048 2048 256 2480 2192 944
2288 2048 256 2688 2176 912
2544 2048 256 2928 2192 896
2800 2048 256 3104 2208 896
3056 2048 256 3280 2208 864
3312 2048 256 3488 2192 832
3568 2048 256 3648 2128 800
3824 2048 256 3760 2064 752
4080 2048 256 3824 2096 864
0 2288 256 304 1680 672
256 2288 256 368 1744 672
512 2288 256 416 1712 544
768 2288 256 480 1728 544
1024 2288 256 608 1792 560
1280 2288 256 880 1936 704
1536 2288 256 1376 2176 832
1792 2288 256 2192 2480 976
2048 2288 256 2576 2512 1056
2288 2288 256 2736 2464 1072
2544 2288 256 2928 2432 1024
2800 2288 256 3104 2448 1008
3056 2288 256 3264 2432 976
3312 2288 256 3488 2416 976
3568 2288 256 3632 2368 928
3824 2288 256 3760 2336 880
4080 2288 256 3824 2288 912
0 2544 256 304 1936 720
256 2544 256 384 1984 720
512 2544 256 432 1952 624
768 2544 256 480 1968 592
1024 2544 256 592 2016 592
1280 2544 256 800 2128 720
1536 2544 256 1248 2304 848
1792 2544 256 1936 2576 992
2048 2544 256 2576 2736 1088
2288 2544 256 2800 2736 1216
2544 2544 256 2960 2672 1152
2800 2544 256 3104 2624 1088
3056 2544 256 3280 2640 1104
3312 2544 256 3488 2624 1072
3568 2544 256 3632 2592 1008
3824 2544 256 3728 2544 960
4080 2544 256 3808 2496 1008
0 2800 256 336 2224 784
256 2800 256 416 2304 784
512 2800 256 448 2240 688
768 2800 256 496 2304 672
1024 2800 256 592 2352 640
1280 2800 256 768 2432 736
1536 2800 256 1168 2560 880
1792 2800 256 1744 2736 1040
2048 2800 256 2432 2928 1136
2288 2800 256 2832 3008 1264
2544 2800 256 3040 3008 1312
2800 2800 256 3120 2896 1264
3056 2800 256 3280 2880 1248
3312 2800 256 3472 2832 1200
3568 2800 256 3616 2800 1168
3824 2800 256 3728 2736 1072
4080 2800 256 3824 2720 1088
0 3056 256 368 2576 880
256 3056 256 432 2592 864
512 3056 256 480 2576 752
768 3056 256 528 2592 720
1024 3056 256 608 2640 704
1280 3056 256 720 2688 768
1536 3056 256 1056 2784 880
1792 3056 256 1600 2912 1088
2048 3056 256 2288 3072 1184
2288 3056 256 2704 3152 1264
2544 3056 256 3040 3216 1328
2800 3056 256 3232 3216 1424
3056 3056 256 3296 3088 1360
3312 3056 256 3472 3040 1312
3568 3056 256 3616 2992 1232
3824 3056 256 3728 2960 1200
4080 3056 256 3808 2944 1200
0 3312 256 400 2880 928
256 3312 256 464 2896 944
512 3312 256 496 2864 816
768 3312 256 544 2880 784
1024 3312 256 608 2896 752
1280 3312 256 704 2928 768
1536 3312 256 960 2992 880
1792 3312 256 1488 3088 1072
2048 3312 256 2160 3200 1232
2288 3312 256 2592 3312 1296
2544 3312 256 2960 3392 1344
2800 3312 256 3216 3424 1424
3056 3312 256 3424 3424 1520
3312 3312 256 3488 3280 1440
3568 3312 256 3600 3232 1376
3824 3312 256 3712 3200 1328
4080 3312 256 3824 3152 1296
0 3568 256 416 3088 1008
256 3568 256 480 3104 1024
512 3568 256 544 3088 880
768 3568 256 576 3104 816
1024 3568 256 608 3120 816
1280 3568 256 688 3136 800
1536 3568 256 848 3168 864
1792 3568 256 1392 3248 1072
2048 3568 256 2032 3312 1264
2288 3568 256 2512 3440 1344
2544 3568 256 2880 3520 1376
2800 3568 256 3200 3552 1456
3056 3568 256 3424 3552 1520
3312 3568 256 3568 3536 1568
3568 3568 256 3616 3440 1504
3824 3568 256 3712 3376 1440
4080 3568 256 3824 3344 1408
0 3824 256 464 3280 1072
256 3824 256 528 3296 1088
512 3824 256 544 3280 944
768 3824 256 608 3296 896
1024 3824 256 656 3312 848
1280 3824 256 688 3312 832
1536 3824 256 832 3328 880
1792 3824 256 1248 3424 1040
2048 3824 256 1936 3456 1296
2288 3824 256 2448 3552 1376
2544 3824 256 2800 3600 1424
2800 3824 256 3104 3664 1472
3056 3824 256 3392 3696 1536
3312 3824 256 3584 3696 1584
3568 3824 256 3664 3648 1600
3824 3824 256 3696 3552 1488
4080 3824 256 3808 3504 1456
0 4080 256 544 3456 1216
256 4080 256 608 3488 1216
512 4080 256 656 3472 1056
768 4080 256 704 3488 992
1024 4080 256 736 3488 944
1280 4080 256 800 3472 928
1536 4080 256 896 3504 928
1792 4080 256 1184 3520 1056
2048 4080 256 1872 3584 1312
2288 4080 256 2448 3632 1456
2544 4080 256 2800 3680 1488
2800 4080 256 3136 3744 1536
3056 4080 256 3408 3776 1600
3312 4080 256 3632 3760 1680
3568 4080 256 3728 3760 1696
3824 4080 256 3808 3712 1696
4080 4080 256 3824 3632 1568
0 0 512 256 256 400
256 0 512 272 304 368
512 0 512 336 304 352
768 0 512 480 320 368
1024 0 512 688 320 352
1280 0 512 976 336 368
1536 0 512 1360 352 352
1792 0 512 1824 400 352
2048 0 512 2256 416 352
2288 0 512 2528 448 352
2544 0 512 2800 448 368
2800 0 512 3008 496 352
3056 0 512 3216 512 352
3312 0 512 3456 528 336
3568 0 512 3616 544 336
3824 0 512 3712 608 336
4080 0 512 3760 672 368
0 256 512 256 304 400
256 256 512 320 320 416
512 256 512 400 336 416
768 256 512 544 336 416
1024 256 512 768 352 400
1280 256 512 1024 368 416
1536 256 512 1440 416 416
1792 256 512 1904 464 416
2048 256 512 2352 512 384
2288 256 512 2624 528 384
2544 256 512 2864 544 384
2800 256 512 3088 560 384
3056 256 512 3296 608 384
3312 256 512 3536 640 384
3568 256 512 3696 640 352
3824 256 512 3792 672 368
4080 256 512 3824 736 384
0 512 512 256 384 416
256 512 512 320 416 432
512 512 512 416 432 432
768 512 512 544 432 416
1024 512 512 768 464 448
1280 512 512 1040 512 432
1536 512 512 1440 560 416
1792 512 512 1904 592 416
2048 512 512 2352 656 416
2288 512 512 2624 704 384
2544 512 512 2864 720 384
2800 512 512 3088 752 384
3056 512 512 3296 784 400
3312 512 512 3520 800 384
3568 512 512 3680 768 368
3824 512 512 3776 816 352
4080 512 512 3824 848 384
0 768 512 272 544 512
256 768 512 336 576 496
512 768 512 416 576 480
768 768 512 576 592 448
1024 768 512 768 608 464
1280 768 512 1040 656 448
1536 768 512 1472 720 448
1792 768 512 1936 768 416
2048 768 512 2368 848 416
2288 768 512 2624 880 416
2544 768 512 2880 912 400
2800 768 512 3088 896 400
3056 768 512 3296 912 384
3312 768 512 3520 928 384
3568 768 512 3664 944 368
3824 768 512 3776 928 368
4080 768 512 3824 1024 416
0 1024 512 272 720 560
256 1024 512 336 736 544
512 1024 512 432 736 528
768 1024 512 528 736 496
1024 1024 512 816 832 528
1280 1024 512 1088 864 512
1536 1024 512 1488 912 480
1792 1024 512 1936 976 464
2048 1024 512 2368 1008 464
2288 1024 512 2640 1056 448
2544 1024 512 2880 1072 464
2800 1024 512 3088 1088 432
3056 1024 512 3296 1104 416
3312 1024 512 3520 1120 416
3568 1024 512 3680 1120 400
3824 1024 512 3776 1120 400
4080 1024 512 3824 1152 496
0 1280 512 272 912 624
256 1280 512 336 928 592
512 1280 512 432 928 576
768 1280 512 512 912 544
1024 1280 512 768 1008 592
1280 1280 512 1120 1152 640
1536 1280 512 1520 1168 608
1792 1280 512 1984 1200 576
2048 1280 512 2400 1248 576
2288 1280 512 2640 1264 560
2544 1280 512 2880 1264 544
2800 1280 512 3088 1296 528
3056 1280 512 3296 1328 512
3312 1280 512 3520 1344 480
3568 1280 512 3664 1328 448
3824 1280 512 3776 1328 480
4080 1280 512 3824 1344 576
0 1536 512 272 1136 704
256 1536 512 352 1152 704
512 1536 512 432 1152 672
768 1536 512 496 1136 592
1024 1536 512 688 1216 624
1280 1536 512 1088 1408 736
1536 1536 512 1600 1520 800
1792 1536 512 2032 1552 784
2048 1536 512 2400 1552 720
2288 1536 512 2656 1584 704
2544 1536 512 2896 1616 704
2800 1536 512 3104 1648 672
3056 1536 512 3280 1616 672
3312 1536 512 3504 1616 624
3568 1536 512 3664 1632 608
3824 1536 512 3776 1584 592
4080 1536 512 3824 1616 704
0 1792 512 288 1360 752
256 1792 512 368 1392 768
512 1792 512 448 1392 752
768 1792 512 496 1344 640
1024 1792 512 656 1408 640
1280 1792 512 976 1552 784
1536 1792 512 1664 1888 880
1792 1792 512 2096 1904 912
2048 1792 512 2432 1904 880
2288 1792 512 2672 1904 864
2544 1792 512 2928 1920 832
2800 1792 512 3104 1904 816
3056 1792 512 3280 1920 800
3312 1792 512 3504 1936 784
3568 1792 512 3664 1904 752
3824 1792 512 3776 1824 720
4080 1792 512 3824 1840 800
0 2048 512 288 1568 800
256 2048 512 368 1632 832
512 2048 512 448 1648 816
768 2048 512 496 1600 704
1024 2048 512 608 1600 656
1280 2048 512 912 1744 800
1536 2048 512 1456 2016 896
1792 2048 512 2224 2288 1040
2048 2048 512 2496 2240 1040
2288 2048 512 2688 2192 1008
2544 2048 512 2912 2224 976
2800 2048 512 3104 2224 944
3056 2048 512 3296 2240 944
3312 2048 512 3488 2224 896
3568 2048 512 3648 2144 848
3824 2048 512 3760 2128 816
4080 2048 512 3824 2096 896
0 2288 512 304 1792 912
256 2288 512 384 1840 896
512 2288 512 480 1872 864
768 2288 512 496 1808 752
1024 2288 512 608 1808 704
1280 2288 512 816 1904 784
1536 2288 512 1312 2112 928
1792 2288 512 2064 2448 1040
2048 2288 512 2576 2544 1136
2288 2288 512 2720 2480 1120
2544 2288 512 2928 2448 1088
2800 2288 512 3104 2448 1072
3056 2288 512 3280 2448 1040
3312 2288 512 3488 2448 1024
3568 2288 512 3632 2384 992
3824 2288 512 3760 2352 928
4080 2288 512 3824 2320 960
0 2544 512 320 2048 976
256 2544 512 416 2096 976
512 2544 512 480 2112 976
768 2544 512 528 2080 816
1024 2544 512 608 2064 784
1280 2544 512 752 2128 800
1536 2544 512 1200 2320 928
1792 2544 512 1888 2576 1072
2048 2544 512 2560 2752 1184
2288 2544 512 2800 2768 1264
2544 2544 512 2944 2688 1216
2800 2544 512 3104 2640 1168
3056 2544 512 3280 2656 1152
3312 2544 512 3488 2656 1136
3568 2544 512 3616 2592 1072
3824 2544 512 3728 2560 1024
4080 2544 512 3808 2528 1056
0 2800 512 352 2352 1056
256 2800 512 416 2416 1072
512 2800 512 480 2432 1056
768 2800 512 544 2368 864
1024 2800 512 608 2384 848
1280 2800 512 704 2400 816
1536 2800 512 1088 2544 960
1792 2800 512 1664 2688 1120
2048 2800 512 2384 2912 1216
2288 2800 512 2800 3008 1296
2544 2800 512 3040 3056 1392
2800 2800 512 3136 2912 1328
3056 2800 512 3296 2896 1296
3312 2800 512 3472 2832 1264
3568 2800 512 3616 2816 1216
3824 2800 512 3728 2800 1168
4080 2800 512 3824 2752 1152
0 3056 512 368 2672 1168
256 3056 512 448 2688 1136
512 3056 512 528 2720 1136
768 3056 512 560 2672 944
1024 3056 512 640 2656 880
1280 3056 512 704 2688 864
1536 3056 512 976 2752 944
1792 3056 512 1552 2896 1152
2048 3056 512 2224 3056 1248
2288 3056 512 2688 3168 1328
2544 3056 512 3024 3232 1392
2800 3056 512 3232 3232 1472
3056 3056 512 3312 3120 1440
3312 3056 512 3472 3072 1392
3568 3056 512 3616 3024 1312
3824 3056 512 3728 2992 1248
4080 3056 512 3808 2944 1232
0 3312 512 416 2928 1200
256 3312 512 480 2976 1232
512 3312 512 544 2976 1216
768 3312 512 592 2960 1040
1024 3312 512 656 2944 944
1280 3312 512 720 2960 912
1536 3312 512 880 2992 944
1792 3312 512 1440 3104 1168
2048 3312 512 2096 3200 1344
2288 3312 512 2560 3312 1360
2544 3312 512 2944 3392 1408
2800 3312 512 3216 3408 1488
3056 3312 512 3424 3456 1568
3312 3312 512 3488 3296 1520
3568 3312 512 3600 3232 1472
3824 3312 512 3728 3232 1376
4080 3312 512 3824 3152 1360
0 3568 512 448 3136 1296
256 3568 512 496 3152 1280
512 3568 512 576 3168 1280
768 3568 512 608 3168 1088
1024 3568 512 672 3152 1024
1280 3568 512 720 3168 960
1536 3568 512 816 3184 944
1792 3568 512 1296 3264 1136
2048 3568 512 2000 3328 1376
2288 3568 512 2480 3424 1408
2544 3568 512 2848 3504 1472
2800 3568 512 3168 3552 1504
3056 3568 512 3424 3568 1600
3312 3568 512 3568 3536 1632
3568 3568 512 3616 3440 1568
3824 3568 512 3728 3392 1504
4080 3568 512 3824 3344 1456
0 3824 512 464 3344 1328
256 3824 512 544 3360 1376
512 3824 512 592 3360 1344
768 3824 512 640 3344 1168
1024 3824 512 688 3328 1104
1280 3824 512 720 3328 1024
1536 3824 512 784 3328 960
1792 3824 512 1152 3408 1104
2048 3824 512 1872 3472 1360
2288 3824 512 2384 3536 1424
2544 3824 512 2800 3600 1488
2800 3824 512 3120 3680 1536
3056 3824 512 3392 3696 1600
3312 3824 512 3584 3696 1648
3568 3824 512 3664 3664 1664
3824 3824 512 3712 3552 1568
4080 3824 512 3824 3504 1536
0 4080 512 544 3504 1440
256 4080 512 608 3520 1472
512 4080 512 672 3520 1456
768 4080 512 736 3504 1312
1024 4080 512 784 3488 1184
1280 4080 512 848 3504 1152
1536 4080 512 880 3504 1072
1792 4080 512 1136 3520 1136
2048 4080 512 1792 3600 1376
2288 4080 512 2416 3616 1504
2544 4080 512 2784 3696 1536
2800 4080 512 3088 3728 1584
3056 4080 512 3360 3760 1648
3312 4080 512 3632 3776 1728
3568 4080 512 3728 3760 1744
3824 4080 512 3824 3728 1776
4080 4080 512 3808 3664 1616
0 0 768 272 256 608
256 0 768 288 320 592
512 0 768 384 304 560
768 0 768 480 320 496
1024 0 768 672 320 480
1280 0 768 960 320 480
1536 0 768 1376 336 448
1792 0 768 1824 368 448
2048 0 768 2272 384 448
2288 0 768 2528 400 464
2544 0 768 2800 416 448
2800 0 768 3024 464 448
3056 0 768 3216 464 448
3312 0 768 3440 496 432
3568 0 768 3600 528 448
3824 0 768 3712 576 416
4080 0 768 3760 672 496
0 256 768 272 320 640
256 256 768 336 336 640
512 256 768 448 352 624
768 256 768 528 352 560
1024 256 768 736 352 560
1280 256 768 1040 368 560
1536 256 768 1440 400 512
1792 256 768 1888 416 496
2048 256 768 2352 432 496
2288 256 768 2592 480 528
2544 256 768 2864 528 512
2800 256 768 3088 528 496
3056 256 768 3296 544 496
3312 256 768 3520 592 480
3568 256 768 3680 624 464
3824 256 768 3792 640 480
4080 256 768 3824 704 528
0 512 768 272 400 624
256 512 768 336 416 656
512 512 768 448 432 656
768 512 768 560 448 624
1024 512 768 736 448 640
1280 512 768 1024 480 624
1536 512 768 1440 512 608
1792 512 768 1904 544 576
2048 512 768 2336 592 560
2288 512 768 2608 640 560
2544 512 768 2864 688 512
2800 512 768 3088 688 528
3056 512 768 3296 736 512
3312 512 768 3520 768 480
3568 512 768 3680 784 480
3824 512 768 3792 768 480
4080 512 768 3824 848 528
0 768 768 272 512 656
256 768 768 368 528 672
512 768 768 448 576 688
768 768 768 592 608 688
1024 768 768 736 624 672
1280 768 768 1024 624 672
1536 768 768 1440 688 656
1792 768 768 1872 752 608
2048 768 768 2336 800 576
2288 768 768 2592 832 560
2544 768 768 2864 880 528
2800 768 768 3088 880 528
3056 768 768 3296 896 512
3312 768 768 3520 944 496
3568 768 768 3664 944 496
3824 768 768 3792 944 480
4080 768 768 3824 992 544
0 1024 768 288 768 832
256 1024 768 368 784 832
512 1024 768 464 768 784
768 1024 768 576 800 768
1024 1024 768 752 816 688
1280 1024 768 1024 864 688
1536 1024 768 1440 928 672
1792 1024 768 1904 976 656
2048 1024 768 2336 1008 608
2288 1024 768 2608 1056 608
2544 1024 768 2880 1072 576
2800 1024 768 3088 1088 544
3056 1024 768 3296 1104 528
3312 1024 768 3520 1104 512
3568 1024 768 3664 1104 480
3824 1024 768 3792 1104 480
4080 1024 768 3824 1152 560
0 1280 768 288 1008 912
256 1280 768 368 1024 896
512 1280 768 464 1040 880
768 1280 768 576 1040 848
1024 1280 768 704 1008 736
1280 1280 768 1072 1136 800
1536 1280 768 1488 1168 768
1792 1280 768 1936 1200 720
2048 1280 768 2368 1248 704
2288 1280 768 2624 1264 688
2544 1280 768 2880 1312 672
2800 1280 768 3088 1344 656
3056 1280 768 3296 1344 608
3312 1280 768 3520 1376 608
3568 1280 768 3664 1376 576
3824 1280 768 3792 1344 560
4080 1280 768 3824 1344 640
0 1536 768 272 1248 1008
256 1536 768 368 1264 1008
512 1536 768 464 1248 928
768 1536 768 576 1264 944
1024 1536 768 672 1248 832
1280 1536 768 1024 1344 864
1536 1536 768 1552 1536 912
1792 1536 768 2000 1552 896
2048 1536 768 2400 1568 880
2288 1536 768 2640 1584 832
2544 1536 768 2896 1616 816
2800 1536 768 3088 1632 784
3056 1536 768 3296 1648 736
3312 1536 768 3504 1680 720
3568 1536 768 3664 1648 672
3824 1536 768 3776 1616 672
4080 1536 768 3824 1616 752
0 1792 768 288 1456 1040
256 1792 768 384 1504 1056
512 1792 768 480 1504 1040
768 1792 768 576 1536 1040
1024 1792 768 672 1456 864
1280 1792 768 928 1536 880
1536 1792 768 1536 1840 960
1792 1792 768 2064 1888 1024
2048 1792 768 2416 1904 992
2288 1792 768 2672 1936 976
2544 1792 768 2896 1936 928
2800 1792 768 3104 1952 912
3056 1792 768 3280 1984 880
3312 1792 768 3504 1952 848
3568 1792 768 3664 1936 816
3824 1792 768 3776 1872 784
4080 1792 768 3824 1888 832
0 2048 768 304 1680 1104
256 2048 768 400 1744 1104
512 2048 768 496 1760 1120
768 2048 768 592 1760 1104
1024 2048 768 656 1712 912
1280 2048 768 800 1728 896
1536 2048 768 1344 1952 1008
1792 2048 768 2176 2288 1120
2048 2048 768 2480 2272 1136
2288 2048 768 2688 2240 1120
2544 2048 768 2928 2240 1040
2800 2048 768 3104 2240 1024
3056 2048 768 3280 2240 1008
3312 2048 768 3488 2240 960
3568 2048 768 3648 2208 912
3824 2048 768 3760 2128 864
4080 2048 768 3824 2112 944
0 2288 768 320 1904 1168
256 2288 768 416 1968 1168
512 2288 768 496 1984 1184
768 2288 768 592 2000 1168
1024 2288 768 656 1952 1008
1280 2288 768 768 1904 928
1536 2288 768 1248 2096 1040
1792 2288 768 1968 2432 1136
2048 2288 768 2544 2544 1232
2288 2288 768 2720 2496 1200
2544 2288 768 2912 2464 1168
2800 2288 768 3104 2464 1152
3056 2288 768 3280 2464 1120
3312 2288 768 3488 2464 1088
3568 2288 768 3648 2400 1056
3824 2288 768 3744 2368 976
4080 2288 768 3824 2336 1008
0 2544 768 352 2176 1232
256 2544 768 432 2224 1280
512 2544 768 512 2256 1280
768 2544 768 608 2288 1232
1024 2544 768 656 2192 1072
1280 2544 768 752 2176 976
1536 2544 768 1136 2304 1040
1792 2544 768 1760 2544 1184
2048 2544 768 2464 2752 1248
2288 2544 768 2800 2784 1344
2544 2544 768 2944 2688 1296
2800 2544 768 3104 2672 1248
3056 2544 768 3280 2656 1248
3312 2544 768 3472 2672 1200
3568 2544 768 3632 2624 1136
3824 2544 768 3728 2576 1088
4080 2544 768 3808 2512 1088
0 2800 768 368 2448 1280
256 2800 768 448 2480 1344
512 2800 768 528 2528 1344
768 2800 768 640 2544 1328
1024 2800 768 656 2512 1120
1280 2800 768 736 2496 1056
1536 2800 768 992 2512 1056
1792 2800 768 1616 2704 1232
2048 2800 768 2320 2896 1296
2288 2800 768 2752 3008 1360
2544 2800 768 3040 3040 1456
2800 2800 768 3152 2928 1408
3056 2800 768 3280 2896 1360
3312 2800 768 3472 2880 1328
3568 2800 768 3632 2848 1296
3824 2800 768 3728 2800 1216
4080 2800 768 3808 2752 1200
0 3056 768 400 2736 1344
256 3056 768 480 2784 1408
512 3056 768 560 2816 1408
768 3056 768 656 2816 1408
1024 3056 768 672 2752 1216
1280 3056 768 752 2768 1136
1536 3056 768 896 2768 1088
1792 3056 768 1504 2896 1232
2048 3056 768 2144 3040 1392
2288 3056 768 2624 3152 1392
2544 3056 768 3008 3232 1472
2800 3056 768 3216 3264 1552
3056 3056 768 3312 3136 1520
3312 3056 768 3472 3072 1456
3568 3056 768 3616 3056 1408
3824 3056 768 3712 3008 1328
4080 3056 768 3808 2976 1328
0 3312 768 432 2992 1408
256 3312 768 496 3024 1456
512 3312 768 576 3056 1472
768 3312 768 672 3072 1472
1024 3312 768 688 3024 1296
1280 3312 768 784 3024 1184
1536 3312 768 832 2976 1088
1792 3312 768 1360 3104 1232
2048 3312 768 2048 3184 1440
2288 3312 768 2528 3296 1456
2544 3312 768 2928 3392 1488
2800 3312 768 3216 3408 1584
3056 3312 768 3440 3456 1632
3312 3312 768 3504 3328 1600
3568 3312 768 3616 3280 1536
3824 3312 768 3728 3232 1456
4080 3312 768 3808 3168 1424
0 3568 768 464 3200 1504
256 3568 768 528 3232 1536
512 3568 768 592 3216 1536
768 3568 768 688 3248 1520
1024 3568 768 720 3216 1360
1280 3568 768 768 3200 1248
1536 3568 768 848 3200 1184
1792 3568 768 1200 3232 1232
2048 3568 768 1952 3328 1456
2288 3568 768 2400 3392 1472
2544 3568 768 2816 3488 1504
2800 3568 768 3168 3552 1584
3056 3568 768 3408 3552 1648
3312 3568 768 3584 3552 1728
3568 3568 768 3632 3456 1632
3824 3568 768 3728 3408 1584
4080 3568 768 3824 3360 1520
0 3824 768 464 3360 1536
256 3824 768 544 3392 1584
512 3824 768 608 3408 1600
768 3824 768 704 3408 1568
1024 3824 768 736 3392 1440
1280 3824 768 784 3392 1328
1536 3824 768 848 3376 1232
1792 3824 768 1120 3392 1232
2048 3824 768 1792 3472 1424
2288 3824 768 2384 3520 1536
2544 3824 768 2736 3600 1536
2800 3824 768 3072 3648 1600
3056 3824 768 3360 3696 1664
3312 3824 768 3584 3696 1728
3568 3824 768 3664 3664 1728
3824 3824 768 3712 3552 1600
4080 3824 768 3824 3504 1600
0 4080 768 560 3536 1664
256 4080 768 624 3552 1680
512 4080 768 704 3568 1696
768 4080 768 768 3568 1680
1024 4080 768 832 3536 1536
1280 4080 768 864 3536 1424
1536 4080 768 944 3504 1344
1792 4080 768 1104 3520 1264
2048 4080 768 1744 3600 1488
2288 4080 768 2352 3616 1600
2544 4080 768 2720 3664 1648
2800 4080 768 3056 3744 1664
3056 4080 768 3360 3776 1712
3312 4080 768 3648 3776 1792
3568 4080 768 3728 3760 1824
3824 4080 768 3824 3728 1824
4080 4080 768 3824 3648 1680
0 0 1024 272 256 896
256 0 1024 320 304 880
512 0 1024 432 320 880
768 0 1024 544 320 864
1024 0 1024 640 320 736
1280 0 1024 912 336 704
1536 0 1024 1344 336 688
1792 0 1024 1824 352 672
2048 0 1024 2256 368 640
2288 0 1024 2528 400 640
2544 0 1024 2800 384 640
2800 0 1024 3008 400 640
3056 0 1024 3216 416 656
3312 0 1024 3440 448 656
3568 0 1024 3600 432 624
3824 0 1024 3712 480 640
4080 0 1024 3760 592 768
0 256 1024 272 336 928
256 256 1024 368 352 960
512 256 1024 480 352 944
768 256 1024 640 384 944
1024 256 1024 704 368 816
1280 256 1024 992 368 800
1536 256 1024 1392 400 800
1792 256 1024 1888 400 784
2048 256 1024 2352 416 736
2288 256 1024 2608 448 752
2544 256 1024 2864 464 768
2800 256 1024 3072 464 736
3056 256 1024 3280 480 768
3312 256 1024 3504 528 736
3568 256 1024 3664 528 720
3824 256 1024 3792 544 736
4080 256 1024 3824 656 816
0 512 1024 272 416 944
256 512 1024 368 448 960
512 512 1024 480 464 992
768 512 1024 624 480 976
1024 512 1024 736 496 896
1280 512 1024 976 480 880
1536 512 1024 1392 512 896
1792 512 1024 1872 512 880
2048 512 1024 2320 544 848
2288 512 1024 2592 576 864
2544 512 1024 2848 576 848
2800 512 1024 3072 608 848
3056 512 1024 3296 640 816
3312 512 1024 3504 672 784
3568 512 1024 3664 672 752
3824 512 1024 3792 704 752
4080 512 1024 3824 832 864
0 768 1024 272 512 944
256 768 1024 368 544 976
512 768 1024 496 608 1024
768 768 1024 640 624 1024
1024 768 1024 784 656 960
1280 768 1024 976 656 960
1536 768 1024 1392 656 976
1792 768 1024 1872 688 944
2048 768 1024 2336 720 928
2288 768 1024 2592 752 912
2544 768 1024 2832 784 912
2800 768 1024 3056 816 880
3056 768 1024 3280 832 864
3312 768 1024 3504 864 848
3568 768 1024 3648 864 800
3824 768 1024 3792 880 800
4080 768 1024 3824 976 880
0 1024 1024 288 656 976
256 1024 1024 384 720 1008
512 1024 1024 496 768 1024
768 1024 1024 672 848 1040
1024 1024 1024 816 880 1056
1280 1024 1024 1024 912 1040
1536 1024 1024 1392 912 1008
1792 1024 1024 1856 928 992
2048 1024 1024 2288 960 944
2288 1024 1024 2576 1008 944
2544 1024 1024 2832 1024 944
2800 1024 1024 3056 1056 928
3056 1024 1024 3280 1072 912
3312 1024 1024 3504 1072 880
3568 1024 1024 3648 1072 832
3824 1024 1024 3792 1056 816
4080 1024 1024 3824 1136 864
0 1280 1024 336 1024 1216
256 1280 1024 432 1056 1216
512 1280 1024 560 1088 1184
768 1280 1024 672 1104 1168
1024 1280 1024 816 1104 1136
1280 1280 1024 1008 1120 1040
1536 1280 1024 1408 1120 1008
1792 1280 1024 1856 1184 992
2048 1280 1024 2304 1216 976
2288 1280 1024 2560 1248 960
2544 1280 1024 2832 1280 944
2800 1280 1024 3056 1280 928
3056 1280 1024 3296 1328 912
3312 1280 1024 3504 1344 864
3568 1280 1024 3648 1328 816
3824 1280 1024 3792 1296 800
4080 1280 1024 3824 1328 880
0 1536 1024 320 1312 1280
256 1536 1024 432 1344 1280
512 1536 1024 528 1376 1296
768 1536 1024 640 1376 1248
1024 1536 1024 784 1408 1232
1280 1536 1024 976 1344 1120
1536 1536 1024 1488 1504 1136
1792 1536 1024 1904 1520 1104
2048 1536 1024 2368 1552 1072
2288 1536 1024 2608 1584 1056
2544 1536 1024 2848 1616 1024
2800 1536 1024 3072 1632 992
3056 1536 1024 3280 1664 976
3312 1536 1024 3504 1664 944
3568 1536 1024 3648 1680 928
3824 1536 1024 3792 1632 896
4080 1536 1024 3824 1680 960
0 1792 1024 320 1552 1344
256 1792 1024 416 1584 1360
512 1792 1024 528 1632 1344
768 1792 1024 640 1616 1344
1024 1792 1024 784 1648 1296
1280 1792 1024 928 1600 1168
1536 1792 1024 1408 1712 1184
1792 1792 1024 2000 1888 1216
2048 1792 1024 2384 1888 1168
2288 1792 1024 2608 1904 1168
2544 1792 1024 2864 1936 1152
2800 1792 1024 3072 1952 1104
3056 1792 1024 3280 1968 1072
3312 1792 1024 3504 1968 1040
3568 1792 1024 3648 1936 976
3824 1792 1024 3776 1888 944
4080 1792 1024 3824 1888 1024
0 2048 1024 320 1808 1408
256 2048 1024 416 1840 1392
512 2048 1024 528 1872 1408
768 2048 1024 672 1904 1408
1024 2048 1024 784 1888 1376
1280 2048 1024 848 1840 1216
1536 2048 1024 1264 1888 1200
1792 2048 1024 2016 2240 1264
2048 2048 1024 2432 2224 1280
2288 2048 1024 2656 2240 1264
2544 2048 1024 2880 2240 1232
2800 2048 1024 3088 2240 1200
3056 2048 1024 3280 2240 1168
3312 2048 1024 3488 2256 1136
3568 2048 1024 3648 2224 1104
3824 2048 1024 3776 2144 1024
4080 2048 1024 3824 2144 1072
0 2288 1024 336 2000 1456
256 2288 1024 432 2048 1456
512 2288 1024 528 2096 1440
768 2288 1024 656 2096 1456
1024 2288 1024 768 2112 1408
1280 2288 1024 832 2064 1264
1536 2288 1024 1136 2048 1216
1792 2288 1024 1792 2320 1312
2048 2288 1024 2480 2528 1392
2288 2288 1024 2688 2480 1344
2544 2288 1024 2896 2464 1328
2800 2288 1024 3088 2464 1296
3056 2288 1024 3280 2464 1248
3312 2288 1024 3472 2432 1216
3568 2288 1024 3632 2400 1152
3824 2288 1024 3760 2352 1104
4080 2288 1024 3808 2336 1120
0 2544 1024 368 2256 1520
256 2544 1024 448 2304 1504
512 2544 1024 544 2336 1504
768 2544 1024 656 2368 1520
1024 2544 1024 784 2400 1488
1280 2544 1024 816 2336 1344
1536 2544 1024 1056 2304 1264
1792 2544 1024 1664 2480 1392
2048 2544 1024 2400 2704 1408
2288 2544 1024 2752 2768 1456
2544 2544 1024 2928 2704 1440
2800 2544 1024 3104 2672 1392
3056 2544 1024 3280 2672 1344
3312 2544 1024 3472 2656 1296
3568 2544 1024 3632 2624 1232
3824 2544 1024 3728 2560 1168
4080 2544 1024 3808 2528 1216
0 2800 1024 368 2528 1568
256 2800 1024 464 2560 1568
512 2800 1024 544 2608 1584
768 2800 1024 672 2624 1568
1024 2800 1024 768 2640 1536
1280 2800 1024 800 2608 1408
1536 2800 1024 1008 2576 1328
1792 2800 1024 1536 2672 1424
2048 2800 1024 2208 2848 1456
2288 2800 1024 2688 2976 1488
2544 2800 1024 3024 3040 1552
2800 2800 1024 3120 2928 1520
3056 2800 1024 3280 2928 1488
3312 2800 1024 3472 2880 1440
3568 2800 1024 3616 2848 1360
3824 2800 1024 3728 2816 1280
4080 2800 1024 3808 2752 1264
0 3056 1024 432 2800 1616
256 3056 1024 496 2832 1616
512 3056 1024 576 2880 1680
768 3056 1024 672 2880 1648
1024 3056 1024 784 2896 1648
1280 3056 1024 800 2864 1456
1536 3056 1024 960 2848 1408
1792 3056 1024 1360 2880 1424
2048 3056 1024 2064 3008 1520
2288 3056 1024 2560 3136 1520
2544 3056 1024 2960 3216 1552
2800 3056 1024 3184 3248 1632
3056 3056 1024 3296 3136 1616
3312 3056 1024 3472 3072 1520
3568 3056 1024 3616 3024 1472
3824 3056 1024 3712 3008 1392
4080 3056 1024 3808 2960 1344
0 3312 1024 448 3040 1664
256 3312 1024 528 3056 1680
512 3312 1024 592 3088 1712
768 3312 1024 688 3104 1712
1024 3312 1024 784 3136 1712
1280 3312 1024 816 3104 1520
1536 3312 1024 912 3072 1440
1792 3312 1024 1248 3072 1440
2048 3312 1024 1984 3168 1568
2288 3312 1024 2464 3280 1600
2544 3312 1024 2848 3360 1616
2800 3312 1024 3184 3440 1648
3056 3312 1024 3376 3440 1696
3312 3312 1024 3504 3328 1680
3568 3312 1024 3616 3280 1600
3824 3312 1024 3728 3232 1504
4080 3312 1024 3808 3184 1472
0 3568 1024 464 3216 1680
256 3568 1024 528 3248 1728
512 3568 1024 608 3264 1776
768 3568 1024 688 3264 1776
1024 3568 1024 784 3280 1776
1280 3568 1024 816 3264 1584
1536 3568 1024 912 3232 1488
1792 3568 1024 1152 3248 1456
2048 3568 1024 1824 3328 1600
2288 3568 1024 2384 3392 1664
2544 3568 1024 2768 3472 1648
2800 3568 1024 3120 3552 1680
3056 3568 1024 3392 3568 1728
3312 3568 1024 3568 3552 1760
3568 3568 1024 3616 3456 1712
3824 3568 1024 3712 3392 1616
4080 3568 1024 3808 3360 1584
0 3824 1024 480 3408 1760
256 3824 1024 544 3408 1776
512 3824 1024 640 3440 1824
768 3824 1024 720 3440 1824
1024 3824 1024 800 3456 1808
1280 3824 1024 832 3440 1664
1536 3824 1024 896 3408 1536
1792 3824 1024 1120 3408 1488
2048 3824 1024 1664 3456 1600
2288 3824 1024 2320 3520 1696
2544 3824 1024 2656 3584 1664
2800 3824 1024 3024 3632 1712
3056 3824 1024 3328 3696 1744
3312 3824 1024 3568 3712 1792
3568 3824 1024 3664 3664 1792
3824 3824 1024 3712 3552 1680
4080 3824 1024 3808 3504 1632
0 4080 1024 560 3568 1840
256 4080 1024 640 3568 1888
512 4080 1024 736 3600 1888
768 4080 1024 800 3600 1904
1024 4080 1024 880 3600 1888
1280 4080 1024 944 3584 1744
1536 4080 1024 992 3552 1632
1792 4080 1024 1168 3536 1568
2048 4080 1024 1600 3584 1600
2288 4080 1024 2304 3616 1776
2544 4080 1024 2704 3648 1792
2800 4080 1024 3040 3712 1792
3056 4080 1024 3312 3760 1808
3312 4080 1024 3600 3776 1856
3568 4080 1024 3728 3760 1872
3824 4080 1024 3824 3744 1856
4080 4080 1024 3824 3664 1744
0 0 1280 288 272 1168
256 0 1280 336 304 1168
512 0 1280 448 320 1168
768 0 1280 608 352 1152
1024 0 1280 768 368 1152
1280 0 1280 896 336 1024
1536 0 1280 1264 336 1024
1792 0 1280 1744 352 960
2048 0 1280 2224 368 960
2288 0 1280 2480 368 960
2544 0 1280 2784 384 944
2800 0 1280 3008 400 928
3056 0 1280 3216 400 928
3312 0 1280 3440 400 912
3568 0 1280 3600 400 896
3824 0 1280 3712 448 896
4080 0 1280 3760 560 960
0 256 1280 288 336 1200
256 256 1280 400 352 1216
512 256 1280 512 368 1232
768 256 1280 672 400 1248
1024 256 1280 864 400 1232
1280 256 1280 976 400 1104
1536 256 1280 1328 400 1088
1792 256 1280 1808 400 1072
2048 256 1280 2304 432 1056
2288 256 1280 2560 432 1072
2544 256 1280 2848 448 1040
2800 256 1280 3072 448 1040
3056 256 1280 3296 464 1040
3312 256 1280 3520 480 1008
3568 256 1280 3664 512 1008
3824 256 1280 3792 496 992
4080 256 1280 3824 640 1072
0 512 1280 288 416 1216
256 512 1280 400 464 1264
512 512 1280 528 496 1264
768 512 1280 672 496 1264
1024 512 1280 864 512 1232
1280 512 1280 976 528 1152
1536 512 1280 1328 528 1136
1792 512 1280 1792 528 1168
2048 512 1280 2272 544 1168
2288 512 1280 2560 592 1152
2544 512 1280 2832 592 1104
2800 512 1280 3072 576 1120
3056 512 1280 3264 608 1088
3312 512 1280 3504 624 1088
3568 512 1280 3664 624 1040
3824 512 1280 3792 656 1024
4080 512 1280 3824 736 1120
0 768 1280 304 528 1216
256 768 1280 416 592 1280
512 768 1280 560 640 1296
768 768 1280 688 656 1328
1024 768 1280 864 672 1312
1280 768 1280 1008 688 1232
1536 768 1280 1328 672 1232
1792 768 1280 1776 688 1248
2048 768 1280 2256 736 1232
2288 768 1280 2544 736 1216
2544 768 1280 2832 752 1216
2800 768 1280 3072 768 1200
3056 768 1280 3264 800 1184
3312 768 1280 3504 816 1152
3568 768 1280 3664 816 1104
3824 768 1280 3792 816 1040
4080 768 1280 3824 912 1136
0 1024 1280 304 640 1232
256 1024 1280 416 704 1264
512 1024 1280 544 784 1312
768 1024 1280 688 848 1328
1024 1024 1280 880 912 1344
1280 1024 1280 1056 928 1312
1536 1024 1280 1328 928 1296
1792 1024 1280 1808 928 1312
2048 1024 1280 2272 944 1296
2288 1024 1280 2544 944 1264
2544 1024 1280 2832 976 1248
2800 1024 1280 3056 976 1216
3056 1024 1280 3264 1008 1200
3312 1024 1280 3488 1008 1168
3568 1024 1280 3648 1008 1136
3824 1024 1280 3792 1008 1088
4080 1024 1280 3824 1104 1152
0 1280 1280 320 864 1248
256 1280 1280 448 928 1296
512 1280 1280 576 992 1328
768 1280 1280 736 1040 1360
1024 1280 1280 896 1120 1376
1280 1280 1280 1088 1200 1392
1536 1280 1280 1360 1184 1360
1792 1280 1280 1824 1184 1328
2048 1280 1280 2272 1232 1328
2288 1280 1280 2544 1280 1312
2544 1280 1280 2832 1280 1296
2800 1280 1280 3040 1280 1264
3056 1280 1280 3248 1312 1264
3312 1280 1280 3488 1328 1216
3568 1280 1280 3648 1312 1184
3824 1280 1280 3776 1312 1136
4080 1280 1280 3824 1376 1216
0 1536 1280 384 1280 1504
256 1536 1280 496 1360 1552
512 1536 1280 608 1424 1568
768 1536 1280 752 1456 1552
1024 1536 1280 896 1472 1520
1280 1536 1280 1072 1472 1504
1536 1536 1280 1408 1472 1392
1792 1536 1280 1824 1520 1360
2048 1536 1280 2288 1536 1360
2288 1536 1280 2560 1600 1344
2544 1536 1280 2832 1600 1312
2800 1536 1280 3056 1632 1312
3056 1536 1280 3248 1648 1264
3312 1536 1280 3488 1632 1216
3568 1536 1280 3648 1616 1200
3824 1536 1280 3776 1584 1120
4080 1536 1280 3824 1648 1216
0 1792 1280 368 1616 1632
256 1792 1280 480 1632 1600
512 1792 1280 592 1680 1600
768 1792 1280 704 1712 1616
1024 1792 1280 864 1744 1584
1280 1792 1280 1040 1760 1568
1536 1792 1280 1328 1696 1440
1792 1792 1280 1872 1856 1488
2048 1792 1280 2304 1856 1456
2288 1792 1280 2592 1888 1440
2544 1792 1280 2848 1920 1408
2800 1792 1280 3072 1952 1392
3056 1792 1280 3248 1952 1344
3312 1792 1280 3488 1952 1312
3568 1792 1280 3648 1920 1264
3824 1792 1280 3776 1888 1200
4080 1792 1280 3824 1920 1296
0 2048 1280 368 1872 1680
256 2048 1280 464 1904 1648
512 2048 1280 592 1984 1696
768 2048 1280 688 1984 1680
1024 2048 1280 848 2000 1632
1280 2048 1280 1024 2016 1616
1536 2048 1280 1232 1952 1488
1792 2048 1280 1840 2096 1520
2048 2048 1280 2368 2208 1536
2288 2048 1280 2592 2192 1504
2544 2048 1280 2848 2208 1488
2800 2048 1280 3056 2208 1472
3056 2048 1280 3248 2240 1440
3312 2048 1280 3472 2240 1392
3568 2048 1280 3632 2192 1344
3824 2048 1280 3776 2160 1280
4080 2048 1280 3824 2160 1312
0 2288 1280 368 2064 1696
256 2288 1280 480 2144 1712
512 2288 1280 576 2160 1712
768 2288 1280 688 2192 1712
1024 2288 1280 832 2208 1696
1280 2288 1280 992 2224 1664
1536 2288 1280 1168 2160 1536
1792 2288 1280 1696 2256 1552
2048 2288 1280 2416 2480 1600
2288 2288 1280 2624 2464 1568
2544 2288 1280 2864 2464 1552
2800 2288 1280 3056 2448 1520
3056 2288 1280 3248 2448 1488
3312 2288 1280 3472 2432 1456
3568 2288 1280 3616 2400 1392
3824 2288 1280 3744 2336 1312
4080 2288 1280 3824 2336 1360
0 2544 1280 368 2320 1728
256 2544 1280 480 2384 1760
512 2544 1280 560 2432 1792
768 2544 1280 672 2448 1760
1024 2544 1280 816 2480 1776
1280 2544 1280 992 2480 1760
1536 2544 1280 1120 2416 1584
1792 2544 1280 1552 2432 1568
2048 2544 1280 2208 2624 1632
2288 2544 1280 2704 2736 1648
2544 2544 1280 2880 2704 1632
2800 2544 1280 3072 2672 1600
3056 2544 1280 3248 2656 1552
3312 2544 1280 3472 2640 1520
3568 2544 1280 3616 2608 1440
3824 2544 1280 3728 2560 1376
4080 2544 1280 3808 2512 1376
0 2800 1280 400 2592 1776
256 2800 1280 496 2624 1792
512 2800 1280 592 2672 1824
768 2800 1280 704 2704 1840
1024 2800 1280 832 2704 1840
1280 2800 1280 976 2704 1792
1536 2800 1280 1072 2656 1632
1792 2800 1280 1440 2656 1616
2048 2800 1280 2096 2768 1712
2288 2800 1280 2544 2912 1680
2544 2800 1280 2960 3008 1712
2800 2800 1280 3104 2944 1680
3056 2800 1280 3264 2896 1664
3312 2800 1280 3472 2880 1600
3568 2800 1280 3616 2848 1504
3824 2800 1280 3728 2800 1456
4080 2800 1280 3808 2752 1456
0 3056 1280 416 2848 1808
256 3056 1280 512 2896 1840
512 3056 1280 608 2912 1856
768 3056 1280 720 2944 1888
1024 3056 1280 832 2960 1904
1280 3056 1280 960 2976 1856
1536 3056 1280 1024 2896 1696
1792 3056 1280 1360 2896 1648
2048 3056 1280 2016 2992 1760
2288 3056 1280 2448 3088 1760
2544 3056 1280 2880 3184 1744
2800 3056 1280 3152 3248 1776
3056 3056 1280 3280 3136 1760
3312 3056 1280 3456 3088 1696
3568 3056 1280 3600 3040 1632
3824 3056 1280 3728 3008 1552
4080 3056 1280 3808 2960 1520
0 3312 1280 448 3088 1904
256 3312 1280 544 3104 1920
512 3312 1280 624 3152 1920
768 3312 1280 736 3168 1952
1024 3312 1280 832 3168 1920
1280 3312 1280 960 3152 1904
1536 3312 1280 1008 3120 1744
1792 3312 1280 1280 3120 1728
2048 3312 1280 1872 3168 1776
2288 3312 1280 2416 3232 1840
2544 3312 1280 2784 3328 1824
2800 3312 1280 3104 3408 1792
3056 3312 1280 3360 3424 1840
3312 3312 1280 3472 3312 1792
3568 3312 1280 3616 3280 1728
3824 3312 1280 3712 3232 1648
4080 3312 1280 3808 3168 1584
0 3568 1280 480 3248 1920
256 3568 1280 560 3280 1952
512 3568 1280 640 3296 1968
768 3568 1280 720 3312 2016
1024 3568 1280 832 3328 1968
1280 3568 1280 960 3328 1952
1536 3568 1280 992 3296 1824
1792 3568 1280 1232 3296 1744
2048 3568 1280 1744 3312 1776
2288 3568 1280 2320 3360 1888
2544 3568 1280 2688 3424 1856
2800 3568 1280 3056 3520 1840
3056 3568 1280 3360 3568 1872
3312 3568 1280 3536 3552 1856
3568 3568 1280 3616 3456 1792
3824 3568 1280 3712 3392 1696
4080 3568 1280 3808 3360 1648
0 3824 1280 496 3440 1968
256 3824 1280 576 3440 2000
512 3824 1280 656 3456 2016
768 3824 1280 736 3472 2048
1024 3824 1280 864 3488 2032
1280 3824 1280 960 3488 2016
1536 3824 1280 976 3472 1856
1792 3824 1280 1184 3456 1792
2048 3824 1280 1600 3456 1760
2288 3824 1280 2224 3520 1888
2544 3824 1280 2640 3536 1904
2800 3824 1280 2976 3632 1872
3056 3824 1280 3280 3696 1872
3312 3824 1280 3536 3680 1856
3568 3824 1280 3680 3680 1840
3824 3824 1280 3712 3568 1760
4080 3824 1280 3808 3504 1712
0 4080 1280 576 3568 2048
256 4080 1280 656 3600 2080
512 4080 1280 736 3600 2144
768 4080 1280 816 3600 2144
1024 4080 1280 928 3616 2128
1280 4080 1280 1040 3600 2128
1536 4080 1280 1056 3584 1952
1792 4080 1280 1248 3584 1872
2048 4080 1280 1616 3584 1840
2288 4080 1280 2208 3632 1952
2544 4080 1280 2672 3648 1984
2800 4080 1280 3008 3696 1968
3056 4080 1280 3264 3744 1952
3312 4080 1280 3568 3776 1936
3568 4080 1280 3728 3760 1968
3824 4080 1280 3824 3728 1920
4080 4080 1280 3808 3680 1792
0 0 1536 304 288 1424
256 0 1536 352 336 1456
512 0 1536 496 352 1472
768 0 1536 656 352 1456
1024 0 1536 832 384 1440
1280 0 1536 1072 368 1456
1536 0 1536 1232 336 1344
1792 0 1536 1664 352 1280
2048 0 1536 2128 368 1264
2288 0 1536 2432 384 1264
2544 0 1536 2736 384 1232
2800 0 1536 2976 400 1216
3056 0 1536 3184 400 1216
3312 0 1536 3392 400 1184
3568 0 1536 3600 400 1104
3824 0 1536 3712 416 1136
4080 0 1536 3760 512 1168
0 256 1536 320 352 1440
256 256 1536 416 368 1488
512 256 1536 560 384 1536
768 256 1536 704 400 1552
1024 256 1536 896 416 1504
1280 256 1536 1104 416 1504
1536 256 1536 1296 400 1392
1792 256 1536 1728 416 1376
2048 256 1536 2208 448 1344
2288 256 1536 2528 448 1344
2544 256 1536 2800 464 1344
2800 256 1536 3040 448 1328
3056 256 1536 3248 464 1296
3312 256 1536 3488 464 1280
3568 256 1536 3664 480 1232
3824 256 1536 3792 480 1232
4080 256 1536 3824 608 1280
0 512 1536 320 448 1456
256 512 1536 432 480 1520
512 512 1536 560 496 1536
768 512 1536 704 512 1584
1024 512 1536 896 544 1568
1280 512 1536 1104 560 1536
1536 512 1536 1312 512 1424
1792 512 1536 1728 544 1440
2048 512 1536 2208 592 1408
2288 512 1536 2512 592 1424
2544 512 1536 2800 592 1408
2800 512 1536 3040 592 1376
3056 512 1536 3264 608 1376
3312 512 1536 3472 608 1344
3568 512 1536 3648 608 1312
3824 512 1536 3792 608 1280
4080 512 1536 3824 736 1328
0 768 1536 320 576 1488
256 768 1536 432 592 1536
512 768 1536 576 656 1600
768 768 1536 720 672 1616
1024 768 1536 880 688 1616
1280 768 1536 1120 736 1568
1536 768 1536 1328 720 1488
1792 768 1536 1728 736 1504
2048 768 1536 2208 752 1488
2288 768 1536 2512 752 1520
2544 768 1536 2800 768 1520
2800 768 1536 3040 768 1488
3056 768 1536 3248 784 1472
3312 768 1536 3488 800 1456
3568 768 1536 3648 800 1392
3824 768 1536 3792 800 1328
4080 768 1536 3824 864 1392
0 1024 1536 336 672 1504
256 1024 1536 448 720 1552
512 1024 1536 608 800 1632
768 1024 1536 752 912 1648
1024 1024 1536 928 944 1680
1280 1024 1536 1120 944 1632
1536 1024 1536 1360 960 1568
1792 1024 1536 1728 960 1568
2048 1024 1536 2208 944 1568
2288 1024 1536 2512 992 1568
2544 1024 1536 2800 976 1584
2800 1024 1536 3024 992 1552
3056 1024 1536 3248 992 1536
3312 1024 1536 3472 976 1488
3568 1024 1536 3648 976 1440
3824 1024 1536 3776 976 1408
4080 1024 1536 3824 1056 1424
0 1280 1536 368 864 1504
256 1280 1536 480 928 1552
512 1280 1536 608 992 1600
768 1280 1536 752 1056 1632
1024 1280 1536 928 1136 1680
1280 1280 1536 1120 1200 1696
1536 1280 1536 1408 1216 1616
1792 1280 1536 1744 1216 1632
2048 1280 1536 2240 1232 1664
2288 1280 1536 2528 1248 1632
2544 1280 1536 2816 1248 1632
2800 1280 1536 3040 1264 1600
3056 1280 1536 3248 1264 1584
3312 1280 1536 3456 1264 1536
3568 1280 1536 3648 1248 1472
3824 1280 1536 3776 1216 1440
4080 1280 1536 3824 1312 1456
0 1536 1536 368 1088 1520
256 1536 1536 480 1184 1584
512 1536 1536 624 1248 1648
768 1536 1536 784 1328 1696
1024 1536 1536 960 1392 1712
1280 1536 1536 1152 1488 1744
1536 1536 1536 1456 1536 1728
1792 1536 1536 1776 1552 1712
2048 1536 1536 2240 1568 1696
2288 1536 1536 2528 1568 1680
2544 1536 1536 2800 1600 1680
2800 1536 1536 3040 1600 1632
3056 1536 1536 3232 1632 1616
3312 1536 1536 3456 1648 1584
3568 1536 1536 3648 1616 1520
3824 1536 1536 3760 1568 1472
4080 1536 1536 3824 1632 1520
0 1792 1536 432 1504 1760
256 1792 1536 544 1600 1824
512 1792 1536 672 1696 1872
768 1792 1536 816 1744 1904
1024 1792 1536 960 1776 1872
1280 1792 1536 1152 1792 1840
1536 1792 1536 1424 1824 1792
1792 1792 1536 1808 1824 1744
2048 1792 1536 2240 1856 1728
2288 1792 1536 2528 1888 1696
2544 1792 1536 2816 1920 1712
2800 1792 1536 3040 1936 1664
3056 1792 1536 3248 1952 1648
3312 1792 1536 3472 1936 1600
3568 1792 1536 3632 1904 1536
3824 1792 1536 3760 1856 1472
4080 1792 1536 3824 1904 1520
0 2048 1536 432 1888 1904
256 2048 1536 528 1952 1936
512 2048 1536 656 2000 1936
768 2048 1536 752 2032 1936
1024 2048 1536 944 2080 1920
1280 2048 1536 1088 2080 1904
1536 2048 1536 1376 2080 1856
1792 2048 1536 1744 2064 1776
2048 2048 1536 2288 2160 1776
2288 2048 1536 2544 2192 1760
2544 2048 1536 2816 2224 1744
2800 2048 1536 3040 2208 1728
3056 2048 1536 3248 2240 1696
3312 2048 1536 3472 2240 1664
3568 2048 1536 3632 2192 1600
3824 2048 1536 3760 2176 1520
4080 2048 1536 3840 2160 1568
0 2288 1536 416 2144 1968
256 2288 1536 512 2192 1984
512 2288 1536 624 2240 1952
768 2288 1536 768 2288 1984
1024 2288 1536 912 2304 1968
1280 2288 1536 1072 2320 1952
1536 2288 1536 1360 2304 1904
1792 2288 1536 1648 2240 1808
2048 2288 1536 2272 2432 1840
2288 2288 1536 2576 2448 1824
2544 2288 1536 2816 2464 1808
2800 2288 1536 3040 2448 1776
3056 2288 1536 3248 2448 1744
3312 2288 1536 3456 2448 1728
3568 2288 1536 3616 2400 1648
3824 2288 1536 3744 2352 1568
4080 2288 1536 3824 2352 1600
0 2544 1536 416 2384 1984
256 2544 1536 512 2432 2000
512 2544 1536 624 2480 2016
768 2544 1536 752 2528 2016
1024 2544 1536 880 2528 2016
1280 2544 1536 1040 2544 1984
1536 2544 1536 1312 2528 1952
1792 2544 1536 1584 2496 1856
2048 2544 1536 2128 2544 1888
2288 2544 1536 2576 2704 1872
2544 2544 1536 2848 2704 1904
2800 2544 1536 3040 2672 1840
3056 2544 1536 3232 2640 1792
3312 2544 1536 3440 2640 1760
3568 2544 1536 3616 2608 1680
3824 2544 1536 3728 2576 1616
4080 2544 1536 3824 2544 1632
0 2800 1536 416 2640 2048
256 2800 1536 544 2704 2096
512 2800 1536 624 2736 2096
768 2800 1536 736 2752 2096
1024 2800 1536 864 2768 2064
1280 2800 1536 1040 2768 2048
1536 2800 1536 1312 2736 2000
1792 2800 1536 1504 2720 1888
2048 2800 1536 2032 2768 1936
2288 2800 1536 2496 2880 1936
2544 2800 1536 2880 2976 1936
2800 2800 1536 3088 2928 1920
3056 2800 1536 3232 2880 1888
3312 2800 1536 3440 2864 1808
3568 2800 1536 3616 2832 1760
3824 2800 1536 3728 2800 1664
4080 2800 1536 3824 2784 1680
0 3056 1536 432 2912 2096
256 3056 1536 544 2960 2128
512 3056 1536 640 2960 2144
768 3056 1536 736 2992 2128
1024 3056 1536 864 3008 2112
1280 3056 1536 1040 3008 2112
1536 3056 1536 1296 2992 2064
1792 3056 1536 1440 2960 1952
2048 3056 1536 1904 2992 1968
2288 3056 1536 2432 3056 2016
2544 3056 1536 2816 3152 2000
2800 3056 1536 3120 3216 1968
3056 3056 1536 3264 3136 1952
3312 3056 1536 3440 3104 1904
3568 3056 1536 3600 3056 1840
3824 3056 1536 3728 3008 1760
4080 3056 1536 3808 2976 1712
0 3312 1536 480 3120 2160
256 3312 1536 560 3152 2176
512 3312 1536 656 3168 2208
768 3312 1536 752 3184 2192
1024 3312 1536 864 3200 2176
1280 3312 1536 1008 3200 2176
1536 3312 1536 1296 3184 2128
1792 3312 1536 1360 3168 1984
2048 3312 1536 1792 3184 1968
2288 3312 1536 2336 3216 2032
2544 3312 1536 2720 3296 2064
2800 3312 1536 3072 3376 2000
3056 3312 1536 3328 3424 2016
3312 3312 1536 3456 3328 1984
3568 3312 1536 3600 3248 1872
3824 3312 1536 3712 3216 1776
4080 3312 1536 3808 3200 1760
0 3568 1536 496 3312 2208
256 3568 1536 576 3344 2208
512 3568 1536 656 3344 2224
768 3568 1536 752 3360 2240
1024 3568 1536 880 3344 2256
1280 3568 1536 1008 3360 2224
1536 3568 1536 1280 3360 2192
1792 3568 1536 1328 3328 2032
2048 3568 1536 1744 3328 2016
2288 3568 1536 2256 3360 2064
2544 3568 1536 2656 3408 2112
2800 3568 1536 2992 3488 2032
3056 3568 1536 3296 3536 2016
3312 3568 1536 3536 3552 2016
3568 3568 1536 3600 3440 1984
3824 3568 1536 3712 3392 1856
4080 3568 1536 3808 3360 1808
0 3824 1536 512 3472 2256
256 3824 1536 592 3472 2240
512 3824 1536 672 3504 2288
768 3824 1536 752 3504 2304
1024 3824 1536 880 3520 2304
1280 3824 1536 992 3520 2272
1536 3824 1536 1248 3520 2240
1792 3824 1536 1280 3472 2064
2048 3824 1536 1680 3488 2016
2288 3824 1536 2160 3520 2112
2544 3824 1536 2624 3536 2144
2800 3824 1536 2928 3600 2112
3056 3824 1536 3216 3664 2048
3312 3824 1536 3520 3696 2048
3568 3824 1536 3664 3664 2032
3824 3824 1536 3712 3568 1920
4080 3824 1536 3808 3520 1856
0 4080 1536 592 3600 2336
256 4080 1536 672 3616 2320
512 4080 1536 736 3616 2336
768 4080 1536 864 3616 2368
1024 4080 1536 976 3632 2352
1280 4080 1536 1056 3632 2352
1536 4080 1536 1328 3632 2320
1792 4080 1536 1376 3616 2144
2048 4080 1536 1696 3616 2112
2288 4080 1536 2112 3616 2128
2544 4080 1536 2672 3664 2224
2800 4080 1536 2960 3680 2208
3056 4080 1536 3232 3728 2144
3312 4080 1536 3536 3776 2096
3568 4080 1536 3712 3760 2112
3824 4080 1536 3824 3728 2096
4080 4080 1536 3808 3680 1936
0 0 1792 320 272 1632
256 0 1792 384 336 1680
512 0 1792 528 352 1696
768 0 1792 672 384 1712
1024 0 1792 848 384 1680
1280 0 1792 1088 400 1648
1536 0 1792 1472 352 1696
1792 0 1792 1616 352 1600
2048 0 1792 2048 368 1536
2288 0 1792 2368 384 1520
2544 0 1792 2688 416 1504
2800 0 1792 2928 400 1504
3056 0 1792 3136 400 1488
3312 0 1792 3376 400 1456
3568 0 1792 3568 416 1424
3824 0 1792 3712 416 1376
4080 0 1792 3760 496 1376
0 256 1792 336 352 1664
256 256 1792 432 368 1712
512 256 1792 592 384 1728
768 256 1792 736 400 1776
1024 256 1792 928 432 1760
1280 256 1792 1152 448 1728
1536 256 1792 1552 416 1760
1792 256 1792 1728 416 1680
2048 256 1792 2112 448 1600
2288 256 1792 2464 448 1616
2544 256 1792 2768 464 1616
2800 256 1792 3008 464 1584
3056 256 1792 3200 464 1568
3312 256 1792 3456 464 1552
3568 256 1792 3616 496 1504
3824 256 1792 3776 480 1488
4080 256 1792 3824 560 1472
0 512 1792 352 464 1680
256 512 1792 480 512 1760
512 512 1792 608 512 1776
768 512 1792 736 512 1808
1024 512 1792 928 544 1808
1280 512 1792 1152 576 1760
1536 512 1792 1520 576 1792
1792 512 1792 1696 512 1712
2048 512 1792 2112 592 1680
2288 512 1792 2464 592 1648
2544 512 1792 2752 592 1664
2800 512 1792 2992 592 1648
3056 512 1792 3200 608 1648
3312 512 1792 3456 624 1632
3568 512 1792 3616 608 1568
3824 512 1792 3760 608 1520
4080 512 1792 3824 736 1552
0 768 1792 352 576 1712
256 768 1792 480 624 1776
512 768 1792 608 672 1824
768 768 1792 768 704 1824
1024 768 1792 928 720 1856
1280 768 1792 1152 752 1808
1536 768 1792 1488 752 1792
1792 768 1792 1712 720 1728
2048 768 1792 2112 752 1728
2288 768 1792 2480 752 1712
2544 768 1792 2768 768 1744
2800 768 1792 2992 784 1744
3056 768 1792 3200 816 1728
3312 768 1792 3456 800 1680
3568 768 1792 3616 800 1616
3824 768 1792 3760 784 1568
4080 768 1792 3824 864 1568
0 1024 1792 368 704 1728
256 1024 1792 496 752 1760
512 1024 1792 640 848 1840
768 1024 1792 784 928 1872
1024 1024 1792 944 960 1920
1280 1024 1792 1152 960 1904
1536 1024 1792 1472 992 1824
1792 1024 1792 1712 960 1792
2048 1024 1792 2144 992 1792
2288 1024 1792 2480 976 1792
2544 1024 1792 2768 992 1808
2800 1024 1792 2992 992 1792
3056 1024 1792 3200 992 1760
3312 1024 1792 3456 976 1728
3568 1024 1792 3616 976 1696
3824 1024 1792 3760 944 1632
4080 1024 1792 3824 1024 1648
0 1280 1792 368 832 1712
256 1280 1792 496 912 1792
512 1280 1792 640 992 1840
768 1280 1792 800 1088 1888
1024 1280 1792 960 1184 1920
1280 1280 1792 1168 1216 1952
1536 1280 1792 1488 1248 1920
1792 1280 1792 1728 1232 1840
2048 1280 1792 2144 1248 1872
2288 1280 1792 2496 1248 1872
2544 1280 1792 2784 1264 1872
2800 1280 1792 3008 1280 1872
3056 1280 1792 3232 1264 1856
3312 1280 1792 3456 1248 1808
3568 1280 1792 3632 1232 1728
3824 1280 1792 3776 1200 1680
4080 1280 1792 3824 1296 1680
0 1536 1792 416 1056 1712
256 1536 1792 528 1136 1776
512 1536 1792 672 1200 1840
768 1536 1792 832 1296 1888
1024 1536 1792 992 1376 1920
1280 1536 1792 1216 1504 1952
1536 1536 1792 1504 1552 1984
1792 1536 1792 1808 1584 1920
2048 1536 1792 2176 1584 1952
2288 1536 1792 2512 1584 1968
2544 1536 1792 2784 1568 1920
2800 1536 1792 3024 1568 1904
3056 1536 1792 3248 1584 1888
3312 1536 1792 3456 1568 1840
3568 1536 1792 3616 1552 1776
3824 1536 1792 3744 1520 1712
4080 1536 1792 3824 1600 1744
0 1792 1792 416 1312 1776
256 1792 1792 544 1392 1856
512 1792 1792 672 1488 1904
768 1792 1792 848 1584 1952
1024 1792 1792 992 1648 1968
1280 1792 1792 1200 1728 2000
1536 1792 1792 1520 1808 2000
1792 1792 1792 1824 1888 2016
2048 1792 1792 2208 1888 2000
2288 1792 1792 2512 1888 1984
2544 1792 1792 2784 1920 1984
2800 1792 1792 3024 1904 1936
3056 1792 1792 3232 1936 1904
3312 1792 1792 3440 1936 1856
3568 1792 1792 3632 1920 1824
3824 1792 1792 3744 1872 1744
4080 1792 1792 3824 1904 1792
0 2048 1792 448 1744 1968
256 2048 1792 576 1840 2064
512 2048 1792 704 1936 2128
768 2048 1792 864 2016 2176
1024 2048 1792 1008 2064 2192
1280 2048 1792 1184 2112 2128
1536 2048 1792 1488 2128 2096
1792 2048 1792 1808 2128 2032
2048 2048 1792 2240 2160 2016
2288 2048 1792 2528 2192 2016
2544 2048 1792 2800 2240 2000
2800 2048 1792 3040 2256 1984
3056 2048 1792 3232 2256 1952
3312 2048 1792 3440 2224 1904
3568 2048 1792 3616 2192 1840
3824 2048 1792 3728 2144 1760
4080 2048 1792 3824 2160 1776
0 2288 1792 480 2128 2208
256 2288 1792 560 2176 2240
512 2288 1792 688 2256 2240
768 2288 1792 832 2304 2256
1024 2288 1792 976 2336 2224
1280 2288 1792 1152 2368 2208
1536 2288 1792 1456 2368 2128
1792 2288 1792 1776 2352 2096
2048 2288 1792 2160 2352 2080
2288 2288 1792 2528 2432 2032
2544 2288 1792 2800 2464 2048
2800 2288 1792 3024 2464 2000
3056 2288 1792 3232 2464 1968
3312 2288 1792 3440 2448 1936
3568 2288 1792 3616 2416 1872
3824 2288 1792 3728 2352 1808
4080 2288 1792 3824 2368 1808
0 2544 1792 448 2400 2272
256 2544 1792 560 2480 2320
512 2544 1792 672 2512 2304
768 2544 1792 800 2560 2288
1024 2544 1792 928 2560 2272
1280 2544 1792 1120 2576 2272
1536 2544 1792 1408 2592 2208
1792 2544 1792 1776 2576 2160
2048 2544 1792 2080 2560 2080
2288 2544 1792 2496 2656 2096
2544 2544 1792 2816 2704 2080
2800 2544 1792 3024 2688 2048
3056 2544 1792 3232 2672 2032
3312 2544 1792 3440 2656 1968
3568 2544 1792 3616 2624 1920
3824 2544 1792 3728 2592 1840
4080 2544 1792 3824 2560 1840
0 2800 1792 464 2688 2336
256 2800 1792 560 2736 2336
512 2800 1792 656 2768 2320
768 2800 1792 784 2784 2336
1024 2800 1792 928 2800 2336
1280 2800 1792 1088 2816 2304
1536 2800 1792 1376 2816 2256
1792 2800 1792 1744 2784 2208
2048 2800 1792 2000 2784 2128
2288 2800 1792 2448 2832 2176
2544 2800 1792 2848 2960 2144
2800 2800 1792 3040 2928 2144
3056 2800 1792 3232 2896 2080
3312 2800 1792 3424 2896 2032
3568 2800 1792 3600 2848 1952
3824 2800 1792 3728 2816 1888
4080 2800 1792 3824 2784 1872
0 3056 1792 464 2960 2368
256 3056 1792 576 2992 2368
512 3056 1792 656 3024 2368
768 3056 1792 768 3024 2384
1024 3056 1792 912 3040 2368
1280 3056 1792 1072 3024 2336
1536 3056 1792 1360 3024 2320
1792 3056 1792 1712 3024 2272
2048 3056 1792 1952 3008 2176
2288 3056 1792 2400 3056 2224
2544 3056 1792 2720 3120 2208
2800 3056 1792 3088 3200 2176
3056 3056 1792 3248 3136 2160
3312 3056 1792 3424 3088 2096
3568 3056 1792 3584 3056 2048
3824 3056 1792 3712 3024 1952
4080 3056 1792 3824 2976 1920
0 3312 1792 480 3152 2400
256 3312 1792 576 3184 2432
512 3312 1792 672 3216 2448
768 3312 1792 800 3232 2416
1024 3312 1792 912 3232 2400
1280 3312 1792 1072 3232 2416
1536 3312 1792 1344 3232 2368
1792 3312 1792 1712 3200 2336
2048 3312 1792 1872 3200 2208
2288 3312 1792 2288 3232 2240
2544 3312 1792 2688 3264 2272
2800 3312 1792 3008 3360 2224
3056 3312 1792 3296 3392 2192
3312 3312 1792 3440 3328 2160
3568 3312 1792 3584 3296 2128
3824 3312 1792 3696 3232 2016
4080 3312 1792 3808 3184 1936
0 3568 1792 496 3344 2432
256 3568 1792 592 3360 2496
512 3568 1792 688 3376 2480
768 3568 1792 800 3392 2448
1024 3568 1792 912 3392 2432
1280 3568 1792 1056 3392 2416
1536 3568 1792 1328 3392 2416
1792 3568 1792 1696 3392 2384
2048 3568 1792 1824 3344 2272
2288 3568 1792 2224 3360 2272
2544 3568 1792 2624 3424 2320
2800 3568 1792 2944 3472 2288
3056 3568 1792 3248 3536 2240
3312 3568 1792 3504 3552 2224
3568 3568 1792 3584 3456 2160
3824 3568 1792 3712 3424 2080
4080 3568 1792 3808 3376 2016
0 3824 1792 512 3472 2480
256 3824 1792 608 3488 2496
512 3824 1792 688 3520 2512
768 3824 1792 800 3520 2512
1024 3824 1792 928 3536 2496
1280 3824 1792 1040 3536 2464
1536 3824 1792 1344 3536 2448
1792 3824 1792 1680 3536 2448
2048 3824 1792 1760 3520 2320
2288 3824 1792 2176 3520 2304
2544 3824 1792 2592 3552 2352
2800 3824 1792 2896 3584 2352
3056 3824 1792 3168 3632 2288
3312 3824 1792 3488 3680 2240
3568 3824 1792 3648 3664 2208
3824 3824 1792 3712 3584 2112
4080 3824 1792 3808 3520 2032
0 4080 1792 608 3616 2560
256 4080 1792 704 3632 2560
512 4080 1792 784 3632 2576
768 4080 1792 880 3648 2576
1024 4080 1792 992 3648 2560
1280 4080 1792 1120 3648 2560
1536 4080 1792 1392 3648 2544
1792 4080 1792 1760 3648 2512
2048 4080 1792 1776 3632 2384
2288 4080 1792 2192 3632 2368
2544 4080 1792 2624 3664 2432
2800 4080 1792 2944 3664 2432
3056 4080 1792 3184 3712 2384
3312 4080 1792 3488 3760 2304
3568 4080 1792 3696 3760 2288
3824 4080 1792 3808 3744 2240
4080 4080 1792 3808 3680 2112
0 0 2048 352 288 1840
256 0 2048 416 352 1872
512 0 2048 544 352 1920
768 0 2048 704 384 1952
1024 0 2048 896 384 1904
1280 0 2048 1120 400 1872
1536 0 2048 1472 384 1936
1792 0 2048 1872 352 1968
2048 0 2048 2016 368 1808
2288 0 2048 2320 400 1792
2544 0 2048 2624 400 1744
2800 0 2048 2896 400 1712
3056 0 2048 3120 400 1696
3312 0 2048 3344 400 1664
3568 0 2048 3536 416 1648
3824 0 2048 3664 416 1584
4080 0 2048 3760 464 1600
0 256 2048 352 352 1872
256 256 2048 480 368 1936
512 256 2048 608 384 1952
768 256 2048 768 400 2032
1024 256 2048 944 416 1984
1280 256 2048 1184 464 1952
1536 256 2048 1520 448 1952
1792 256 2048 1952 432 2032
2048 256 2048 2096 432 1888
2288 256 2048 2416 464 1856
2544 256 2048 2704 464 1840
2800 256 2048 2976 464 1808
3056 256 2048 3184 480 1808
3312 256 2048 3408 512 1776
3568 256 2048 3600 496 1744
3824 256 2048 3728 496 1712
4080 256 2048 3824 560 1664
0 512 2048 368 480 1888
256 512 2048 480 528 1968
512 512 2048 624 528 2000
768 512 2048 768 544 2032
1024 512 2048 944 560 2048
1280 512 2048 1168 592 2000
1536 512 2048 1520 608 1984
1792 512 2048 1872 576 2032
2048 512 2048 2096 576 1936
2288 512 2048 2416 592 1888
2544 512 2048 2704 608 1888
2800 512 2048 2960 608 1872
3056 512 2048 3184 624 1872
3312 512 2048 3408 624 1824
3568 512 2048 3600 640 1808
3824 512 2048 3744 624 1744
4080 512 2048 3824 688 1728
0 768 2048 368 608 1904
256 768 2048 496 656 1984
512 768 2048 640 704 2032
768 768 2048 784 720 2064
1024 768 2048 944 720 2064
1280 768 2048 1184 768 2080
1536 768 2048 1488 816 2032
1792 768 2048 1840 752 2048
2048 768 2048 2112 736 2000
2288 768 2048 2400 768 1968
2544 768 2048 2720 784 1936
2800 768 2048 2976 800 1936
3056 768 2048 3184 800 1920
3312 768 2048 3408 816 1920
3568 768 2048 3600 800 1840
3824 768 2048 3728 800 1808
4080 768 2048 3824 848 1776
0 1024 2048 384 720 1920
256 1024 2048 512 800 1984
512 1024 2048 640 880 2048
768 1024 2048 816 944 2096
1024 1024 2048 992 992 2128
1280 1024 2048 1168 992 2128
1536 1024 2048 1504 1040 2064
1792 1024 2048 1824 1008 2064
2048 1024 2048 2128 976 2048
2288 1024 2048 2416 1008 2016
2544 1024 2048 2720 992 2016
2800 1024 2048 2976 1008 1984
3056 1024 2048 3184 1024 2016
3312 1024 2048 3408 1008 1984
3568 1024 2048 3600 992 1920
3824 1024 2048 3728 976 1872
4080 1024 2048 3824 1024 1840
0 1280 2048 400 880 1936
256 1280 2048 528 944 2016
512 1280 2048 672 1040 2064
768 1280 2048 832 1136 2128
1024 1280 2048 1008 1200 2160
1280 1280 2048 1184 1232 2176
1536 1280 2048 1504 1280 2128
1792 1280 2048 1824 1280 2112
2048 1280 2048 2144 1248 2112
2288 1280 2048 2464 1280 2080
2544 1280 2048 2736 1296 2064
2800 1280 2048 2992 1280 2080
3056 1280 2048 3200 1264 2080
3312 1280 2048 3424 1264 2048
3568 1280 2048 3632 1232 1968
3824 1280 2048 3728 1232 1920
4080 1280 2048 3824 1296 1888
0 1536 2048 416 1040 1920
256 1536 2048 544 1120 2000
512 1536 2048 688 1232 2048
768 1536 2048 864 1328 2112
1024 1536 2048 1024 1424 2128
1280 1536 2048 1216 1536 2176
1536 1536 2048 1552 1568 2224
1792 1536 2048 1872 1600 2160
2048 1536 2048 2176 1584 2144
2288 1536 2048 2480 1584 2144
2544 1536 2048 2752 1600 2144
2800 1536 2048 2976 1584 2144
3056 1536 2048 3184 1584 2112
3312 1536 2048 3440 1584 2080
3568 1536 2048 3616 1552 2016
3824 1536 2048 3728 1504 1936
4080 1536 2048 3824 1584 1936
0 1792 2048 464 1264 1952
256 1792 2048 560 1360 2000
512 1792 2048 720 1440 2064
768 1792 2048 864 1552 2112
1024 1792 2048 1040 1600 2160
1280 1792 2048 1232 1728 2176
1536 1792 2048 1552 1824 2224
1792 1792 2048 1872 1888 2240
2048 1792 2048 2176 1904 2208
2288 1792 2048 2464 1904 2224
2544 1792 2048 2768 1936 2224
2800 1792 2048 3008 1888 2208
3056 1792 2048 3200 1904 2160
3312 1792 2048 3440 1904 2112
3568 1792 2048 3632 1872 2064
3824 1792 2048 3728 1808 1952
4080 1792 2048 3824 1872 2000
0 2048 2048 464 1552 2000
256 2048 2048 576 1648 2080
512 2048 2048 720 1728 2128
768 2048 2048 864 1808 2192
1024 2048 2048 1024 1904 2240
1280 2048 2048 1232 1984 2240
1536 2048 2048 1568 2064 2256
1792 2048 2048 1888 2128 2272
2048 2048 2048 2224 2208 2256
2288 2048 2048 2496 2192 2256
2544 2048 2048 2784 2240 2256
2800 2048 2048 3008 2224 2240
3056 2048 2048 3200 2240 2208
3312 2048 2048 3440 2224 2160
3568 2048 2048 3616 2192 2080
3824 2048 2048 3744 2128 2000
4080 2048 2048 3824 2160 2064
0 2288 2048 480 1920 2240
256 2288 2048 608 2032 2320
512 2288 2048 752 2128 2368
768 2288 2048 880 2240 2416
1024 2288 2048 1072 2320 2464
1280 2288 2048 1264 2368 2464
1536 2288 2048 1552 2400 2432
1792 2288 2048 1872 2400 2368
2048 2288 2048 2208 2432 2304
2288 2288 2048 2512 2432 2256
2544 2288 2048 2784 2480 2272
2800 2288 2048 3008 2448 2256
3056 2288 2048 3216 2480 2224
3312 2288 2048 3440 2448 2160
3568 2288 2048 3600 2400 2080
3824 2288 2048 3728 2368 2016
4080 2288 2048 3824 2368 2048
0 2544 2048 512 2368 2528
256 2544 2048 624 2464 2560
512 2544 2048 752 2512 2560
768 2544 2048 864 2560 2544
1024 2544 2048 1024 2592 2528
1280 2544 2048 1184 2624 2496
1536 2544 2048 1488 2624 2448
1792 2544 2048 1824 2624 2432
2048 2544 2048 2192 2624 2384
2288 2544 2048 2464 2640 2336
2544 2544 2048 2784 2688 2336
2800 2544 2048 3008 2672 2304
3056 2544 2048 3216 2672 2272
3312 2544 2048 3424 2672 2224
3568 2544 2048 3632 2640 2160
3824 2544 2048 3728 2608 2096
4080 2544 2048 3824 2608 2112
0 2800 2048 496 2720 2624
256 2800 2048 608 2752 2640
512 2800 2048 720 2800 2608
768 2800 2048 848 2832 2592
1024 2800 2048 976 2832 2544
1280 2800 2048 1152 2848 2544
1536 2800 2048 1456 2848 2512
1792 2800 2048 1824 2848 2464
2048 2800 2048 2192 2848 2432
2288 2800 2048 2400 2832 2384
2544 2800 2048 2768 2928 2384
2800 2800 2048 3024 2944 2368
3056 2800 2048 3216 2912 2352
3312 2800 2048 3424 2912 2288
3568 2800 2048 3584 2864 2192
3824 2800 2048 3728 2816 2112
4080 2800 2048 3824 2816 2128
0 3056 2048 496 2960 2624
256 3056 2048 608 3008 2656
512 3056 2048 704 3024 2656
768 3056 2048 832 3056 2640
1024 3056 2048 960 3072 2608
1280 3056 2048 1136 3104 2608
1536 3056 2048 1408 3088 2544
1792 3056 2048 1792 3072 2512
2048 3056 2048 2192 3072 2512
2288 3056 2048 2384 3040 2432
2544 3056 2048 2704 3088 2464
2800 3056 2048 3040 3184 2432
3056 3056 2048 3232 3152 2384
3312 3056 2048 3408 3104 2336
3568 3056 2048 3584 3088 2256
3824 3056 2048 3712 3040 2176
4080 3056 2048 3824 3008 2160
0 3312 2048 512 3168 2656
256 3312 2048 608 3200 2656
512 3312 2048 688 3216 2656
768 3312 2048 832 3248 2656
1024 3312 2048 944 3264 2656
1280 3312 2048 1120 3264 2624
1536 3312 2048 1408 3264 2576
1792 3312 2048 1776 3248 2576
2048 3312 2048 2192 3248 2560
2288 3312 2048 2352 3248 2464
2544 3312 2048 2656 3280 2480
2800 3312 2048 2960 3328 2464
3056 3312 2048 3264 3408 2416
3312 3312 2048 3424 3328 2384
3568 3312 2048 3584 3280 2320
3824 3312 2048 3696 3248 2240
4080 3312 2048 3824 3232 2192
0 3568 2048 496 3344 2656
256 3568 2048 608 3376 2688
512 3568 2048 704 3392 2704
768 3568 2048 832 3424 2720
1024 3568 2048 928 3408 2672
1280 3568 2048 1120 3424 2656
1536 3568 2048 1392 3424 2624
1792 3568 2048 1760 3424 2624
2048 3568 2048 2176 3408 2592
2288 3568 2048 2288 3392 2480
2544 3568 2048 2608 3424 2496
2800 3568 2048 2912 3440 2496
3056 3568 2048 3200 3536 2448
3312 3568 2048 3488 3536 2400
3568 3568 2048 3600 3456 2352
3824 3568 2048 3696 3424 2288
4080 3568 2048 3824 3376 2224
0 3824 2048 528 3520 2704
256 3824 2048 640 3536 2736
512 3824 2048 720 3536 2720
768 3824 2048 832 3552 2736
1024 3824 2048 928 3536 2704
1280 3824 2048 1104 3552 2688
1536 3824 2048 1360 3568 2672
1792 3824 2048 1760 3568 2672
2048 3824 2048 2176 3568 2640
2288 3824 2048 2240 3536 2528
2544 3824 2048 2560 3552 2528
2800 3824 2048 2896 3584 2544
3056 3824 2048 3136 3616 2512
3312 3824 2048 3440 3680 2416
3568 3824 2048 3648 3664 2368
3824 3824 2048 3712 3584 2304
4080 3824 2048 3808 3536 2256
0 4080 2048 608 3632 2768
256 4080 2048 720 3648 2800
512 4080 2048 800 3664 2784
768 4080 2048 896 3664 2784
1024 4080 2048 1008 3680 2784
1280 4080 2048 1152 3664 2768
1536 4080 2048 1440 3664 2752
1792 4080 2048 1808 3664 2736
2048 4080 2048 2240 3680 2736
2288 4080 2048 2288 3664 2608
2544 4080 2048 2624 3664 2576
2800 4080 2048 2928 3696 2624
3056 4080 2048 3168 3696 2608
3312 4080 2048 3440 3744 2512
3568 4080 2048 3664 3760 2464
3824 4080 2048 3808 3760 2464
4080 4080 2048 3808 3696 2320
0 0 2288 352 304 2048
256 0 2288 432 368 2080
512 0 2288 560 368 2112
768 0 2288 720 384 2176
1024 0 2288 912 400 2128
1280 0 2288 1136 432 2096
1536 0 2288 1472 416 2080
1792 0 2288 1872 384 2160
2048 0 2288 2208 368 2176
2288 0 2288 2304 384 2032
2544 0 2288 2560 400 1968
2800 0 2288 2816 400 1952
3056 0 2288 3072 400 1904
3312 0 2288 3312 416 1888
3568 0 2288 3520 432 1840
3824 0 2288 3664 432 1792
4080 0 2288 3760 464 1760
0 256 2288 384 384 2064
256 256 2288 496 384 2144
512 256 2288 640 400 2192
768 256 2288 784 416 2240
1024 256 2288 960 448 2208
1280 256 2288 1184 480 2160
1536 256 2288 1552 480 2176
1792 256 2288 1888 464 2224
2048 256 2288 2272 432 2256
2288 256 2288 2384 432 2096
2544 256 2288 2624 464 2096
2800 256 2288 2928 480 2048
3056 256 2288 3168 496 2000
3312 256 2288 3376 512 1968
3568 256 2288 3584 512 1936
3824 256 2288 3728 480 1872
4080 256 2288 3824 528 1840
0 512 2288 416 528 2096
256 512 2288 528 544 2176
512 512 2288 640 528 2208
768 512 2288 784 560 2256
1024 512 2288 960 576 2272
1280 512 2288 1200 608 2224
1536 512 2288 1520 624 2192
1792 512 2288 1888 592 2240
2048 512 2288 2288 576 2288
2288 512 2288 2384 576 2144
2544 512 2288 2624 592 2128
2800 512 2288 2912 624 2096
3056 512 2288 3168 640 2080
3312 512 2288 3376 640 2064
3568 512 2288 3584 624 1984
3824 512 2288 3728 640 1952
4080 512 2288 3824 688 1888
0 768 2288 400 624 2112
256 768 2288 528 688 2192
512 768 2288 672 720 2272
768 768 2288 832 736 2288
1024 768 2288 976 752 2304
1280 768 2288 1200 768 2304
1536 768 2288 1520 816 2224
1792 768 2288 1824 816 2240
2048 768 2288 2208 752 2288
2288 768 2288 2400 752 2176
2544 768 2288 2640 816 2176
2800 768 2288 2928 816 2144
3056 768 2288 3152 800 2128
3312 768 2288 3376 800 2096
3568 768 2288 3584 800 2048
3824 768 2288 3728 800 2000
4080 768 2288 3824 816 1952
0 1024 2288 416 752 2144
256 1024 2288 544 848 2208
512 1024 2288 672 912 2304
768 1024 2288 848 944 2336
1024 1024 2288 992 976 2368
1280 1024 2288 1200 1008 2368
1536 1024 2288 1536 1056 2288
1792 1024 2288 1808 1056 2272
2048 1024 2288 2176 1008 2320
2288 1024 2288 2400 992 2224
2544 1024 2288 2640 1024 2208
2800 1024 2288 2928 1024 2192
3056 1024 2288 3152 1008 2176
3312 1024 2288 3392 1024 2144
3568 1024 2288 3584 992 2112
3824 1024 2288 3728 976 2064
4080 1024 2288 3824 1008 1984
0 1280 2288 416 896 2160
256 1280 2288 544 992 2240
512 1280 2288 688 1072 2288
768 1280 2288 864 1152 2352
1024 1280 2288 1024 1216 2400
1280 1280 2288 1216 1248 2432
1536 1280 2288 1552 1280 2416
1792 1280 2288 1856 1296 2320
2048 1280 2288 2192 1280 2352
2288 1280 2288 2416 1264 2304
2544 1280 2288 2672 1280 2272
2800 1280 2288 2960 1280 2272
3056 1280 2288 3184 1280 2272
3312 1280 2288 3392 1280 2224
3568 1280 2288 3584 1264 2208
3824 1280 2288 3728 1248 2160
4080 1280 2288 3824 1264 2112
0 1536 2288 448 1056 2160
256 1536 2288 576 1152 2224
512 1536 2288 736 1248 2288
768 1536 2288 864 1344 2368
1024 1536 2288 1056 1488 2400
1280 1536 2288 1248 1568 2432
1536 1536 2288 1552 1600 2464
1792 1536 2288 1904 1616 2432
2048 1536 2288 2208 1632 2432
2288 1536 2288 2448 1600 2400
2544 1536 2288 2720 1632 2368
2800 1536 2288 2976 1616 2352
3056 1536 2288 3184 1616 2352
3312 1536 2288 3392 1568 2304
3568 1536 2288 3600 1568 2256
3824 1536 2288 3728 1504 2192
4080 1536 2288 3824 1552 2192
0 1792 2288 480 1248 2160
256 1792 2288 608 1360 2208
512 1792 2288 768 1440 2272
768 1792 2288 912 1552 2352
1024 1792 2288 1056 1648 2384
1280 1792 2288 1280 1744 2432
1536 1792 2288 1568 1856 2480
1792 1792 2288 1920 1936 2496
2048 1792 2288 2224 1952 2464
2288 1792 2288 2464 1920 2432
2544 1792 2288 2720 1952 2448
2800 1792 2288 2992 1968 2464
3056 1792 2288 3184 1904 2416
3312 1792 2288 3408 1888 2368
3568 1792 2288 3600 1856 2320
3824 1792 2288 3728 1792 2240
4080 1792 2288 3824 1840 2272
0 2048 2288 496 1504 2208
256 2048 2288 608 1600 2256
512 2048 2288 768 1696 2352
768 2048 2288 912 1776 2384
1024 2048 2288 1056 1856 2432
1280 2048 2288 1280 1968 2464
1536 2048 2288 1584 2048 2480
1792 2048 2288 1952 2160 2512
2048 2048 2288 2272 2208 2512
2288 2048 2288 2480 2208 2480
2544 2048 2288 2752 2240 2512
2800 2048 2288 2976 2240 2512
3056 2048 2288 3200 2208 2464
3312 2048 2288 3440 2192 2400
3568 2048 2288 3616 2160 2368
3824 2048 2288 3728 2080 2272
4080 2048 2288 3824 2144 2304
0 2288 2288 480 1744 2256
256 2288 2288 624 1872 2320
512 2288 2288 752 1952 2400
768 2288 2288 912 2032 2432
1024 2288 2288 1056 2128 2480
1280 2288 2288 1280 2192 2496
1536 2288 2288 1584 2256 2512
1792 2288 2288 1952 2368 2496
2048 2288 2288 2288 2400 2544
2288 2288 2288 2496 2464 2528
2544 2288 2288 2768 2464 2528
2800 2288 2288 2992 2464 2512
3056 2288 2288 3184 2448 2480
3312 2288 2288 3408 2448 2448
3568 2288 2288 3584 2400 2384
3824 2288 2288 3728 2352 2320
4080 2288 2288 3824 2400 2352
0 2544 2288 496 2144 2512
256 2544 2288 640 2256 2576
512 2544 2288 784 2384 2640
768 2544 2288 944 2480 2672
1024 2544 2288 1088 2560 2720
1280 2544 2288 1296 2592 2720
1536 2544 2288 1584 2640 2688
1792 2544 2288 1920 2640 2656
2048 2544 2288 2256 2656 2592
2288 2544 2288 2480 2672 2576
2544 2544 2288 2752 2688 2544
2800 2544 2288 2992 2688 2528
3056 2544 2288 3184 2672 2496
3312 2544 2288 3424 2688 2464
3568 2544 2288 3584 2640 2416
3824 2544 2288 3712 2608 2336
4080 2544 2288 3824 2608 2368
0 2800 2288 544 2640 2752
256 2800 2288 672 2720 2800
512 2800 2288 784 2784 2800
768 2800 2288 912 2832 2832
1024 2800 2288 1056 2864 2816
1280 2800 2288 1232 2880 2784
1536 2800 2288 1552 2896 2752
1792 2800 2288 1872 2896 2704
2048 2800 2288 2240 2896 2656
2288 2800 2288 2480 2864 2608
2544 2800 2288 2720 2896 2608
2800 2800 2288 2992 2928 2576
3056 2800 2288 3184 2912 2528
3312 2800 2288 3408 2896 2480
3568 2800 2288 3584 2880 2416
3824 2800 2288 3728 2848 2336
4080 2800 2288 3824 2848 2384
0 3056 2288 528 2992 2864
256 3056 2288 640 3040 2848
512 3056 2288 768 3040 2848
768 3056 2288 896 3088 2848
1024 3056 2288 1008 3088 2816
1280 3056 2288 1216 3104 2784
1536 3056 2288 1520 3104 2784
1792 3056 2288 1872 3104 2736
2048 3056 2288 2240 3104 2720
2288 3056 2288 2512 3104 2688
2544 3056 2288 2688 3088 2656
2800 3056 2288 2992 3152 2640
3056 3056 2288 3216 3152 2576
3312 3056 2288 3392 3104 2544
3568 3056 2288 3584 3088 2464
3824 3056 2288 3728 3040 2416
4080 3056 2288 3824 3040 2432
0 3312 2288 544 3184 2864
256 3312 2288 624 3216 2864
512 3312 2288 752 3232 2864
768 3312 2288 864 3264 2848
1024 3312 2288 992 3280 2832
1280 3312 2288 1168 3296 2832
1536 3312 2288 1472 3296 2800
1792 3312 2288 1824 3296 2768
2048 3312 2288 2240 3280 2752
2288 3312 2288 2496 3280 2736
2544 3312 2288 2656 3264 2688
2800 3312 2288 2944 3296 2688
3056 3312 2288 3216 3360 2624
3312 3312 2288 3408 3328 2608
3568 3312 2288 3568 3280 2544
3824 3312 2288 3696 3264 2464
4080 3312 2288 3824 3232 2464
0 3568 2288 544 3344 2880
256 3568 2288 640 3376 2896
512 3568 2288 752 3392 2864
768 3568 2288 864 3424 2880
1024 3568 2288 976 3424 2864
1280 3568 2288 1136 3440 2864
1536 3568 2288 1456 3440 2816
1792 3568 2288 1808 3424 2800
2048 3568 2288 2240 3424 2784
2288 3568 2288 2512 3424 2784
2544 3568 2288 2640 3424 2704
2800 3568 2288 2896 3440 2720
3056 3568 2288 3152 3472 2656
3312 3568 2288 3472 3536 2608
3568 3568 2288 3584 3472 2576
3824 3568 2288 3696 3440 2512
4080 3568 2288 3808 3376 2464
0 3824 2288 544 3520 2896
256 3824 2288 656 3552 2896
512 3824 2288 736 3568 2912
768 3824 2288 864 3568 2896
1024 3824 2288 976 3584 2912
1280 3824 2288 1120 3584 2864
1536 3824 2288 1408 3584 2848
1792 3824 2288 1792 3584 2832
2048 3824 2288 2224 3584 2832
2288 3824 2288 2496 3584 2816
2544 3824 2288 2608 3568 2736
2800 3824 2288 2880 3584 2736
3056 3824 2288 3120 3600 2736
3312 3824 2288 3392 3664 2640
3568 3824 2288 3632 3664 2592
3824 3824 2288 3696 3568 2528
4080 3824 2288 3808 3536 2496
0 4080 2288 624 3648 2944
256 4080 2288 720 3664 2960
512 4080 2288 816 3680 2976
768 4080 2288 928 3696 2992
1024 4080 2288 1024 3680 2960
1280 4080 2288 1200 3696 2944
1536 4080 2288 1488 3696 2912
1792 4080 2288 1872 3696 2912
2048 4080 2288 2304 3696 2912
2288 4080 2288 2576 3680 2896
2544 4080 2288 2656 3680 2800
2800 4080 2288 2928 3696 2816
3056 4080 2288 3168 3696 2816
3312 4080 2288 3408 3744 2720
3568 4080 2288 3680 3760 2688
3824 4080 2288 3792 3760 2624
4080 4080 2288 3824 3696 2528
0 0 2544 400 304 2320
256 0 2544 464 368 2352
512 0 2544 592 368 2400
768 0 2544 752 384 2432
1024 0 2544 928 400 2416
1280 0 2544 1168 448 2352
1536 0 2544 1488 432 2336
1792 0 2544 1824 416 2384
2048 0 2544 2160 400 2448
2288 0 2544 2448 368 2448
2544 0 2544 2528 400 2240
2800 0 2544 2784 400 2176
3056 0 2544 3040 416 2160
3312 0 2544 3264 432 2112
3568 0 2544 3488 432 2048
3824 0 2544 3632 432 1984
4080 0 2544 3760 448 1936
0 256 2544 400 384 2336
256 256 2544 544 400 2400
512 256 2544 672 400 2448
768 256 2544 800 416 2496
1024 256 2544 976 448 2496
1280 256 2544 1232 512 2432
1536 256 2544 1552 528 2416
1792 256 2544 1824 512 2416
2048 256 2544 2224 464 2496
2288 256 2544 2512 448 2512
2544 256 2544 2592 464 2304
2800 256 2544 2864 496 2304
3056 256 2544 3104 512 2240
3312 256 2544 3360 528 2192
3568 256 2544 3568 512 2144
3824 256 2544 3696 496 2080
4080 256 2544 3824 528 2048
0 512 2544 432 528 2368
256 512 2544 544 544 2432
512 512 2544 672 560 2480
768 512 2544 816 576 2512
1024 512 2544 992 576 2544
1280 512 2544 1216 608 2480
1536 512 2544 1552 640 2432
1792 512 2544 1824 640 2448
2048 512 2544 2208 608 2512
2288 512 2544 2512 592 2560
2544 512 2544 2608 576 2352
2800 512 2544 2848 624 2368
3056 512 2544 3104 640 2304
3312 512 2544 3360 640 2240
3568 512 2544 3552 656 2208
3824 512 2544 3696 640 2144
4080 512 2544 3824 656 2112
0 768 2544 416 640 2384
256 768 2544 544 704 2432
512 768 2544 704 752 2528
768 768 2544 864 752 2544
1024 768 2544 992 768 2560
1280 768 2544 1200 784 2560
1536 768 2544 1552 848 2496
1792 768 2544 1824 848 2464
2048 768 2544 2208 800 2528
2288 768 2544 2512 768 2560
2544 768 2544 2608 784 2448
2800 768 2544 2864 816 2384
3056 768 2544 3104 832 2368
3312 768 2544 3360 816 2320
3568 768 2544 3568 848 2288
3824 768 2544 3696 800 2256
4080 768 2544 3824 800 2160
0 1024 2544 416 784 2384
256 1024 2544 544 864 2480
512 1024 2544 704 928 2512
768 1024 2544 864 960 2576
1024 1024 2544 1040 992 2608
1280 1024 2544 1216 1008 2608
1536 1024 2544 1552 1072 2560
1792 1024 2544 1840 1072 2528
2048 1024 2544 2160 1040 2544
2288 1024 2544 2448 1008 2560
2544 1024 2544 2624 1008 2480
2800 1024 2544 2880 1040 2464
3056 1024 2544 3120 1040 2416
3312 1024 2544 3360 1040 2400
3568 1024 2544 3568 1008 2368
3824 1024 2544 3696 976 2320
4080 1024 2544 3824 976 2240
0 1280 2544 448 912 2384
256 1280 2544 576 1008 2480
512 1280 2544 720 1088 2544
768 1280 2544 880 1184 2592
1024 1280 2544 1040 1248 2624
1280 1280 2544 1248 1264 2672
1536 1280 2544 1552 1280 2640
1792 1280 2544 1888 1328 2576
2048 1280 2544 2176 1328 2560
2288 1280 2544 2464 1280 2608
2544 1280 2544 2640 1280 2544
2800 1280 2544 2880 1296 2512
3056 1280 2544 3152 1312 2480
3312 1280 2544 3360 1312 2480
3568 1280 2544 3568 1280 2448
3824 1280 2544 3712 1264 2368
4080 1280 2544 3824 1264 2320
0 1536 2544 480 1088 2416
256 1536 2544 608 1184 2464
512 1536 2544 768 1280 2544
768 1536 2544 912 1408 2608
1024 1536 2544 1056 1504 2624
1280 1536 2544 1280 1584 2688
1536 1536 2544 1584 1616 2720
1792 1536 2544 1936 1648 2688
2048 1536 2544 2240 1664 2624
2288 1536 2544 2464 1664 2624
2544 1536 2544 2688 1616 2608
2800 1536 2544 2912 1632 2560
3056 1536 2544 3152 1616 2560
3312 1536 2544 3376 1600 2512
3568 1536 2544 3584 1584 2496
3824 1536 2544 3712 1536 2448
4080 1536 2544 3824 1536 2416
0 1792 2544 496 1248 2400
256 1792 2544 624 1360 2448
512 1792 2544 800 1504 2528
768 1792 2544 944 1584 2576
1024 1792 2544 1088 1696 2624
1280 1792 2544 1312 1776 2672
1536 1792 2544 1600 1920 2736
1792 1792 2544 1952 1952 2736
2048 1792 2544 2272 1984 2704
2288 1792 2544 2480 1984 2688
2544 1792 2544 2688 1952 2640
2800 1792 2544 2928 1968 2624
3056 1792 2544 3168 1952 2624
3312 1792 2544 3392 1920 2608
3568 1792 2544 3584 1872 2544
3824 1792 2544 3728 1824 2512
4080 1792 2544 3824 1824 2528
0 2048 2544 528 1504 2400
256 2048 2544 656 1568 2480
512 2048 2544 784 1680 2544
768 2048 2544 944 1776 2592
1024 2048 2544 1120 1872 2640
1280 2048 2544 1312 2000 2688
1536 2048 2544 1632 2096 2720
1792 2048 2544 1984 2176 2752
2048 2048 2544 2304 2240 2752
2288 2048 2544 2512 2272 2736
2544 2048 2544 2704 2256 2704
2800 2048 2544 2944 2240 2704
3056 2048 2544 3168 2240 2720
3312 2048 2544 3392 2208 2688
3568 2048 2544 3584 2160 2608
3824 2048 2544 3728 2096 2576
4080 2048 2544 3824 2128 2576
0 2288 2544 528 1696 2448
256 2288 2544 672 1824 2528
512 2288 2544 800 1920 2576
768 2288 2544 944 2032 2640
1024 2288 2544 1120 2096 2672
1280 2288 2544 1312 2160 2704
1536 2288 2544 1616 2240 2720
1792 2288 2544 2000 2336 2736
2048 2288 2544 2320 2432 2768
2288 2288 2544 2512 2480 2784
2544 2288 2544 2704 2464 2736
2800 2288 2544 2960 2464 2768
3056 2288 2544 3184 2464 2768
3312 2288 2544 3408 2416 2704
3568 2288 2544 3584 2384 2656
3824 2288 2544 3728 2320 2592
4080 2288 2544 3824 2336 2608
0 2544 2544 528 1968 2528
256 2544 2544 656 2064 2592
512 2544 2544 784 2160 2640
768 2544 2544 944 2256 2688
1024 2544 2544 1120 2352 2720
1280 2544 2544 1328 2416 2736
1536 2544 2544 1616 2512 2752
1792 2544 2544 2016 2560 2768
2048 2544 2544 2320 2592 2784
2288 2544 2544 2512 2656 2784
2544 2544 2544 2752 2688 2784
2800 2544 2544 2976 2704 2784
3056 2544 2544 3184 2672 2768
3312 2544 2544 3392 2672 2736
3568 2544 2544 3584 2624 2704
3824 2544 2544 3728 2592 2624
4080 2544 2544 3824 2608 2656
0 2800 2544 560 2416 2736
256 2800 2544 688 2544 2816
512 2800 2544 800 2576 2848
768 2800 2544 960 2688 2896
1024 2800 2544 1136 2768 2912
1280 2800 2544 1312 2832 2944
1536 2800 2544 1632 2896 2960
1792 2800 2544 1984 2912 2912
2048 2800 2544 2304 2928 2896
2288 2800 2544 2512 2928 2848
2544 2800 2544 2752 2912 2848
2800 2800 2544 2976 2944 2800
3056 2800 2544 3200 2928 2784
3312 2800 2544 3392 2912 2752
3568 2800 2544 3584 2896 2704
3824 2800 2544 3728 2880 2656
4080 2800 2544 3824 2864 2672
0 3056 2544 576 2864 2960
256 3056 2544 704 2960 3008
512 3056 2544 816 3040 3024
768 3056 2544 944 3072 3040
1024 3056 2544 1088 3120 3040
1280 3056 2544 1280 3136 3008
1536 3056 2544 1568 3136 2992
1792 3056 2544 1920 3152 2960
2048 3056 2544 2272 3136 2928
2288 3056 2544 2512 3120 2880
2544 3056 2544 2736 3120 2880
2800 3056 2544 2944 3120 2848
3056 3056 2544 3200 3168 2816
3312 3056 2544 3392 3120 2768
3568 3056 2544 3584 3104 2752
3824 3056 2544 3696 3088 2688
4080 3056 2544 3824 3072 2688
0 3312 2544 576 3200 3088
256 3312 2544 704 3232 3088
512 3312 2544 800 3264 3072
768 3312 2544 928 3280 3072
1024 3312 2544 1056 3280 3040
1280 3312 2544 1216 3296 3024
1536 3312 2544 1536 3312 2992
1792 3312 2544 1888 3312 2960
2048 3312 2544 2256 3312 2944
2288 3312 2544 2512 3312 2912
2544 3312 2544 2752 3312 2912
2800 3312 2544 2928 3280 2864
3056 3312 2544 3184 3344 2848
3312 3312 2544 3408 3360 2816
3568 3312 2544 3568 3312 2768
3824 3312 2544 3712 3280 2704
4080 3312 2544 3808 3248 2672
0 3568 2544 592 3360 3088
256 3568 2544 688 3392 3104
512 3568 2544 800 3408 3072
768 3568 2544 912 3424 3072
1024 3568 2544 1040 3440 3040
1280 3568 2544 1216 3440 3024
1536 3568 2544 1504 3472 3024
1792 3568 2544 1904 3472 2992
2048 3568 2544 2256 3472 2992
2288 3568 2544 2528 3472 2960
2544 3568 2544 2736 3472 2944
2800 3568 2544 2896 3440 2896
3056 3568 2544 3136 3472 2896
3312 3568 2544 3424 3536 2832
3568 3568 2544 3584 3488 2784
3824 3568 2544 3696 3440 2736
4080 3568 2544 3808 3440 2688
0 3824 2544 576 3520 3088
256 3824 2544 688 3552 3104
512 3824 2544 784 3552 3088
768 3824 2544 896 3584 3072
1024 3824 2544 1024 3584 3072
1280 3824 2544 1184 3600 3056
1536 3824 2544 1472 3616 3040
1792 3824 2544 1856 3600 3008
2048 3824 2544 2256 3584 2992
2288 3824 2544 2528 3600 2992
2544 3824 2544 2736 3600 2976
2800 3824 2544 2880 3584 2912
3056 3824 2544 3104 3584 2928
3312 3824 2544 3360 3632 2880
3568 3824 2544 3616 3664 2784
3824 3824 2544 3696 3584 2720
4080 3824 2544 3808 3536 2704
0 4080 2544 656 3664 3152
256 4080 2544 752 3664 3168
512 4080 2544 848 3680 3152
768 4080 2544 960 3696 3152
1024 4080 2544 1072 3696 3136
1280 4080 2544 1232 3696 3136
1536 4080 2544 1552 3696 3104
1792 4080 2544 1904 3696 3072
2048 4080 2544 2336 3696 3072
2288 4080 2544 2592 3712 3056
2544 4080 2544 2832 3696 3056
2800 4080 2544 2928 3696 2992
3056 4080 2544 3152 3712 2992
3312 4080 2544 3376 3728 2944
3568 4080 2544 3632 3760 2864
3824 4080 2544 3776 3744 2832
4080 4080 2544 3824 3712 2720
0 0 2800 400 320 2576
256 0 2800 480 368 2592
512 0 2800 640 384 2624
768 0 2800 784 400 2656
1024 0 2800 944 416 2624
1280 0 2800 1200 464 2576
1536 0 2800 1504 464 2576
1792 0 2800 1792 448 2576
2048 0 2800 2144 416 2624
2288 0 2800 2432 400 2688
2544 0 2800 2672 384 2640
2800 0 2800 2768 384 2480
3056 0 2800 2960 416 2432
3312 0 2800 3216 432 2368
3568 0 2800 3456 448 2304
3824 0 2800 3584 432 2240
4080 0 2800 3744 416 2160
0 256 2800 432 400 2592
256 256 2800 560 400 2656
512 256 2800 688 416 2672
768 256 2800 848 448 2720
1024 256 2800 992 464 2736
1280 256 2800 1232 496 2640
1536 256 2800 1552 528 2624
1792 256 2800 1856 528 2640
2048 256 2800 2192 528 2672
2288 256 2800 2464 464 2752
2544 256 2800 2768 448 2720
2800 256 2800 2832 464 2560
3056 256 2800 3056 528 2528
3312 256 2800 3296 528 2464
3568 256 2800 3520 512 2416
3824 256 2800 3680 496 2336
4080 256 2800 3808 480 2256
0 512 2800 464 512 2624
256 512 2800 576 544 2656
512 512 2800 720 560 2704
768 512 2800 864 576 2736
1024 512 2800 992 576 2752
1280 512 2800 1216 608 2704
1536 512 2800 1536 656 2672
1792 512 2800 1824 672 2640
2048 512 2800 2128 640 2656
2288 512 2800 2448 608 2736
2544 512 2800 2768 592 2784
2800 512 2800 2832 608 2608
3056 512 2800 3056 640 2576
3312 512 2800 3280 672 2544
3568 512 2800 3520 656 2448
3824 512 2800 3680 656 2400
4080 512 2800 3824 624 2336
0 768 2800 464 688 2640
256 768 2800 576 720 2720
512 768 2800 736 752 2752
768 768 2800 864 768 2784
1024 768 2800 1024 784 2800
1280 768 2800 1232 800 2816
1536 768 2800 1552 880 2704
1792 768 2800 1856 880 2688
2048 768 2800 2144 864 2688
2288 768 2800 2464 816 2768
2544 768 2800 2736 784 2800
2800 768 2800 2848 800 2640
3056 768 2800 3072 832 2624
3312 768 2800 3296 848 2592
3568 768 2800 3520 832 2528
3824 768 2800 3680 816 2480
4080 768 2800 3824 784 2384
0 1024 2800 464 800 2656
256 1024 2800 592 896 2704
512 1024 2800 736 960 2768
768 1024 2800 896 976 2816
1024 1024 2800 1056 1008 2848
1280 1024 2800 1248 1024 2848
1536 1024 2800 1552 1056 2800
1792 1024 2800 1872 1088 2752
2048 1024 2800 2144 1088 2736
2288 1024 2800 2464 1056 2784
2544 1024 2800 2704 1024 2816
2800 1024 2800 2880 1040 2720
3056 1024 2800 3072 1040 2656
3312 1024 2800 3312 1024 2624
3568 1024 2800 3536 1024 2560
3824 1024 2800 3680 992 2512
4080 1024 2800 3824 976 2496
0 1280 2800 480 960 2672
256 1280 2800 608 1040 2720
512 1280 2800 752 1136 2768
768 1280 2800 896 1216 2848
1024 1280 2800 1056 1264 2864
1280 1280 2800 1280 1280 2880
1536 1280 2800 1568 1280 2880
1792 1280 2800 1936 1344 2816
2048 1280 2800 2192 1360 2800
2288 1280 2800 2448 1344 2800
2544 1280 2800 2720 1280 2832
2800 1280 2800 2880 1280 2768
3056 1280 2800 3088 1312 2736
3312 1280 2800 3328 1296 2688
3568 1280 2800 3536 1296 2672
3824 1280 2800 3680 1264 2624
4080 1280 2800 3824 1232 2592
0 1536 2800 496 1120 2656
256 1536 2800 640 1216 2736
512 1536 2800 800 1344 2800
768 1536 2800 944 1440 2832
1024 1536 2800 1088 1552 2864
1280 1536 2800 1280 1600 2880
1536 1536 2800 1616 1648 2928
1792 1536 2800 1952 1648 2896
2048 1536 2800 2288 1696 2848
2288 1536 2800 2480 1680 2832
2544 1536 2800 2720 1648 2880
2800 1536 2800 2880 1616 2816
3056 1536 2800 3104 1664 2784
3312 1536 2800 3344 1616 2752
3568 1536 2800 3552 1600 2704
3824 1536 2800 3696 1536 2688
4080 1536 2800 3824 1520 2656
0 1792 2800 528 1296 2656
256 1792 2800 656 1392 2720
512 1792 2800 784 1520 2752
768 1792 2800 976 1632 2816
1024 1792 2800 1136 1744 2832
1280 1792 2800 1328 1824 2880
1536 1792 2800 1632 1936 2928
1792 1792 2800 2016 1984 2944
2048 1792 2800 2320 1984 2928
2288 1792 2800 2512 2016 2880
2544 1792 2800 2720 1968 2880
2800 1792 2800 2896 1936 2880
3056 1792 2800 3136 1968 2848
3312 1792 2800 3360 1936 2816
3568 1792 2800 3568 1888 2784
3824 1792 2800 3696 1824 2752
4080 1792 2800 3824 1792 2704
0 2048 2800 544 1488 2640
256 2048 2800 688 1568 2720
512 2048 2800 816 1696 2752
768 2048 2800 992 1808 2816
1024 2048 2800 1152 1920 2848
1280 2048 2800 1360 2016 2880
1536 2048 2800 1664 2112 2912
1792 2048 2800 2032 2240 2960
2048 2048 2800 2352 2272 2960
2288 2048 2800 2496 2272 2928
2544 2048 2800 2736 2272 2928
2800 2048 2800 2928 2256 2896
3056 2048 2800 3136 2224 2896
3312 2048 2800 3376 2224 2864
3568 2048 2800 3568 2176 2816
3824 2048 2800 3712 2112 2768
4080 2048 2800 3840 2096 2768
0 2288 2800 560 1680 2672
256 2288 2800 688 1792 2736
512 2288 2800 816 1888 2800
768 2288 2800 992 1984 2848
1024 2288 2800 1136 2080 2848
1280 2288 2800 1360 2176 2896
1536 2288 2800 1680 2288 2912
1792 2288 2800 2032 2384 2944
2048 2288 2800 2352 2464 2976
2288 2288 2800 2544 2496 2960
2544 2288 2800 2736 2480 2928
2800 2288 2800 2912 2480 2928
3056 2288 2800 3152 2464 2912
3312 2288 2800 3360 2448 2928
3568 2288 2800 3568 2384 2880
3824 2288 2800 3712 2320 2832
4080 2288 2800 3824 2336 2800
0 2544 2800 560 1936 2736
256 2544 2800 704 2064 2784
512 2544 2800 816 2128 2832
768 2544 2800 992 2224 2864
1024 2544 2800 1152 2304 2880
1280 2544 2800 1360 2384 2912
1536 2544 2800 1664 2448 2928
1792 2544 2800 2032 2544 2944
2048 2544 2800 2368 2608 2976
2288 2544 2800 2544 2672 2976
2544 2544 2800 2784 2704 2992
2800 2544 2800 2928 2688 2960
3056 2544 2800 3152 2688 2976
3312 2544 2800 3376 2672 2960
3568 2544 2800 3568 2624 2912
3824 2544 2800 3712 2560 2864
4080 2544 2800 3824 2576 2848
0 2800 2800 560 2192 2752
256 2800 2800 704 2304 2816
512 2800 2800 816 2400 2848
768 2800 2800 976 2480 2896
1024 2800 2800 1152 2576 2928
1280 2800 2800 1344 2624 2944
1536 2800 2800 1680 2688 2960
1792 2800 2800 2032 2768 2992
2048 2800 2800 2368 2816 2992
2288 2800 2800 2544 2832 2992
2544 2800 2800 2784 2896 3024
2800 2800 2800 2976 2928 3008
3056 2800 2800 3168 2928 3008
3312 2800 2800 3376 2912 2976
3568 2800 2800 3584 2912 2944
3824 2800 2800 3712 2848 2880
4080 2800 2800 3824 2880 2896
0 3056 2800 592 2624 2960
256 3056 2800 736 2720 3008
512 3056 2800 848 2816 3056
768 3056 2800 992 2864 3072
1024 3056 2800 1168 2960 3120
1280 3056 2800 1360 3024 3120
1536 3056 2800 1664 3088 3152
1792 3056 2800 2016 3120 3136
2048 3056 2800 2352 3152 3136
2288 3056 2800 2528 3152 3120
2544 3056 2800 2768 3152 3072
2800 3056 2800 2960 3152 3040
3056 3056 2800 3168 3152 3040
3312 3056 2800 3392 3120 2992
3568 3056 2800 3568 3120 2960
3824 3056 2800 3696 3088 2912
4080 3056 2800 3808 3104 2912
0 3312 2800 608 3056 3152
256 3312 2800 720 3120 3184
512 3312 2800 848 3200 3216
768 3312 2800 976 3264 3248
1024 3312 2800 1168 3296 3248
1280 3312 2800 1328 3312 3248
1536 3312 2800 1616 3344 3216
1792 3312 2800 1984 3328 3168
2048 3312 2800 2304 3344 3136
2288 3312 2800 2512 3344 3136
2544 3312 2800 2752 3344 3088
2800 3312 2800 2976 3328 3088
3056 3312 2800 3136 3312 3040
3312 3312 2800 3376 3344 3024
3568 3312 2800 3568 3328 2976
3824 3312 2800 3696 3280 2944
4080 3312 2800 3808 3264 2928
0 3568 2800 608 3344 3280
256 3568 2800 736 3392 3280
512 3568 2800 848 3408 3296
768 3568 2800 976 3456 3280
1024 3568 2800 1120 3456 3264
1280 3568 2800 1296 3472 3232
1536 3568 2800 1568 3472 3200
1792 3568 2800 1952 3472 3168
2048 3568 2800 2288 3488 3152
2288 3568 2800 2512 3472 3120
2544 3568 2800 2784 3472 3120
2800 3568 2800 2976 3472 3120
3056 3568 2800 3120 3472 3072
3312 3568 2800 3376 3504 3024
3568 3568 2800 3568 3488 2992
3824 3568 2800 3696 3456 2944
4080 3568 2800 3824 3440 2928
0 3824 2800 624 3536 3312
256 3824 2800 736 3568 3280
512 3824 2800 832 3568 3280
768 3824 2800 960 3600 3296
1024 3824 2800 1072 3584 3248
1280 3824 2800 1264 3600 3248
1536 3824 2800 1552 3616 3232
1792 3824 2800 1920 3616 3216
2048 3824 2800 2288 3616 3184
2288 3824 2800 2528 3600 3152
2544 3824 2800 2784 3600 3152
2800 3824 2800 2976 3600 3136
3056 3824 2800 3088 3584 3088
3312 3824 2800 3328 3600 3056
3568 3824 2800 3600 3664 3008
3824 3824 2800 3680 3584 2944
4080 3824 2800 3808 3536 2896
0 4080 2800 688 3664 3328
256 4080 2800 784 3664 3328
512 4080 2800 912 3680 3344
768 4080 2800 1008 3696 3328
1024 4080 2800 1136 3696 3312
1280 4080 2800 1312 3712 3296
1536 4080 2800 1600 3712 3280
1792 4080 2800 1984 3728 3280
2048 4080 2800 2352 3712 3248
2288 4080 2800 2608 3712 3232
2544 4080 2800 2848 3728 3232
2800 4080 2800 3056 3712 3216
3056 4080 2800 3152 3712 3152
3312 4080 2800 3376 3712 3136
3568 4080 2800 3616 3744 3072
3824 4080 2800 3760 3744 3024
4080 4080 2800 3808 3744 2944
0 0 3056 448 336 2800
256 0 3056 512 384 2816
512 0 3056 672 400 2848
768 0 3056 784 416 2864
1024 0 3056 976 432 2864
1280 0 3056 1216 480 2800
1536 0 3056 1520 464 2800
1792 0 3056 1808 480 2800
2048 0 3056 2064 464 2832
2288 0 3056 2400 432 2880
2544 0 3056 2672 400 2912
2800 0 3056 2912 400 2864
3056 0 3056 2976 384 2672
3312 0 3056 3168 448 2640
3568 0 3056 3376 432 2576
3824 0 3056 3568 416 2496
4080 0 3056 3712 416 2400
0 256 3056 464 416 2816
256 256 3056 576 416 2864
512 256 3056 720 448 2896
768 256 3056 848 464 2928
1024 256 3056 1024 464 2960
1280 256 3056 1280 528 2912
1536 256 3056 1568 528 2848
1792 256 3056 1872 544 2864
2048 256 3056 2160 544 2880
2288 256 3056 2448 512 2928
2544 256 3056 2704 464 2960
2800 256 3056 2976 464 2928
3056 256 3056 3024 496 2752
3312 256 3056 3248 512 2736
3568 256 3056 3472 512 2656
3824 256 3056 3632 496 2592
4080 256 3056 3776 496 2496
0 512 3056 464 528 2832
256 512 3056 608 560 2896
512 512 3056 736 560 2912
768 512 3056 864 560 2944
1024 512 3056 1040 592 2960
1280 512 3056 1248 624 2944
1536 512 3056 1568 688 2880
1792 512 3056 1856 704 2864
2048 512 3056 2144 704 2896
2288 512 3056 2432 672 2912
2544 512 3056 2688 624 2960
2800 512 3056 2976 592 2976
3056 512 3056 3040 640 2816
3312 512 3056 3248 656 2752
3568 512 3056 3456 672 2688
3824 512 3056 3632 656 2624
4080 512 3056 3776 640 2576
0 768 3056 464 672 2848
256 768 3056 608 720 2912
512 768 3056 768 784 2960
768 768 3056 896 784 2976
1024 768 3056 1056 800 2992
1280 768 3056 1264 816 2992
1536 768 3056 1552 880 2928
1792 768 3056 1888 880 2928
2048 768 3056 2128 880 2896
2288 768 3056 2432 880 2944
2544 768 3056 2704 816 2976
2800 768 3056 2992 800 3008
3056 768 3056 3056 816 2832
3312 768 3056 3264 832 2816
3568 768 3056 3472 832 2752
3824 768 3056 3648 816 2688
4080 768 3056 3776 800 2640
0 1024 3056 496 848 2864
256 1024 3056 608 928 2912
512 1024 3056 768 976 2960
768 1024 3056 928 1008 3024
1024 1024 3056 1088 1024 3040
1280 1024 3056 1264 1040 3024
1536 1024 3056 1552 1056 3008
1792 1024 3056 1920 1104 2960
2048 1024 3056 2176 1104 2944
2288 1024 3056 2416 1104 2944
2544 1024 3056 2672 1056 2992
2800 1024 3056 2976 1024 3040
3056 1024 3056 3056 1040 2912
3312 1024 3056 3264 1040 2880
3568 1024 3056 3472 1024 2832
3824 1024 3056 3632 1008 2752
4080 1024 3056 3792 976 2720
0 1280 3056 480 992 2880
256 1280 3056 624 1056 2928
512 1280 3056 784 1168 2992
768 1280 3056 944 1248 3040
1024 1280 3056 1088 1264 3056
1280 1280 3056 1328 1296 3072
1536 1280 3056 1600 1296 3056
1792 1280 3056 1952 1376 3024
2048 1280 3056 2224 1376 2976
2288 1280 3056 2448 1376 2960
2544 1280 3056 2688 1344 3008
2800 1280 3056 2960 1280 3072
3056 1280 3056 3056 1296 2944
3312 1280 3056 3280 1328 2896
3568 1280 3056 3504 1296 2880
3824 1280 3056 3664 1264 2800
4080 1280 3056 3808 1216 2768
0 1536 3056 512 1152 2896
256 1536 3056 656 1248 2928
512 1536 3056 800 1360 2992
768 1536 3056 960 1504 3040
1024 1536 3056 1120 1552 3072
1280 1536 3056 1312 1600 3088
1536 1536 3056 1632 1648 3120
1792 1536 3056 1984 1664 3088
2048 1536 3056 2304 1712 3040
2288 1536 3056 2496 1728 3024
2544 1536 3056 2704 1696 3040
2800 1536 3056 2944 1664 3088
3056 1536 3056 3104 1648 2992
3312 1536 3056 3296 1632 2944
3568 1536 3056 3520 1568 2896
3824 1536 3056 3680 1552 2864
4080 1536 3056 3824 1504 2848
0 1792 3056 528 1312 2880
256 1792 3056 688 1440 2928
512 1792 3056 832 1552 2960
768 1792 3056 1008 1680 3024
1024 1792 3056 1152 1776 3056
1280 1792 3056 1376 1872 3072
1536 1792 3056 1648 1968 3120
1792 1792 3056 2032 2000 3120
2048 1792 3056 2336 2000 3120
2288 1792 3056 2512 2016 3088
2544 1792 3056 2704 2016 3072
2800 1792 3056 2976 1984 3120
3056 1792 3056 3088 1952 3024
3312 1792 3056 3312 1936 3008
3568 1792 3056 3536 1888 2960
3824 1792 3056 3680 1824 2944
4080 1792 3056 3824 1808 2896
0 2048 3056 608 1504 2864
256 2048 3056 720 1616 2912
512 2048 3056 864 1744 2960
768 2048 3056 1008 1872 3008
1024 2048 3056 1184 1952 3024
1280 2048 3056 1392 2064 3072
1536 2048 3056 1680 2144 3104
1792 2048 3056 2048 2256 3136
2048 2048 3056 2368 2288 3152
2288 2048 3056 2544 2288 3136
2544 2048 3056 2736 2272 3088
2800 2048 3056 2960 2288 3104
3056 2048 3056 3120 2208 3088
3312 2048 3056 3328 2208 3056
3568 2048 3056 3552 2160 3024
3824 2048 3056 3696 2112 2992
4080 2048 3056 3824 2064 2944
0 2288 3056 592 1648 2864
256 2288 3056 720 1776 2928
512 2288 3056 864 1904 2976
768 2288 3056 1024 2048 3040
1024 2288 3056 1168 2128 3024
1280 2288 3056 1392 2208 3088
1536 2288 3056 1696 2336 3104
1792 2288 3056 2064 2416 3136
2048 2288 3056 2368 2496 3152
2288 2288 3056 2576 2496 3152
2544 2288 3056 2768 2496 3136
2800 2288 3056 2960 2496 3120
3056 2288 3056 3120 2464 3104
3312 2288 3056 3344 2432 3072
3568 2288 3056 3552 2384 3040
3824 2288 3056 3696 2320 3008
4080 2288 3056 3824 2304 2976
0 2544 3056 592 1920 2912
256 2544 3056 720 2000 2960
512 2544 3056 864 2128 2992
768 2544 3056 1008 2208 3056
1024 2544 3056 1168 2272 3056
1280 2544 3056 1392 2368 3072
1536 2544 3056 1712 2480 3104
1792 2544 3056 2080 2560 3120
2048 2544 3056 2384 2640 3152
2288 2544 3056 2576 2672 3152
2544 2544 3056 2800 2704 3168
2800 2544 3056 2976 2720 3152
3056 2544 3056 3152 2688 3120
3312 2544 3056 3344 2672 3104
3568 2544 3056 3568 2640 3088
3824 2544 3056 3696 2592 3056
4080 2544 3056 3824 2576 3008
0 2800 3056 592 2144 2928
256 2800 3056 720 2256 2976
512 2800 3056 864 2368 3040
768 2800 3056 1008 2448 3056
1024 2800 3056 1184 2544 3088
1280 2800 3056 1376 2592 3104
1536 2800 3056 1696 2640 3120
1792 2800 3056 2080 2736 3136
2048 2800 3056 2400 2784 3168
2288 2800 3056 2576 2832 3152
2544 2800 3056 2784 2880 3168
2800 2800 3056 2992 2960 3184
3056 2800 3056 3136 2944 3152
3312 2800 3056 3360 2928 3136
3568 2800 3056 3552 2880 3136
3824 2800 3056 3696 2832 3120
4080 2800 3056 3808 2848 3072
0 3056 3056 608 2432 2976
256 3056 3056 704 2528 3024
512 3056 3056 848 2608 3056
768 3056 3056 992 2688 3104
1024 3056 3056 1168 2768 3120
1280 3056 3056 1376 2832 3152
1536 3056 3056 1696 2896 3152
1792 3056 3056 2048 2944 3168
2048 3056 3056 2400 3008 3184
2288 3056 3056 2560 3056 3200
2544 3056 3056 2784 3072 3200
2800 3056 3056 2976 3136 3216
3056 3056 3056 3152 3152 3200
3312 3056 3056 3344 3152 3184
3568 3056 3056 3568 3136 3168
3824 3056 3056 3696 3104 3104
4080 3056 3056 3808 3104 3120
0 3312 3056 624 2832 3168
256 3312 3056 720 2928 3200
512 3312 3056 880 3024 3232
768 3312 3056 1008 3088 3280
1024 3312 3056 1168 3152 3296
1280 3312 3056 1376 3200 3296
1536 3312 3056 1680 3232 3312
1792 3312 3056 2064 3280 3328
2048 3312 3056 2400 3344 3328
2288 3312 3056 2560 3344 3312
2544 3312 3056 2784 3344 3296
2800 3312 3056 2976 3360 3264
3056 3312 3056 3168 3344 3232
3312 3312 3056 3376 3344 3200
3568 3312 3056 3552 3328 3184
3824 3312 3056 3696 3312 3136
4080 3312 3056 3808 3296 3136
0 3568 3056 624 3200 3312
256 3568 3056 720 3280 3328
512 3568 3056 880 3344 3360
768 3568 3056 1024 3392 3392
1024 3568 3056 1168 3424 3408
1280 3568 3056 1376 3456 3392
1536 3568 3056 1664 3472 3376
1792 3568 3056 2048 3472 3376
2048 3568 3056 2368 3472 3344
2288 3568 3056 2512 3488 3312
2544 3568 3056 2784 3488 3296
2800 3568 3056 2976 3488 3264
3056 3568 3056 3168 3472 3280
3312 3568 3056 3328 3472 3216
3568 3568 3056 3552 3488 3184
3824 3568 3056 3680 3456 3136
4080 3568 3056 3808 3440 3120
0 3824 3056 656 3456 3424
256 3824 3056 752 3552 3408
512 3824 3056 880 3584 3456
768 3824 3056 1008 3600 3440
1024 3824 3056 1152 3600 3424
1280 3824 3056 1344 3600 3408
1536 3824 3056 1616 3616 3392
1792 3824 3056 2000 3632 3376
2048 3824 3056 2336 3632 3360
2288 3824 3056 2528 3632 3328
2544 3824 3056 2768 3632 3328
2800 3824 3056 2992 3616 3296
3056 3824 3056 3152 3616 3280
3312 3824 3056 3296 3600 3248
3568 3824 3056 3552 3648 3200
3824 3824 3056 3696 3600 3136
4080 3824 3056 3808 3552 3120
0 4080 3056 720 3648 3488
256 4080 3056 816 3664 3488
512 4080 3056 944 3680 3488
768 4080 3056 1072 3680 3488
1024 4080 3056 1200 3712 3472
1280 4080 3056 1360 3712 3456
1536 4080 3056 1648 3728 3440
1792 4080 3056 2016 3728 3424
2048 4080 3056 2384 3728 3424
2288 4080 3056 2608 3728 3408
2544 4080 3056 2832 3712 3392
2800 4080 3056 3056 3728 3360
3056 4080 3056 3232 3728 3360
3312 4080 3056 3360 3712 3312
3568 4080 3056 3584 3728 3248
3824 4080 3056 3744 3744 3216
4080 4080 3056 3808 3744 3120
0 0 3312 464 352 3024
256 0 3312 544 400 3008
512 0 3312 688 416 3056
768 0 3312 800 432 3088
1024 0 3312 992 432 3072
1280 0 3312 1248 496 3024
1536 0 3312 1536 512 2976
1792 0 3312 1840 496 2976
2048 0 3312 2096 512 2992
2288 0 3312 2384 464 3040
2544 0 3312 2640 416 3088
2800 0 3312 2960 400 3136
3056 0 3312 3104 400 3024
3312 0 3312 3152 416 2880
3568 0 3312 3328 432 2848
3824 0 3312 3504 432 2752
4080 0 3312 3664 448 2688
0 256 3312 480 416 3024
256 256 3312 608 432 3072
512 256 3312 752 448 3088
768 256 3312 880 464 3120
1024 256 3312 1056 464 3136
1280 256 3312 1264 528 3072
1536 256 3312 1616 560 3040
1792 256 3312 1904 560 3040
2048 256 3312 2144 576 3040
2288 256 3312 2432 544 3088
2544 256 3312 2688 512 3152
2800 256 3312 2992 480 3184
3056 256 3312 3184 464 3120
3312 256 3312 3232 512 2928
3568 256 3312 3408 512 2912
3824 256 3312 3584 528 2832
4080 256 3312 3744 512 2752
0 512 3312 480 544 3040
256 512 3312 608 560 3072
512 512 3312 784 576 3104
768 512 3312 896 576 3136
1024 512 3312 1056 592 3152
1280 512 3312 1248 624 3152
1536 512 3312 1584 704 3072
1792 512 3312 1888 720 3072
2048 512 3312 2144 720 3072
2288 512 3312 2416 704 3088
2544 512 3312 2672 656 3136
2800 512 3312 2960 640 3168
3056 512 3312 3184 624 3152
3312 512 3312 3232 640 2992
3568 512 3312 3424 656 2928
3824 512 3312 3568 656 2880
4080 512 3312 3760 656 2800
0 768 3312 480 704 3072
256 768 3312 640 752 3104
512 768 3312 784 784 3120
768 768 3312 944 800 3168
1024 768 3312 1072 816 3184
1280 768 3312 1264 816 3168
1536 768 3312 1568 880 3136
1792 768 3312 1920 896 3104
2048 768 3312 2160 896 3088
2288 768 3312 2400 896 3088
2544 768 3312 2656 864 3152
2800 768 3312 2960 832 3184
3056 768 3312 3168 816 3200
3312 768 3312 3248 832 3024
3568 768 3312 3408 832 2960
3824 768 3312 3584 816 2896
4080 768 3312 3760 784 2848
0 1024 3312 496 848 3072
256 1024 3312 656 944 3120
512 1024 3312 784 992 3152
768 1024 3312 944 1008 3184
1024 1024 3312 1120 1040 3200
1280 1024 3312 1280 1040 3200
1536 1024 3312 1584 1072 3184
1792 1024 3312 1936 1136 3136
2048 1024 3312 2224 1136 3120
2288 1024 3312 2400 1136 3120
2544 1024 3312 2656 1088 3152
2800 1024 3312 2944 1056 3184
3056 1024 3312 3200 1024 3232
3312 1024 3312 3248 1040 3056
3568 1024 3312 3424 1024 3040
3824 1024 3312 3584 1008 2960
4080 1024 3312 3760 992 2880
0 1280 3312 512 1008 3088
256 1280 3312 656 1088 3120
512 1280 3312 784 1200 3168
768 1280 3312 944 1248 3184
1024 1280 3312 1120 1280 3232
1280 1280 3312 1344 1328 3232
1536 1280 3312 1616 1328 3232
1792 1280 3312 1952 1376 3184
2048 1280 3312 2272 1408 3168
2288 1280 3312 2480 1408 3168
2544 1280 3312 2656 1392 3152
2800 1280 3312 2928 1344 3200
3056 1280 3312 3184 1280 3264
3312 1280 3312 3264 1296 3104
3568 1280 3312 3456 1296 3056
3824 1280 3312 3616 1264 3008
4080 1280 3312 3776 1232 2976
0 1536 3312 528 1168 3088
256 1536 3312 688 1296 3120
512 1536 3312 816 1424 3168
768 1536 3312 976 1504 3216
1024 1536 3312 1152 1600 3232
1280 1536 3312 1344 1632 3264
1536 1536 3312 1664 1680 3280
1792 1536 3312 2016 1696 3280
2048 1536 3312 2336 1728 3248
2288 1536 3312 2496 1728 3216
2544 1536 3312 2704 1712 3216
2800 1536 3312 2944 1696 3248
3056 1536 3312 3200 1632 3280
3312 1536 3312 3280 1616 3152
3568 1536 3312 3472 1616 3120
3824 1536 3312 3648 1552 3040
4080 1536 3312 3792 1488 3024
0 1792 3312 576 1360 3088
256 1792 3312 720 1472 3104
512 1792 3312 864 1568 3152
768 1792 3312 1008 1696 3184
1024 1792 3312 1168 1792 3216
1280 1792 3312 1376 1904 3248
1536 1792 3312 1680 1968 3296
1792 1792 3312 2048 2000 3312
2048 1792 3312 2368 2016 3296
2288 1792 3312 2544 2048 3248
2544 1792 3312 2736 2032 3248
2800 1792 3312 2912 2016 3248
3056 1792 3312 3184 1952 3296
3312 1792 3312 3296 1920 3200
3568 1792 3312 3504 1904 3152
3824 1792 3312 3648 1824 3120
4080 1792 3312 3808 1760 3056
0 2048 3312 608 1536 3056
256 2048 3312 720 1664 3088
512 2048 3312 880 1776 3152
768 2048 3312 1040 1904 3184
1024 2048 3312 1216 2000 3216
1280 2048 3312 1408 2080 3232
1536 2048 3312 1712 2208 3296
1792 2048 3312 2064 2272 3312
2048 2048 3312 2400 2288 3328
2288 2048 3312 2560 2272 3296
2544 2048 3312 2768 2304 3296
2800 2048 3312 2944 2320 3280
3056 2048 3312 3168 2240 3296
3312 2048 3312 3312 2208 3232
3568 2048 3312 3520 2192 3200
3824 2048 3312 3664 2112 3152
4080 2048 3312 3824 2032 3136
0 2288 3312 640 1696 3056
256 2288 3312 736 1808 3088
512 2288 3312 880 1936 3152
768 2288 3312 1056 2064 3184
1024 2288 3312 1216 2160 3200
1280 2288 3312 1424 2224 3232
1536 2288 3312 1744 2368 3280
1792 2288 3312 2080 2448 3312
2048 2288 3312 2416 2496 3344
2288 2288 3312 2608 2496 3328
2544 2288 3312 2768 2480 3312
2800 2288 3312 2960 2496 3280
3056 2288 3312 3152 2464 3296
3312 2288 3312 3312 2416 3264
3568 2288 3312 3520 2400 3232
3824 2288 3312 3664 2336 3216
4080 2288 3312 3808 2288 3184
0 2544 3312 624 1888 3072
256 2544 3312 752 2016 3120
512 2544 3312 896 2112 3152
768 2544 3312 1056 2224 3184
1024 2544 3312 1216 2320 3232
1280 2544 3312 1424 2400 3248
1536 2544 3312 1744 2512 3264
1792 2544 3312 2096 2576 3312
2048 2544 3312 2416 2672 3344
2288 2544 3312 2608 2704 3344
2544 2544 3312 2800 2720 3328
2800 2544 3312 2992 2736 3328
3056 2544 3312 3152 2720 3312
3312 2544 3312 3312 2656 3312
3568 2544 3312 3536 2640 3248
3824 2544 3312 3664 2592 3248
4080 2544 3312 3808 2560 3216
0 2800 3312 624 2112 3104
256 2800 3312 752 2240 3136
512 2800 3312 896 2336 3184
768 2800 3312 1056 2448 3216
1024 2800 3312 1216 2528 3248
1280 2800 3312 1424 2576 3264
1536 2800 3312 1760 2656 3280
1792 2800 3312 2112 2736 3312
2048 2800 3312 2432 2816 3312
2288 2800 3312 2608 2848 3344
2544 2800 3312 2816 2928 3360
2800 2800 3312 3008 2960 3344
3056 2800 3312 3168 2960 3344
3312 2800 3312 3344 2928 3312
3568 2800 3312 3536 2880 3296
3824 2800 3312 3680 2864 3264
4080 2800 3312 3808 2848 3264
0 3056 3312 640 2352 3136
256 3056 3312 752 2480 3168
512 3056 3312 880 2576 3200
768 3056 3312 1056 2656 3264
1024 3056 3312 1200 2736 3264
1280 3056 3312 1424 2768 3280
1536 3056 3312 1744 2848 3312
1792 3056 3312 2112 2896 3312
2048 3056 3312 2432 2976 3328
2288 3056 3312 2624 3008 3344
2544 3056 3312 2800 3056 3344
2800 3056 3312 3008 3120 3376
3056 3056 3312 3184 3168 3360
3312 3056 3312 3344 3152 3328
3568 3056 3312 3552 3120 3312
3824 3056 3312 3696 3088 3296
4080 3056 3312 3808 3088 3296
0 3312 3312 640 2608 3168
256 3312 3312 736 2736 3216
512 3312 3312 880 2816 3248
768 3312 3312 1040 2896 3296
1024 3312 3312 1200 2960 3296
1280 3312 3312 1408 3008 3328
1536 3312 3312 1712 3072 3344
1792 3312 3312 2080 3120 3344
2048 3312 3312 2416 3168 3360
2288 3312 3312 2592 3232 3376
2544 3312 3312 2816 3248 3376
2800 3312 3312 2992 3280 3376
3056 3312 3312 3168 3344 3392
3312 3312 3312 3360 3344 3376
3568 3312 3312 3552 3312 3344
3824 3312 3312 3696 3328 3328
4080 3312 3312 3808 3312 3312
0 3568 3312 656 3072 3344
256 3568 3312 768 3104 3360
512 3568 3312 912 3184 3392
768 3568 3312 1056 3248 3408
1024 3568 3312 1200 3280 3424
1280 3568 3312 1392 3328 3440
1536 3568 3312 1712 3392 3456
1792 3568 3312 2080 3424 3472
2048 3568 3312 2416 3456 3472
2288 3568 3312 2576 3488 3488
2544 3568 3312 2816 3504 3472
2800 3568 3312 2992 3504 3440
3056 3568 3312 3168 3520 3424
3312 3568 3312 3376 3504 3392
3568 3568 3312 3536 3472 3344
3824 3568 3312 3680 3472 3328
4080 3568 3312 3808 3456 3312
0 3824 3312 656 3360 3456
256 3824 3312 768 3424 3472
512 3824 3312 928 3456 3488
768 3824 3312 1056 3504 3504
1024 3824 3312 1216 3536 3520
1280 3824 3312 1424 3600 3536
1536 3824 3312 1712 3616 3536
1792 3824 3312 2080 3632 3520
2048 3824 3312 2384 3632 3504
2288 3824 3312 2560 3632 3504
2544 3824 3312 2768 3648 3456
2800 3824 3312 2992 3648 3440
3056 3824 3312 3168 3632 3424
3312 3824 3312 3360 3616 3424
3568 3824 3312 3520 3632 3376
3824 3824 3312 3664 3584 3328
4080 3824 3312 3808 3584 3312
0 4080 3312 736 3584 3616
256 4080 3312 864 3632 3648
512 4080 3312 976 3680 3632
768 4080 3312 1120 3696 3648
1024 4080 3312 1232 3696 3600
1280 4080 3312 1440 3712 3584
1536 4080 3312 1744 3728 3584
1792 4080 3312 2096 3728 3568
2048 4080 3312 2416 3728 3552
2288 4080 3312 2624 3728 3552
2544 4080 3312 2848 3728 3552
2800 4080 3312 3056 3728 3504
3056 4080 3312 3232 3728 3488
3312 4080 3312 3440 3728 3488
3568 4080 3312 3584 3712 3440
3824 4080 3312 3728 3728 3392
4080 4080 3312 3824 3728 3312
0 0 3568 480 352 3168
256 0 3568 544 416 3152
512 0 3568 720 432 3200
768 0 3568 848 448 3232
1024 0 3568 992 448 3232
1280 0 3568 1264 496 3168
1536 0 3568 1568 512 3152
1792 0 3568 1872 512 3152
2048 0 3568 2112 512 3152
2288 0 3568 2352 512 3152
2544 0 3568 2608 448 3200
2800 0 3568 2912 416 3264
3056 0 3568 3216 400 3328
3312 0 3568 3248 400 3216
3568 0 3568 3328 416 3024
3824 0 3568 3488 416 2992
4080 0 3568 3632 448 2944
0 256 3568 496 416 3168
256 256 3568 624 432 3216
512 256 3568 768 432 3232
768 256 3568 912 448 3264
1024 256 3568 1056 480 3280
1280 256 3568 1264 528 3248
1536 256 3568 1632 576 3216
1792 256 3568 1920 592 3200
2048 256 3568 2160 592 3216
2288 256 3568 2416 592 3232
2544 256 3568 2672 528 3264
2800 256 3568 2976 512 3328
3056 256 3568 3216 480 3376
3312 256 3568 3328 512 3296
3568 256 3568 3392 480 3104
3824 256 3568 3552 512 3088
4080 256 3568 3696 512 3024
0 512 3568 528 544 3216
256 512 3568 656 576 3232
512 512 3568 784 576 3280
768 512 3568 912 592 3296
1024 512 3568 1088 608 3312
1280 512 3568 1264 624 3296
1536 512 3568 1584 704 3232
1792 512 3568 1920 736 3248
2048 512 3568 2160 736 3232
2288 512 3568 2400 752 3232
2544 512 3568 2624 704 3264
2800 512 3568 2960 656 3328
3056 512 3568 3200 624 3376
3312 512 3568 3344 624 3312
3568 512 3568 3392 640 3152
3824 512 3568 3552 640 3104
4080 512 3568 3712 656 3008
0 768 3568 528 736 3232
256 768 3568 672 768 3280
512 768 3568 784 784 3296
768 768 3568 928 784 3312
1024 768 3568 1088 800 3328
1280 768 3568 1280 832 3328
1536 768 3568 1584 864 3280
1792 768 3568 1920 912 3248
2048 768 3568 2192 928 3248
2288 768 3568 2384 912 3232
2544 768 3568 2624 896 3264
2800 768 3568 2928 864 3328
3056 768 3568 3168 816 3376
3312 768 3568 3344 816 3344
3568 768 3568 3408 816 3184
3824 768 3568 3568 816 3152
4080 768 3568 3712 784 3056
0 1024 3568 528 880 3248
256 1024 3568 672 928 3280
512 1024 3568 800 976 3312
768 1024 3568 976 1024 3344
1024 1024 3568 1120 1040 3360
1280 1024 3568 1296 1040 3344
1536 1024 3568 1616 1072 3344
1792 1024 3568 1952 1152 3296
2048 1024 3568 2224 1136 3264
2288 1024 3568 2448 1136 3280
2544 1024 3568 2624 1136 3280
2800 1024 3568 2896 1072 3328
3056 1024 3568 3168 1040 3376
3312 1024 3568 3376 1024 3376
3568 1024 3568 3408 1024 3216
3824 1024 3568 3568 992 3184
4080 1024 3568 3728 976 3120
0 1280 3568 544 1024 3248
256 1280 3568 688 1120 3280
512 1280 3568 832 1216 3312
768 1280 3568 976 1232 3328
1024 1280 3568 1120 1280 3360
1280 1280 3568 1344 1312 3392
1536 1280 3568 1664 1344 3392
1792 1280 3568 2000 1360 3360
2048 1280 3568 2288 1424 3344
2288 1280 3568 2480 1408 3328
2544 1280 3568 2640 1408 3328
2800 1280 3568 2896 1360 3328
3056 1280 3568 3152 1328 3376
3312 1280 3568 3392 1312 3408
3568 1280 3568 3440 1280 3280
3824 1280 3568 3584 1264 3232
4080 1280 3568 3728 1232 3184
0 1536 3568 560 1184 3248
256 1536 3568 688 1312 3280
512 1536 3568 848 1424 3328
768 1536 3568 992 1536 3360
1024 1536 3568 1168 1616 3392
1280 1536 3568 1360 1632 3392
1536 1536 3568 1696 1680 3424
1792 1536 3568 2048 1680 3424
2048 1536 3568 2368 1728 3408
2288 1536 3568 2512 1744 3360
2544 1536 3568 2704 1744 3360
2800 1536 3568 2896 1728 3376
3056 1536 3568 3168 1664 3392
3312 1536 3568 3392 1600 3424
3568 1536 3568 3456 1584 3296
3824 1536 3568 3600 1584 3264
4080 1536 3568 3760 1504 3216
0 1792 3568 576 1392 3248
256 1792 3568 704 1504 3280
512 1792 3568 864 1616 3312
768 1792 3568 1024 1728 3344
1024 1792 3568 1200 1824 3376
1280 1792 3568 1392 1920 3408
1536 1792 3568 1696 1968 3424
1792 1792 3568 2080 2000 3440
2048 1792 3568 2384 2000 3440
2288 1792 3568 2560 2032 3424
2544 1792 3568 2752 2064 3392
2800 1792 3568 2944 2048 3392
3056 1792 3568 3152 1984 3392
3312 1792 3568 3408 1904 3456
3568 1792 3568 3472 1888 3360
3824 1792 3568 3600 1856 3312
4080 1792 3568 3776 1776 3264
0 2048 3568 624 1552 3232
256 2048 3568 752 1680 3264
512 2048 3568 896 1792 3296
768 2048 3568 1056 1920 3328
1024 2048 3568 1232 2048 3360
1280 2048 3568 1440 2128 3392
1536 2048 3568 1744 2256 3424
1792 2048 3568 2096 2272 3456
2048 2048 3568 2416 2304 3472
2288 2048 3568 2576 2304 3456
2544 2048 3568 2784 2320 3424
2800 2048 3568 2960 2320 3408
3056 2048 3568 3152 2288 3424
3312 2048 3568 3376 2208 3456
3568 2048 3568 3488 2176 3376
3824 2048 3568 3616 2144 3344
4080 2048 3568 3776 2048 3280
0 2288 3568 640 1728 3232
256 2288 3568 768 1840 3264
512 2288 3568 928 1936 3296
768 2288 3568 1072 2064 3328
1024 2288 3568 1232 2176 3344
1280 2288 3568 1456 2288 3392
1536 2288 3568 1744 2384 3408
1792 2288 3568 2096 2464 3456
2048 2288 3568 2416 2496 3472
2288 2288 3568 2608 2496 3472
2544 2288 3568 2800 2480 3456
2800 2288 3568 2976 2512 3440
3056 2288 3568 3120 2496 3424
3312 2288 3568 3360 2416 3456
3568 2288 3568 3488 2368 3392
3824 2288 3568 3632 2336 3360
4080 2288 3568 3792 2272 3328
0 2544 3568 656 1888 3232
256 2544 3568 768 2016 3264
512 2544 3568 928 2112 3312
768 2544 3568 1072 2240 3344
1024 2544 3568 1232 2336 3360
1280 2544 3568 1472 2432 3392
1536 2544 3568 1776 2544 3424
1792 2544 3568 2112 2608 3440
2048 2544 3568 2432 2672 3488
2288 2544 3568 2624 2720 3488
2544 2544 3568 2816 2720 3488
2800 2544 3568 2992 2720 3472
3056 2544 3568 3152 2720 3440
3312 2544 3568 3360 2688 3456
3568 2544 3568 3504 2640 3424
3824 2544 3568 3632 2608 3392
4080 2544 3568 3792 2544 3360
0 2800 3568 640 2096 3264
256 2800 3568 784 2208 3296
512 2800 3568 912 2336 3312
768 2800 3568 1072 2416 3360
1024 2800 3568 1216 2512 3376
1280 2800 3568 1456 2576 3392
1536 2800 3568 1760 2656 3408
1792 2800 3568 2160 2768 3424
2048 2800 3568 2432 2832 3472
2288 2800 3568 2640 2896 3472
2544 2800 3568 2816 2960 3488
2800 2800 3568 3008 2960 3488
3056 2800 3568 3168 2960 3472
3312 2800 3568 3344 2944 3456
3568 2800 3568 3504 2896 3440
3824 2800 3568 3664 2880 3424
4080 2800 3568 3808 2816 3392
0 3056 3568 640 2336 3264
256 3056 3568 768 2432 3296
512 3056 3568 928 2528 3344
768 3056 3568 1072 2624 3376
1024 3056 3568 1216 2688 3392
1280 3056 3568 1456 2768 3392
1536 3056 3568 1792 2832 3424
1792 3056 3568 2144 2896 3440
2048 3056 3568 2448 2960 3472
2288 3056 3568 2640 3024 3472
2544 3056 3568 2848 3088 3488
2800 3056 3568 3024 3120 3488
3056 3056 3568 3168 3168 3504
3312 3056 3568 3328 3152 3488
3568 3056 3568 3520 3120 3472
3824 3056 3568 3664 3088 3424
4080 3056 3568 3808 3072 3424
0 3312 3568 640 2560 3312
256 3312 3568 784 2672 3344
512 3312 3568 912 2752 3360
768 3312 3568 1056 2848 3392
1024 3312 3568 1232 2896 3408
1280 3312 3568 1456 2960 3424
1536 3312 3568 1776 3040 3440
1792 3312 3568 2144 3072 3472
2048 3312 3568 2432 3152 3472
2288 3312 3568 2624 3184 3488
2544 3312 3568 2832 3232 3488
2800 3312 3568 3008 3264 3504
3056 3312 3568 3168 3328 3504
3312 3312 3568 3344 3328 3504
3568 3312 3568 3536 3328 3488
3824 3312 3568 3680 3296 3472
4080 3312 3568 3808 3296 3456
0 3568 3568 640 2832 3328
256 3568 3568 768 2928 3376
512 3568 3568 912 3024 3392
768 3568 3568 1056 3104 3424
1024 3568 3568 1216 3136 3440
1280 3568 3568 1424 3200 3472
1536 3568 3568 1744 3264 3488
1792 3568 3568 2112 3280 3504
2048 3568 3568 2416 3328 3504
2288 3568 3568 2592 3376 3504
2544 3568 3568 2800 3408 3520
2800 3568 3568 2992 3424 3520
3056 3568 3568 3168 3440 3520
3312 3568 3568 3328 3488 3520
3568 3568 3568 3536 3488 3520
3824 3568 3568 3680 3472 3488
4080 3568 3568 3808 3456 3472
0 3824 3568 656 3232 3472
256 3824 3568 800 3280 3504
512 3824 3568 928 3344 3520
768 3824 3568 1072 3360 3536
1024 3824 3568 1232 3424 3552
1280 3824 3568 1408 3472 3552
1536 3824 3568 1744 3504 3584
1792 3824 3568 2112 3536 3584
2048 3824 3568 2416 3552 3584
2288 3824 3568 2592 3600 3600
2544 3824 3568 2816 3632 3600
2800 3824 3568 2992 3632 3584
3056 3824 3568 3168 3632 3568
3312 3824 3568 3360 3632 3536
3568 3824 3568 3536 3616 3520
3824 3824 3568 3664 3600 3488
4080 3824 3568 3808 3600 3472
0 4080 3568 720 3440 3632
256 4080 3568 848 3488 3648
512 4080 3568 992 3552 3680
768 4080 3568 1152 3600 3712
1024 4080 3568 1296 3632 3712
1280 4080 3568 1520 3664 3712
1536 4080 3568 1824 3712 3744
1792 4080 3568 2176 3744 3744
2048 4080 3568 2464 3728 3712
2288 4080 3568 2640 3728 3696
2544 4080 3568 2864 3744 3664
2800 4080 3568 3056 3744 3648
3056 4080 3568 3248 3744 3648
3312 4080 3568 3424 3728 3600
3568 4080 3568 3616 3728 3600
3824 4080 3568 3728 3744 3552
4080 4080 3568 3808 3744 3472
0 0 3824 496 352 3344
256 0 3824 576 416 3312
512 0 3824 720 416 3344
768 0 3824 848 432 3376
1024 0 3824 1008 448 3376
1280 0 3824 1264 496 3360
1536 0 3824 1568 512 3312
1792 0 3824 1872 512 3312
2048 0 3824 2112 512 3312
2288 0 3824 2336 512 3312
2544 0 3824 2560 512 3344
2800 0 3824 2880 448 3392
3056 0 3824 3104 416 3424
3312 0 3824 3344 400 3440
3568 0 3824 3424 416 3360
3824 0 3824 3472 416 3200
4080 0 3824 3616 400 3152
0 256 3824 496 416 3344
256 256 3824 608 432 3360
512 256 3824 768 432 3392
768 256 3824 912 464 3408
1024 256 3824 1072 480 3424
1280 256 3824 1264 528 3424
1536 256 3824 1632 576 3376
1792 256 3824 1920 592 3376
2048 256 3824 2160 592 3360
2288 256 3824 2368 592 3360
2544 256 3824 2624 576 3392
2800 256 3824 2896 544 3440
3056 256 3824 3152 496 3488
3312 256 3824 3424 496 3520
3568 256 3824 3488 480 3408
3824 256 3824 3536 480 3280
4080 256 3824 3680 496 3232
0 512 3824 528 560 3360
256 512 3824 640 576 3392
512 512 3824 768 576 3408
768 512 3824 928 592 3440
1024 512 3824 1088 608 3440
1280 512 3824 1264 624 3456
1536 512 3824 1584 704 3392
1792 512 3824 1936 736 3392
2048 512 3824 2192 752 3392
2288 512 3824 2400 752 3376
2544 512 3824 2608 752 3392
2800 512 3824 2896 704 3456
3056 512 3824 3152 656 3488
3312 512 3824 3376 624 3520
3568 512 3824 3488 624 3472
3824 512 3824 3536 624 3312
4080 512 3824 3680 624 3280
0 768 3824 528 720 3376
256 768 3824 688 784 3408
512 768 3824 816 800 3424
768 768 3824 960 800 3456
1024 768 3824 1104 816 3456
1280 768 3824 1296 832 3456
1536 768 3824 1600 864 3440
1792 768 3824 1952 928 3408
2048 768 3824 2224 944 3408
2288 768 3824 2400 944 3392
2544 768 3824 2592 928 3392
2800 768 3824 2864 880 3440
3056 768 3824 3168 848 3488
3312 768 3824 3360 816 3536
3568 768 3824 3504 800 3472
3824 768 3824 3552 800 3328
4080 768 3824 3696 784 3312
0 1024 3824 544 896 3376
256 1024 3824 688 960 3424
512 1024 3824 816 992 3456
768 1024 3824 976 1024 3488
1024 1024 3824 1136 1040 3504
1280 1024 3824 1328 1040 3504
1536 1024 3824 1632 1072 3488
1792 1024 3824 1952 1136 3456
2048 1024 3824 2272 1152 3440
2288 1024 3824 2448 1152 3440
2544 1024 3824 2608 1136 3424
2800 1024 3824 2864 1104 3456
3056 1024 3824 3152 1056 3504
3312 1024 3824 3312 1024 3520
3568 1024 3824 3520 1008 3488
3824 1024 3824 3552 992 3360
4080 1024 3824 3696 960 3360
0 1280 3824 560 1040 3376
256 1280 3824 704 1120 3424
512 1280 3824 848 1216 3456
768 1280 3824 976 1248 3488
1024 1280 3824 1136 1280 3504
1280 1280 3824 1376 1328 3520
1536 1280 3824 1664 1344 3520
1792 1280 3824 2016 1360 3520
2048 1280 3824 2304 1424 3456
2288 1280 3824 2464 1440 3472
2544 1280 3824 2672 1440 3472
2800 1280 3824 2880 1408 3456
3056 1280 3824 3136 1344 3520
3312 1280 3824 3328 1296 3536
3568 1280 3824 3520 1264 3520
3824 1280 3824 3568 1232 3392
4080 1280 3824 3712 1216 3376
0 1536 3824 576 1216 3392
256 1536 3824 704 1328 3424
512 1536 3824 848 1456 3472
768 1536 3824 1008 1552 3504
1024 1536 3824 1168 1600 3504
1280 1536 3824 1376 1648 3536
1536 1536 3824 1712 1680 3552
1792 1536 3824 2064 1696 3552
2048 1536 3824 2336 1728 3536
2288 1536 3824 2528 1776 3520
2544 1536 3824 2720 1744 3504
2800 1536 3824 2896 1744 3504
3056 1536 3824 3104 1680 3504
3312 1536 3824 3328 1648 3552
3568 1536 3824 3552 1584 3536
3824 1536 3824 3584 1552 3440
4080 1536 3824 3728 1504 3392
0 1792 3824 608 1408 3392
256 1792 3824 736 1520 3408
512 1792 3824 880 1648 3440
768 1792 3824 1056 1760 3488
1024 1792 3824 1200 1840 3504
1280 1792 3824 1408 1920 3536
1536 1792 3824 1728 1984 3552
1792 1792 3824 2080 2016 3584
2048 1792 3824 2384 2016 3584
2288 1792 3824 2560 2016 3568
2544 1792 3824 2768 2064 3536
2800 1792 3824 2944 2048 3536
3056 1792 3824 3120 2000 3520
3312 1792 3824 3344 1936 3552
3568 1792 3824 3552 1872 3568
3824 1792 3824 3584 1840 3456
4080 1792 3824 3744 1792 3440
0 2048 3824 640 1600 3376
256 2048 3824 768 1696 3408
512 2048 3824 912 1824 3424
768 2048 3824 1056 1952 3472
1024 2048 3824 1232 2064 3504
1280 2048 3824 1424 2128 3520
1536 2048 3824 1744 2240 3552
1792 2048 3824 2096 2272 3600
2048 2048 3824 2400 2288 3584
2288 2048 3824 2608 2288 3584
2544 2048 3824 2800 2320 3568
2800 2048 3824 2960 2320 3536
3056 2048 3824 3136 2304 3536
3312 2048 3824 3344 2240 3568
3568 2048 3824 3568 2144 3584
3824 2048 3824 3600 2112 3504
4080 2048 3824 3744 2048 3456
0 2288 3824 656 1760 3376
256 2288 3824 768 1840 3408
512 2288 3824 912 2000 3424
768 2288 3824 1072 2112 3456
1024 2288 3824 1248 2208 3488
1280 2288 3824 1440 2304 3504
1536 2288 3824 1760 2400 3536
1792 2288 3824 2112 2480 3584
2048 2288 3824 2400 2496 3600
2288 2288 3824 2640 2496 3600
2544 2288 3824 2800 2496 3600
2800 2288 3824 2992 2512 3568
3056 2288 3824 3136 2496 3552
3312 2288 3824 3328 2432 3568
3568 2288 3824 3536 2352 3600
3824 2288 3824 3600 2320 3520
4080 2288 3824 3744 2304 3472
0 2544 3824 656 1904 3376
256 2544 3824 784 2032 3408
512 2544 3824 928 2144 3424
768 2544 3824 1088 2256 3472
1024 2544 3824 1264 2352 3488
1280 2544 3824 1456 2448 3504
1536 2544 3824 1792 2544 3552
1792 2544 3824 2144 2624 3584
2048 2544 3824 2432 2688 3616
2288 2544 3824 2624 2704 3600
2544 2544 3824 2832 2736 3616
2800 2544 3824 2992 2720 3600
3056 2544 3824 3168 2720 3584
3312 2544 3824 3312 2704 3568
3568 2544 3824 3536 2640 3600
3824 2544 3824 3632 2592 3536
4080 2544 3824 3760 2544 3504
0 2800 3824 656 2080 3376
256 2800 3824 768 2176 3408
512 2800 3824 928 2320 3456
768 2800 3824 1088 2416 3488
1024 2800 3824 1232 2528 3520
1280 2800 3824 1488 2576 3520
1536 2800 3824 1808 2688 3552
1792 2800 3824 2160 2768 3568
2048 2800 3824 2432 2832 3600
2288 2800 3824 2640 2912 3600
2544 2800 3824 2832 2960 3632
2800 2800 3824 3024 2944 3616
3056 2800 3824 3152 2960 3616
3312 2800 3824 3328 2960 3600
3568 2800 3824 3536 2896 3600
3824 2800 3824 3648 2880 3536
4080 2800 3824 3792 2816 3536
0 3056 3824 656 2272 3392
256 3056 3824 800 2368 3424
512 3056 3824 912 2496 3472
768 3056 3824 1072 2592 3504
1024 3056 3824 1248 2656 3504
1280 3056 3824 1472 2768 3536
1536 3056 3824 1792 2848 3552
1792 3056 3824 2192 2928 3584
2048 3056 3824 2464 2992 3600
2288 3056 3824 2656 3056 3600
2544 3056 3824 2848 3120 3616
2800 3056 3824 3024 3152 3616
3056 3056 3824 3184 3152 3632
3312 3056 3824 3344 3168 3616
3568 3056 3824 3536 3136 3600
3824 3056 3824 3648 3088 3584
4080 3056 3824 3808 3072 3536
0 3312 3824 656 2512 3424
256 3312 3824 768 2624 3456
512 3312 3824 928 2720 3488
768 3312 3824 1104 2816 3504
1024 3312 3824 1248 2880 3536
1280 3312 3824 1472 2912 3552
1536 3312 3824 1792 3008 3552
1792 3312 3824 2176 3056 3584
2048 3312 3824 2448 3136 3600
2288 3312 3824 2640 3168 3600
2544 3312 3824 2848 3232 3616
2800 3312 3824 3024 3264 3616
3056 3312 3824 3200 3328 3632
3312 3312 3824 3360 3360 3632
3568 3312 3824 3536 3344 3616
3824 3312 3824 3664 3296 3584
4080 3312 3824 3808 3280 3568
0 3568 3824 672 2768 3440
256 3568 3824 784 2864 3472
512 3568 3824 928 2944 3488
768 3568 3824 1104 3056 3536
1024 3568 3824 1232 3072 3536
1280 3568 3824 1440 3152 3584
1536 3568 3824 1776 3232 3584
1792 3568 3824 2144 3248 3600
2048 3568 3824 2432 3296 3600
2288 3568 3824 2640 3344 3616
2544 3568 3824 2848 3376 3632
2800 3568 3824 3008 3392 3616
3056 3568 3824 3184 3424 3632
3312 3568 3824 3360 3456 3632
3568 3568 3824 3536 3504 3632
3824 3568 3824 3664 3472 3616
4080 3568 3824 3808 3456 3600
0 3824 3824 656 3056 3488
256 3824 3824 784 3120 3504
512 3824 3824 928 3200 3536
768 3824 3824 1072 3264 3568
1024 3824 3824 1232 3312 3584
1280 3824 3824 1440 3328 3600
1536 3824 3824 1760 3392 3616
1792 3824 3824 2144 3440 3616
2048 3824 3824 2416 3472 3632
2288 3824 3824 2608 3504 3648
2544 3824 3824 2816 3520 3632
2800 3824 3824 3008 3552 3632
3056 3824 3824 3152 3552 3632
3312 3824 3824 3360 3584 3648
3568 3824 3824 3520 3600 3648
3824 3824 3824 3648 3616 3632
4080 3824 3824 3808 3616 3632
0 4080 3824 736 3312 3664
256 4080 3824 848 3376 3680
512 4080 3824 992 3424 3712
768 4080 3824 1152 3472 3728
1024 4080 3824 1312 3504 3728
1280 4080 3824 1520 3536 3760
1536 4080 3824 1840 3600 3776
1792 4080 3824 2208 3616 3792
2048 4080 3824 2496 3664 3792
2288 4080 3824 2688 3680 3792
2544 4080 3824 2896 3712 3808
2800 4080 3824 3072 3744 3792
3056 4080 3824 3264 3744 3776
3312 4080 3824 3408 3744 3776
3568 4080 3824 3600 3744 3744
3824 4080 3824 3728 3728 3712
4080 4080 3824 3808 3744 3600
0 0 4080 512 368 3504
256 0 4080 576 416 3472
512 0 4080 704 432 3504
768 0 4080 880 448 3520
1024 0 4080 1040 448 3536
1280 0 4080 1264 496 3520
1536 0 4080 1616 560 3472
1792 0 4080 1920 544 3472
2048 0 4080 2160 544 3472
2288 0 4080 2336 528 3456
2544 0 4080 2544 528 3488
2800 0 4080 2816 496 3520
3056 0 4080 3088 448 3568
3312 0 4080 3232 432 3568
3568 0 4080 3472 400 3600
3824 0 4080 3536 400 3456
4080 0 4080 3600 400 3344
0 256 4080 528 432 3504
256 256 4080 640 432 3520
512 256 4080 768 464 3552
768 256 4080 928 464 3568
1024 256 4080 1072 496 3584
1280 256 4080 1280 512 3584
1536 256 4080 1648 592 3536
1792 256 4080 1952 592 3520
2048 256 4080 2224 624 3520
2288 256 4080 2416 640 3520
2544 256 4080 2576 608 3552
2800 256 4080 2896 560 3584
3056 256 4080 3136 528 3616
3312 256 4080 3312 496 3632
3568 256 4080 3536 480 3664
3824 256 4080 3616 464 3552
4080 256 4080 3664 464 3408
0 512 4080 544 560 3552
256 512 4080 672 592 3568
512 512 4080 800 592 3568
768 512 4080 960 624 3600
1024 512 4080 1104 624 3616
1280 512 4080 1280 640 3616
1536 512 4080 1584 704 3568
1792 512 4080 1968 752 3552
2048 512 4080 2192 768 3552
2288 512 4080 2416 768 3552
2544 512 4080 2592 768 3552
2800 512 4080 2880 736 3568
3056 512 4080 3120 704 3616
3312 512 4080 3296 656 3648
3568 512 4080 3520 608 3648
3824 512 4080 3632 624 3584
4080 512 4080 3680 624 3440
0 768 4080 560 720 3552
256 768 4080 688 800 3584
512 768 4080 832 800 3600
768 768 4080 976 816 3600
1024 768 4080 1120 816 3616
1280 768 4080 1328 848 3632
1536 768 4080 1584 864 3600
1792 768 4080 1984 944 3568
2048 768 4080 2240 928 3552
2288 768 4080 2432 944 3568
2544 768 4080 2592 928 3552
2800 768 4080 2832 912 3584
3056 768 4080 3104 880 3632
3312 768 4080 3312 832 3648
3568 768 4080 3488 800 3648
3824 768 4080 3648 784 3616
4080 768 4080 3680 752 3488
0 1024 4080 560 896 3552
256 1024 4080 704 960 3584
512 1024 4080 832 992 3600
768 1024 4080 1008 1040 3648
1024 1024 4080 1152 1056 3648
1280 1024 4080 1344 1056 3648
1536 1024 4080 1648 1072 3648
1792 1024 4080 1984 1136 3616
2048 1024 4080 2256 1152 3584
2288 1024 4080 2448 1152 3584
2544 1024 4080 2640 1136 3584
2800 1024 4080 2832 1136 3584
3056 1024 4080 3104 1104 3648
3312 1024 4080 3312 1056 3664
3568 1024 4080 3488 1024 3648
3824 1024 4080 3648 976 3616
4080 1024 4080 3696 960 3488
0 1280 4080 576 1072 3552
256 1280 4080 704 1152 3584
512 1280 4080 832 1216 3600
768 1280 4080 1008 1264 3648
1024 1280 4080 1168 1328 3664
1280 1280 4080 1392 1344 3664
1536 1280 4080 1696 1344 3680
1792 1280 4080 2048 1376 3664
2048 1280 4080 2304 1408 3632
2288 1280 4080 2480 1424 3616
2544 1280 4080 2688 1424 3616
2800 1280 4080 2864 1424 3616
3056 1280 4080 3088 1392 3632
3312 1280 4080 3296 1328 3664
3568 1280 4080 3488 1264 3680
3824 1280 4080 3664 1232 3680
4080 1280 4080 3696 1200 3536
0 1536 4080 608 1264 3568
256 1536 4080 736 1376 3584
512 1536 4080 864 1456 3616
768 1536 4080 1040 1584 3632
1024 1536 4080 1184 1616 3664
1280 1536 4080 1408 1632 3680
1536 1536 4080 1728 1696 3696
1792 1536 4080 2080 1696 3696
2048 1536 4080 2352 1712 3680
2288 1536 4080 2528 1760 3664
2544 1536 4080 2736 1760 3648
2800 1536 4080 2912 1760 3648
3056 1536 4080 3088 1728 3648
3312 1536 4080 3296 1664 3664
3568 1536 4080 3504 1600 3696
3824 1536 4080 3680 1536 3712
4080 1536 4080 3728 1488 3568
0 1792 4080 624 1456 3552
256 1792 4080 752 1520 3568
512 1792 4080 896 1680 3600
768 1792 4080 1056 1776 3632
1024 1792 4080 1200 1904 3648
1280 1792 4080 1424 1952 3680
1536 1792 4080 1744 2000 3696
1792 1792 4080 2144 2032 3712
2048 1792 4080 2400 2016 3712
2288 1792 4080 2592 2016 3712
2544 1792 4080 2768 2048 3680
2800 1792 4080 2944 2064 3664
3056 1792 4080 3120 2048 3664
3312 1792 4080 3312 1968 3664
3568 1792 4080 3504 1888 3712
3824 1792 4080 3696 1808 3712
4080 1792 4080 3712 1760 3584
0 2048 4080 640 1616 3552
256 2048 4080 768 1712 3568
512 2048 4080 896 1840 3584
768 2048 4080 1072 1968 3616
1024 2048 4080 1232 2048 3648
1280 2048 4080 1456 2176 3664
1536 2048 4080 1760 2256 3696
1792 2048 4080 2144 2272 3728
2048 2048 4080 2432 2320 3744
2288 2048 4080 2608 2288 3728
2544 2048 4080 2800 2304 3728
2800 2048 4080 2976 2336 3696
3056 2048 4080 3152 2320 3680
3312 2048 4080 3312 2272 3680
3568 2048 4080 3520 2192 3728
3824 2048 4080 3664 2096 3728
4080 2048 4080 3728 2000 3600
0 2288 4080 672 1792 3520
256 2288 4080 800 1888 3552
512 2288 4080 928 2016 3600
768 2288 4080 1104 2144 3616
1024 2288 4080 1264 2240 3632
1280 2288 4080 1472 2320 3664
1536 2288 4080 1792 2416 3696
1792 2288 4080 2144 2480 3728
2048 2288 4080 2416 2480 3744
2288 2288 4080 2640 2480 3760
2544 2288 4080 2800 2512 3760
2800 2288 4080 2992 2512 3728
3056 2288 4080 3152 2512 3712
3312 2288 4080 3296 2480 3696
3568 2288 4080 3520 2400 3728
3824 2288 4080 3664 2304 3744
4080 2288 4080 3744 2256 3632
0 2544 4080 688 1952 3520
256 2544 4080 800 2032 3552
512 2544 4080 944 2144 3600
768 2544 4080 1136 2304 3616
1024 2544 4080 1280 2368 3632
1280 2544 4080 1488 2496 3664
1536 2544 4080 1824 2560 3680
1792 2544 4080 2160 2640 3712
2048 2544 4080 2432 2704 3760
2288 2544 4080 2624 2720 3760
2544 2544 4080 2832 2720 3760
2800 2544 4080 3008 2720 3760
3056 2544 4080 3168 2736 3744
3312 2544 4080 3312 2720 3728
3568 2544 4080 3504 2656 3728
3824 2544 4080 3664 2576 3760
4080 2544 4080 3744 2528 3648
0 2800 4080 688 2080 3536
256 2800 4080 816 2224 3568
512 2800 4080 960 2336 3600
768 2800 4080 1136 2464 3616
1024 2800 4080 1296 2544 3648
1280 2800 4080 1472 2608 3664
1536 2800 4080 1840 2688 3680
1792 2800 4080 2208 2800 3712
2048 2800 4080 2432 2864 3744
2288 2800 4080 2640 2928 3760
2544 2800 4080 2848 2976 3776
2800 2800 4080 3024 2976 3792
3056 2800 4080 3184 2960 3776
3312 2800 4080 3344 2976 3760
3568 2800 4080 3520 2944 3744
3824 2800 4080 3664 2880 3760
4080 2800 4080 3760 2800 3696
0 3056 4080 688 2272 3552
256 3056 4080 816 2384 3584
512 3056 4080 960 2512 3616
768 3056 4080 1104 2592 3632
1024 3056 4080 1280 2672 3648
1280 3056 4080 1488 2784 3664
1536 3056 4080 1840 2848 3696
1792 3056 4080 2208 2944 3696
2048 3056 4080 2464 3024 3728
2288 3056 4080 2672 3072 3760
2544 3056 4080 2880 3120 3760
2800 3056 4080 3024 3152 3776
3056 3056 4080 3200 3184 3792
3312 3056 4080 3360 3168 3776
3568 3056 4080 3536 3152 3760
3824 3056 4080 3664 3120 3760
4080 3056 4080 3776 3072 3712
0 3312 4080 688 2480 3568
256 3312 4080 816 2608 3600
512 3312 4080 960 2704 3632
768 3312 4080 1136 2768 3648
1024 3312 4080 1280 2848 3664
1280 3312 4080 1472 2912 3680
1536 3312 4080 1840 3008 3696
1792 3312 4080 2192 3088 3696
2048 3312 4080 2464 3152 3728
2288 3312 4080 2672 3200 3760
2544 3312 4080 2880 3248 3760
2800 3312 4080 3024 3312 3776
3056 3312 4080 3200 3344 3776
3312 3312 4080 3392 3344 3792
3568 3312 4080 3536 3328 3776
3824 3312 4080 3664 3312 3760
4080 3312 4080 3808 3280 3728
0 3568 4080 704 2720 3584
256 3568 4080 816 2832 3616
512 3568 4080 960 2912 3632
768 3568 4080 1120 3024 3664
1024 3568 4080 1280 3040 3664
1280 3568 4080 1472 3136 3680
1536 3568 4080 1824 3200 3696
1792 3568 4080 2208 3232 3728
2048 3568 4080 2464 3264 3744
2288 3568 4080 2672 3312 3760
2544 3568 4080 2864 3376 3760
2800 3568 4080 3024 3424 3776
3056 3568 4080 3200 3456 3792
3312 3568 4080 3392 3488 3792
3568 3568 4080 3536 3488 3792
3824 3568 4080 3664 3472 3760
4080 3568 4080 3792 3440 3728
0 3824 4080 704 2976 3600
256 3824 4080 816 3088 3648
512 3824 4080 960 3152 3648
768 3824 4080 1120 3184 3664
1024 3824 4080 1264 3248 3696
1280 3824 4080 1472 3312 3696
1536 3824 4080 1824 3344 3728
1792 3824 4080 2176 3376 3744
2048 3824 4080 2448 3456 3760
2288 3824 4080 2656 3456 3776
2544 3824 4080 2848 3488 3776
2800 3824 4080 3024 3520 3776
3056 3824 4080 3200 3552 3776
3312 3824 4080 3408 3568 3792
3568 3824 4080 3552 3600 3792
3824 3824 4080 3664 3632 3792
4080 3824 4080 3792 3616 3792
0 4080 4080 736 3184 3680
256 4080 4080 864 3248 3712
512 4080 4080 1008 3328 3728
768 4080 4080 1152 3344 3744
1024 4080 4080 1296 3392 3760
1280 4080 4080 1520 3440 3776
1536 4080 4080 1872 3472 3792
1792 4080 4080 2208 3520 3808
2048 4080 4080 2480 3520 3808
2288 4080 4080 2704 3552 3808
2544 4080 4080 2912 3600 3824
2800 4080 4080 3088 3600 3824
3056 4080 4080 3248 3664 3824
3312 4080 4080 3424 3680 3824
3568 4080 4080 3600 3680 3824
3824 4080 4080 3712 3712 3840
4080 4080 4080 3808 3760 3808
