0 0 0 0 0 0
256 0 0 226 63 63
512 0 0 447 135 132
768 0 0 660 221 210
1024 0 0 941 155 153
1280 0 0 1229 75 81
1536 0 0 1474 91 86
1792 0 0 1719 107 92
2048 0 0 1963 123 96
2303 0 0 2235 211 160
2559 0 0 2509 294 213
2815 0 0 2784 368 250
3071 0 0 3031 399 255
3327 0 0 3268 409 247
3583 0 0 3491 379 217
3839 0 0 3702 336 178
4095 0 0 3904 284 133
0 256 0 90 257 0
256 256 0 278 280 23
512 256 0 469 314 100
768 256 0 663 364 255
1024 256 0 941 328 158
1280 256 0 1230 284 30
1536 256 0 1475 290 32
1792 256 0 1720 296 34
2048 256 0 1964 302 36
2303 256 0 2242 365 135
2559 256 0 2519 422 207
2815 256 0 2790 472 239
3071 256 0 3036 490 239
3327 256 0 3273 492 226
3583 256 0 3496 466 194
3839 256 0 3706 436 156
4095 256 0 3908 405 115
0 512 0 178 515 0
256 512 0 332 513 0
512 512 0 500 521 60
768 512 0 692 542 211
1024 512 0 958 529 120
1280 512 0 1235 512 0
1536 512 0 1479 512 0
1792 512 0 1726 515 0
2048 512 0 1976 519 0
2303 512 0 2258 563 120
2559 512 0 2534 601 202
2815 512 0 2799 630 224
3071 512 0 3043 636 219
3327 512 0 3278 632 200
3583 512 0 3501 609 159
3839 512 0 3710 589 118
4095 512 0 3910 572 78
0 768 0 266 775 0
256 768 0 386 770 0
512 768 0 545 769 10
768 768 0 761 773 35
1024 768 0 1001 771 20
1280 768 0 1245 768 0
1536 768 0 1487 768 0
1792 768 0 1741 777 0
2048 768 0 2003 793 0
2303 768 0 2286 828 121
2559 768 0 2558 854 198
2815 768 0 2812 867 206
3071 768 0 3051 866 193
3327 768 0 3284 859 166
3583 768 0 3505 839 107
3839 768 0 3711 822 57
4095 768 0 3907 807 13
0 1024 0 351 1029 0
256 1024 0 449 1026 0
512 1024 0 592 1024 0
768 1024 0 801 1024 0
1024 1024 0 1035 1031 0
1280 1024 0 1279 1040 0
1536 1024 0 1535 1055 0
1792 1024 0 1795 1070 21
2048 1024 0 2058 1086 55
2303 1024 0 2324 1106 120
2559 1024 0 2583 1118 154
2815 1024 0 2828 1121 144
3071 1024 0 3063 1115 114
3327 1024 0 3292 1105 79
3583 1024 0 3511 1085 48
3839 1024 0 3716 1067 23
4095 1024 0 3910 1050 0
0 1280 0 451 1298 0
256 1280 0 531 1296 0
512 1280 0 657 1296 0
768 1280 0 851 1296 0
1024 1280 0 1082 1308 0
1280 1280 0 1329 1326 0
1536 1280 0 1597 1352 0
1792 1280 0 1859 1370 36
2048 1280 0 2117 1382 95
2303 1280 0 2364 1385 103
2559 1280 0 2608 1386 98
2815 1280 0 2846 1381 74
3071 1280 0 3075 1370 35
3327 1280 0 3301 1356 0
3583 1280 0 3518 1336 0
3839 1280 0 3722 1316 0
4095 1280 0 3916 1295 0
0 1536 0 615 1628 0
256 1536 0 680 1628 0
512 1536 0 791 1629 0
768 1536 0 971 1632 0
1024 1536 0 1190 1640 0
1280 1536 0 1423 1649 0
1536 1536 0 1673 1662 0
1792 1536 0 1918 1666 10
2048 1536 0 2160 1665 27
2303 1536 0 2397 1661 29
2559 1536 0 2633 1654 28
2815 1536 0 2865 1645 21
3071 1536 0 3090 1630 10
3327 1536 0 3312 1614 0
3583 1536 0 3527 1592 0
3839 1536 0 3729 1569 0
4095 1536 0 3922 1545 0
0 1792 0 759 1931 0
256 1792 0 810 1932 0
512 1792 0 906 1933 0
768 1792 0 1068 1936 0
1024 1792 0 1273 1940 0
1280 1792 0 1493 1945 0
1536 1792 0 1730 1951 0
1792 1792 0 1966 1951 0
2048 1792 0 2203 1948 0
2303 1792 0 2431 1936 0
2559 1792 0 2659 1923 0
2815 1792 0 2885 1909 0
3071 1792 0 3107 1891 0
3327 1792 0 3325 1872 0
3583 1792 0 3538 1848 0
3839 1792 0 3740 1823 0
4095 1792 0 3933 1796 0
0 2048 0 890 2216 0
256 2048 0 927 2217 0
512 2048 0 1007 2218 0
768 2048 0 1151 2219 0
1024 2048 0 1341 2221 0
1280 2048 0 1547 2223 0
1536 2048 0 1775 2226 0
1792 2048 0 2008 2227 0
2048 2048 0 2246 2229 0
2303 2048 0 2465 2210 0
2559 2048 0 2685 2191 0
2815 2048 0 2906 2173 0
3071 2048 0 3124 2153 0
3327 2048 0 3339 2131 0
3583 2048 0 3550 2106 0
3839 2048 0 3752 2078 0
4095 2048 0 3948 2048 0
0 2303 0 980 2473 0
256 2303 0 1014 2474 0
512 2303 0 1086 2475 0
768 2303 0 1217 2476 0
1024 2303 0 1395 2477 0
1280 2303 0 1589 2478 0
1536 2303 0 1808 2480 0
1792 2303 0 2034 2481 0
2048 2303 0 2266 2483 0
2303 2303 0 2494 2475 0
2559 2303 0 2717 2461 0
2815 2303 0 2931 2437 0
3071 2303 0 3144 2414 0
3327 2303 0 3356 2390 0
3583 2303 0 3565 2363 0
3839 2303 0 3762 2332 0
4095 2303 0 3952 2298 0
0 2559 0 1066 2723 0
256 2559 0 1095 2726 0
512 2559 0 1159 2728 0
768 2559 0 1279 2728 0
1024 2559 0 1445 2729 0
1280 2559 0 1629 2729 0
1536 2559 0 1838 2730 0
1792 2559 0 2057 2731 0
2048 2559 0 2284 2732 0
2303 2559 0 2515 2731 0
2559 2559 0 2741 2722 0
2815 2559 0 2956 2701 0
3071 2559 0 3166 2676 0
3327 2559 0 3374 2649 0
3583 2559 0 3581 2621 0
3839 2559 0 3774 2587 0
4095 2559 0 3960 2550 0
0 2815 0 1144 2963 0
256 2815 0 1166 2968 0
512 2815 0 1223 2971 0
768 2815 0 1334 2971 0
1024 2815 0 1490 2972 0
1280 2815 0 1664 2972 0
1536 2815 0 1865 2972 0
1792 2815 0 2077 2973 0
2048 2815 0 2296 2973 0
2303 2815 0 2525 2974 0
2559 2815 0 2754 2971 0
2815 2815 0 2981 2964 0
3071 2815 0 3190 2939 0
3327 2815 0 3394 2909 0
3583 2815 0 3597 2878 0
3839 2815 0 3790 2842 0
4095 2815 0 3975 2803 0
0 3071 0 1201 3199 0
256 3071 0 1223 3203 0
512 3071 0 1278 3206 0
768 3071 0 1381 3206 0
1024 3071 0 1529 3206 0
1280 3071 0 1694 3206 0
1536 3071 0 1887 3206 0
1792 3071 0 2093 3206 0
2048 3071 0 2306 3207 0
2303 3071 0 2530 3207 0
2559 3071 0 2757 3206 0
2815 3071 0 2986 3204 0
3071 3071 0 3205 3190 0
3327 3071 0 3417 3169 0
3583 3071 0 3616 3136 0
3839 3071 0 3806 3096 0
4095 3071 0 3988 3053 0
0 3327 0 1251 3432 0
256 3327 0 1275 3434 0
512 3327 0 1329 3436 0
768 3327 0 1425 3436 0
1024 3327 0 1565 3436 0
1280 3327 0 1722 3436 0
1536 3327 0 1908 3436 0
1792 3327 0 2107 3436 0
2048 3327 0 2314 3436 0
2303 3327 0 2533 3436 0
2559 3327 0 2756 3437 0
2815 3327 0 2985 3437 0
3071 3327 0 3212 3433 0
3327 3327 0 3435 3423 0
3583 3327 0 3634 3391 0
3839 3327 0 3822 3350 0
4095 3327 0 4001 3302 0
0 3583 0 1294 3658 0
256 3583 0 1320 3659 0
512 3583 0 1371 3659 0
768 3583 0 1462 3659 0
1024 3583 0 1595 3659 0
1280 3583 0 1746 3659 0
1536 3583 0 1925 3659 0
1792 3583 0 2118 3659 0
2048 3583 0 2320 3660 0
2303 3583 0 2534 3659 0
2559 3583 0 2753 3659 0
2815 3583 0 2977 3660 0
3071 3583 0 3204 3658 0
3327 3583 0 3430 3654 0
3583 3583 0 3649 3641 0
3839 3583 0 3840 3603 0
4095 3583 0 4013 3547 0
0 3839 0 1337 3875 0
256 3839 0 1362 3876 0
512 3839 0 1411 3876 0
768 3839 0 1498 3874 0
1024 3839 0 1626 3870 0
1280 3839 0 1772 3868 0
1536 3839 0 1943 3871 0
1792 3839 0 2128 3874 0
2048 3839 0 2324 3876 0
2303 3839 0 2533 3875 0
2559 3839 0 2747 3874 0
2815 3839 0 2966 3872 0
3071 3839 0 3189 3869 0
3327 3839 0 3414 3866 0
3583 3839 0 3641 3865 0
3839 3839 0 3843 3837 0
4095 3839 0 4027 3790 0
0 4095 0 1380 4088 0
256 4095 0 1402 4089 0
512 4095 0 1449 4087 0
768 4095 0 1533 4082 0
1024 4095 0 1658 4073 0
1280 4095 0 1799 4067 0
1536 4095 0 1960 4076 0
1792 4095 0 2138 4082 0
2048 4095 0 2326 4087 0
2303 4095 0 2531 4087 0
2559 4095 0 2740 4083 0
2815 4095 0 2953 4077 0
3071 4095 0 3170 4069 0
3327 4095 0 3390 4065 0
3583 4095 0 3618 4071 0
3839 4095 0 3834 4058 0
4095 4095 0 4042 4032 0
0 0 256 20 20 260
256 0 256 246 31 283
512 0 256 475 60 309
768 0 256 708 115 340
1024 0 256 967 79 318
1280 0 256 1227 33 290
1536 0 256 1473 39 292
1792 0 256 1718 46 294
2048 0 256 1963 52 296
2303 0 256 2235 173 331
2559 0 256 2510 276 362
2815 0 256 2786 352 386
3071 0 256 3034 378 388
3327 0 256 3272 382 381
3583 0 256 3495 349 363
3839 0 256 3705 313 341
4095 0 256 3905 274 317
0 256 256 95 264 258
256 256 256 285 268 266
512 256 256 481 285 299
768 256 256 686 324 367
1024 256 256 919 328 346
1280 256 256 1168 320 307
1536 256 256 1451 294 285
1792 256 256 1713 282 275
2048 256 256 1962 279 272
2303 256 256 2243 352 323
2559 256 256 2520 416 361
2815 256 256 2792 466 380
3071 256 256 3039 481 380
3327 256 256 3276 480 371
3583 256 256 3499 452 351
3839 256 256 3710 418 329
4095 256 256 3912 382 304
0 512 256 174 513 253
256 512 256 327 513 249
512 512 256 499 521 274
768 512 256 698 542 341
1024 512 256 921 563 326
1280 512 256 1163 572 293
1536 512 256 1451 539 269
1792 512 256 1719 525 259
2048 512 256 1974 524 259
2303 512 256 2259 566 318
2559 512 256 2536 602 359
2815 512 256 2802 629 372
3071 512 256 3046 634 368
3327 512 256 3282 629 357
3583 512 256 3505 604 333
3839 512 256 3715 575 308
4095 512 256 3917 543 283
0 768 256 261 771 245
256 768 256 374 771 231
512 768 256 533 772 227
768 768 256 760 774 237
1024 768 256 998 775 234
1280 768 256 1240 775 231
1536 768 256 1485 772 241
1792 768 256 1741 780 250
2048 768 256 2004 795 260
2303 768 256 2288 829 318
2559 768 256 2562 854 355
2815 768 256 2817 865 359
3071 768 256 3057 863 351
3327 768 256 3291 854 335
3583 768 256 3513 832 304
3839 768 256 3721 809 276
4095 768 256 3920 784 249
0 1024 256 347 1026 229
256 1024 256 437 1027 215
512 1024 256 577 1027 204
768 1024 256 793 1026 199
1024 1024 256 1035 1032 203
1280 1024 256 1283 1040 212
1536 1024 256 1539 1054 229
1792 1024 256 1800 1070 249
2048 1024 256 2065 1085 271
2303 1024 256 2332 1103 303
2559 1024 256 2592 1114 321
2815 1024 256 2837 1117 318
3071 1024 256 3072 1110 304
3327 1024 256 3301 1098 285
3583 1024 256 3521 1078 264
3839 1024 256 3727 1056 246
4095 1024 256 3924 1034 229
0 1280 256 448 1296 217
256 1280 256 520 1297 205
512 1280 256 642 1298 194
768 1280 256 838 1299 185
1024 1280 256 1076 1312 193
1280 1280 256 1329 1329 206
1536 1280 256 1601 1353 222
1792 1280 256 1866 1369 246
2048 1280 256 2127 1378 274
2303 1280 256 2376 1379 278
2559 1280 256 2621 1378 278
2815 1280 256 2857 1374 270
3071 1280 256 3086 1364 252
3327 1280 256 3311 1350 233
3583 1280 256 3529 1329 223
3839 1280 256 3733 1307 215
4095 1280 256 3929 1286 208
0 1536 256 614 1627 228
256 1536 256 673 1629 219
512 1536 256 780 1632 209
768 1536 256 956 1636 199
1024 1536 256 1179 1643 202
1280 1536 256 1418 1652 209
1536 1536 256 1672 1664 218
1792 1536 256 1920 1667 227
2048 1536 256 2165 1665 234
2303 1536 256 2405 1659 233
2559 1536 256 2642 1651 229
2815 1536 256 2875 1640 222
3071 1536 256 3100 1625 210
3327 1536 256 3323 1607 197
3583 1536 256 3539 1585 185
3839 1536 256 3741 1562 179
4095 1536 256 3936 1540 175
0 1792 256 755 1931 217
256 1792 256 803 1933 208
512 1792 256 895 1935 198
768 1792 256 1052 1940 184
1024 1792 256 1260 1944 185
1280 1792 256 1484 1948 189
1536 1792 256 1725 1953 195
1792 1792 256 1965 1952 198
2048 1792 256 2204 1948 199
2303 1792 256 2435 1936 192
2559 1792 256 2665 1922 184
2815 1792 256 2892 1907 174
3071 1792 256 3115 1888 158
3327 1792 256 3335 1867 139
3583 1792 256 3548 1843 113
3839 1792 256 3751 1818 102
4095 1792 256 3945 1794 101
0 2048 256 880 2217 191
256 2048 256 918 2218 182
512 2048 256 997 2220 169
768 2048 256 1134 2222 149
1024 2048 256 1326 2224 149
1280 2048 256 1536 2226 154
1536 2048 256 1767 2228 159
1792 2048 256 2004 2229 164
2048 2048 256 2244 2230 168
2303 2048 256 2465 2211 155
2559 2048 256 2688 2192 141
2815 2048 256 2910 2173 125
3071 2048 256 3129 2152 98
3327 2048 256 3346 2129 66
3583 2048 256 3558 2102 19
3839 2048 256 3761 2075 0
4095 2048 256 3956 2048 0
0 2303 256 970 2474 72
256 2303 256 1005 2475 69
512 2303 256 1076 2477 64
768 2303 256 1200 2479 56
1024 2303 256 1378 2480 56
1280 2303 256 1577 2481 58
1536 2303 256 1798 2482 60
1792 2303 256 2028 2484 62
2048 2303 256 2262 2484 63
2303 2303 256 2492 2476 58
2559 2303 256 2717 2462 53
2815 2303 256 2932 2438 47
3071 2303 256 3147 2413 37
3327 2303 256 3361 2389 25
3583 2303 256 3571 2361 7
3839 2303 256 3771 2332 0
4095 2303 256 3965 2301 0
0 2559 256 1055 2726 0
256 2559 256 1086 2728 0
512 2559 256 1149 2729 0
768 2559 256 1261 2731 0
1024 2559 256 1428 2732 0
1280 2559 256 1615 2732 0
1536 2559 256 1827 2733 0
1792 2559 256 2049 2733 0
2048 2559 256 2277 2734 0
2303 2559 256 2511 2733 0
2559 2559 256 2739 2724 0
2815 2559 256 2956 2703 0
3071 2559 256 3167 2677 0
3327 2559 256 3377 2649 0
3583 2559 256 3585 2620 0
3839 2559 256 3783 2589 0
4095 2559 256 3976 2556 0
0 2815 256 1130 2968 0
256 2815 256 1156 2970 0
512 2815 256 1213 2972 0
768 2815 256 1315 2974 0
1024 2815 256 1471 2975 0
1280 2815 256 1648 2975 0
1536 2815 256 1851 2975 0
1792 2815 256 2066 2975 0
2048 2815 256 2288 2976 0
2303 2815 256 2519 2976 0
2559 2815 256 2750 2973 0
2815 2815 256 2981 2967 0
3071 2815 256 3191 2941 0
3327 2815 256 3395 2910 0
3583 2815 256 3600 2879 0
3839 2815 256 3797 2845 0
4095 2815 256 3990 2810 0
0 3071 256 1190 3203 0
256 3071 256 1215 3205 0
512 3071 256 1268 3207 0
768 3071 256 1363 3208 0
1024 3071 256 1509 3209 0
1280 3071 256 1676 3209 0
1536 3071 256 1873 3209 0
1792 3071 256 2080 3209 0
2048 3071 256 2296 3209 0
2303 3071 256 2522 3209 0
2559 3071 256 2751 3209 0
2815 3071 256 2983 3207 0
3071 3071 256 3204 3192 0
3327 3071 256 3418 3171 0
3583 3071 256 3618 3138 0
3839 3071 256 3812 3101 0
4095 3071 256 4002 3061 0
0 3327 256 1245 3434 0
256 3327 256 1269 3436 0
512 3327 256 1319 3437 0
768 3327 256 1407 3438 0
1024 3327 256 1545 3439 0
1280 3327 256 1703 3439 0
1536 3327 256 1892 3439 0
1792 3327 256 2093 3439 0
2048 3327 256 2303 3439 0
2303 3327 256 2524 3439 0
2559 3327 256 2749 3439 0
2815 3327 256 2979 3439 0
3071 3327 256 3210 3436 0
3327 3327 256 3435 3427 0
3583 3327 256 3636 3395 0
3839 3327 256 3828 3355 0
4095 3327 256 4013 3311 0
0 3583 256 1291 3659 0
256 3583 256 1315 3659 0
512 3583 256 1362 3660 0
768 3583 256 1445 3661 0
1024 3583 256 1576 3662 0
1280 3583 256 1727 3662 0
1536 3583 256 1909 3662 0
1792 3583 256 2104 3662 0
2048 3583 256 2308 3662 0
2303 3583 256 2524 3662 0
2559 3583 256 2745 3662 0
2815 3583 256 2971 3662 0
3071 3583 256 3200 3661 0
3327 3583 256 3428 3657 0
3583 3583 256 3650 3645 0
3839 3583 256 3844 3608 0
4095 3583 256 4021 3553 0
0 3839 256 1334 3877 0
256 3839 256 1357 3878 0
512 3839 256 1404 3878 0
768 3839 256 1485 3878 0
1024 3839 256 1612 3876 0
1280 3839 256 1757 3875 0
1536 3839 256 1931 3877 0
1792 3839 256 2119 3878 0
2048 3839 256 2316 3879 0
2303 3839 256 2527 3879 0
2559 3839 256 2742 3878 0
2815 3839 256 2963 3877 0
3071 3839 256 3188 3875 0
3327 3839 256 3415 3873 0
3583 3839 256 3644 3871 0
3839 3839 256 3847 3843 0
4095 3839 256 4033 3797 0
0 4095 256 1375 4091 0
256 4095 256 1398 4092 0
512 4095 256 1444 4092 0
768 4095 256 1527 4090 0
1024 4095 256 1651 4085 0
1280 4095 256 1792 4081 0
1536 4095 256 1956 4086 0
1792 4095 256 2136 4090 0
2048 4095 256 2326 4092 0
2303 4095 256 2531 4092 0
2559 4095 256 2741 4090 0
2815 4095 256 2956 4087 0
3071 4095 256 3175 4082 0
3327 4095 256 3397 4079 0
3583 4095 256 3625 4081 0
3839 4095 256 3841 4067 0
4095 4095 256 4049 4041 0
0 0 512 46 52 521
256 0 512 263 23 520
512 0 512 491 17 520
768 0 512 737 49 522
1024 0 512 982 30 521
1280 0 512 1226 6 519
1536 0 512 1472 6 519
1792 0 512 1717 7 519
2048 0 512 1962 7 519
2303 0 512 2236 152 539
2559 0 512 2512 270 557
2815 0 512 2788 345 573
3071 0 512 3036 367 573
3327 0 512 3274 367 568
3583 0 512 3498 331 555
3839 0 512 3707 300 542
4095 0 512 3905 273 530
0 256 512 105 276 517
256 256 512 289 264 521
512 256 512 490 266 528
768 256 512 714 288 539
1024 256 512 930 307 555
1280 256 512 1159 314 563
1536 256 512 1450 280 535
1792 256 512 1715 264 521
2048 256 512 1963 260 518
2303 256 512 2244 345 540
2559 256 512 2522 416 559
2815 256 512 2793 465 572
3071 256 512 3040 478 571
3327 256 512 3278 475 565
3583 256 512 3501 445 552
3839 256 512 3712 408 537
4095 256 512 3915 367 522
0 512 512 174 513 511
256 512 512 323 513 511
512 512 512 500 517 516
768 512 512 718 529 528
1024 512 512 925 560 549
1280 512 512 1147 580 561
1536 512 512 1441 543 534
1792 512 512 1713 527 523
2048 512 512 1971 526 522
2303 512 512 2258 569 544
2559 512 512 2537 606 561
2815 512 512 2803 632 569
3071 512 512 3048 636 566
3327 512 512 3284 630 558
3583 512 512 3507 604 544
3839 512 512 3719 567 529
4095 512 512 3923 522 511
0 768 512 260 770 500
256 768 512 368 772 484
512 768 512 526 773 475
768 768 512 762 773 475
1024 768 512 990 779 482
1280 768 512 1217 786 492
1536 768 512 1450 790 510
1792 768 512 1711 800 524
2048 768 512 1991 812 534
2303 768 512 2281 841 552
2559 768 512 2559 862 563
2815 768 512 2817 870 564
3071 768 512 3059 866 557
3327 768 512 3294 855 547
3583 768 512 3517 832 532
3839 768 512 3727 803 516
4095 768 512 3928 770 498
0 1024 512 345 1025 478
256 1024 512 430 1027 460
512 1024 512 568 1029 446
768 1024 512 786 1028 436
1024 1024 512 1026 1036 443
1280 1024 512 1273 1048 458
1536 1024 512 1525 1065 484
1792 1024 512 1788 1082 507
2048 1024 512 2057 1097 528
2303 1024 512 2326 1113 540
2559 1024 512 2588 1122 547
2815 1024 512 2837 1123 545
3071 1024 512 3074 1114 537
3327 1024 512 3305 1100 525
3583 1024 512 3527 1077 508
3839 1024 512 3734 1051 492
4095 1024 512 3932 1024 477
0 1280 512 446 1296 464
256 1280 512 514 1298 448
512 1280 512 631 1300 431
768 1280 512 824 1303 413
1024 1280 512 1069 1316 422
1280 1280 512 1332 1333 439
1536 1280 512 1610 1353 462
1792 1280 512 1874 1369 487
2048 1280 512 2128 1381 512
2303 1280 512 2374 1385 518
2559 1280 512 2619 1385 520
2815 1280 512 2858 1380 517
3071 1280 512 3090 1367 508
3327 1280 512 3318 1351 495
3583 1280 512 3537 1327 476
3839 1280 512 3742 1303 461
4095 1280 512 3937 1280 449
0 1536 512 614 1628 489
256 1536 512 669 1630 476
512 1536 512 770 1634 460
768 1536 512 941 1640 442
1024 1536 512 1166 1648 441
1280 1536 512 1409 1657 447
1536 1536 512 1671 1666 462
1792 1536 512 1923 1668 471
2048 1536 512 2170 1666 478
2303 1536 512 2411 1659 476
2559 1536 512 2650 1650 472
2815 1536 512 2885 1638 464
3071 1536 512 3111 1623 454
3327 1536 512 3333 1605 442
3583 1536 512 3550 1580 422
3839 1536 512 3752 1557 411
4095 1536 512 3944 1536 406
0 1792 512 752 1932 480
256 1792 512 798 1934 468
512 1792 512 886 1938 452
768 1792 512 1037 1943 429
1024 1792 512 1244 1949 424
1280 1792 512 1470 1953 424
1536 1792 512 1718 1956 434
1792 1792 512 1963 1954 440
2048 1792 512 2207 1949 442
2303 1792 512 2441 1935 432
2559 1792 512 2674 1920 420
2815 1792 512 2904 1903 405
3071 1792 512 3126 1884 385
3327 1792 512 3346 1863 360
3583 1792 512 3562 1836 323
3839 1792 512 3762 1813 309
4095 1792 512 3952 1792 312
0 2048 512 871 2217 448
256 2048 512 911 2219 436
512 2048 512 988 2221 417
768 2048 512 1119 2225 389
1024 2048 512 1309 2228 381
1280 2048 512 1519 2230 381
1536 2048 512 1755 2232 390
1792 2048 512 1997 2232 397
2048 2048 512 2241 2232 404
2303 2048 512 2466 2212 386
2559 2048 512 2692 2193 366
2815 2048 512 2917 2173 343
3071 2048 512 3138 2150 306
3327 2048 512 3357 2125 260
3583 2048 512 3573 2096 194
3839 2048 512 3772 2070 174
4095 2048 512 3962 2048 185
0 2303 512 962 2475 297
256 2303 512 998 2476 292
512 2303 512 1067 2478 284
768 2303 512 1186 2481 271
1024 2303 512 1362 2484 264
1280 2303 512 1559 2485 260
1536 2303 512 1784 2486 262
1792 2303 512 2018 2487 265
2048 2303 512 2256 2487 269
2303 2303 512 2489 2478 262
2559 2303 512 2717 2463 253
2815 2303 512 2935 2438 241
3071 2303 512 3153 2413 224
3327 2303 512 3369 2387 202
3583 2303 512 3582 2357 171
3839 2303 512 3782 2329 165
4095 2303 512 3973 2303 177
0 2559 512 1046 2728 202
256 2559 512 1078 2729 201
512 2559 512 1141 2730 198
768 2559 512 1247 2733 194
1024 2559 512 1411 2735 188
1280 2559 512 1596 2736 181
1536 2559 512 1811 2737 179
1792 2559 512 2036 2737 179
2048 2559 512 2268 2737 180
2303 2559 512 2505 2735 180
2559 2559 512 2736 2726 179
2815 2559 512 2956 2705 175
3071 2559 512 3170 2678 169
3327 2559 512 3382 2649 162
3583 2559 512 3592 2618 152
3839 2559 512 3792 2588 155
4095 2559 512 3986 2559 167
0 2815 512 1119 2971 189
256 2815 512 1149 2972 188
512 2815 512 1205 2973 186
768 2815 512 1302 2976 182
1024 2815 512 1454 2977 175
1280 2815 512 1628 2978 168
1536 2815 512 1833 2979 163
1792 2815 512 2050 2979 162
2048 2815 512 2276 2979 163
2303 2815 512 2510 2978 164
2559 2815 512 2744 2976 164
2815 2815 512 2978 2970 163
3071 2815 512 3190 2943 158
3327 2815 512 3397 2911 150
3583 2815 512 3604 2879 139
3839 2815 512 3804 2847 143
4095 2815 512 3999 2814 156
0 3071 512 1182 3205 172
256 3071 512 1209 3206 171
512 3071 512 1261 3207 168
768 3071 512 1350 3210 164
1024 3071 512 1493 3211 157
1280 3071 512 1657 3212 149
1536 3071 512 1852 3213 142
1792 3071 512 2063 3213 139
2048 3071 512 2282 3213 140
2303 3071 512 2511 3212 141
2559 3071 512 2743 3211 142
2815 3071 512 2978 3210 142
3071 3071 512 3201 3195 139
3327 3071 512 3418 3174 134
3583 3071 512 3621 3139 121
3839 3071 512 3818 3104 125
4095 3071 512 4012 3068 141
0 3327 512 1240 3436 152
256 3327 512 1265 3436 150
512 3327 512 1312 3438 148
768 3327 512 1395 3440 143
1024 3327 512 1529 3441 135
1280 3327 512 1683 3442 125
1536 3327 512 1871 3443 110
1792 3327 512 2073 3443 105
2048 3327 512 2287 3443 106
2303 3327 512 2511 3442 107
2559 3327 512 2739 3442 109
2815 3327 512 2971 3441 110
3071 3327 512 3205 3439 110
3327 3327 512 3433 3430 107
3583 3327 512 3637 3398 95
3839 3327 512 3833 3360 99
4095 3327 512 4023 3319 115
0 3583 512 1289 3659 124
256 3583 512 1311 3660 122
512 3583 512 1356 3661 119
768 3583 512 1433 3663 113
1024 3583 512 1560 3664 103
1280 3583 512 1707 3665 85
1536 3583 512 1885 3666 46
1792 3583 512 2081 3666 30
2048 3583 512 2289 3666 30
2303 3583 512 2509 3666 35
2559 3583 512 2732 3665 40
2815 3583 512 2960 3665 43
3071 3583 512 3192 3664 45
3327 3583 512 3423 3660 45
3583 3583 512 3648 3649 39
3839 3583 512 3849 3614 42
4095 3583 512 4032 3564 51
0 3839 512 1332 3878 70
256 3839 512 1355 3878 69
512 3839 512 1399 3879 67
768 3839 512 1477 3880 63
1024 3839 512 1600 3881 56
1280 3839 512 1743 3881 43
1536 3839 512 1915 3882 12
1792 3839 512 2103 3883 0
2048 3839 512 2303 3883 0
2303 3839 512 2516 3883 4
2559 3839 512 2734 3882 7
2815 3839 512 2957 3881 10
3071 3839 512 3184 3880 12
3327 3839 512 3413 3879 12
3583 3839 512 3644 3877 10
3839 3839 512 3852 3851 12
4095 3839 512 4045 3810 16
0 4095 512 1372 4093 0
256 4095 512 1396 4094 0
512 4095 512 1442 4094 0
768 4095 512 1523 4095 0
1024 4095 512 1647 4093 0
1280 4095 512 1787 4091 0
1536 4095 512 1953 4093 0
1792 4095 512 2135 4095 0
2048 4095 512 2326 4095 0
2303 4095 512 2531 4095 0
2559 4095 512 2742 4094 0
2815 4095 512 2958 4093 0
3071 4095 512 3179 4091 0
3327 4095 512 3402 4089 0
3583 4095 512 3629 4089 0
3839 4095 512 3848 4077 0
4095 4095 512 4061 4056 0
0 0 768 82 102 784
256 0 768 276 49 781
512 0 768 491 24 779
768 0 768 737 43 780
1024 0 768 982 24 780
1280 0 768 1226 1 779
1536 0 768 1472 1 779
1792 0 768 1717 1 779
2048 0 768 1962 1 779
2303 0 768 2239 159 801
2559 0 768 2516 282 821
2815 0 768 2789 352 837
3071 0 768 3037 372 837
3327 0 768 3275 371 831
3583 0 768 3498 335 817
3839 0 768 3706 306 803
4095 0 768 3904 283 789
0 256 768 122 296 781
256 256 768 291 273 795
512 256 768 494 259 803
768 256 768 748 260 800
1024 256 768 990 254 794
1280 256 768 1232 246 788
1536 256 768 1483 239 780
1792 256 768 1728 240 777
2048 256 768 1968 246 776
2303 256 768 2249 345 803
2559 256 768 2525 424 824
2815 256 768 2793 473 838
3071 256 768 3040 485 837
3327 256 768 3277 481 830
3583 256 768 3501 450 815
3839 256 768 3712 410 799
4095 256 768 3916 364 781
0 512 768 180 516 776
256 512 768 319 511 794
512 512 768 504 506 803
768 512 768 758 498 799
1024 512 768 988 503 796
1280 512 768 1215 510 795
1536 512 768 1455 510 793
1792 512 768 1706 516 791
2048 512 768 1967 524 790
2303 512 768 2256 575 815
2559 512 768 2535 616 833
2815 512 768 2800 643 841
3071 512 768 3045 646 837
3327 512 768 3282 638 828
3583 512 768 3506 611 812
3839 512 768 3719 568 794
4095 512 768 3925 514 774
0 768 768 263 771 769
256 768 768 368 771 771
512 768 768 527 770 770
768 768 768 769 766 767
1024 768 768 971 782 780
1280 768 768 1166 803 798
1536 768 768 1368 832 822
1792 768 768 1638 846 831
2048 768 768 1953 851 831
2303 768 768 2258 869 842
2559 768 768 2547 882 847
2815 768 768 2810 886 845
3071 768 768 3054 878 836
3327 768 768 3291 865 824
3583 768 768 3514 841 807
3839 768 768 3725 807 788
4095 768 768 3928 768 767
0 1024 768 348 1026 758
256 1024 768 431 1027 752
512 1024 768 566 1029 743
768 1024 768 778 1030 729
1024 1024 768 1006 1047 738
1280 1024 768 1241 1069 755
1536 1024 768 1484 1093 778
1792 1024 768 1748 1112 809
2048 1024 768 2026 1128 844
2303 1024 768 2298 1142 858
2559 1024 768 2565 1150 862
2815 1024 768 2823 1145 851
3071 1024 768 3066 1132 835
3327 1024 768 3302 1113 817
3583 1024 768 3527 1085 795
3839 1024 768 3735 1055 774
4095 1024 768 3932 1024 755
0 1280 768 448 1297 756
256 1280 768 515 1298 747
512 1280 768 627 1302 732
768 1280 768 807 1308 707
1024 1280 768 1061 1324 706
1280 1280 768 1337 1341 713
1536 1280 768 1626 1354 730
1792 1280 768 1881 1372 775
2048 1280 768 2114 1394 838
2303 1280 768 2351 1408 854
2559 1280 768 2593 1412 857
2815 1280 768 2844 1403 840
3071 1280 768 3083 1386 821
3327 1280 768 3317 1364 801
3583 1280 768 3542 1332 775
3839 1280 768 3747 1305 755
4095 1280 768 3937 1280 741
0 1536 768 613 1629 798
256 1536 768 667 1632 790
512 1536 768 764 1636 776
768 1536 768 924 1645 752
1024 1536 768 1148 1656 736
1280 1536 768 1396 1665 727
1536 1536 768 1669 1670 742
1792 1536 768 1926 1671 759
2048 1536 768 2173 1670 779
2303 1536 768 2415 1664 780
2559 1536 768 2657 1654 776
2815 1536 768 2897 1639 765
3071 1536 768 3122 1624 762
3327 1536 768 3343 1607 756
3583 1536 768 3562 1578 734
3839 1536 768 3760 1555 723
4095 1536 768 3944 1536 720
0 1792 768 749 1933 811
256 1792 768 795 1935 804
512 1792 768 879 1940 790
768 1792 768 1022 1947 768
1024 1792 768 1223 1955 744
1280 1792 768 1446 1961 727
1536 1792 768 1705 1962 739
1792 1792 768 1960 1957 746
2048 1792 768 2211 1950 750
2303 1792 768 2450 1934 743
2559 1792 768 2688 1917 733
2815 1792 768 2921 1898 722
3071 1792 768 3143 1880 715
3327 1792 768 3362 1860 704
3583 1792 768 3581 1829 675
3839 1792 768 3775 1808 673
4095 1792 768 3952 1792 687
0 2048 768 865 2218 803
256 2048 768 906 2219 797
512 2048 768 981 2222 784
768 2048 768 1109 2227 764
1024 2048 768 1288 2232 738
1280 2048 768 1491 2237 718
1536 2048 768 1737 2237 726
1792 2048 768 1986 2236 734
2048 2048 768 2236 2234 742
2303 2048 768 2467 2214 730
2559 2048 768 2698 2194 717
2815 2048 768 2926 2173 700
3071 2048 768 3152 2147 676
3327 2048 768 3375 2119 647
3583 2048 768 3597 2084 605
3839 2048 768 3789 2062 610
4095 2048 768 3962 2048 646
0 2303 768 956 2475 753
256 2303 768 992 2476 748
512 2303 768 1061 2479 739
768 2303 768 1178 2482 723
1024 2303 768 1344 2487 699
1280 2303 768 1533 2491 678
1536 2303 768 1764 2492 678
1792 2303 768 2003 2491 681
2048 2303 768 2247 2490 686
2303 2303 768 2485 2481 683
2559 2303 768 2718 2465 673
2815 2303 768 2940 2440 656
3071 2303 768 3161 2413 634
3327 2303 768 3381 2384 608
3583 2303 768 3600 2350 570
3839 2303 768 3794 2324 579
4095 2303 768 3973 2303 618
0 2559 768 1040 2728 706
256 2559 768 1073 2729 702
512 2559 768 1135 2731 694
768 2559 768 1242 2733 680
1024 2559 768 1395 2737 657
1280 2559 768 1571 2741 635
1536 2559 768 1788 2742 626
1792 2559 768 2017 2742 625
2048 2559 768 2255 2741 629
2303 2559 768 2496 2739 631
2559 2559 768 2731 2728 626
2815 2559 768 2956 2707 612
3071 2559 768 3174 2679 592
3327 2559 768 3389 2649 568
3583 2559 768 3604 2615 531
3839 2559 768 3801 2586 542
4095 2559 768 3986 2559 586
0 2815 768 1114 2971 662
256 2815 768 1144 2972 658
512 2815 768 1200 2973 650
768 2815 768 1297 2976 636
1024 2815 768 1440 2979 612
1280 2815 768 1604 2983 587
1536 2815 768 1807 2985 571
1792 2815 768 2027 2985 567
2048 2815 768 2259 2984 570
2303 2815 768 2497 2982 573
2559 2815 768 2736 2979 573
2815 2815 768 2973 2972 571
3071 2815 768 3190 2945 551
3327 2815 768 3401 2912 524
3583 2815 768 3612 2878 485
3839 2815 768 3810 2846 499
4095 2815 768 4000 2815 547
0 3071 768 1178 3205 602
256 3071 768 1205 3206 597
512 3071 768 1257 3207 589
768 3071 768 1347 3210 574
1024 3071 768 1480 3213 548
1280 3071 768 1634 3216 521
1536 3071 768 1825 3218 496
1792 3071 768 2036 3219 488
2048 3071 768 2261 3218 491
2303 3071 768 2495 3217 493
2559 3071 768 2731 3215 496
2815 3071 768 2970 3213 497
3071 3071 768 3196 3197 487
3327 3071 768 3417 3175 468
3583 3071 768 3624 3140 423
3839 3071 768 3823 3105 438
4095 3071 768 4016 3071 493
0 3327 768 1237 3436 531
256 3327 768 1261 3436 526
512 3327 768 1309 3438 517
768 3327 768 1392 3440 501
1024 3327 768 1518 3443 472
1280 3327 768 1662 3446 436
1536 3327 768 1841 3449 386
1792 3327 768 2044 3449 368
2048 3327 768 2263 3448 370
2303 3327 768 2492 3447 375
2559 3327 768 2724 3446 380
2815 3327 768 2960 3445 384
3071 3327 768 3197 3442 385
3327 3327 768 3428 3433 376
3583 3327 768 3636 3400 331
3839 3327 768 3837 3365 346
4095 3327 768 4033 3326 402
0 3583 768 1286 3659 433
256 3583 768 1309 3660 427
512 3583 768 1354 3661 416
768 3583 768 1432 3663 396
1024 3583 768 1550 3666 359
1280 3583 768 1686 3669 297
1536 3583 768 1852 3672 160
1792 3583 768 2046 3673 105
2048 3583 768 2260 3673 106
2303 3583 768 2484 3672 123
2559 3583 768 2712 3671 138
2815 3583 768 2945 3670 150
3071 3583 768 3180 3668 156
3327 3583 768 3415 3664 157
3583 3583 768 3643 3652 136
3839 3583 768 3853 3623 147
4095 3583 768 4050 3582 179
0 3839 768 1332 3877 246
256 3839 768 1354 3877 242
512 3839 768 1399 3878 235
768 3839 768 1477 3880 222
1024 3839 768 1595 3882 196
1280 3839 768 1729 3884 151
1536 3839 768 1892 3887 43
1792 3839 768 2080 3887 0
2048 3839 768 2284 3887 0
2303 3839 768 2500 3886 14
2559 3839 768 2721 3886 26
2815 3839 768 2946 3885 35
3071 3839 768 3176 3884 41
3327 3839 768 3408 3883 43
3583 3839 768 3641 3881 36
3839 3839 768 3859 3862 42
4095 3839 768 4066 3832 56
0 4095 768 1374 4091 0
256 4095 768 1398 4091 0
512 4095 768 1444 4092 0
768 4095 768 1525 4093 0
1024 4095 768 1646 4094 0
1280 4095 768 1785 4094 0
1536 4095 768 1952 4095 0
1792 4095 768 2134 4095 0
2048 4095 768 2326 4095 0
2303 4095 768 2531 4095 0
2559 4095 768 2742 4095 0
2815 4095 768 2958 4095 0
3071 4095 768 3180 4094 0
3327 4095 768 3404 4094 0
3583 4095 768 3632 4094 0
3839 4095 768 3858 4088 0
4095 4095 768 4081 4078 0
0 0 1024 100 103 1043
256 0 1024 283 56 1041
512 0 1024 491 26 1039
768 0 1024 737 23 1039
1024 0 1024 981 11 1039
1280 0 1024 1226 0 1039
1536 0 1024 1472 0 1039
1792 0 1024 1717 0 1039
2048 0 1024 1962 0 1039
2303 0 1024 2243 170 1065
2559 0 1024 2521 298 1088
2815 0 1024 2791 361 1103
3071 0 1024 3037 379 1103
3327 0 1024 3275 376 1095
3583 0 1024 3498 339 1080
3839 0 1024 3709 291 1063
4095 0 1024 3910 235 1045
0 256 1024 127 296 1040
256 256 1024 290 274 1056
512 256 1024 491 257 1066
768 256 1024 749 246 1067
1024 256 1024 998 238 1058
1280 256 1024 1244 232 1047
1536 256 1024 1488 231 1042
1792 256 1024 1731 233 1039
2048 256 1024 1972 237 1038
2303 256 1024 2256 342 1068
2559 256 1024 2534 424 1092
2815 256 1024 2799 469 1104
3071 256 1024 3043 482 1102
3327 256 1024 3279 480 1095
3583 256 1024 3502 451 1079
3839 256 1024 3714 403 1060
4095 256 1024 3919 344 1040
0 512 1024 178 514 1036
256 512 1024 315 510 1059
512 512 1024 500 502 1074
768 512 1024 757 489 1079
1024 512 1024 1004 485 1070
1280 512 1024 1246 484 1058
1536 512 1024 1483 486 1053
1792 512 1024 1732 492 1051
2048 512 1024 1989 500 1051
2303 512 1024 2276 555 1078
2559 512 1024 2552 600 1098
2815 512 1024 2811 628 1106
3071 512 1024 3052 636 1102
3327 512 1024 3285 634 1093
3583 512 1024 3507 611 1078
3839 512 1024 3719 568 1057
4095 512 1024 3926 512 1035
0 768 1024 264 771 1032
256 768 1024 367 770 1041
512 768 1024 524 767 1053
768 768 1024 761 761 1067
1024 768 1024 993 763 1072
1280 768 1024 1223 768 1074
1536 768 1024 1447 779 1076
1792 768 1024 1717 792 1081
2048 768 1024 2016 806 1088
2303 768 1024 2305 828 1100
2559 768 1024 2579 848 1108
2815 768 1024 2828 865 1109
3071 768 1024 3064 867 1102
3327 768 1024 3294 862 1092
3583 768 1024 3515 842 1075
3839 768 1024 3725 809 1054
4095 768 1024 3928 768 1030
0 1024 1024 349 1026 1024
256 1024 1024 431 1027 1026
512 1024 1024 564 1027 1028
768 1024 1024 771 1028 1031
1024 1024 1024 1019 1039 1041
1280 1024 1024 1272 1055 1053
1536 1024 1024 1508 1076 1070
1792 1024 1024 1760 1100 1097
2048 1024 1024 2022 1126 1131
2303 1024 1024 2293 1141 1141
2559 1024 1024 2560 1149 1142
2815 1024 1024 2818 1148 1130
3071 1024 1024 3061 1137 1113
3327 1024 1024 3298 1121 1095
3583 1024 1024 3524 1092 1071
3839 1024 1024 3733 1059 1046
4095 1024 1024 3932 1024 1022
0 1280 1024 450 1298 1029
256 1280 1024 515 1299 1025
512 1280 1024 626 1302 1019
768 1280 1024 803 1307 1007
1024 1280 1024 1063 1327 1015
1280 1280 1024 1337 1350 1031
1536 1280 1024 1590 1375 1058
1792 1280 1024 1824 1403 1100
2048 1280 1024 2045 1435 1151
2303 1280 1024 2292 1447 1167
2559 1280 1024 2546 1449 1168
2815 1280 1024 2810 1434 1148
3071 1280 1024 3060 1411 1122
3327 1280 1024 3304 1383 1093
3583 1280 1024 3534 1345 1062
3839 1280 1024 3743 1311 1036
4095 1280 1024 3937 1280 1013
0 1536 1024 616 1632 1083
256 1536 1024 669 1634 1079
512 1536 1024 764 1638 1070
768 1536 1024 920 1647 1055
1024 1536 1024 1144 1659 1043
1280 1536 1024 1391 1671 1036
1536 1536 1024 1658 1678 1053
1792 1536 1024 1913 1681 1067
2048 1536 1024 2160 1681 1080
2303 1536 1024 2377 1689 1118
2559 1536 1024 2600 1691 1141
2815 1536 1024 2830 1687 1139
3071 1536 1024 3077 1662 1109
3327 1536 1024 3324 1631 1073
3583 1536 1024 3550 1595 1040
3839 1536 1024 3754 1564 1017
4095 1536 1024 3944 1536 1000
0 1792 1024 750 1935 1106
256 1792 1024 796 1937 1101
512 1792 1024 879 1941 1092
768 1792 1024 1020 1949 1077
1024 1792 1024 1218 1957 1055
1280 1792 1024 1441 1964 1039
1536 1792 1024 1703 1964 1046
1792 1792 1024 1961 1959 1051
2048 1792 1024 2217 1951 1053
2303 1792 1024 2433 1947 1078
2559 1792 1024 2652 1941 1092
2815 1792 1024 2875 1933 1088
3071 1792 1024 3115 1906 1057
3327 1792 1024 3355 1875 1022
3583 1792 1024 3573 1842 996
3839 1792 1024 3770 1815 985
4095 1792 1024 3952 1792 983
0 2048 1024 863 2218 1107
256 2048 1024 904 2220 1102
512 2048 1024 980 2222 1094
768 2048 1024 1109 2227 1081
1024 2048 1024 1287 2233 1058
1280 2048 1024 1489 2238 1039
1536 2048 1024 1732 2239 1039
1792 2048 1024 1982 2238 1045
2048 2048 1024 2236 2235 1056
2303 2048 1024 2469 2217 1045
2559 2048 1024 2703 2196 1030
2815 2048 1024 2935 2174 1009
3071 2048 1024 3167 2145 978
3327 2048 1024 3393 2115 950
3583 2048 1024 3601 2087 937
3839 2048 1024 3788 2065 945
4095 2048 1024 3962 2048 965
0 2303 1024 953 2476 1082
256 2303 1024 989 2477 1078
512 2303 1024 1059 2479 1071
768 2303 1024 1177 2482 1058
1024 2303 1024 1342 2488 1037
1280 2303 1024 1530 2492 1016
1536 2303 1024 1756 2494 1007
1792 2303 1024 1995 2494 1007
2048 2303 1024 2242 2492 1013
2303 2303 1024 2483 2483 1010
2559 2303 1024 2719 2467 999
2815 2303 1024 2946 2441 978
3071 2303 1024 3172 2412 947
3327 2303 1024 3396 2381 916
3583 2303 1024 3611 2348 887
3839 2303 1024 3801 2323 900
4095 2303 1024 3973 2303 940
0 2559 1024 1036 2728 1050
256 2559 1024 1069 2729 1046
512 2559 1024 1132 2731 1039
768 2559 1024 1240 2733 1027
1024 2559 1024 1393 2738 1006
1280 2559 1024 1567 2742 984
1536 2559 1024 1777 2745 967
1792 2559 1024 2006 2746 960
2048 2559 1024 2246 2745 961
2303 2559 1024 2491 2741 963
2559 2559 1024 2729 2730 958
2815 2559 1024 2958 2709 941
3071 2559 1024 3180 2680 912
3327 2559 1024 3401 2648 879
3583 2559 1024 3619 2611 839
3839 2559 1024 3811 2583 856
4095 2559 1024 3986 2559 912
0 2815 1024 1110 2971 1007
256 2815 1024 1140 2972 1004
512 2815 1024 1197 2973 996
768 2815 1024 1295 2976 984
1024 2815 1024 1437 2980 962
1280 2815 1024 1599 2984 938
1536 2815 1024 1796 2987 914
1792 2815 1024 2013 2989 902
2048 2815 1024 2244 2989 897
2303 2815 1024 2487 2986 900
2559 2815 1024 2729 2982 901
2815 2815 1024 2970 2974 898
3071 2815 1024 3191 2946 872
3327 2815 1024 3407 2913 837
3583 2815 1024 3622 2876 792
3839 2815 1024 3818 2844 813
4095 2815 1024 4000 2815 879
0 3071 1024 1174 3205 951
256 3071 1024 1201 3206 947
512 3071 1024 1254 3208 939
768 3071 1024 1344 3210 926
1024 3071 1024 1477 3213 903
1280 3071 1024 1629 3217 876
1536 3071 1024 1814 3221 847
1792 3071 1024 2020 3223 828
2048 3071 1024 2240 3224 816
2303 3071 1024 2479 3222 819
2559 3071 1024 2720 3219 821
2815 3071 1024 2962 3216 822
3071 3071 1024 3193 3200 809
3327 3071 1024 3418 3177 786
3583 3071 1024 3630 3141 738
3839 3071 1024 3828 3105 762
4095 3071 1024 4017 3071 834
0 3327 1024 1234 3435 886
256 3327 1024 1259 3436 882
512 3327 1024 1307 3438 873
768 3327 1024 1391 3440 859
1024 3327 1024 1515 3443 834
1280 3327 1024 1657 3447 802
1536 3327 1024 1831 3451 758
1792 3327 1024 2026 3454 728
2048 3327 1024 2235 3455 709
2303 3327 1024 2469 3454 713
2559 3327 1024 2707 3452 716
2815 3327 1024 2948 3450 719
3071 3327 1024 3189 3445 719
3327 3327 1024 3424 3435 710
3583 3327 1024 3636 3402 665
3839 3327 1024 3839 3366 688
4095 3327 1024 4034 3328 756
0 3583 1024 1284 3659 800
256 3583 1024 1308 3660 795
512 3583 1024 1353 3661 786
768 3583 1024 1431 3663 770
1024 3583 1024 1548 3666 739
1280 3583 1024 1682 3669 692
1536 3583 1024 1842 3674 595
1792 3583 1024 2026 3678 541
2048 3583 1024 2227 3680 515
2303 3583 1024 2457 3679 525
2559 3583 1024 2690 3677 534
2815 3583 1024 2928 3675 541
3071 3583 1024 3168 3673 544
3327 3583 1024 3407 3668 543
3583 3583 1024 3639 3655 525
3839 3583 1024 3853 3626 531
4095 3583 1024 4055 3587 554
0 3839 1024 1332 3875 661
256 3839 1024 1355 3876 658
512 3839 1024 1399 3877 652
768 3839 1024 1477 3879 640
1024 3839 1024 1593 3882 620
1280 3839 1024 1726 3885 586
1536 3839 1024 1886 3888 512
1792 3839 1024 2067 3890 472
2048 3839 1024 2262 3892 454
2303 3839 1024 2482 3891 462
2559 3839 1024 2705 3890 469
2815 3839 1024 2934 3889 474
3071 3839 1024 3167 3888 478
3327 3839 1024 3402 3886 479
3583 3839 1024 3637 3883 474
3839 3839 1024 3859 3865 475
4095 3839 1024 4070 3837 479
0 4095 1024 1377 4086 487
256 4095 1024 1401 4087 486
512 4095 1024 1447 4088 486
768 4095 1024 1526 4091 485
1024 4095 1024 1647 4093 484
1280 4095 1024 1785 4095 483
1536 4095 1024 1952 4095 482
1792 4095 1024 2134 4095 482
2048 4095 1024 2325 4095 482
2303 4095 1024 2531 4095 482
2559 4095 1024 2742 4095 482
2815 4095 1024 2958 4095 482
3071 4095 1024 3181 4095 482
3327 4095 1024 3405 4095 482
3583 4095 1024 3633 4095 482
3839 4095 1024 3859 4090 484
4095 4095 1024 4082 4081 488
0 0 1280 118 95 1302
256 0 1280 290 55 1300
512 0 1280 492 23 1298
768 0 1280 736 4 1298
1024 0 1280 981 0 1298
1280 0 1280 1226 0 1298
1536 0 1280 1472 0 1298
1792 0 1280 1717 0 1298
2048 0 1280 1962 0 1298
2303 0 1280 2248 183 1331
2559 0 1280 2526 315 1356
2815 0 1280 2793 371 1370
3071 0 1280 3038 386 1368
3327 0 1280 3275 382 1360
3583 0 1280 3498 343 1344
3839 0 1280 3711 279 1323
4095 0 1280 3916 198 1301
0 256 1280 131 292 1299
256 256 1280 289 273 1314
512 256 1280 486 255 1327
768 256 1280 741 238 1335
1024 256 1280 993 233 1326
1280 256 1280 1241 231 1314
1536 256 1280 1486 230 1307
1792 256 1280 1731 230 1303
2048 256 1280 1975 229 1300
2303 256 1280 2264 342 1335
2559 256 1280 2543 426 1360
2815 256 1280 2805 465 1371
3071 256 1280 3047 479 1368
3327 256 1280 3281 479 1359
3583 256 1280 3503 450 1343
3839 256 1280 3715 398 1322
4095 256 1280 3921 331 1298
0 512 1280 175 513 1296
256 512 1280 311 508 1318
512 512 1280 493 500 1339
768 512 1280 746 486 1359
1024 512 1280 1004 478 1348
1280 512 1280 1261 472 1330
1536 512 1280 1508 468 1317
1792 512 1280 1759 471 1312
2048 512 1280 2012 477 1313
2303 512 1280 2297 536 1343
2559 512 1280 2570 583 1364
2815 512 1280 2823 612 1371
3071 512 1280 3059 624 1367
3327 512 1280 3289 627 1358
3583 512 1280 3509 606 1341
3839 512 1280 3720 566 1320
4095 512 1280 3925 513 1295
0 768 1280 264 770 1293
256 768 1280 366 768 1307
512 768 1280 520 764 1329
768 768 1280 750 757 1364
1024 768 1280 1016 743 1362
1280 768 1280 1287 728 1349
1536 768 1280 1541 718 1326
1792 768 1280 1809 729 1327
2048 768 1280 2087 754 1344
2303 768 1280 2357 783 1359
2559 768 1280 2614 811 1369
2815 768 1280 2849 839 1372
3071 768 1280 3076 850 1366
3327 768 1280 3300 852 1357
3583 768 1280 3518 836 1340
3839 768 1280 3726 807 1318
4095 768 1280 3928 768 1292
0 1024 1280 349 1026 1288
256 1024 1280 431 1026 1295
512 1024 1280 562 1026 1308
768 1024 1280 767 1026 1332
1024 1024 1280 1035 1030 1345
1280 1024 1280 1310 1037 1355
1536 1024 1280 1546 1050 1362
1792 1024 1280 1791 1076 1380
2048 1024 1280 2041 1110 1407
2303 1024 1280 2309 1125 1412
2559 1024 1280 2572 1134 1410
2815 1024 1280 2827 1137 1398
3071 1024 1280 3067 1130 1383
3327 1024 1280 3300 1117 1365
3583 1024 1280 3524 1091 1341
3839 1024 1280 3733 1060 1314
4095 1024 1280 3932 1024 1286
0 1280 1280 452 1298 1296
256 1280 1280 516 1299 1297
512 1280 1280 627 1302 1301
768 1280 1280 806 1309 1309
1024 1280 1280 1068 1330 1330
1280 1280 1280 1339 1357 1357
1536 1280 1280 1563 1391 1391
1792 1280 1280 1786 1424 1422
2048 1280 1280 2007 1457 1450
2303 1280 1280 2263 1466 1460
2559 1280 1280 2524 1464 1458
2815 1280 1280 2793 1446 1437
3071 1280 1280 3049 1421 1407
3327 1280 1280 3298 1391 1374
3583 1280 1280 3530 1352 1341
3839 1280 1280 3740 1316 1309
4095 1280 1280 3937 1280 1280
0 1536 1280 621 1634 1361
256 1536 1280 673 1636 1360
512 1536 1280 767 1640 1358
768 1536 1280 923 1649 1356
1024 1536 1280 1145 1662 1353
1280 1536 1280 1389 1675 1353
1536 1536 1280 1652 1684 1370
1792 1536 1280 1902 1689 1379
2048 1536 1280 2143 1692 1383
2303 1536 1280 2334 1713 1451
2559 1536 1280 2539 1728 1495
2815 1536 1280 2761 1734 1501
3071 1536 1280 3030 1700 1446
3327 1536 1280 3301 1655 1381
3583 1536 1280 3534 1613 1338
3839 1536 1280 3746 1574 1302
4095 1536 1280 3944 1536 1270
0 1792 1280 754 1938 1389
256 1792 1280 799 1939 1387
512 1792 1280 883 1943 1383
768 1792 1280 1024 1950 1377
1024 1792 1280 1220 1959 1364
1280 1792 1280 1441 1965 1352
1536 1792 1280 1704 1965 1356
1792 1792 1280 1960 1961 1359
2048 1792 1280 2212 1955 1362
2303 1792 1280 2402 1965 1415
2559 1792 1280 2601 1972 1448
2815 1792 1280 2813 1975 1453
3071 1792 1280 3073 1940 1398
3327 1792 1280 3335 1897 1336
3583 1792 1280 3557 1861 1307
3839 1792 1280 3760 1826 1281
4095 1792 1280 3952 1792 1259
0 2048 1280 863 2219 1394
256 2048 1280 905 2220 1392
512 2048 1280 983 2223 1388
768 2048 1280 1115 2227 1380
1024 2048 1280 1294 2232 1367
1280 2048 1280 1495 2238 1354
1536 2048 1280 1733 2240 1346
1792 2048 1280 1982 2239 1354
2048 2048 1280 2236 2236 1372
2303 2048 1280 2467 2219 1360
2559 2048 1280 2695 2202 1347
2815 2048 1280 2920 2184 1332
3071 2048 1280 3156 2155 1294
3327 2048 1280 3389 2124 1258
3583 2048 1280 3590 2100 1257
3839 2048 1280 3780 2074 1253
4095 2048 1280 3962 2048 1246
0 2303 1280 951 2476 1375
256 2303 1280 988 2477 1373
512 2303 1280 1059 2479 1369
768 2303 1280 1180 2482 1361
1024 2303 1280 1347 2487 1348
1280 2303 1280 1534 2492 1333
1536 2303 1280 1754 2495 1316
1792 2303 1280 1992 2495 1314
2048 2303 1280 2241 2493 1323
2303 2303 1280 2482 2484 1319
2559 2303 1280 2717 2470 1310
2815 2303 1280 2942 2447 1289
3071 2303 1280 3174 2416 1250
3327 2303 1280 3402 2384 1211
3583 2303 1280 3615 2351 1190
3839 2303 1280 3803 2325 1200
4095 2303 1280 3973 2303 1229
0 2559 1280 1033 2728 1350
256 2559 1280 1067 2729 1348
512 2559 1280 1131 2731 1343
768 2559 1280 1241 2733 1335
1024 2559 1280 1396 2737 1321
1280 2559 1280 1570 2742 1304
1536 2559 1280 1774 2746 1280
1792 2559 1280 2000 2747 1270
2048 2559 1280 2241 2747 1267
2303 2559 1280 2487 2743 1270
2559 2559 1280 2728 2732 1264
2815 2559 1280 2960 2711 1246
3071 2559 1280 3187 2680 1209
3327 2559 1280 3412 2647 1169
3583 2559 1280 3631 2609 1132
3839 2559 1280 3819 2581 1152
4095 2559 1280 3986 2559 1210
0 2815 1280 1107 2971 1316
256 2815 1280 1137 2972 1313
512 2815 1280 1195 2973 1308
768 2815 1280 1294 2976 1299
1024 2815 1280 1438 2980 1284
1280 2815 1280 1600 2984 1265
1536 2815 1280 1791 2989 1238
1792 2815 1280 2005 2991 1218
2048 2815 1280 2233 2992 1203
2303 2815 1280 2479 2989 1206
2559 2815 1280 2725 2984 1206
2815 2815 1280 2969 2976 1202
3071 2815 1280 3194 2947 1172
3327 2815 1280 3414 2913 1134
3583 2815 1280 3634 2875 1088
3839 2815 1280 3826 2843 1114
4095 2815 1280 4000 2815 1189
0 3071 1280 1171 3205 1272
256 3071 1280 1199 3206 1269
512 3071 1280 1252 3208 1264
768 3071 1280 1343 3210 1254
1024 3071 1280 1477 3213 1238
1280 3071 1280 1629 3217 1218
1536 3071 1280 1810 3222 1190
1792 3071 1280 2010 3226 1161
2048 3071 1280 2222 3229 1132
2303 3071 1280 2465 3227 1133
2559 3071 1280 2709 3223 1134
2815 3071 1280 2956 3219 1134
3071 3071 1280 3191 3202 1119
3327 3071 1280 3420 3178 1095
3583 3071 1280 3636 3141 1049
3839 3071 1280 3833 3105 1080
4095 3071 1280 4016 3071 1163
0 3327 1280 1231 3435 1224
256 3327 1280 1256 3436 1221
512 3327 1280 1305 3438 1215
768 3327 1280 1389 3440 1205
1024 3327 1280 1515 3443 1188
1280 3327 1280 1657 3447 1167
1536 3327 1280 1827 3452 1136
1792 3327 1280 2013 3457 1099
2048 3327 1280 2211 3462 1058
2303 3327 1280 2449 3460 1056
2559 3327 1280 2690 3458 1055
2815 3327 1280 2936 3454 1057
3071 3327 1280 3181 3449 1055
3327 3327 1280 3421 3437 1046
3583 3327 1280 3638 3404 1008
3839 3327 1280 3841 3367 1037
4095 3327 1280 4034 3328 1113
0 3583 1280 1283 3659 1166
256 3583 1280 1306 3660 1163
512 3583 1280 1351 3661 1157
768 3583 1280 1430 3663 1147
1024 3583 1280 1548 3666 1130
1280 3583 1280 1681 3670 1107
1536 3583 1280 1839 3675 1070
1792 3583 1280 2013 3681 1025
2048 3583 1280 2199 3686 975
2303 3583 1280 2431 3685 970
2559 3583 1280 2668 3684 967
2815 3583 1280 2911 3681 968
3071 3583 1280 3156 3677 968
3327 3583 1280 3399 3671 965
3583 3583 1280 3635 3657 952
3839 3583 1280 3853 3628 955
4095 3583 1280 4057 3588 968
0 3839 1280 1333 3873 1103
256 3839 1280 1355 3874 1101
512 3839 1280 1400 3875 1097
768 3839 1280 1477 3878 1090
1024 3839 1280 1594 3881 1078
1280 3839 1280 1726 3885 1062
1536 3839 1280 1884 3888 1038
1792 3839 1280 2059 3892 1008
2048 3839 1280 2244 3896 974
2303 3839 1280 2464 3895 970
2559 3839 1280 2690 3895 967
2815 3839 1280 2923 3893 968
3071 3839 1280 3159 3891 968
3327 3839 1280 3396 3889 968
3583 3839 1280 3634 3885 966
3839 3839 1280 3857 3866 963
4095 3839 1280 4071 3837 958
0 4095 1280 1382 4080 1037
256 4095 1280 1405 4082 1036
512 4095 1280 1450 4084 1035
768 4095 1280 1528 4088 1032
1024 4095 1280 1648 4092 1030
1280 4095 1280 1785 4095 1029
1536 4095 1280 1952 4095 1028
1792 4095 1280 2134 4095 1028
2048 4095 1280 2325 4095 1028
2303 4095 1280 2531 4095 1028
2559 4095 1280 2742 4095 1028
2815 4095 1280 2958 4095 1028
3071 4095 1280 3181 4095 1028
3327 4095 1280 3405 4095 1028
3583 4095 1280 3633 4095 1028
3839 4095 1280 3858 4089 1032
4095 4095 1280 4079 4078 1038
0 0 1536 154 98 1560
256 0 1536 303 42 1559
512 0 1536 491 6 1558
768 0 1536 736 1 1558
1024 0 1536 981 0 1558
1280 0 1536 1226 0 1558
1536 0 1536 1472 0 1558
1792 0 1536 1717 0 1558
2048 0 1536 1962 0 1558
2303 0 1536 2253 197 1597
2559 0 1536 2533 335 1625
2815 0 1536 2796 383 1637
3071 0 1536 3040 395 1634
3327 0 1536 3276 388 1624
3583 0 1536 3498 348 1606
3839 0 1536 3707 303 1584
4095 0 1536 3907 256 1560
0 256 1536 144 293 1558
256 256 1536 292 268 1572
512 256 1536 482 248 1585
768 256 1536 735 235 1597
1024 256 1536 987 232 1589
1280 256 1536 1238 231 1578
1536 256 1536 1484 230 1571
1792 256 1536 1729 229 1566
2048 256 1536 1974 229 1563
2303 256 1536 2268 352 1603
2559 256 1536 2548 440 1631
2815 256 1536 2808 474 1639
3071 256 1536 3049 483 1634
3327 256 1536 3283 479 1624
3583 256 1536 3504 447 1606
3839 256 1536 3715 405 1583
4095 256 1536 3917 356 1558
0 512 1536 174 513 1556
256 512 1536 309 507 1576
512 512 1536 489 498 1599
768 512 1536 735 484 1624
1024 512 1536 994 476 1619
1280 512 1536 1253 470 1606
1536 512 1536 1503 467 1590
1792 512 1536 1756 471 1584
2048 512 1536 2013 480 1585
2303 512 1536 2300 544 1618
2559 512 1536 2575 591 1639
2815 512 1536 2827 615 1642
3071 512 1536 3064 620 1635
3327 512 1536 3295 617 1623
3583 512 1536 3515 592 1604
3839 512 1536 3723 558 1581
4095 512 1536 3924 517 1556
0 768 1536 263 769 1553
256 768 1536 365 767 1568
512 768 1536 516 763 1593
768 768 1536 739 754 1634
1024 768 1536 1003 739 1646
1280 768 1536 1273 723 1644
1536 768 1536 1531 714 1615
1792 768 1536 1806 731 1616
2048 768 1536 2092 763 1635
2303 768 1536 2360 790 1645
2559 768 1536 2618 813 1650
2815 768 1536 2859 827 1646
3071 768 1536 3089 830 1635
3327 768 1536 3315 826 1621
3583 768 1536 3531 807 1601
3839 768 1536 3734 788 1578
4095 768 1536 3928 769 1553
0 1024 1536 349 1026 1549
256 1024 1536 431 1025 1558
512 1024 1536 564 1027 1581
768 1024 1536 771 1033 1621
1024 1024 1536 1034 1033 1647
1280 1024 1536 1309 1033 1663
1536 1024 1536 1575 1036 1655
1792 1024 1536 1848 1049 1661
2048 1024 1536 2127 1069 1675
2303 1024 1536 2385 1080 1671
2559 1024 1536 2637 1087 1664
2815 1024 1536 2878 1088 1652
3071 1024 1536 3107 1085 1637
3327 1024 1536 3330 1077 1620
3583 1024 1536 3543 1060 1598
3839 1024 1536 3743 1042 1574
4095 1024 1536 3932 1024 1548
0 1280 1536 453 1298 1560
256 1280 1536 519 1299 1565
512 1280 1536 634 1307 1581
768 1280 1536 824 1324 1614
1024 1280 1536 1078 1340 1646
1280 1280 1536 1349 1356 1675
1536 1280 1536 1622 1369 1688
1792 1280 1536 1886 1377 1698
2048 1280 1536 2143 1381 1704
2303 1280 1536 2384 1386 1698
2559 1280 1536 2626 1386 1688
2815 1280 1536 2869 1378 1672
3071 1280 1536 3104 1364 1649
3327 1280 1536 3333 1348 1624
3583 1280 1536 3548 1328 1598
3839 1280 1536 3748 1305 1571
4095 1280 1536 3937 1280 1543
0 1536 1536 630 1637 1633
256 1536 1536 681 1639 1635
512 1536 1536 775 1644 1641
768 1536 1536 933 1654 1654
1024 1536 1536 1151 1665 1664
1280 1536 1536 1394 1674 1674
1536 1536 1536 1670 1677 1679
1792 1536 1536 1910 1684 1687
2048 1536 1536 2127 1694 1698
2303 1536 1536 2315 1717 1728
2559 1536 1536 2523 1731 1745
2815 1536 1536 2759 1731 1740
3071 1536 1536 3028 1698 1698
3327 1536 1536 3297 1657 1649
3583 1536 1536 3530 1616 1609
3839 1536 1536 3744 1576 1571
4095 1536 1536 3944 1536 1535
0 1792 1536 763 1940 1666
256 1792 1536 809 1942 1666
512 1792 1536 893 1945 1667
768 1792 1536 1036 1951 1670
1024 1792 1536 1230 1958 1669
1280 1792 1536 1448 1964 1668
1536 1792 1536 1709 1964 1668
1792 1792 1536 1945 1968 1681
2048 1792 1536 2164 1974 1702
2303 1792 1536 2348 1990 1728
2559 1792 1536 2542 2001 1751
2815 1792 1536 2752 2008 1767
3071 1792 1536 3016 1976 1722
3327 1792 1536 3287 1933 1663
3583 1792 1536 3530 1883 1610
3839 1792 1536 3749 1837 1565
4095 1792 1536 3952 1792 1526
0 2048 1536 868 2220 1672
256 2048 1536 912 2221 1672
512 2048 1536 995 2222 1671
768 2048 1536 1135 2225 1670
1024 2048 1536 1313 2230 1664
1280 2048 1536 1509 2235 1658
1536 2048 1536 1743 2237 1655
1792 2048 1536 1986 2236 1676
2048 2048 1536 2235 2233 1713
2303 2048 1536 2446 2224 1709
2559 2048 1536 2641 2223 1724
2815 2048 1536 2812 2233 1767
3071 2048 1536 3046 2216 1728
3327 2048 1536 3295 2187 1668
3583 2048 1536 3542 2137 1603
3839 2048 1536 3761 2092 1554
4095 2048 1536 3962 2048 1516
0 2303 1536 953 2477 1656
256 2303 1536 992 2478 1655
512 2303 1536 1066 2479 1653
768 2303 1536 1192 2481 1651
1024 2303 1536 1360 2485 1644
1280 2303 1536 1547 2489 1636
1536 2303 1536 1766 2492 1627
1792 2303 1536 2002 2492 1636
2048 2303 1536 2248 2489 1657
2303 2303 1536 2477 2484 1655
2559 2303 1536 2697 2477 1654
2815 2303 1536 2901 2466 1653
3071 2303 1536 3134 2440 1607
3327 2303 1536 3370 2408 1554
3583 2303 1536 3595 2368 1517
3839 2303 1536 3793 2333 1502
4095 2303 1536 3973 2303 1502
0 2559 1536 1033 2728 1633
256 2559 1536 1067 2729 1632
512 2559 1536 1133 2731 1629
768 2559 1536 1246 2733 1625
1024 2559 1536 1404 2736 1617
1280 2559 1536 1580 2740 1607
1536 2559 1536 1785 2743 1592
1792 2559 1536 2010 2744 1588
2048 2559 1536 2249 2743 1590
2303 2559 1536 2491 2741 1590
2559 2559 1536 2729 2732 1581
2815 2559 1536 2959 2713 1560
3071 2559 1536 3190 2682 1514
3327 2559 1536 3418 2648 1468
3583 2559 1536 3631 2612 1440
3839 2559 1536 3818 2583 1451
4095 2559 1536 3986 2559 1487
0 2815 1536 1106 2971 1602
256 2815 1536 1136 2972 1600
512 2815 1536 1195 2973 1597
768 2815 1536 1296 2976 1591
1024 2815 1536 1442 2979 1580
1280 2815 1536 1605 2983 1567
1536 2815 1536 1798 2987 1547
1792 2815 1536 2008 2991 1528
2048 2815 1536 2230 2993 1507
2303 2815 1536 2476 2991 1506
2559 2815 1536 2723 2986 1504
2815 2815 1536 2970 2978 1500
3071 2815 1536 3199 2949 1466
3327 2815 1536 3422 2914 1423
3583 2815 1536 3644 2874 1377
3839 2815 1536 3833 2842 1400
4095 2815 1536 4000 2815 1471
0 3071 1536 1170 3205 1562
256 3071 1536 1197 3206 1560
512 3071 1536 1251 3207 1556
768 3071 1536 1344 3210 1549
1024 3071 1536 1479 3213 1537
1280 3071 1536 1632 3217 1522
1536 3071 1536 1813 3221 1499
1792 3071 1536 2011 3226 1471
2048 3071 1536 2218 3231 1439
2303 3071 1536 2458 3230 1429
2559 3071 1536 2702 3227 1423
2815 3071 1536 2953 3222 1424
3071 3071 1536 3192 3204 1407
3327 3071 1536 3425 3179 1380
3583 3071 1536 3645 3140 1332
3839 3071 1536 3840 3104 1364
4095 3071 1536 4016 3071 1450
0 3327 1536 1229 3435 1519
256 3327 1536 1254 3436 1516
512 3327 1536 1304 3438 1512
768 3327 1536 1389 3440 1504
1024 3327 1536 1516 3443 1491
1280 3327 1536 1659 3446 1474
1536 3327 1536 1828 3451 1448
1792 3327 1536 2013 3457 1414
2048 3327 1536 2208 3463 1374
2303 3327 1536 2438 3464 1353
2559 3327 1536 2677 3463 1340
2815 3327 1536 2928 3459 1342
3071 3327 1536 3177 3452 1340
3327 3327 1536 3421 3439 1330
3583 3327 1536 3642 3404 1290
3839 3327 1536 3845 3367 1325
4095 3327 1536 4035 3328 1410
0 3583 1536 1281 3659 1467
256 3583 1536 1305 3660 1465
512 3583 1536 1351 3661 1460
768 3583 1536 1430 3663 1452
1024 3583 1536 1548 3666 1438
1280 3583 1536 1682 3670 1419
1536 3583 1536 1840 3675 1388
1792 3583 1536 2014 3681 1350
2048 3583 1536 2199 3687 1307
2303 3583 1536 2418 3690 1275
2559 3583 1536 2648 3690 1256
2815 3583 1536 2897 3687 1257
3071 3583 1536 3146 3682 1256
3327 3583 1536 3394 3675 1253
3583 3583 1536 3635 3659 1238
3839 3583 1536 3854 3629 1253
4095 3583 1536 4060 3588 1288
0 3839 1536 1334 3870 1412
256 3839 1536 1356 3871 1411
512 3839 1536 1400 3874 1407
768 3839 1536 1478 3877 1402
1024 3839 1536 1594 3881 1392
1280 3839 1536 1726 3885 1379
1536 3839 1536 1885 3888 1358
1792 3839 1536 2059 3892 1333
2048 3839 1536 2244 3896 1305
2303 3839 1536 2455 3898 1283
2559 3839 1536 2676 3899 1269
2815 3839 1536 2912 3897 1270
3071 3839 1536 3152 3894 1269
3327 3839 1536 3392 3891 1269
3583 3839 1536 3632 3886 1267
3839 3839 1536 3857 3866 1272
4095 3839 1536 4072 3835 1283
0 4095 1536 1386 4073 1355
256 4095 1536 1408 4076 1355
512 4095 1536 1452 4080 1353
768 4095 1536 1529 4086 1351
1024 4095 1536 1648 4091 1350
1280 4095 1536 1785 4095 1348
1536 4095 1536 1952 4095 1348
1792 4095 1536 2134 4095 1348
2048 4095 1536 2325 4095 1348
2303 4095 1536 2531 4095 1348
2559 4095 1536 2742 4095 1348
2815 4095 1536 2959 4095 1348
3071 4095 1536 3181 4095 1348
3327 4095 1536 3405 4095 1348
3583 4095 1536 3633 4095 1348
3839 4095 1536 3856 4087 1351
4095 4095 1536 4076 4074 1355
0 0 1792 184 109 1818
256 0 1792 314 41 1818
512 0 1792 490 0 1818
768 0 1792 736 0 1817
1024 0 1792 981 0 1817
1280 0 1792 1226 0 1817
1536 0 1792 1472 0 1817
1792 0 1792 1719 18 1819
2048 0 1792 1967 49 1822
2303 0 1792 2260 230 1865
2559 0 1792 2540 355 1894
2815 0 1792 2799 396 1904
3071 0 1792 3041 404 1899
3327 0 1792 3276 395 1888
3583 0 1792 3499 353 1869
3839 0 1792 3707 306 1845
4095 0 1792 3907 255 1818
0 256 1792 155 297 1817
256 256 1792 295 267 1830
512 256 1792 480 245 1843
768 256 1792 729 234 1857
1024 256 1792 982 231 1851
1280 256 1792 1235 230 1841
1536 256 1792 1482 230 1834
1792 256 1792 1732 242 1833
2048 256 1792 1985 263 1836
2303 256 1792 2276 375 1876
2559 256 1792 2554 455 1902
2815 256 1792 2810 485 1907
3071 256 1792 3050 490 1901
3327 256 1792 3283 482 1889
3583 256 1792 3505 448 1869
3839 256 1792 3715 406 1844
4095 256 1792 3916 358 1817
0 512 1792 173 512 1816
256 512 1792 307 507 1834
512 512 1792 485 497 1857
768 512 1792 726 482 1886
1024 512 1792 985 474 1886
1280 512 1792 1245 469 1877
1536 512 1792 1499 468 1862
1792 512 1792 1760 480 1861
2048 512 1792 2025 501 1868
2303 512 1792 2308 558 1896
2559 512 1792 2579 601 1913
2815 512 1792 2830 620 1913
3071 512 1792 3067 623 1903
3327 512 1792 3297 616 1889
3583 512 1792 3517 589 1868
3839 512 1792 3724 556 1843
4095 512 1792 3923 520 1816
0 768 1792 261 769 1813
256 768 1792 364 767 1828
512 768 1792 513 762 1854
768 768 1792 730 752 1898
1024 768 1792 989 735 1922
1280 768 1792 1259 719 1933
1536 768 1792 1528 719 1908
1792 768 1792 1809 740 1908
2048 768 1792 2098 775 1925
2303 768 1792 2363 799 1930
2559 768 1792 2620 817 1930
2815 768 1792 2863 826 1921
3071 768 1792 3094 825 1906
3327 768 1792 3320 818 1889
3583 768 1792 3536 796 1866
3839 768 1792 3737 781 1840
4095 768 1792 3928 769 1813
0 1024 1792 361 1032 1818
256 1024 1792 443 1032 1830
512 1024 1792 573 1034 1855
768 1024 1792 776 1039 1901
1024 1024 1792 1030 1035 1939
1280 1024 1792 1301 1031 1966
1536 1024 1792 1585 1031 1958
1792 1024 1792 1872 1041 1958
2048 1024 1792 2161 1056 1963
2303 1024 1792 2414 1064 1952
2559 1024 1792 2661 1070 1939
2815 1024 1792 2898 1071 1923
3071 1024 1792 3123 1067 1905
3327 1024 1792 3343 1059 1886
3583 1024 1792 3554 1043 1863
3839 1024 1792 3749 1032 1837
4095 1024 1792 3932 1024 1810
0 1280 1792 477 1311 1837
256 1280 1792 541 1312 1845
512 1280 1792 655 1320 1866
768 1280 1792 842 1336 1907
1024 1280 1792 1085 1347 1951
1280 1280 1792 1349 1354 1987
1536 1280 1792 1642 1356 1994
1792 1280 1792 1924 1354 1994
2048 1280 1792 2198 1350 1987
2303 1280 1792 2438 1351 1970
2559 1280 1792 2676 1349 1952
2815 1280 1792 2909 1344 1932
3071 1280 1792 3135 1334 1910
3327 1280 1792 3356 1322 1886
3583 1280 1792 3565 1305 1861
3839 1280 1792 3757 1292 1834
4095 1280 1792 3937 1280 1805
0 1536 1792 643 1640 1904
256 1536 1792 694 1641 1908
512 1536 1792 787 1646 1919
768 1536 1792 944 1655 1938
1024 1536 1792 1156 1663 1961
1280 1536 1792 1394 1669 1977
1536 1536 1792 1674 1670 1967
1792 1536 1792 1919 1677 1968
2048 1536 1792 2141 1688 1976
2303 1536 1792 2358 1694 1986
2559 1536 1792 2585 1695 1987
2815 1536 1792 2824 1689 1973
3071 1536 1792 3078 1660 1940
3327 1536 1792 3328 1627 1904
3583 1536 1792 3550 1594 1868
3839 1536 1792 3754 1564 1833
4095 1536 1792 3944 1536 1799
0 1792 1792 772 1940 1937
256 1792 1792 826 1940 1938
512 1792 1792 914 1942 1941
768 1792 1792 1052 1947 1950
1024 1792 1792 1240 1954 1959
1280 1792 1792 1452 1959 1964
1536 1792 1792 1710 1961 1954
1792 1792 1792 1944 1967 1961
2048 1792 1792 2163 1977 1980
2303 1792 1792 2363 1983 1995
2559 1792 1792 2568 1987 2008
2815 1792 1792 2777 1991 2018
3071 1792 1792 3028 1965 1985
3327 1792 1792 3288 1928 1938
3583 1792 1792 3532 1879 1882
3839 1792 1792 3751 1834 1834
4095 1792 1792 3952 1792 1791
0 2048 1792 876 2222 1947
256 2048 1792 944 2220 1945
512 2048 1792 1036 2220 1945
768 2048 1792 1165 2222 1948
1024 2048 1792 1332 2228 1949
1280 2048 1792 1519 2233 1950
1536 2048 1792 1748 2236 1950
1792 2048 1792 1988 2236 1967
2048 2048 1792 2236 2234 1995
2303 2048 1792 2425 2235 1998
2559 2048 1792 2600 2244 2019
2815 2048 1792 2754 2264 2067
3071 2048 1792 2984 2254 2039
3327 2048 1792 3238 2227 1984
3583 2048 1792 3511 2162 1901
3839 2048 1792 3748 2103 1836
4095 2048 1792 3962 2048 1783
0 2303 1792 958 2477 1932
256 2303 1792 1007 2477 1931
512 2303 1792 1087 2478 1931
768 2303 1792 1212 2479 1932
1024 2303 1792 1380 2482 1931
1280 2303 1792 1566 2486 1930
1536 2303 1792 1778 2489 1926
1792 2303 1792 2013 2488 1939
2048 2303 1792 2262 2484 1962
2303 2303 1792 2474 2486 1965
2559 2303 1792 2678 2485 1968
2815 2303 1792 2868 2481 1972
3071 2303 1792 3089 2465 1942
3327 2303 1792 3319 2440 1902
3583 2303 1792 3552 2398 1856
3839 2303 1792 3768 2351 1813
4095 2303 1792 3973 2303 1772
0 2559 1792 1035 2728 1911
256 2559 1792 1071 2729 1911
512 2559 1792 1140 2730 1910
768 2559 1792 1259 2731 1909
1024 2559 1792 1421 2733 1906
1280 2559 1792 1600 2736 1902
1536 2559 1792 1800 2740 1894
1792 2559 1792 2025 2740 1897
2048 2559 1792 2267 2736 1908
2303 2559 1792 2500 2736 1914
2559 2559 1792 2728 2731 1911
2815 2559 1792 2947 2716 1892
3071 2559 1792 3165 2694 1860
3327 2559 1792 3381 2669 1826
3583 2559 1792 3594 2637 1793
3839 2559 1792 3794 2600 1773
4095 2559 1792 3986 2559 1760
0 2815 1792 1106 2971 1882
256 2815 1792 1137 2972 1881
512 2815 1792 1198 2973 1880
768 2815 1792 1302 2975 1876
1024 2815 1792 1450 2978 1870
1280 2815 1792 1616 2981 1862
1536 2815 1792 1809 2985 1850
1792 2815 1792 2019 2988 1835
2048 2815 1792 2240 2990 1820
2303 2815 1792 2489 2985 1837
2559 2815 1792 2735 2980 1843
2815 2815 1792 2971 2976 1835
3071 2815 1792 3193 2951 1802
3327 2815 1792 3413 2919 1760
3583 2815 1792 3636 2880 1706
3839 2815 1792 3828 2846 1707
4095 2815 1792 4000 2815 1746
0 3071 1792 1169 3205 1845
256 3071 1792 1197 3206 1844
512 3071 1792 1252 3207 1841
768 3071 1792 1347 3209 1837
1024 3071 1792 1484 3212 1829
1280 3071 1792 1638 3215 1818
1536 3071 1792 1821 3220 1801
1792 3071 1792 2017 3225 1778
2048 3071 1792 2223 3229 1750
2303 3071 1792 2464 3227 1747
2559 3071 1792 2708 3224 1744
2815 3071 1792 2954 3221 1740
3071 3071 1792 3192 3205 1723
3327 3071 1792 3424 3181 1695
3583 3071 1792 3647 3141 1640
3839 3071 1792 3841 3105 1660
4095 3071 1792 4016 3071 1730
0 3327 1792 1228 3435 1805
256 3327 1792 1254 3436 1803
512 3327 1792 1304 3438 1800
768 3327 1792 1390 3439 1794
1024 3327 1792 1518 3442 1784
1280 3327 1792 1662 3446 1772
1536 3327 1792 1832 3451 1750
1792 3327 1792 2016 3457 1721
2048 3327 1792 2210 3463 1686
2303 3327 1792 2436 3465 1658
2559 3327 1792 2673 3464 1640
2815 3327 1792 2925 3460 1640
3071 3327 1792 3177 3453 1637
3327 3327 1792 3424 3440 1626
3583 3327 1792 3648 3404 1581
3839 3327 1792 3849 3367 1615
4095 3327 1792 4035 3328 1701
0 3583 1792 1280 3659 1757
256 3583 1792 1304 3660 1755
512 3583 1792 1350 3661 1752
768 3583 1792 1431 3663 1746
1024 3583 1792 1550 3666 1735
1280 3583 1792 1684 3669 1719
1536 3583 1792 1842 3675 1694
1792 3583 1792 2016 3681 1661
2048 3583 1792 2201 3687 1624
2303 3583 1792 2414 3692 1584
2559 3583 1792 2641 3693 1557
2815 3583 1792 2888 3690 1549
3071 3583 1792 3141 3685 1546
3327 3583 1792 3392 3677 1542
3583 3583 1792 3637 3661 1526
3839 3583 1792 3856 3629 1557
4095 3583 1792 4059 3586 1620
0 3839 1792 1334 3868 1707
256 3839 1792 1356 3871 1705
512 3839 1792 1400 3874 1703
768 3839 1792 1477 3878 1699
1024 3839 1792 1594 3882 1691
1280 3839 1792 1727 3885 1680
1536 3839 1792 1886 3888 1663
1792 3839 1792 2060 3892 1642
2048 3839 1792 2246 3896 1618
2303 3839 1792 2452 3900 1590
2559 3839 1792 2671 3901 1571
2815 3839 1792 2905 3900 1564
3071 3839 1792 3146 3897 1562
3327 3839 1792 3389 3893 1561
3583 3839 1792 3633 3888 1559
3839 3839 1792 3858 3866 1578
4095 3839 1792 4070 3833 1612
0 4095 1792 1389 4069 1654
256 4095 1792 1410 4073 1654
512 4095 1792 1452 4080 1653
768 4095 1792 1528 4088 1652
1024 4095 1792 1647 4093 1651
1280 4095 1792 1784 4095 1650
1536 4095 1792 1952 4095 1650
1792 4095 1792 2134 4095 1650
2048 4095 1792 2326 4095 1650
2303 4095 1792 2531 4095 1650
2559 4095 1792 2742 4095 1650
2815 4095 1792 2959 4095 1650
3071 4095 1792 3181 4095 1650
3327 4095 1792 3405 4095 1650
3583 4095 1792 3633 4095 1650
3839 4095 1792 3855 4086 1651
4095 4095 1792 4073 4072 1654
0 0 2048 210 124 2076
256 0 2048 324 47 2077
512 0 2048 490 0 2077
768 0 2048 736 0 2077
1024 0 2048 981 0 2077
1280 0 2048 1226 0 2077
1536 0 2048 1472 0 2077
1792 0 2048 1721 49 2081
2048 0 2048 1974 130 2089
2303 0 2048 2268 275 2134
2559 0 2048 2547 375 2164
2815 0 2048 2802 409 2170
3071 0 2048 3043 413 2164
3327 0 2048 3277 402 2152
3583 0 2048 3499 358 2131
3839 0 2048 3710 293 2105
4095 0 2048 3912 214 2076
0 256 2048 164 303 2076
256 256 2048 298 269 2088
512 256 2048 478 244 2101
768 256 2048 724 233 2116
1024 256 2048 978 231 2112
1280 256 2048 1231 230 2103
1536 256 2048 1479 229 2096
1792 256 2048 1738 263 2103
2048 256 2048 2003 318 2117
2303 256 2048 2287 407 2151
2559 256 2048 2560 470 2172
2815 256 2048 2813 495 2176
3071 256 2048 3052 498 2167
3327 256 2048 3284 488 2153
3583 256 2048 3505 453 2132
3839 256 2048 3715 403 2106
4095 256 2048 3918 345 2076
0 512 2048 171 512 2076
256 512 2048 306 506 2092
512 512 2048 481 497 2114
768 512 2048 719 481 2144
1024 512 2048 976 472 2150
1280 512 2048 1237 468 2146
1536 512 2048 1497 471 2135
1792 512 2048 1767 495 2140
2048 512 2048 2045 533 2158
2303 512 2048 2318 578 2177
2559 512 2048 2583 612 2187
2815 512 2048 2831 629 2184
3071 512 2048 3067 629 2172
3327 512 2048 3297 621 2156
3583 512 2048 3517 592 2133
3839 512 2048 3724 559 2105
4095 512 2048 3923 522 2075
0 768 2048 259 768 2074
256 768 2048 363 766 2087
512 768 2048 510 761 2113
768 768 2048 723 750 2156
1024 768 2048 976 731 2192
1280 768 2048 1244 717 2217
1536 768 2048 1530 729 2202
1792 768 2048 1817 754 2203
2048 768 2048 2104 789 2216
2303 768 2048 2366 808 2215
2559 768 2048 2620 824 2209
2815 768 2048 2862 832 2197
3071 768 2048 3093 830 2179
3327 768 2048 3319 821 2159
3583 768 2048 3536 799 2134
3839 768 2048 3737 782 2105
4095 768 2048 3928 770 2074
0 1024 2048 381 1044 2093
256 1024 2048 462 1044 2105
512 1024 2048 589 1045 2130
768 1024 2048 783 1044 2174
1024 1024 2048 1026 1036 2224
1280 1024 2048 1289 1029 2266
1536 1024 2048 1582 1034 2267
1792 1024 2048 1872 1045 2267
2048 1024 2048 2160 1062 2265
2303 1024 2048 2413 1069 2246
2559 1024 2048 2659 1074 2226
2815 1024 2048 2896 1075 2206
3071 1024 2048 3123 1068 2183
3327 1024 2048 3345 1056 2159
3583 1024 2048 3559 1035 2132
3839 1024 2048 3752 1026 2102
4095 1024 2048 3932 1024 2070
0 1280 2048 515 1331 2122
256 1280 2048 577 1333 2134
512 1280 2048 685 1338 2155
768 1280 2048 861 1346 2193
1024 1280 2048 1089 1350 2247
1280 1280 2048 1342 1352 2295
1536 1280 2048 1635 1349 2306
1792 1280 2048 1920 1348 2303
2048 1280 2048 2199 1349 2290
2303 1280 2048 2448 1346 2263
2559 1280 2048 2692 1341 2236
2815 1280 2048 2925 1334 2210
3071 1280 2048 3150 1321 2184
3327 1280 2048 3370 1306 2157
3583 1280 2048 3579 1285 2128
3839 1280 2048 3766 1278 2097
4095 1280 2048 3937 1280 2067
0 1536 2048 659 1642 2174
256 1536 2048 710 1643 2180
512 1536 2048 802 1647 2193
768 1536 2048 955 1652 2214
1024 1536 2048 1160 1657 2247
1280 1536 2048 1390 1660 2269
1536 1536 2048 1669 1662 2241
1792 1536 2048 1928 1668 2230
2048 1536 2048 2175 1677 2230
2303 1536 2048 2441 1655 2233
2559 1536 2048 2696 1635 2225
2815 1536 2048 2933 1620 2202
3071 1536 2048 3162 1599 2176
3327 1536 2048 3384 1576 2149
3583 1536 2048 3586 1556 2119
3839 1536 2048 3771 1544 2090
4095 1536 2048 3944 1536 2061
0 1792 2048 781 1938 2204
256 1792 2048 849 1936 2204
512 1792 2048 941 1937 2209
768 1792 2048 1070 1942 2221
1024 1792 2048 1250 1947 2238
1280 1792 2048 1454 1952 2248
1536 1792 2048 1708 1956 2223
1792 1792 2048 1953 1962 2215
2048 1792 2048 2193 1969 2218
2303 1792 2048 2425 1955 2231
2559 1792 2048 2649 1945 2236
2815 1792 2048 2859 1941 2229
3071 1792 2048 3087 1923 2208
3327 1792 2048 3320 1897 2180
3583 1792 2048 3553 1857 2135
3839 1792 2048 3761 1822 2094
4095 1792 2048 3952 1792 2055
0 2048 2048 887 2223 2220
256 2048 2048 991 2217 2214
512 2048 2048 1096 2216 2212
768 2048 2048 1200 2220 2217
1024 2048 2048 1352 2227 2225
1280 2048 2048 1528 2233 2232
1536 2048 2048 1749 2236 2236
1792 2048 2048 1988 2238 2238
2048 2048 2048 2238 2238 2238
2303 2048 2048 2404 2250 2249
2559 2048 2048 2568 2265 2261
2815 2048 2048 2729 2284 2277
3071 2048 2048 2954 2277 2266
3327 2048 2048 3205 2251 2237
3583 2048 2048 3493 2177 2166
3839 2048 2048 3741 2110 2104
4095 2048 2048 3962 2048 2048
0 2303 2048 964 2478 2206
256 2303 2048 1030 2476 2204
512 2303 2048 1117 2476 2204
768 2303 2048 1239 2477 2208
1024 2303 2048 1406 2479 2213
1280 2303 2048 1589 2482 2217
1536 2303 2048 1792 2487 2216
1792 2303 2048 2025 2485 2228
2048 2303 2048 2280 2479 2249
2303 2303 2048 2472 2488 2258
2559 2303 2048 2660 2493 2263
2815 2303 2048 2842 2493 2262
3071 2303 2048 3042 2489 2261
3327 2303 2048 3255 2477 2251
3583 2303 2048 3495 2436 2202
3839 2303 2048 3734 2376 2128
4095 2303 2048 3973 2303 2039
0 2559 2048 1039 2729 2186
256 2559 2048 1078 2729 2187
512 2559 2048 1151 2730 2188
768 2559 2048 1276 2730 2189
1024 2559 2048 1445 2730 2191
1280 2559 2048 1628 2731 2192
1536 2559 2048 1819 2736 2188
1792 2559 2048 2044 2734 2199
2048 2559 2048 2292 2727 2222
2303 2559 2048 2513 2730 2242
2559 2559 2048 2727 2728 2249
2815 2559 2048 2927 2720 2235
3071 2559 2048 3120 2713 2232
3327 2559 2048 3316 2703 2222
3583 2559 2048 3530 2677 2177
3839 2559 2048 3755 2627 2110
4095 2559 2048 3986 2559 2029
0 2815 2048 1107 2971 2159
256 2815 2048 1140 2972 2159
512 2815 2048 1203 2973 2158
768 2815 2048 1310 2974 2158
1024 2815 2048 1462 2976 2156
1280 2815 2048 1630 2978 2153
1536 2815 2048 1823 2982 2147
1792 2815 2048 2034 2984 2142
2048 2815 2048 2258 2984 2138
2303 2815 2048 2513 2975 2188
2559 2815 2048 2754 2969 2211
2815 2815 2048 2972 2971 2193
3071 2815 2048 3181 2953 2166
3327 2815 2048 3392 2928 2128
3583 2815 2048 3615 2892 2061
3839 2815 2048 3816 2854 2028
4095 2815 2048 4000 2815 2018
0 3071 2048 1169 3205 2123
256 3071 2048 1198 3206 2123
512 3071 2048 1254 3207 2122
768 3071 2048 1351 3209 2119
1024 3071 2048 1490 3211 2115
1280 3071 2048 1647 3214 2109
1536 3071 2048 1830 3218 2098
1792 3071 2048 2027 3222 2083
2048 3071 2048 2234 3226 2064
2303 3071 2048 2478 3221 2080
2559 3071 2048 2720 3218 2085
2815 3071 2048 2958 3217 2075
3071 3071 2048 3191 3204 2058
3327 3071 2048 3421 3183 2030
3583 3071 2048 3645 3144 1964
3839 3071 2048 3840 3107 1963
4095 3071 2048 4016 3071 2005
0 3327 2048 1228 3435 2085
256 3327 2048 1254 3436 2084
512 3327 2048 1304 3437 2082
768 3327 2048 1393 3439 2078
1024 3327 2048 1522 3442 2071
1280 3327 2048 1667 3445 2062
1536 3327 2048 1837 3450 2046
1792 3327 2048 2022 3455 2023
2048 3327 2048 2215 3461 1995
2303 3327 2048 2439 3464 1968
2559 3327 2048 2675 3464 1950
2815 3327 2048 2927 3460 1945
3071 3327 2048 3180 3454 1943
3327 3327 2048 3428 3441 1931
3583 3327 2048 3655 3404 1879
3839 3327 2048 3854 3366 1907
4095 3327 2048 4034 3327 1988
0 3583 2048 1280 3659 2040
256 3583 2048 1304 3659 2039
512 3583 2048 1351 3661 2036
768 3583 2048 1432 3662 2032
1024 3583 2048 1552 3665 2023
1280 3583 2048 1687 3669 2011
1536 3583 2048 1845 3674 1990
1792 3583 2048 2019 3680 1963
2048 3583 2048 2204 3687 1931
2303 3583 2048 2416 3691 1895
2559 3583 2048 2640 3694 1865
2815 3583 2048 2883 3693 1843
3071 3583 2048 3137 3688 1838
3327 3583 2048 3392 3680 1833
3583 3583 2048 3641 3663 1816
3839 3583 2048 3859 3630 1865
4095 3583 2048 4055 3584 1959
0 3839 2048 1334 3867 1991
256 3839 2048 1355 3871 1990
512 3839 2048 1399 3875 1988
768 3839 2048 1477 3880 1985
1024 3839 2048 1595 3882 1980
1280 3839 2048 1729 3885 1971
1536 3839 2048 1887 3888 1957
1792 3839 2048 2061 3892 1939
2048 3839 2048 2247 3896 1918
2303 3839 2048 2453 3900 1894
2559 3839 2048 2670 3902 1872
2815 3839 2048 2900 3902 1854
3071 3839 2048 3142 3899 1849
3327 3839 2048 3388 3895 1848
3583 3839 2048 3635 3890 1846
3839 3839 2048 3858 3867 1882
4095 3839 2048 4067 3831 1944
0 4095 2048 1390 4066 1940
256 4095 2048 1409 4074 1940
512 4095 2048 1450 4082 1940
768 4095 2048 1525 4093 1939
1024 4095 2048 1645 4095 1939
1280 4095 2048 1784 4095 1939
1536 4095 2048 1952 4095 1939
1792 4095 2048 2134 4095 1939
2048 4095 2048 2326 4095 1939
2303 4095 2048 2532 4095 1939
2559 4095 2048 2742 4095 1939
2815 4095 2048 2959 4095 1939
3071 4095 2048 3181 4095 1939
3327 4095 2048 3405 4095 1939
3583 4095 2048 3633 4095 1939
3839 4095 2048 3855 4086 1939
4095 4095 2048 4072 4071 1940
0 0 2303 236 140 2331
256 0 2303 339 82 2333
512 0 2303 497 35 2335
768 0 2303 737 6 2336
1024 0 2303 981 0 2336
1280 0 2303 1226 0 2336
1536 0 2303 1472 0 2336
1792 0 2303 1732 84 2351
2048 0 2303 2003 223 2376
2303 0 2303 2284 324 2410
2559 0 2303 2554 395 2432
2815 0 2303 2806 422 2436
3071 0 2303 3045 423 2428
3327 0 2303 3278 409 2414
3583 0 2303 3499 364 2392
3839 0 2303 3711 283 2365
4095 0 2303 3916 179 2334
0 256 2303 173 308 2334
256 256 2303 304 282 2344
512 256 2303 479 257 2357
768 256 2303 721 235 2373
1024 256 2303 974 230 2370
1280 256 2303 1228 230 2362
1536 256 2303 1477 229 2356
1792 256 2303 1744 282 2371
2048 256 2303 2023 370 2400
2303 256 2303 2299 437 2426
2559 256 2303 2566 486 2442
2815 256 2303 2816 507 2442
3071 256 2303 3053 506 2432
3327 256 2303 3284 495 2417
3583 256 2303 3505 457 2394
3839 256 2303 3716 400 2366
4095 256 2303 3920 329 2334
0 512 2303 171 512 2334
256 512 2303 305 506 2349
512 512 2303 479 496 2370
768 512 2303 713 480 2400
1024 512 2303 968 471 2408
1280 512 2303 1230 467 2409
1536 512 2303 1495 473 2402
1792 512 2303 1771 505 2413
2048 512 2303 2055 554 2437
2303 512 2303 2325 594 2452
2559 512 2303 2586 624 2458
2815 512 2303 2833 637 2453
3071 512 2303 3068 636 2439
3327 512 2303 3297 625 2421
3583 512 2303 3516 595 2396
3839 512 2303 3724 559 2367
4095 512 2303 3924 519 2334
0 768 2303 259 768 2333
256 768 2303 362 766 2345
512 768 2303 508 760 2370
768 768 2303 718 749 2411
1024 768 2303 965 729 2453
1280 768 2303 1230 716 2487
1536 768 2303 1530 738 2486
1792 768 2303 1820 765 2488
2048 768 2303 2103 795 2494
2303 768 2303 2366 816 2493
2559 768 2303 2620 831 2485
2815 768 2303 2861 838 2470
3071 768 2303 3092 834 2449
3327 768 2303 3318 824 2427
3583 768 2303 3535 801 2400
3839 768 2303 3737 783 2368
4095 768 2303 3928 769 2333
0 1024 2303 398 1050 2361
256 1024 2303 477 1050 2372
512 1024 2303 600 1049 2396
768 1024 2303 788 1047 2437
1024 1024 2303 1022 1036 2491
1280 1024 2303 1278 1028 2539
1536 1024 2303 1575 1036 2557
1792 1024 2303 1864 1047 2557
2048 1024 2303 2148 1060 2547
2303 1024 2303 2407 1071 2530
2559 1024 2303 2657 1078 2509
2815 1024 2303 2894 1078 2485
3071 1024 2303 3121 1070 2458
3327 1024 2303 3344 1058 2431
3583 1024 2303 3558 1035 2401
3839 1024 2303 3752 1026 2367
4095 1024 2303 3932 1024 2330
0 1280 2303 545 1341 2397
256 1280 2303 605 1342 2407
512 1280 2303 707 1345 2428
768 1280 2303 876 1350 2464
1024 1280 2303 1095 1351 2517
1280 1280 2303 1337 1350 2570
1536 1280 2303 1619 1342 2601
1792 1280 2303 1901 1339 2601
2048 1280 2303 2183 1340 2580
2303 1280 2303 2440 1342 2554
2559 1280 2303 2689 1341 2526
2815 1280 2303 2923 1334 2495
3071 1280 2303 3149 1321 2464
3327 1280 2303 3369 1305 2434
3583 1280 2303 3579 1283 2401
3839 1280 2303 3766 1277 2365
4095 1280 2303 3937 1280 2327
0 1536 2303 674 1640 2436
256 1536 2303 724 1641 2442
512 1536 2303 814 1643 2454
768 1536 2303 965 1647 2475
1024 1536 2303 1165 1649 2509
1280 1536 2303 1388 1651 2540
1536 1536 2303 1652 1649 2550
1792 1536 2303 1916 1650 2548
2048 1536 2303 2179 1653 2537
2303 1536 2303 2444 1643 2531
2559 1536 2303 2698 1631 2517
2815 1536 2303 2936 1616 2490
3071 1536 2303 3165 1594 2460
3327 1536 2303 3386 1573 2429
3583 1536 2303 3588 1554 2394
3839 1536 2303 3772 1542 2358
4095 1536 2303 3944 1536 2322
0 1792 2303 820 1926 2450
256 1792 2303 870 1926 2452
512 1792 2303 952 1927 2459
768 1792 2303 1080 1931 2472
1024 1792 2303 1256 1935 2492
1280 1792 2303 1454 1939 2512
1536 1792 2303 1693 1940 2518
1792 1792 2303 1942 1943 2512
2048 1792 2303 2196 1946 2496
2303 1792 2303 2437 1942 2501
2559 1792 2303 2674 1933 2499
2815 1792 2303 2905 1916 2488
3071 1792 2303 3135 1893 2464
3327 1792 2303 3363 1867 2435
3583 1792 2303 3577 1837 2394
3839 1792 2303 3771 1813 2355
4095 1792 2303 3952 1792 2316
0 2048 2303 978 2204 2447
256 2048 2303 1035 2202 2447
512 2048 2303 1110 2203 2450
768 2048 2303 1211 2207 2458
1024 2048 2303 1359 2212 2471
1280 2048 2303 1529 2217 2485
1536 2048 2303 1741 2221 2498
1792 2048 2303 1976 2224 2486
2048 2048 2303 2228 2226 2457
2303 2048 2303 2424 2238 2466
2559 2048 2303 2628 2241 2476
2815 2048 2303 2844 2229 2489
3071 2048 2303 3076 2208 2475
3327 2048 2303 3313 2179 2448
3583 2048 2303 3554 2129 2400
3839 2048 2303 3767 2086 2354
4095 2048 2303 3962 2048 2310
0 2303 2303 1004 2471 2460
256 2303 2303 1058 2470 2459
512 2303 2303 1145 2470 2459
768 2303 2303 1282 2469 2460
1024 2303 2303 1437 2471 2467
1280 2303 2303 1603 2475 2475
1536 2303 2303 1795 2480 2483
1792 2303 2303 2019 2481 2483
2048 2303 2303 2266 2480 2480
2303 2303 2303 2476 2487 2486
2559 2303 2303 2679 2489 2491
2815 2303 2303 2867 2484 2495
3071 2303 2303 3071 2475 2490
3327 2303 2303 3277 2463 2479
3583 2303 2303 3484 2442 2453
3839 2303 2303 3719 2384 2390
4095 2303 2303 3973 2303 2302
0 2559 2303 1046 2729 2457
256 2559 2303 1093 2729 2456
512 2559 2303 1180 2728 2455
768 2559 2303 1327 2725 2453
1024 2559 2303 1485 2726 2455
1280 2559 2303 1651 2729 2458
1536 2559 2303 1834 2734 2461
1792 2559 2303 2048 2735 2466
2048 2559 2303 2282 2732 2473
2303 2559 2303 2513 2732 2487
2559 2559 2303 2724 2733 2495
2815 2559 2303 2906 2733 2493
3071 2559 2303 3095 2728 2489
3327 2559 2303 3286 2721 2481
3583 2559 2303 3475 2714 2465
3839 2559 2303 3714 2654 2397
4095 2559 2303 3986 2559 2294
0 2815 2303 1112 2971 2429
256 2815 2303 1147 2972 2430
512 2815 2303 1215 2972 2430
768 2815 2303 1331 2972 2429
1024 2815 2303 1486 2973 2430
1280 2815 2303 1656 2975 2430
1536 2815 2303 1852 2977 2430
1792 2815 2303 2056 2979 2427
2048 2815 2303 2267 2982 2423
2303 2815 2303 2524 2972 2460
2559 2815 2303 2761 2967 2482
2815 2815 2303 2969 2972 2479
3071 2815 2303 3166 2958 2462
3327 2815 2303 3360 2940 2440
3583 2815 2303 3557 2924 2416
3839 2815 2303 3772 2879 2361
4095 2815 2303 4000 2815 2284
0 3071 2303 1172 3205 2395
256 3071 2303 1202 3206 2395
512 3071 2303 1260 3207 2395
768 3071 2303 1361 3208 2394
1024 3071 2303 1505 3209 2392
1280 3071 2303 1666 3211 2390
1536 3071 2303 1852 3214 2385
1792 3071 2303 2047 3218 2375
2048 3071 2303 2248 3222 2363
2303 3071 2303 2495 3216 2378
2559 3071 2303 2739 3211 2398
2815 3071 2303 2980 3206 2426
3071 3071 2303 3196 3197 2423
3327 3071 2303 3404 3184 2404
3583 3071 2303 3609 3159 2349
3839 3071 2303 3813 3120 2307
4095 3071 2303 4016 3071 2273
0 3327 2303 1229 3435 2357
256 3327 2303 1255 3436 2357
512 3327 2303 1308 3437 2356
768 3327 2303 1398 3439 2354
1024 3327 2303 1529 3441 2350
1280 3327 2303 1677 3444 2344
1536 3327 2303 1848 3448 2334
1792 3327 2303 2034 3453 2318
2048 3327 2303 2229 3458 2299
2303 3327 2303 2457 3459 2285
2559 3327 2303 2701 3454 2296
2815 3327 2303 2966 3441 2344
3071 3327 2303 3201 3438 2355
3327 3327 2303 3427 3433 2343
3583 3327 2303 3644 3404 2269
3839 3327 2303 3845 3368 2247
4095 3327 2303 4034 3327 2259
0 3583 2303 1280 3658 2313
256 3583 2303 1304 3659 2312
512 3583 2303 1352 3661 2311
768 3583 2303 1436 3662 2308
1024 3583 2303 1557 3665 2302
1280 3583 2303 1693 3668 2293
1536 3583 2303 1851 3673 2277
1792 3583 2303 2025 3679 2256
2048 3583 2303 2211 3685 2231
2303 3583 2303 2424 3689 2204
2559 3583 2303 2652 3690 2186
2815 3583 2303 2898 3686 2182
3071 3583 2303 3148 3682 2183
3327 3583 2303 3397 3675 2179
3583 3583 2303 3642 3661 2154
3839 3583 2303 3857 3629 2180
4095 3583 2303 4054 3584 2240
0 3839 2303 1332 3871 2265
256 3839 2303 1354 3873 2265
512 3839 2303 1400 3875 2264
768 3839 2303 1479 3879 2262
1024 3839 2303 1597 3881 2258
1280 3839 2303 1731 3884 2251
1536 3839 2303 1890 3888 2240
1792 3839 2303 2064 3891 2225
2048 3839 2303 2249 3895 2209
2303 3839 2303 2456 3899 2188
2559 3839 2303 2673 3901 2170
2815 3839 2303 2904 3901 2154
3071 3839 2303 3147 3898 2152
3327 3839 2303 3392 3893 2152
3583 3839 2303 3638 3888 2149
3839 3839 2303 3861 3867 2177
4095 3839 2303 4069 3834 2226
0 4095 2303 1383 4076 2214
256 4095 2303 1405 4080 2214
512 4095 2303 1449 4084 2215
768 4095 2303 1526 4091 2215
1024 4095 2303 1646 4093 2215
1280 4095 2303 1785 4095 2216
1536 4095 2303 1952 4095 2216
1792 4095 2303 2134 4095 2216
2048 4095 2303 2326 4095 2216
2303 4095 2303 2531 4095 2216
2559 4095 2303 2742 4095 2216
2815 4095 2303 2959 4095 2216
3071 4095 2303 3181 4095 2216
3327 4095 2303 3405 4095 2216
3583 4095 2303 3633 4095 2215
3839 4095 2303 3858 4090 2215
4095 4095 2303 4082 4081 2215
0 0 2559 262 155 2587
256 0 2559 356 113 2591
512 0 2559 506 65 2593
768 0 2559 738 11 2595
1024 0 2559 981 0 2595
1280 0 2559 1227 6 2596
1536 0 2559 1476 33 2600
1792 0 2559 1744 137 2623
2048 0 2559 2024 291 2658
2303 0 2559 2295 358 2682
2559 0 2559 2558 409 2698
2815 0 2559 2810 435 2702
3071 0 2559 3047 433 2692
3327 0 2559 3279 417 2677
3583 0 2559 3500 370 2654
3839 0 2559 3712 283 2626
4095 0 2559 3917 169 2593
0 256 2559 183 314 2592
256 256 2559 310 294 2602
512 256 2559 481 268 2615
768 256 2559 719 236 2630
1024 256 2559 971 230 2628
1280 256 2559 1227 233 2623
1536 256 2559 1482 249 2624
1792 256 2559 1754 313 2644
2048 256 2559 2038 408 2678
2303 256 2559 2307 458 2697
2559 256 2559 2568 497 2709
2815 256 2559 2818 517 2709
3071 256 2559 3055 515 2697
3327 256 2559 3285 501 2681
3583 256 2559 3505 462 2657
3839 256 2559 3716 401 2627
4095 256 2559 3920 324 2593
0 512 2559 171 512 2594
256 512 2559 304 506 2608
512 512 2559 478 496 2628
768 512 2559 710 480 2657
1024 512 2559 965 472 2669
1280 512 2559 1227 470 2676
1536 512 2559 1499 484 2675
1792 512 2559 1778 520 2689
2048 512 2559 2062 570 2713
2303 512 2559 2327 604 2723
2559 512 2559 2587 631 2727
2815 512 2559 2834 646 2721
3071 512 2559 3068 642 2706
3327 512 2559 3297 630 2686
3583 512 2559 3516 599 2660
3839 512 2559 3724 561 2629
4095 512 2559 3924 518 2593
0 768 2559 258 768 2593
256 768 2559 361 765 2605
512 768 2559 508 760 2628
768 768 2559 718 751 2670
1024 768 2559 964 734 2721
1280 768 2559 1228 724 2765
1536 768 2559 1532 749 2769
1792 768 2559 1821 775 2770
2048 768 2559 2098 799 2769
2303 768 2559 2361 819 2766
2559 768 2559 2617 835 2757
2815 768 2559 2860 844 2742
3071 768 2559 3091 839 2720
3327 768 2559 3317 827 2695
3583 768 2559 3534 803 2666
3839 768 2559 3736 784 2631
4095 768 2559 3928 769 2593
0 1024 2559 413 1055 2627
256 1024 2559 490 1054 2639
512 1024 2559 611 1053 2661
768 1024 2559 796 1050 2702
1024 1024 2559 1024 1039 2759
1280 1024 2559 1274 1031 2814
1536 1024 2559 1568 1039 2838
1792 1024 2559 1854 1048 2839
2048 1024 2559 2134 1057 2825
2303 1024 2559 2396 1069 2808
2559 1024 2559 2650 1078 2787
2815 1024 2559 2891 1080 2762
3071 1024 2559 3119 1072 2734
3327 1024 2559 3343 1059 2704
3583 1024 2559 3558 1035 2672
3839 1024 2559 3752 1025 2633
4095 1024 2559 3932 1024 2590
0 1280 2559 572 1348 2668
256 1280 2559 629 1348 2678
512 1280 2559 727 1350 2698
768 1280 2559 888 1352 2732
1024 1280 2559 1098 1351 2784
1280 1280 2559 1330 1346 2838
1536 1280 2559 1603 1335 2880
1792 1280 2559 1882 1330 2884
2048 1280 2559 2164 1329 2864
2303 1280 2559 2426 1335 2838
2559 1280 2559 2680 1337 2810
2815 1280 2559 2920 1333 2779
3071 1280 2559 3147 1320 2745
3327 1280 2559 3368 1304 2711
3583 1280 2559 3579 1281 2675
3839 1280 2559 3766 1275 2633
4095 1280 2559 3937 1280 2587
0 1536 2559 685 1636 2697
256 1536 2559 734 1637 2703
512 1536 2559 823 1638 2715
768 1536 2559 970 1640 2736
1024 1536 2559 1165 1641 2771
1280 1536 2559 1381 1641 2808
1536 1536 2559 1634 1635 2842
1792 1536 2559 1899 1632 2848
2048 1536 2559 2172 1631 2833
2303 1536 2559 2437 1629 2823
2559 1536 2559 2693 1623 2805
2815 1536 2559 2936 1610 2778
3071 1536 2559 3167 1589 2746
3327 1536 2559 3388 1568 2710
3583 1536 2559 3589 1550 2669
3839 1536 2559 3772 1540 2627
4095 1536 2559 3944 1536 2583
0 1792 2559 828 1915 2702
256 1792 2559 870 1915 2706
512 1792 2559 948 1917 2713
768 1792 2559 1079 1919 2725
1024 1792 2559 1255 1922 2747
1280 1792 2559 1450 1924 2772
1536 1792 2559 1679 1924 2799
1792 1792 2559 1928 1924 2799
2048 1792 2559 2190 1924 2779
2303 1792 2559 2438 1924 2778
2559 1792 2559 2687 1916 2772
2815 1792 2559 2934 1897 2760
3071 1792 2559 3167 1871 2734
3327 1792 2559 3392 1844 2702
3583 1792 2559 3593 1823 2661
3839 1792 2559 3778 1806 2620
4095 1792 2559 3952 1792 2578
0 2048 2559 991 2187 2693
256 2048 2559 1027 2188 2695
512 2048 2559 1093 2190 2698
768 2048 2559 1205 2193 2705
1024 2048 2559 1359 2197 2717
1280 2048 2559 1530 2201 2733
1536 2048 2559 1734 2204 2753
1792 2048 2559 1965 2208 2742
2048 2048 2559 2213 2211 2709
2303 2048 2559 2434 2220 2713
2559 2048 2559 2668 2216 2720
2815 2048 2559 2918 2191 2730
3071 2048 2559 3155 2161 2714
3327 2048 2559 3384 2130 2688
3583 2048 2559 3593 2097 2651
3839 2048 2559 3784 2071 2612
4095 2048 2559 3962 2048 2573
0 2303 2559 1008 2460 2715
256 2303 2559 1061 2460 2714
512 2303 2559 1154 2458 2711
768 2303 2559 1308 2456 2707
1024 2303 2559 1457 2459 2714
1280 2303 2559 1612 2464 2725
1536 2303 2559 1795 2469 2739
1792 2303 2559 2010 2472 2739
2048 2303 2559 2246 2473 2728
2303 2303 2559 2473 2478 2727
2559 2303 2559 2690 2479 2728
2815 2303 2559 2892 2473 2733
3071 2303 2559 3105 2457 2725
3327 2303 2559 3316 2439 2714
3583 2303 2559 3506 2426 2695
3839 2303 2559 3729 2377 2642
4095 2303 2559 3973 2303 2566
0 2559 2559 1047 2723 2720
256 2559 2559 1103 2722 2718
512 2559 2559 1202 2720 2713
768 2559 2559 1365 2716 2705
1024 2559 2559 1516 2718 2708
1280 2559 2559 1668 2721 2715
1536 2559 2559 1844 2726 2724
1792 2559 2559 2047 2729 2728
2048 2559 2559 2267 2730 2729
2303 2559 2559 2506 2729 2731
2559 2559 2559 2722 2731 2734
2815 2559 2559 2903 2738 2737
3071 2559 2559 3098 2729 2733
3327 2559 2559 3292 2719 2728
3583 2559 2559 3472 2716 2723
3839 2559 2559 3705 2661 2663
4095 2559 2559 3973 2569 2568
0 2815 2559 1116 2971 2699
256 2815 2559 1155 2971 2699
512 2815 2559 1229 2971 2699
768 2815 2559 1354 2970 2697
1024 2815 2559 1514 2969 2698
1280 2815 2559 1687 2970 2700
1536 2815 2559 1876 2972 2704
1792 2815 2559 2072 2975 2705
2048 2815 2559 2273 2979 2704
2303 2815 2559 2530 2969 2723
2559 2815 2559 2766 2966 2737
2815 2815 2559 2969 2973 2744
3071 2815 2559 3154 2964 2736
3327 2815 2559 3336 2952 2726
3583 2815 2559 3520 2945 2724
3839 2815 2559 3729 2908 2670
4095 2815 2559 3955 2850 2583
0 3071 2559 1175 3205 2666
256 3071 2559 1207 3206 2666
512 3071 2559 1269 3206 2667
768 3071 2559 1375 3207 2667
1024 3071 2559 1524 3207 2666
1280 3071 2559 1690 3208 2666
1536 3071 2559 1874 3210 2665
1792 3071 2559 2067 3214 2662
2048 3071 2559 2266 3218 2656
2303 3071 2559 2510 3212 2666
2559 3071 2559 2754 3206 2689
2815 3071 2559 2994 3200 2732
3071 3071 2559 3196 3196 2738
3327 3071 2559 3388 3189 2726
3583 3071 2559 3584 3172 2679
3839 3071 2559 3780 3141 2630
4095 3071 2559 3977 3100 2581
0 3327 2559 1231 3435 2629
256 3327 2559 1258 3436 2629
512 3327 2559 1312 3437 2629
768 3327 2559 1405 3438 2628
1024 3327 2559 1540 3440 2627
1280 3327 2559 1690 3442 2624
1536 3327 2559 1864 3445 2619
1792 3327 2559 2053 3449 2610
2048 3327 2559 2252 3452 2600
2303 3327 2559 2477 3453 2594
2559 3327 2559 2721 3446 2617
2815 3327 2559 2991 3430 2685
3071 3327 2559 3216 3429 2705
3327 3327 2559 3429 3428 2696
3583 3327 2559 3640 3404 2614
3839 3327 2559 3831 3375 2578
4095 3327 2559 4009 3343 2571
0 3583 2559 1281 3658 2586
256 3583 2559 1306 3659 2586
512 3583 2559 1355 3660 2585
768 3583 2559 1440 3662 2583
1024 3583 2559 1563 3664 2580
1280 3583 2559 1701 3667 2574
1536 3583 2559 1860 3672 2563
1792 3583 2559 2035 3677 2548
2048 3583 2559 2222 3682 2530
2303 3583 2559 2436 3686 2511
2559 3583 2559 2665 3685 2503
2815 3583 2559 2916 3680 2512
3071 3583 2559 3166 3673 2531
3327 3583 2559 3413 3666 2542
3583 3583 2559 3646 3656 2517
3839 3583 2559 3853 3628 2522
4095 3583 2559 4041 3590 2548
0 3839 2559 1331 3871 2538
256 3839 2559 1355 3873 2538
512 3839 2559 1401 3875 2538
768 3839 2559 1481 3878 2537
1024 3839 2559 1600 3881 2535
1280 3839 2559 1735 3884 2530
1536 3839 2559 1893 3887 2522
1792 3839 2559 2068 3891 2511
2048 3839 2559 2253 3894 2498
2303 3839 2559 2461 3897 2483
2559 3839 2559 2680 3899 2470
2815 3839 2559 2913 3898 2461
3071 3839 2559 3159 3892 2472
3327 3839 2559 3406 3886 2485
3583 3839 2559 3643 3884 2482
3839 3839 2559 3861 3866 2496
4095 3839 2559 4066 3838 2520
0 4095 2559 1382 4078 2486
256 4095 2559 1404 4080 2487
512 4095 2559 1449 4084 2488
768 4095 2559 1526 4090 2490
1024 4095 2559 1647 4093 2491
1280 4095 2559 1785 4095 2491
1536 4095 2559 1952 4095 2491
1792 4095 2559 2134 4095 2491
2048 4095 2559 2326 4095 2491
2303 4095 2559 2531 4095 2491
2559 4095 2559 2742 4095 2491
2815 4095 2559 2959 4095 2491
3071 4095 2559 3181 4095 2491
3327 4095 2559 3405 4095 2491
3583 4095 2559 3633 4095 2491
3839 4095 2559 3860 4092 2490
4095 4095 2559 4087 4087 2489
0 0 2815 288 170 2843
256 0 2815 375 136 2847
512 0 2815 517 86 2851
768 0 2815 740 14 2854
1024 0 2815 981 0 2855
1280 0 2815 1229 20 2858
1536 0 2815 1488 117 2871
1792 0 2815 1758 217 2897
2048 0 2815 2035 319 2929
2303 0 2815 2298 370 2946
2559 0 2815 2558 414 2960
2815 0 2815 2812 447 2967
3071 0 2815 3049 444 2957
3327 0 2815 3280 425 2940
3583 0 2815 3500 375 2916
3839 0 2815 3711 297 2886
4095 0 2815 3914 198 2850
0 256 2815 193 320 2850
256 256 2815 316 302 2860
512 256 2815 484 276 2872
768 256 2815 717 238 2887
1024 256 2815 969 229 2887
1280 256 2815 1227 241 2886
1536 256 2815 1497 299 2902
1792 256 2815 1770 361 2923
2048 256 2815 2045 426 2948
2303 256 2815 2307 465 2961
2559 256 2815 2566 500 2970
2815 256 2815 2820 527 2975
3071 256 2815 3056 524 2962
3327 256 2815 3286 507 2944
3583 256 2815 3506 466 2919
3839 256 2815 3716 408 2888
4095 256 2815 3919 338 2852
0 512 2815 171 512 2854
256 512 2815 304 506 2866
512 512 2815 477 496 2886
768 512 2815 710 482 2915
1024 512 2815 966 476 2932
1280 512 2815 1232 480 2946
1536 512 2815 1513 509 2957
1792 512 2815 1789 543 2969
2048 512 2815 2063 578 2981
2303 512 2815 2324 606 2987
2559 512 2815 2582 632 2990
2815 512 2815 2834 653 2989
3071 512 2815 3069 649 2973
3327 512 2815 3297 635 2952
3583 512 2815 3516 602 2924
3839 512 2815 3723 564 2891
4095 512 2815 3923 521 2853
0 768 2815 257 768 2853
256 768 2815 361 765 2864
512 768 2815 510 761 2888
768 768 2815 727 757 2933
1024 768 2815 979 749 2998
1280 768 2815 1246 746 3053
1536 768 2815 1538 763 3049
1792 768 2815 1818 781 3044
2048 768 2815 2090 799 3037
2303 768 2815 2350 816 3030
2559 768 2815 2607 833 3022
2815 768 2815 2858 848 3012
3071 768 2815 3090 843 2990
3327 768 2815 3316 830 2963
3583 768 2815 3533 804 2933
3839 768 2815 3735 785 2895
4095 768 2815 3928 770 2852
0 1024 2815 424 1057 2891
256 1024 2815 500 1056 2902
512 1024 2815 620 1055 2924
768 1024 2815 806 1053 2966
1024 1024 2815 1034 1047 3029
1280 1024 2815 1281 1041 3088
1536 1024 2815 1562 1043 3104
1792 1024 2815 1840 1046 3105
2048 1024 2815 2117 1050 3095
2303 1024 2815 2378 1062 3075
2559 1024 2815 2636 1072 3056
2815 1024 2815 2886 1082 3038
3071 1024 2815 3117 1074 3009
3327 1024 2815 3341 1060 2976
3583 1024 2815 3557 1034 2942
3839 1024 2815 3752 1024 2899
4095 1024 2815 3932 1024 2850
0 1280 2815 594 1350 2934
256 1280 2815 647 1350 2943
512 1280 2815 741 1351 2962
768 1280 2815 895 1351 2994
1024 1280 2815 1098 1347 3045
1280 1280 2815 1322 1341 3097
1536 1280 2815 1586 1331 3135
1792 1280 2815 1860 1323 3145
2048 1280 2815 2140 1317 3137
2303 1280 2815 2404 1322 3110
2559 1280 2815 2663 1327 3084
2815 1280 2815 2914 1331 3060
3071 1280 2815 3144 1319 3025
3327 1280 2815 3367 1302 2988
3583 1280 2815 3580 1277 2949
3839 1280 2815 3767 1272 2901
4095 1280 2815 3937 1280 2848
0 1536 2815 692 1629 2954
256 1536 2815 739 1630 2960
512 1536 2815 824 1630 2973
768 1536 2815 967 1631 2995
1024 1536 2815 1157 1631 3031
1280 1536 2815 1368 1629 3070
1536 1536 2815 1615 1623 3107
1792 1536 2815 1877 1618 3118
2048 1536 2815 2150 1613 3111
2303 1536 2815 2416 1610 3100
2559 1536 2815 2678 1606 3086
2815 1536 2815 2934 1603 3066
3071 1536 2815 3168 1583 3033
3327 1536 2815 3390 1561 2993
3583 1536 2815 3591 1545 2946
3839 1536 2815 3774 1537 2896
4095 1536 2815 3944 1536 2844
0 1792 2815 789 1904 2964
256 1792 2815 837 1904 2966
512 1792 2815 922 1905 2972
768 1792 2815 1062 1907 2982
1024 1792 2815 1243 1908 3001
1280 1792 2815 1441 1909 3026
1536 1792 2815 1666 1907 3058
1792 1792 2815 1910 1906 3069
2048 1792 2815 2168 1903 3065
2303 1792 2815 2425 1900 3062
2559 1792 2815 2682 1895 3057
2815 1792 2815 2937 1887 3048
3071 1792 2815 3174 1861 3021
3327 1792 2815 3399 1834 2986
3583 1792 2815 3598 1816 2938
3839 1792 2815 3780 1802 2889
4095 1792 2815 3952 1792 2840
0 2048 2815 887 2174 2967
256 2048 2815 939 2175 2965
512 2048 2815 1029 2176 2962
768 2048 2815 1174 2178 2958
1024 2048 2815 1348 2181 2962
1280 2048 2815 1532 2185 2971
1536 2048 2815 1731 2187 2996
1792 2048 2815 1953 2189 3006
2048 2048 2815 2191 2189 3008
2303 2048 2815 2431 2192 3005
2559 2048 2815 2677 2189 3006
2815 2048 2815 2931 2178 3015
3071 2048 2815 3170 2148 2998
3327 2048 2815 3399 2115 2970
3583 2048 2815 3601 2089 2926
3839 2048 2815 3787 2067 2881
4095 2048 2815 3962 2048 2835
0 2303 2815 960 2442 2972
256 2303 2815 1026 2441 2966
512 2303 2815 1135 2440 2957
768 2303 2815 1307 2439 2942
1024 2303 2815 1458 2442 2948
1280 2303 2815 1611 2446 2960
1536 2303 2815 1790 2450 2980
1792 2303 2815 1995 2452 2993
2048 2303 2815 2218 2454 3001
2303 2303 2815 2457 2456 2984
2559 2303 2815 2691 2458 2974
2815 2303 2815 2915 2460 2974
3071 2303 2815 3150 2433 2970
3327 2303 2815 3380 2400 2958
3583 2303 2815 3576 2379 2923
3839 2303 2815 3774 2345 2879
4095 2303 2815 3973 2303 2829
0 2559 2815 1037 2707 2972
256 2559 2815 1103 2706 2966
512 2559 2815 1212 2704 2957
768 2559 2815 1385 2701 2940
1024 2559 2815 1532 2703 2944
1280 2559 2815 1678 2706 2955
1536 2559 2815 1845 2711 2969
1792 2559 2815 2037 2714 2981
2048 2559 2815 2244 2717 2991
2303 2559 2815 2489 2716 2971
2559 2559 2815 2719 2719 2959
2815 2559 2815 2925 2728 2957
3071 2559 2815 3141 2709 2959
3327 2559 2815 3355 2684 2956
3583 2559 2815 3548 2667 2931
3839 2559 2815 3744 2636 2896
4095 2559 2815 3942 2594 2855
0 2815 2815 1120 2968 2965
256 2815 2815 1164 2968 2965
512 2815 2815 1244 2967 2962
768 2815 2815 1380 2965 2958
1024 2815 2815 1550 2964 2957
1280 2815 2815 1726 2963 2958
1536 2815 2815 1896 2967 2964
1792 2815 2815 2079 2971 2970
2048 2815 2815 2271 2976 2976
2303 2815 2815 2530 2968 2969
2559 2815 2815 2768 2967 2968
2815 2815 2815 2974 2974 2974
3071 2815 2815 3150 2970 2973
3327 2815 2815 3322 2963 2969
3583 2815 2815 3514 2951 2956
3839 2815 2815 3686 2943 2942
4095 2815 2815 3844 2936 2928
0 3071 2815 1180 3206 2936
256 3071 2815 1214 3206 2936
512 3071 2815 1280 3206 2936
768 3071 2815 1394 3205 2935
1024 3071 2815 1552 3204 2934
1280 3071 2815 1722 3204 2934
1536 3071 2815 1898 3207 2936
1792 3071 2815 2088 3210 2939
2048 3071 2815 2288 3213 2941
2303 3071 2815 2525 3209 2937
2559 3071 2815 2761 3206 2944
2815 3071 2815 2996 3202 2968
3071 3071 2815 3189 3203 2975
3327 3071 2815 3374 3200 2967
3583 3071 2815 3575 3181 2923
3839 3071 2815 3739 3173 2921
4095 3071 2815 3880 3172 2948
0 3327 2815 1233 3435 2898
256 3327 2815 1262 3436 2899
512 3327 2815 1318 3437 2899
768 3327 2815 1415 3437 2900
1024 3327 2815 1554 3438 2900
1280 3327 2815 1709 3439 2900
1536 3327 2815 1887 3441 2899
1792 3327 2815 2083 3443 2897
2048 3327 2815 2290 3444 2895
2303 3327 2815 2502 3447 2890
2559 3327 2815 2734 3443 2901
2815 3327 2815 2997 3430 2937
3071 3327 2815 3221 3429 2957
3327 3327 2815 3435 3427 2957
3583 3327 2815 3645 3402 2890
3839 3327 2815 3811 3389 2893
4095 3327 2815 3948 3383 2943
0 3583 2815 1282 3658 2856
256 3583 2815 1308 3659 2856
512 3583 2815 1358 3660 2856
768 3583 2815 1446 3661 2856
1024 3583 2815 1572 3663 2854
1280 3583 2815 1713 3665 2852
1536 3583 2815 1872 3669 2845
1792 3583 2815 2050 3674 2836
2048 3583 2815 2240 3678 2826
2303 3583 2815 2451 3681 2814
2559 3583 2815 2682 3680 2812
2815 3583 2815 2939 3673 2826
3071 3583 2815 3197 3660 2880
3327 3583 2815 3446 3649 2928
3583 3583 2815 3657 3644 2912
3839 3583 2815 3843 3629 2902
4095 3583 2815 4012 3606 2896
0 3839 2815 1334 3867 2806
256 3839 2815 1357 3870 2807
512 3839 2815 1403 3873 2808
768 3839 2815 1484 3879 2809
1024 3839 2815 1604 3881 2808
1280 3839 2815 1741 3883 2806
1536 3839 2815 1899 3886 2801
1792 3839 2815 2073 3889 2793
2048 3839 2815 2259 3893 2785
2303 3839 2815 2469 3895 2775
2559 3839 2815 2691 3895 2771
2815 3839 2815 2931 3892 2774
3071 3839 2815 3185 3881 2817
3327 3839 2815 3433 3872 2859
3583 3839 2815 3651 3874 2862
3839 3839 2815 3857 3862 2851
4095 3839 2815 4055 3841 2832
0 4095 2815 1389 4067 2751
256 4095 2815 1410 4072 2753
512 4095 2815 1452 4080 2757
768 4095 2815 1525 4092 2761
1024 4095 2815 1646 4095 2762
1280 4095 2815 1784 4095 2762
1536 4095 2815 1952 4095 2762
1792 4095 2815 2134 4095 2762
2048 4095 2815 2326 4095 2762
2303 4095 2815 2531 4095 2762
2559 4095 2815 2742 4095 2762
2815 4095 2815 2959 4095 2762
3071 4095 2815 3181 4095 2762
3327 4095 2815 3405 4095 2762
3583 4095 2815 3633 4095 2762
3839 4095 2815 3859 4091 2761
4095 4095 2815 4084 4084 2758
0 0 3071 313 186 3098
256 0 3071 395 156 3103
512 0 3071 529 104 3108
768 0 3071 742 17 3114
1024 0 3071 987 40 3120
1280 0 3071 1242 97 3129
1536 0 3071 1506 187 3148
1792 0 3071 1771 262 3168
2048 0 3071 2037 327 3190
2303 0 3071 2293 366 3202
2559 0 3071 2549 401 3211
2815 0 3071 2802 432 3218
3071 0 3071 3045 440 3214
3327 0 3071 3281 433 3203
3583 0 3071 3501 381 3178
3839 0 3071 3709 316 3144
4095 0 3071 3909 241 3105
0 256 3071 202 325 3108
256 256 3071 323 310 3117
512 256 3071 488 283 3129
768 256 3071 717 239 3144
1024 256 3071 976 253 3152
1280 256 3071 1243 285 3161
1536 256 3071 1513 339 3177
1792 256 3071 1779 386 3193
2048 256 3071 2044 429 3208
2303 256 3071 2300 460 3216
2559 256 3071 2556 488 3222
2815 256 3071 2809 513 3226
3071 256 3071 3051 520 3220
3327 256 3071 3286 514 3208
3583 256 3071 3506 471 3181
3839 256 3071 3715 418 3148
4095 256 3071 3916 357 3109
0 512 3071 188 516 3119
256 512 3071 319 510 3131
512 512 3071 489 500 3148
768 512 3071 717 486 3175
1024 512 3071 977 490 3199
1280 512 3071 1246 501 3219
1536 512 3071 1522 527 3229
1792 512 3071 1791 552 3236
2048 512 3071 2056 577 3241
2303 512 3071 2313 599 3242
2559 512 3071 2568 620 3242
2815 512 3071 2821 640 3241
3071 512 3071 3062 646 3231
3327 512 3071 3297 640 3216
3583 512 3071 3516 605 3188
3839 512 3071 3723 567 3152
4095 512 3071 3922 525 3111
0 768 3071 320 782 3131
256 768 3071 414 780 3142
512 768 3071 552 776 3166
768 768 3071 756 771 3207
1024 768 3071 996 763 3267
1280 768 3071 1252 757 3318
1536 768 3071 1534 767 3314
1792 768 3071 1808 779 3306
2048 768 3071 2076 792 3295
2303 768 3071 2334 807 3285
2559 768 3071 2589 821 3275
2815 768 3071 2841 836 3266
3071 768 3071 3082 839 3251
3327 768 3071 3315 833 3230
3583 768 3071 3532 806 3198
3839 768 3071 3735 786 3158
4095 768 3071 3928 770 3112
0 1024 3071 465 1064 3161
256 1024 3071 535 1063 3171
512 1024 3071 647 1061 3193
768 1024 3071 823 1059 3231
1024 1024 3071 1040 1050 3290
1280 1024 3071 1278 1043 3343
1536 1024 3071 1552 1042 3351
1792 1024 3071 1824 1043 3349
2048 1024 3071 2095 1046 3340
2303 1024 3071 2355 1052 3325
2559 1024 3071 2614 1059 3311
2815 1024 3071 2867 1068 3295
3071 1024 3071 3106 1068 3273
3327 1024 3071 3339 1060 3247
3583 1024 3071 3556 1033 3211
3839 1024 3071 3751 1023 3165
4095 1024 3071 3932 1024 3111
0 1280 3071 601 1346 3192
256 1280 3071 653 1346 3200
512 1280 3071 745 1346 3218
768 1280 3071 895 1345 3248
1024 1280 3071 1092 1339 3296
1280 1280 3071 1311 1333 3343
1536 1280 3071 1572 1325 3367
1792 1280 3071 1840 1319 3374
2048 1280 3071 2112 1313 3370
2303 1280 3071 2375 1312 3355
2559 1280 3071 2636 1313 3339
2815 1280 3071 2891 1316 3320
3071 1280 3071 3132 1311 3294
3327 1280 3071 3364 1300 3263
3583 1280 3071 3579 1274 3223
3839 1280 3071 3767 1269 3169
4095 1280 3071 3937 1280 3108
0 1536 3071 688 1619 3204
256 1536 3071 735 1619 3211
512 1536 3071 819 1619 3224
768 1536 3071 959 1619 3246
1024 1536 3071 1146 1617 3281
1280 1536 3071 1353 1614 3318
1536 1536 3071 1599 1609 3345
1792 1536 3071 1857 1605 3354
2048 1536 3071 2123 1601 3350
2303 1536 3071 2386 1596 3344
2559 1536 3071 2648 1591 3336
2815 1536 3071 2907 1587 3324
3071 1536 3071 3154 1573 3304
3327 1536 3071 3389 1556 3276
3583 1536 3071 3592 1539 3223
3839 1536 3071 3775 1534 3166
4095 1536 3071 3944 1536 3105
0 1792 3071 772 1888 3211
256 1792 3071 818 1888 3215
512 1792 3071 901 1889 3221
768 1792 3071 1039 1890 3233
1024 1792 3071 1219 1891 3255
1280 1792 3071 1417 1891 3280
1536 1792 3071 1643 1889 3308
1792 1792 3071 1886 1886 3318
2048 1792 3071 2141 1884 3317
2303 1792 3071 2398 1879 3316
2559 1792 3071 2656 1874 3313
2815 1792 3071 2914 1866 3311
3071 1792 3071 3164 1847 3297
3327 1792 3071 3401 1825 3272
3583 1792 3071 3600 1809 3217
3839 1792 3071 3782 1798 3160
4095 1792 3071 3952 1792 3101
0 2048 3071 853 2155 3215
256 2048 3071 902 2156 3215
512 2048 3071 989 2157 3214
768 2048 3071 1131 2159 3214
1024 2048 3071 1306 2161 3221
1280 2048 3071 1494 2164 3234
1536 2048 3071 1697 2165 3260
1792 2048 3071 1923 2165 3272
2048 2048 3071 2163 2164 3276
2303 2048 3071 2410 2163 3276
2559 2048 3071 2660 2158 3278
2815 2048 3071 2915 2150 3285
3071 2048 3071 3165 2128 3278
3327 2048 3071 3405 2104 3259
3583 2048 3071 3606 2081 3206
3839 2048 3071 3789 2063 3152
4095 2048 3071 3962 2048 3097
0 2303 3071 935 2419 3215
256 2303 3071 993 2419 3211
512 2303 3071 1091 2419 3205
768 2303 3071 1250 2419 3195
1024 2303 3071 1413 2422 3198
1280 2303 3071 1583 2425 3207
1536 2303 3071 1770 2428 3225
1792 2303 3071 1977 2430 3239
2048 2303 3071 2197 2431 3251
2303 2303 3071 2436 2430 3243
2559 2303 3071 2675 2430 3238
2815 2303 3071 2912 2430 3239
3071 2303 3071 3158 2410 3241
3327 2303 3071 3398 2385 3233
3583 2303 3071 3600 2359 3190
3839 2303 3071 3791 2332 3142
4095 2303 3071 3973 2303 3091
0 2559 3071 1017 2683 3213
256 2559 3071 1076 2683 3209
512 2559 3071 1175 2682 3201
768 2559 3071 1336 2681 3188
1024 2559 3071 1499 2683 3186
1280 2559 3071 1664 2685 3190
1536 2559 3071 1837 2690 3203
1792 2559 3071 2027 2693 3217
2048 2559 3071 2229 2695 3232
2303 2559 3071 2465 2695 3222
2559 2559 3071 2698 2696 3215
2815 2559 3071 2922 2700 3214
3071 2559 3071 3155 2686 3218
3327 2559 3071 3383 2666 3215
3583 2559 3071 3586 2641 3182
3839 2559 3071 3777 2611 3145
4095 2559 3071 3960 2579 3104
0 2815 3071 1101 2945 3210
256 2815 3071 1147 2945 3208
512 2815 3071 1231 2945 3205
768 2815 3071 1372 2944 3198
1024 2815 3071 1550 2942 3192
1280 2815 3071 1732 2942 3189
1536 2815 3071 1894 2947 3199
1792 2815 3071 2071 2951 3210
2048 2815 3071 2258 2955 3222
2303 2815 3071 2498 2951 3219
2559 2815 3071 2732 2950 3218
2815 2815 3071 2954 2953 3220
3071 2815 3071 3158 2952 3217
3327 2815 3071 3358 2946 3209
3583 2815 3071 3559 2925 3187
3839 2815 3071 3741 2905 3165
4095 2815 3071 3910 2885 3143
0 3071 3071 1173 3194 3192
256 3071 3071 1210 3195 3192
512 3071 3071 1280 3195 3191
768 3071 3071 1401 3194 3188
1024 3071 3071 1566 3193 3184
1280 3071 3071 1741 3192 3182
1536 3071 3071 1915 3195 3187
1792 3071 3071 2099 3197 3193
2048 3071 3071 2289 3201 3200
2303 3071 3071 2512 3200 3200
2559 3071 3071 2743 3198 3202
2815 3071 3071 2986 3193 3208
3071 3071 3071 3193 3196 3210
3327 3071 3071 3391 3195 3204
3583 3071 3071 3587 3174 3172
3839 3071 3071 3756 3161 3165
4095 3071 3071 3906 3153 3174
0 3327 3071 1237 3435 3167
256 3327 3071 1267 3436 3167
512 3327 3071 1326 3436 3167
768 3327 3071 1428 3436 3167
1024 3327 3071 1573 3436 3167
1280 3327 3071 1735 3436 3167
1536 3327 3071 1920 3437 3166
1792 3327 3071 2111 3439 3167
2048 3327 3071 2306 3441 3169
2303 3327 3071 2513 3444 3168
2559 3327 3071 2742 3441 3172
2815 3327 3071 3002 3430 3182
3071 3327 3071 3225 3431 3195
3327 3327 3071 3434 3430 3199
3583 3327 3071 3627 3413 3162
3839 3327 3071 3787 3405 3163
4095 3327 3071 3926 3402 3190
0 3583 3071 1284 3659 3124
256 3583 3071 1311 3659 3125
512 3583 3071 1364 3660 3125
768 3583 3071 1455 3660 3125
1024 3583 3071 1585 3661 3124
1280 3583 3071 1730 3663 3123
1536 3583 3071 1892 3666 3120
1792 3583 3071 2071 3670 3116
2048 3583 3071 2260 3674 3112
2303 3583 3071 2482 3674 3108
2559 3583 3071 2714 3672 3108
2815 3583 3071 2959 3667 3114
3071 3583 3071 3210 3657 3154
3327 3583 3071 3452 3648 3192
3583 3583 3071 3654 3647 3186
3839 3583 3071 3835 3634 3171
4095 3583 3071 4004 3614 3151
0 3839 3071 1334 3869 3074
256 3839 3071 1358 3871 3075
512 3839 3071 1406 3873 3076
768 3839 3071 1488 3877 3078
1024 3839 3071 1611 3880 3078
1280 3839 3071 1749 3882 3078
1536 3839 3071 1908 3884 3075
1792 3839 3071 2084 3887 3072
2048 3839 3071 2273 3890 3067
2303 3839 3071 2493 3890 3064
2559 3839 3071 2717 3889 3063
2815 3839 3071 2948 3887 3066
3071 3839 3071 3195 3878 3098
3327 3839 3071 3440 3869 3132
3583 3839 3071 3657 3872 3146
3839 3839 3071 3861 3862 3137
4095 3839 3071 4054 3843 3112
0 4095 3071 1387 4071 3020
256 4095 3071 1408 4074 3021
512 4095 3071 1451 4080 3024
768 4095 3071 1527 4089 3028
1024 4095 3071 1647 4093 3030
1280 4095 3071 1785 4095 3031
1536 4095 3071 1952 4095 3031
1792 4095 3071 2134 4095 3031
2048 4095 3071 2326 4095 3031
2303 4095 3071 2531 4095 3031
2559 4095 3071 2742 4095 3031
2815 4095 3071 2959 4095 3031
3071 4095 3071 3181 4095 3031
3327 4095 3071 3407 4094 3037
3583 4095 3071 3645 4090 3063
3839 4095 3071 3871 4087 3074
4095 4095 3071 4087 4085 3075
0 0 3327 348 206 3355
256 0 3327 424 182 3361
512 0 3327 550 131 3368
768 0 3327 751 41 3376
1024 0 3327 998 95 3388
1280 0 3327 1257 179 3402
1536 0 3327 1521 242 3421
1792 0 3327 1779 288 3436
2048 0 3327 2033 323 3446
2303 0 3327 2284 351 3453
2559 0 3327 2536 378 3459
2815 0 3327 2786 404 3463
3071 0 3327 3035 424 3465
3327 0 3327 3277 429 3461
3583 0 3327 3500 383 3438
3839 0 3327 3708 332 3403
4095 0 3327 3906 278 3361
0 256 3327 228 336 3369
256 256 3327 344 322 3378
512 256 3327 502 296 3389
768 256 3327 725 253 3404
1024 256 3327 989 284 3420
1280 256 3327 1261 331 3436
1536 256 3327 1524 369 3448
1792 256 3327 1783 399 3457
2048 256 3327 2038 424 3463
2303 256 3327 2289 446 3467
2559 256 3327 2541 468 3470
2815 256 3327 2792 489 3472
3071 256 3327 3040 506 3472
3327 256 3327 3283 511 3466
3583 256 3327 3505 473 3442
3839 256 3327 3714 425 3408
4095 256 3327 3915 372 3367
0 512 3327 223 523 3387
256 512 3327 346 517 3398
512 512 3327 509 508 3414
768 512 3327 731 495 3438
1024 512 3327 991 505 3465
1280 512 3327 1261 521 3489
1536 512 3327 1527 538 3494
1792 512 3327 1788 554 3495
2048 512 3327 2046 570 3494
2303 512 3327 2299 586 3492
2559 512 3327 2551 603 3490
2815 512 3327 2802 619 3488
3071 512 3327 3050 633 3484
3327 512 3327 3292 637 3476
3583 512 3327 3514 606 3450
3839 512 3327 3722 568 3413
4095 512 3327 3922 526 3371
0 768 3327 389 797 3410
256 768 3327 472 795 3421
512 768 3327 596 791 3442
768 768 3327 783 784 3479
1024 768 3327 1011 774 3527
1280 768 3327 1256 766 3568
1536 768 3327 1528 769 3566
1792 768 3327 1795 775 3558
2048 768 3327 2059 783 3546
2303 768 3327 2314 794 3534
2559 768 3327 2568 805 3523
2815 768 3327 2820 817 3514
3071 768 3327 3068 827 3505
3327 768 3327 3309 830 3492
3583 768 3327 3530 806 3462
3839 768 3327 3734 787 3421
4095 768 3327 3928 770 3372
0 1024 3327 503 1069 3429
256 1024 3327 567 1068 3439
512 1024 3327 671 1066 3459
768 1024 3327 836 1062 3493
1024 1024 3327 1044 1051 3541
1280 1024 3327 1274 1041 3583
1536 1024 3327 1541 1039 3586
1792 1024 3327 1806 1039 3582
2048 1024 3327 2071 1041 3573
2303 1024 3327 2330 1042 3565
2559 1024 3327 2587 1045 3556
2815 1024 3327 2841 1051 3543
3071 1024 3327 3089 1057 3529
3327 1024 3327 3331 1057 3512
3583 1024 3327 3552 1032 3479
3839 1024 3327 3750 1022 3430
4095 1024 3327 3932 1024 3371
0 1280 3327 600 1340 3445
256 1280 3327 651 1339 3453
512 1280 3327 741 1338 3469
768 1280 3327 889 1335 3498
1024 1280 3327 1084 1329 3540
1280 1280 3327 1300 1323 3579
1536 1280 3327 1558 1319 3588
1792 1280 3327 1820 1315 3590
2048 1280 3327 2083 1311 3588
2303 1280 3327 2344 1304 3586
2559 1280 3327 2604 1300 3579
2815 1280 3327 2861 1299 3566
3071 1280 3327 3111 1300 3551
3327 1280 3327 3355 1295 3531
3583 1280 3327 3575 1270 3493
3839 1280 3327 3766 1267 3437
4095 1280 3327 3937 1280 3368
0 1536 3327 678 1606 3451
256 1536 3327 724 1605 3457
512 1536 3327 808 1605 3470
768 1536 3327 947 1604 3492
1024 1536 3327 1132 1602 3525
1280 1536 3327 1339 1598 3557
1536 1536 3327 1584 1595 3572
1792 1536 3327 1837 1592 3577
2048 1536 3327 2096 1588 3575
2303 1536 3327 2354 1583 3573
2559 1536 3327 2613 1577 3571
2815 1536 3327 2872 1571 3567
3071 1536 3327 3130 1562 3561
3327 1536 3327 3378 1551 3546
3583 1536 3327 3589 1534 3496
3839 1536 3327 3775 1530 3435
4095 1536 3327 3944 1536 3366
0 1792 3327 756 1870 3454
256 1792 3327 799 1870 3458
512 1792 3327 879 1871 3467
768 1792 3327 1013 1871 3481
1024 1792 3327 1192 1871 3504
1280 1792 3327 1389 1871 3529
1536 1792 3327 1618 1869 3549
1792 1792 3327 1861 1866 3556
2048 1792 3327 2113 1864 3554
2303 1792 3327 2367 1859 3555
2559 1792 3327 2623 1853 3556
2815 1792 3327 2881 1845 3557
3071 1792 3327 3141 1832 3557
3327 1792 3327 3392 1818 3546
3583 1792 3327 3599 1802 3492
3839 1792 3327 3783 1794 3430
4095 1792 3327 3952 1792 3362
0 2048 3327 833 2133 3455
256 2048 3327 876 2134 3457
512 2048 3327 954 2135 3461
768 2048 3327 1086 2137 3467
1024 2048 3327 1259 2139 3481
1280 2048 3327 1447 2140 3497
1536 2048 3327 1659 2140 3521
1792 2048 3327 1890 2139 3530
2048 2048 3327 2135 2138 3529
2303 2048 3327 2382 2134 3532
2559 2048 3327 2633 2128 3536
2815 2048 3327 2888 2120 3541
3071 2048 3327 3148 2107 3544
3327 2048 3327 3399 2092 3536
3583 2048 3327 3606 2073 3483
3839 2048 3327 3791 2059 3423
4095 2048 3327 3962 2048 3358
0 2303 3327 912 2394 3453
256 2303 3327 959 2395 3453
512 2303 3327 1043 2396 3451
768 2303 3327 1183 2397 3449
1024 2303 3327 1356 2400 3452
1280 2303 3327 1542 2402 3457
1536 2303 3327 1741 2404 3472
1792 2303 3327 1953 2405 3484
2048 2303 3327 2174 2405 3493
2303 2303 3327 2411 2403 3496
2559 2303 3327 2651 2401 3500
2815 2303 3327 2896 2397 3503
3071 2303 3327 3149 2387 3510
3327 2303 3327 3396 2372 3507
3583 2303 3327 3608 2346 3465
3839 2303 3327 3798 2323 3413
4095 2303 3327 3973 2303 3353
0 2559 3327 993 2656 3450
256 2559 3327 1041 2656 3448
512 2559 3327 1127 2657 3444
768 2559 3327 1271 2658 3437
1024 2559 3327 1448 2660 3431
1280 2559 3327 1632 2662 3429
1536 2559 3327 1815 2666 3439
1792 2559 3327 2009 2668 3452
2048 2559 3327 2211 2670 3468
2303 2559 3327 2439 2669 3471
2559 2559 3327 2671 2669 3474
2815 2559 3327 2909 2667 3475
3071 2559 3327 3153 2662 3480
3327 2559 3327 3393 2650 3477
3583 2559 3327 3608 2621 3445
3839 2559 3327 3803 2590 3401
4095 2559 3327 3986 2559 3348
0 2815 3327 1074 2917 3447
256 2815 3327 1121 2917 3445
512 2815 3327 1205 2917 3441
768 2815 3327 1348 2917 3433
1024 2815 3327 1529 2917 3424
1280 2815 3327 1715 2918 3419
1536 2815 3327 1877 2922 3430
1792 2815 3327 2055 2925 3443
2048 2815 3327 2245 2929 3457
2303 2815 3327 2465 2929 3462
2559 2815 3327 2692 2928 3465
2815 2815 3327 2928 2927 3463
3071 2815 3327 3162 2927 3457
3327 2815 3327 3391 2923 3446
3583 2815 3327 3604 2896 3423
3839 2815 3327 3805 2859 3387
4095 2815 3327 3999 2816 3342
0 3071 3327 1157 3177 3441
256 3071 3327 1197 3177 3440
512 3071 3327 1271 3177 3438
768 3071 3327 1397 3176 3433
1024 3071 3327 1565 3176 3428
1280 3071 3327 1744 3175 3424
1536 3071 3327 1921 3177 3429
1792 3071 3327 2102 3180 3437
2048 3071 3327 2285 3184 3446
2303 3071 3327 2494 3185 3451
2559 3071 3327 2720 3184 3452
2815 3071 3327 2968 3179 3446
3071 3071 3327 3193 3182 3444
3327 3071 3327 3407 3181 3439
3583 3071 3327 3603 3162 3423
3839 3071 3327 3785 3140 3401
4095 3071 3327 3956 3116 3374
0 3327 3327 1234 3430 3428
256 3327 3327 1267 3430 3428
512 3327 3327 1329 3430 3428
768 3327 3327 1436 3430 3427
1024 3327 3327 1587 3429 3426
1280 3327 3327 1755 3428 3424
1536 3327 3327 1946 3428 3423
1792 3327 3327 2131 3430 3425
2048 3327 3327 2312 3434 3430
2303 3327 3327 2517 3436 3434
2559 3327 3327 2743 3435 3433
2815 3327 3327 2998 3427 3425
3071 3327 3327 3220 3428 3431
3327 3327 3327 3428 3429 3436
3583 3327 3327 3610 3420 3427
3839 3327 3327 3774 3413 3416
4095 3327 3327 3926 3407 3404
0 3583 3327 1285 3657 3390
256 3583 3327 1313 3658 3390
512 3583 3327 1368 3658 3391
768 3583 3327 1462 3658 3391
1024 3583 3327 1597 3659 3390
1280 3583 3327 1746 3659 3390
1536 3583 3327 1912 3662 3390
1792 3583 3327 2092 3665 3390
2048 3583 3327 2283 3668 3390
2303 3583 3327 2512 3666 3394
2559 3583 3327 2742 3664 3395
2815 3583 3327 2972 3661 3392
3071 3583 3327 3215 3655 3407
3327 3583 3327 3451 3649 3424
3583 3583 3327 3649 3651 3426
3839 3583 3327 3830 3639 3411
4095 3583 3327 4000 3619 3384
0 3839 3327 1333 3872 3343
256 3839 3327 1359 3873 3343
512 3839 3327 1408 3874 3344
768 3839 3327 1494 3876 3345
1024 3839 3327 1618 3878 3347
1280 3839 3327 1758 3881 3348
1536 3839 3327 1918 3883 3347
1792 3839 3327 2098 3885 3347
2048 3839 3327 2291 3886 3346
2303 3839 3327 2518 3884 3348
2559 3839 3327 2743 3883 3349
2815 3839 3327 2965 3882 3349
3071 3839 3327 3205 3876 3362
3327 3839 3327 3444 3870 3379
3583 3839 3327 3663 3871 3401
3839 3839 3327 3864 3863 3398
4095 3839 3327 4053 3848 3379
0 4095 3327 1381 4079 3289
256 4095 3327 1404 4081 3290
512 4095 3327 1450 4083 3292
768 4095 3327 1528 4087 3294
1024 4095 3327 1647 4092 3297
1280 4095 3327 1785 4095 3299
1536 4095 3327 1952 4095 3299
1792 4095 3327 2134 4095 3299
2048 4095 3327 2326 4095 3299
2303 4095 3327 2531 4095 3299
2559 4095 3327 2745 4094 3300
2815 4095 3327 2971 4093 3302
3071 4095 3327 3192 4093 3303
3327 4095 3327 3417 4092 3313
3583 4095 3327 3660 4085 3360
3839 4095 3327 3882 4084 3381
4095 4095 3327 4091 4087 3385
0 0 3583 418 248 3623
256 0 3583 485 232 3629
512 0 3583 600 202 3639
768 0 3583 786 152 3654
1024 0 3583 1021 175 3663
1280 0 3583 1270 214 3671
1536 0 3583 1521 245 3679
1792 0 3583 1770 271 3686
2048 0 3583 2019 293 3691
2303 0 3583 2266 313 3695
2559 0 3583 2515 333 3698
2815 0 3583 2763 351 3700
3071 0 3583 3010 368 3701
3327 0 3583 3255 379 3700
3583 0 3583 3493 371 3692
3839 0 3583 3709 332 3663
4095 0 3583 3909 274 3621
0 256 3583 328 364 3643
256 256 3583 419 354 3652
512 256 3583 557 338 3665
768 256 3583 765 313 3682
1024 256 3583 1011 326 3692
1280 256 3583 1266 347 3699
1536 256 3583 1520 366 3703
1792 256 3583 1772 384 3706
2048 256 3583 2022 400 3708
2303 256 3583 2270 415 3708
2559 256 3583 2519 430 3708
2815 256 3583 2767 446 3709
3071 256 3583 3015 459 3708
3327 256 3583 3260 469 3706
3583 256 3583 3498 462 3697
3839 256 3583 3715 423 3669
4095 256 3583 3918 362 3628
0 512 3583 314 539 3660
256 512 3583 411 534 3670
512 512 3583 553 527 3686
768 512 3583 762 517 3708
1024 512 3583 1007 520 3724
1280 512 3583 1262 525 3735
1536 512 3583 1519 534 3736
1792 512 3583 1774 543 3735
2048 512 3583 2027 552 3734
2303 512 3583 2277 562 3731
2559 512 3583 2527 573 3728
2815 512 3583 2776 584 3725
3071 512 3583 3024 595 3721
3327 512 3583 3269 602 3716
3583 512 3583 3506 597 3705
3839 512 3583 3723 565 3675
4095 512 3583 3925 516 3632
0 768 3583 416 800 3672
256 768 3583 490 798 3682
512 768 3583 607 793 3701
768 768 3583 786 785 3733
1024 768 3583 1014 777 3760
1280 768 3583 1258 772 3782
1536 768 3583 1518 772 3782
1792 768 3583 1777 772 3779
2048 768 3583 2035 774 3775
2303 768 3583 2288 777 3768
2559 768 3583 2540 782 3761
2815 768 3583 2791 788 3752
3071 768 3583 3039 796 3744
3327 768 3583 3284 802 3734
3583 768 3583 3521 799 3720
3839 768 3583 3733 787 3683
4095 768 3583 3928 769 3632
0 1024 3583 499 1063 3681
256 1024 3583 560 1062 3690
512 1024 3583 663 1059 3708
768 1024 3583 825 1053 3738
1024 1024 3583 1039 1046 3767
1280 1024 3583 1273 1039 3790
1536 1024 3583 1530 1037 3790
1792 1024 3583 1787 1036 3789
2048 1024 3583 2044 1034 3786
2303 1024 3583 2298 1033 3782
2559 1024 3583 2552 1033 3776
2815 1024 3583 2804 1034 3769
3071 1024 3583 3055 1035 3761
3327 1024 3583 3302 1034 3753
3583 1024 3583 3542 1025 3738
3839 1024 3583 3749 1022 3694
4095 1024 3583 3932 1024 3631
0 1280 3583 576 1326 3688
256 1280 3583 629 1325 3695
512 1280 3583 720 1323 3710
768 1280 3583 869 1320 3737
1024 1280 3583 1072 1316 3764
1280 1280 3583 1295 1311 3786
1536 1280 3583 1547 1309 3788
1792 1280 3583 1800 1307 3788
2048 1280 3583 2055 1304 3787
2303 1280 3583 2309 1300 3786
2559 1280 3583 2563 1296 3783
2815 1280 3583 2817 1292 3779
3071 1280 3583 3069 1287 3774
3327 1280 3583 3320 1280 3768
3583 1280 3583 3562 1264 3754
3839 1280 3583 3763 1266 3704
4095 1280 3583 3937 1280 3629
0 1536 3583 650 1587 3690
256 1536 3583 697 1587 3696
512 1536 3583 782 1586 3708
768 1536 3583 922 1585 3729
1024 1536 3583 1113 1583 3753
1280 1536 3583 1325 1580 3774
1536 1536 3583 1569 1578 3778
1792 1536 3583 1818 1576 3779
2048 1536 3583 2068 1574 3778
2303 1536 3583 2320 1570 3777
2559 1536 3583 2573 1566 3776
2815 1536 3583 2826 1561 3775
3071 1536 3583 3080 1554 3774
3327 1536 3583 3332 1544 3770
3583 1536 3583 3573 1530 3754
3839 1536 3583 3772 1529 3702
4095 1536 3583 3944 1536 3626
0 1792 3583 725 1848 3689
256 1792 3583 769 1848 3694
512 1792 3583 849 1848 3703
768 1792 3583 983 1848 3718
1024 1792 3583 1164 1848 3739
1280 1792 3583 1364 1847 3759
1536 1792 3583 1599 1846 3764
1792 1792 3583 1840 1844 3766
2048 1792 3583 2086 1842 3766
2303 1792 3583 2334 1839 3766
2559 1792 3583 2584 1835 3766
2815 1792 3583 2836 1830 3767
3071 1792 3583 3090 1821 3768
3327 1792 3583 3342 1811 3766
3583 1792 3583 3582 1798 3750
3839 1792 3583 3781 1792 3699
4095 1792 3583 3952 1792 3623
0 2048 3583 801 2108 3688
256 2048 3583 842 2109 3691
512 2048 3583 920 2109 3697
768 2048 3583 1050 2111 3706
1024 2048 3583 1220 2112 3723
1280 2048 3583 1408 2113 3741
1536 2048 3583 1632 2112 3748
1792 2048 3583 1866 2111 3751
2048 2048 3583 2106 2109 3751
2303 2048 3583 2349 2106 3753
2559 2048 3583 2596 2102 3755
2815 2048 3583 2846 2097 3758
3071 2048 3583 3099 2089 3760
3327 2048 3583 3350 2080 3759
3583 2048 3583 3591 2067 3744
3839 2048 3583 3790 2056 3694
4095 2048 3583 3962 2048 3619
0 2303 3583 879 2367 3685
256 2303 3583 922 2367 3686
512 2303 3583 1000 2368 3688
768 2303 3583 1131 2370 3691
1024 2303 3583 1298 2372 3701
1280 2303 3583 1479 2374 3712
1536 2303 3583 1687 2374 3721
1792 2303 3583 1908 2374 3727
2048 2303 3583 2137 2373 3729
2303 2303 3583 2374 2371 3731
2559 2303 3583 2615 2369 3733
2815 2303 3583 2859 2365 3736
3071 2303 3583 3108 2358 3741
3327 2303 3583 3357 2349 3742
3583 2303 3583 3598 2334 3732
3839 2303 3583 3799 2319 3685
4095 2303 3583 3973 2303 3615
0 2559 3583 958 2626 3682
256 2559 3583 1002 2627 3682
512 2559 3583 1081 2628 3681
768 2559 3583 1213 2629 3678
1024 2559 3583 1379 2631 3681
1280 2559 3583 1556 2634 3686
1536 2559 3583 1749 2635 3696
1792 2559 3583 1959 2636 3701
2048 2559 3583 2181 2637 3703
2303 2559 3583 2409 2636 3705
2559 2559 3583 2641 2635 3708
2815 2559 3583 2878 2633 3711
3071 2559 3583 3120 2629 3715
3327 2559 3583 3362 2622 3718
3583 2559 3583 3602 2606 3712
3839 2559 3583 3806 2584 3673
4095 2559 3583 3986 2559 3610
0 2815 3583 1039 2885 3677
256 2815 3583 1083 2886 3676
512 2815 3583 1162 2886 3674
768 2815 3583 1296 2887 3669
1024 2815 3583 1464 2889 3666
1280 2815 3583 1641 2891 3665
1536 2815 3583 1822 2894 3674
1792 2815 3583 2025 2896 3674
2048 2815 3583 2243 2898 3668
2303 2815 3583 2458 2899 3672
2559 2815 3583 2678 2900 3676
2815 2815 3583 2905 2900 3678
3071 2815 3583 3135 2900 3680
3327 2815 3583 3367 2897 3681
3583 2815 3583 3602 2883 3683
3839 2815 3583 3810 2854 3654
4095 2815 3583 4000 2815 3604
0 3071 3583 1122 3144 3672
256 3071 3583 1161 3144 3671
512 3071 3583 1235 3144 3669
768 3071 3583 1360 3145 3665
1024 3071 3583 1523 3145 3662
1280 3071 3583 1698 3147 3659
1536 3071 3583 1886 3148 3662
1792 3071 3583 2080 3151 3663
2048 3071 3583 2278 3154 3664
2303 3071 3583 2487 3155 3668
2559 3071 3583 2703 3156 3671
2815 3071 3583 2932 3155 3672
3071 3071 3583 3159 3155 3673
3327 3071 3583 3385 3154 3675
3583 3071 3583 3612 3145 3676
3839 3071 3583 3808 3125 3649
4095 3071 3583 3982 3099 3605
0 3327 3583 1203 3400 3664
256 3327 3583 1238 3400 3663
512 3327 3583 1304 3400 3663
768 3327 3583 1417 3400 3660
1024 3327 3583 1571 3400 3658
1280 3327 3583 1741 3401 3655
1536 3327 3583 1934 3401 3653
1792 3327 3583 2121 3404 3656
2048 3327 3583 2304 3407 3663
2303 3327 3583 2509 3408 3667
2559 3327 3583 2724 3408 3669
2815 3327 3583 2954 3406 3669
3071 3327 3583 3183 3405 3671
3327 3327 3583 3409 3404 3673
3583 3327 3583 3628 3400 3672
3839 3327 3583 3810 3392 3648
4095 3327 3583 3968 3380 3610
0 3583 3583 1277 3649 3647
256 3583 3583 1307 3649 3647
512 3583 3583 1364 3649 3647
768 3583 3583 1464 3649 3647
1024 3583 3583 1602 3649 3646
1280 3583 3583 1755 3650 3646
1536 3583 3583 1925 3652 3646
1792 3583 3583 2114 3653 3647
2048 3583 3583 2316 3654 3648
2303 3583 3583 2525 3655 3651
2559 3583 3583 2738 3655 3653
2815 3583 3583 2957 3656 3654
3071 3583 3583 3204 3649 3654
3327 3583 3583 3448 3643 3655
3583 3583 3583 3656 3647 3660
3839 3583 3583 3835 3639 3647
4095 3583 3583 3996 3624 3623
0 3839 3583 1332 3876 3611
256 3839 3583 1358 3876 3611
512 3839 3583 1410 3877 3612
768 3839 3583 1498 3878 3612
1024 3839 3583 1627 3878 3613
1280 3839 3583 1770 3879 3613
1536 3839 3583 1933 3881 3614
1792 3839 3583 2120 3881 3614
2048 3839 3583 2323 3881 3613
2303 3839 3583 2531 3882 3615
2559 3839 3583 2751 3881 3618
2815 3839 3583 2986 3878 3623
3071 3839 3583 3226 3872 3625
3327 3839 3583 3461 3868 3627
3583 3839 3583 3669 3872 3638
3839 3839 3583 3859 3869 3636
4095 3839 3583 4039 3860 3626
0 4095 3583 1374 4089 3561
256 4095 3583 1398 4090 3562
512 4095 3583 1445 4091 3562
768 4095 3583 1525 4093 3564
1024 4095 3583 1646 4094 3565
1280 4095 3583 1785 4095 3565
1536 4095 3583 1952 4095 3565
1792 4095 3583 2134 4095 3565
2048 4095 3583 2326 4095 3565
2303 4095 3583 2531 4095 3565
2559 4095 3583 2763 4091 3570
2815 4095 3583 3032 4081 3582
3071 4095 3583 3249 4081 3587
3327 4095 3583 3456 4083 3592
3583 4095 3583 3672 4084 3609
3839 4095 3583 3883 4086 3618
4095 4095 3583 4091 4089 3622
0 0 3839 452 268 3867
256 0 3839 517 257 3871
512 0 3839 624 232 3878
768 0 3839 793 187 3889
1024 0 3839 1024 201 3894
1280 0 3839 1268 222 3897
1536 0 3839 1506 206 3900
1792 0 3839 1750 221 3902
2048 0 3839 1997 257 3904
2303 0 3839 2240 269 3905
2559 0 3839 2486 283 3906
2815 0 3839 2731 302 3907
3071 0 3839 2976 313 3908
3327 0 3839 3220 322 3908
3583 0 3839 3463 334 3907
3839 0 3839 3690 322 3890
4095 0 3839 3906 294 3864
0 256 3839 384 379 3881
256 256 3839 455 369 3887
512 256 3839 577 354 3895
768 256 3839 774 331 3906
1024 256 3839 1011 337 3911
1280 256 3839 1258 347 3913
1536 256 3839 1503 344 3914
1792 256 3839 1750 353 3914
2048 256 3839 1997 370 3914
2303 256 3839 2242 380 3913
2559 256 3839 2489 390 3913
2815 256 3839 2735 400 3913
3071 256 3839 2981 409 3912
3327 256 3839 3226 418 3912
3583 256 3839 3469 427 3910
3839 256 3839 3696 414 3894
4095 256 3839 3912 388 3869
0 512 3839 367 546 3891
256 512 3839 438 538 3898
512 512 3839 563 530 3907
768 512 3839 768 521 3921
1024 512 3839 1006 520 3928
1280 512 3839 1252 522 3932
1536 512 3839 1502 525 3931
1792 512 3839 1751 529 3930
2048 512 3839 2000 533 3929
2303 512 3839 2247 539 3927
2559 512 3839 2494 544 3925
2815 512 3839 2741 548 3923
3071 512 3839 2987 555 3921
3327 512 3839 3233 563 3918
3583 512 3839 3477 569 3915
3839 512 3839 3703 560 3898
4095 512 3839 3917 541 3871
0 768 3839 426 797 3897
256 768 3839 488 792 3902
512 768 3839 599 787 3913
768 768 3839 783 779 3932
1024 768 3839 1012 775 3944
1280 768 3839 1254 772 3952
1536 768 3839 1504 771 3953
1792 768 3839 1755 770 3953
2048 768 3839 2005 769 3953
2303 768 3839 2254 769 3950
2559 768 3839 2503 771 3946
2815 768 3839 2751 774 3940
3071 768 3839 2998 778 3935
3327 768 3839 3244 783 3930
3583 768 3839 3488 786 3925
3839 768 3839 3711 786 3903
4095 768 3839 3921 782 3871
0 1024 3839 485 1052 3900
256 1024 3839 541 1049 3905
512 1024 3839 643 1045 3915
768 1024 3839 814 1040 3933
1024 1024 3839 1034 1036 3946
1280 1024 3839 1268 1033 3956
1536 1024 3839 1516 1032 3956
1792 1024 3839 1765 1030 3956
2048 1024 3839 2014 1029 3955
2303 1024 3839 2263 1027 3953
2559 1024 3839 2512 1026 3951
2815 1024 3839 2760 1026 3948
3071 1024 3839 3008 1026 3945
3327 1024 3839 3256 1025 3941
3583 1024 3839 3503 1023 3937
3839 1024 3839 3724 1025 3911
4095 1024 3839 3928 1030 3870
0 1280 3839 547 1308 3901
256 1280 3839 597 1306 3906
512 1280 3839 691 1304 3915
768 1280 3839 852 1301 3931
1024 1280 3839 1062 1299 3944
1280 1280 3839 1288 1297 3954
1536 1280 3839 1533 1296 3953
1792 1280 3839 1778 1295 3953
2048 1280 3839 2025 1294 3952
2303 1280 3839 2272 1292 3952
2559 1280 3839 2520 1289 3951
2815 1280 3839 2769 1286 3951
3071 1280 3839 3019 1281 3950
3327 1280 3839 3268 1276 3950
3583 1280 3839 3517 1269 3947
3839 1280 3839 3736 1272 3917
4095 1280 3839 3935 1281 3869
0 1536 3839 617 1565 3901
256 1536 3839 662 1564 3905
512 1536 3839 749 1563 3913
768 1536 3839 900 1562 3925
1024 1536 3839 1099 1560 3939
1280 1536 3839 1315 1559 3949
1536 1536 3839 1554 1558 3949
1792 1536 3839 1796 1557 3948
2048 1536 3839 2039 1556 3948
2303 1536 3839 2284 1554 3947
2559 1536 3839 2531 1552 3947
2815 1536 3839 2778 1549 3947
3071 1536 3839 3027 1545 3947
3327 1536 3839 3276 1540 3948
3583 1536 3839 3525 1531 3946
3839 1536 3839 3743 1532 3916
4095 1536 3839 3939 1538 3867
0 1792 3839 689 1822 3900
256 1792 3839 730 1822 3903
512 1792 3839 812 1822 3909
768 1792 3839 955 1821 3919
1024 1792 3839 1143 1821 3932
1280 1792 3839 1348 1820 3942
1536 1792 3839 1581 1820 3942
1792 1792 3839 1817 1819 3942
2048 1792 3839 2057 1818 3942
2303 1792 3839 2299 1816 3942
2559 1792 3839 2544 1814 3942
2815 1792 3839 2789 1812 3943
3071 1792 3839 3037 1808 3944
3327 1792 3839 3285 1802 3944
3583 1792 3839 3535 1795 3944
3839 1792 3839 3752 1792 3914
4095 1792 3839 3947 1794 3865
0 2048 3839 762 2079 3899
256 2048 3839 800 2079 3901
512 2048 3839 877 2080 3905
768 2048 3839 1015 2081 3911
1024 2048 3839 1191 2081 3923
1280 2048 3839 1385 2081 3934
1536 2048 3839 1610 2081 3935
1792 2048 3839 1842 2080 3935
2048 2048 3839 2077 2079 3935
2303 2048 3839 2316 2078 3936
2559 2048 3839 2558 2076 3937
2815 2048 3839 2802 2073 3938
3071 2048 3839 3048 2069 3940
3327 2048 3839 3296 2065 3941
3583 2048 3839 3545 2058 3941
3839 2048 3839 3762 2053 3912
4095 2048 3839 3957 2048 3863
0 2303 3839 840 2335 3897
256 2303 3839 878 2336 3898
512 2303 3839 954 2337 3900
768 2303 3839 1084 2338 3903
1024 2303 3839 1253 2339 3911
1280 2303 3839 1439 2340 3919
1536 2303 3839 1651 2340 3924
1792 2303 3839 1874 2339 3926
2048 2303 3839 2104 2339 3925
2303 2303 3839 2339 2338 3926
2559 2303 3839 2577 2336 3927
2815 2303 3839 2818 2334 3929
3071 2303 3839 3062 2331 3931
3327 2303 3839 3307 2326 3933
3583 2303 3839 3556 2319 3935
3839 2303 3839 3773 2311 3907
4095 2303 3839 3969 2303 3860
0 2559 3839 921 2592 3895
256 2559 3839 959 2593 3895
512 2559 3839 1031 2594 3895
768 2559 3839 1157 2596 3895
1024 2559 3839 1321 2597 3899
1280 2559 3839 1500 2598 3904
1536 2559 3839 1700 2599 3910
1792 2559 3839 1917 2599 3911
2048 2559 3839 2143 2599 3909
2303 2559 3839 2372 2599 3910
2559 2559 3839 2603 2598 3911
2815 2559 3839 2838 2597 3914
3071 2559 3839 3078 2595 3916
3327 2559 3839 3319 2591 3919
3583 2559 3839 3565 2585 3923
3839 2559 3839 3783 2573 3899
4095 2559 3839 3982 2558 3857
0 2815 3839 1004 2848 3892
256 2815 3839 1040 2849 3891
512 2815 3839 1111 2851 3890
768 2815 3839 1234 2853 3888
1024 2815 3839 1396 2854 3887
1280 2815 3839 1571 2856 3888
1536 2815 3839 1764 2857 3892
1792 2815 3839 1976 2859 3889
2048 2815 3839 2200 2860 3881
2303 2815 3839 2418 2860 3883
2559 2815 3839 2639 2861 3886
2815 2815 3839 2866 2861 3888
3071 2815 3839 3097 2861 3891
3327 2815 3839 3331 2860 3895
3583 2815 3839 3571 2854 3902
3839 2815 3839 3791 2838 3886
4095 2815 3839 3997 2814 3854
0 3071 3839 1088 3104 3888
256 3071 3839 1121 3105 3888
512 3071 3839 1188 3107 3887
768 3071 3839 1304 3109 3884
1024 3071 3839 1461 3110 3883
1280 3071 3839 1633 3111 3881
1536 3071 3839 1826 3112 3882
1792 3071 3839 2027 3114 3881
2048 3071 3839 2234 3115 3880
2303 3071 3839 2461 3118 3875
2559 3071 3839 2685 3119 3873
2815 3071 3839 2903 3120 3876
3071 3071 3839 3128 3121 3879
3327 3071 3839 3355 3121 3882
3583 3071 3839 3588 3119 3888
3839 3071 3839 3801 3105 3874
4095 3071 3839 3999 3083 3847
0 3327 3839 1172 3359 3883
256 3327 3839 1202 3361 3884
512 3327 3839 1263 3363 3883
768 3327 3839 1370 3365 3882
1024 3327 3839 1520 3366 3880
1280 3327 3839 1687 3366 3878
1536 3327 3839 1879 3367 3876
1792 3327 3839 2071 3368 3878
2048 3327 3839 2263 3370 3883
2303 3327 3839 2502 3373 3871
2559 3327 3839 2730 3376 3865
2815 3327 3839 2941 3377 3868
3071 3327 3839 3162 3378 3870
3327 3327 3839 3385 3378 3873
3583 3327 3839 3610 3379 3876
3839 3327 3839 3812 3370 3864
4095 3327 3839 4000 3353 3843
0 3583 3839 1255 3615 3875
256 3583 3839 1282 3617 3877
512 3583 3839 1337 3619 3879
768 3583 3839 1432 3622 3879
1024 3583 3839 1570 3622 3878
1280 3583 3839 1724 3623 3878
1536 3583 3839 1898 3624 3879
1792 3583 3839 2091 3624 3879
2048 3583 3839 2297 3624 3880
2303 3583 3839 2534 3625 3870
2559 3583 3839 2759 3626 3865
2815 3583 3839 2966 3628 3868
3071 3583 3839 3196 3626 3866
3327 3583 3839 3427 3624 3865
3583 3583 3839 3638 3628 3870
3839 3583 3839 3830 3625 3865
4095 3583 3839 4009 3616 3855
0 3839 3839 1324 3853 3851
256 3839 3839 1348 3855 3854
512 3839 3839 1397 3858 3856
768 3839 3839 1482 3862 3859
1024 3839 3839 1611 3863 3860
1280 3839 3839 1756 3864 3860
1536 3839 3839 1923 3864 3861
1792 3839 3839 2113 3864 3861
2048 3839 3839 2316 3864 3860
2303 3839 3839 2541 3864 3855
2559 3839 3839 2771 3863 3853
2815 3839 3839 3007 3859 3856
3071 3839 3839 3234 3857 3856
3327 3839 3839 3455 3856 3855
3583 3839 3839 3660 3862 3861
3839 3839 3839 3854 3862 3862
4095 3839 3839 4043 3860 3859
0 4095 3839 1381 4081 3817
256 4095 3839 1404 4083 3819
512 4095 3839 1448 4087 3822
768 4095 3839 1525 4093 3828
1024 4095 3839 1646 4094 3829
1280 4095 3839 1785 4094 3829
1536 4095 3839 1953 4094 3829
1792 4095 3839 2135 4093 3829
2048 4095 3839 2326 4093 3829
2303 4095 3839 2531 4094 3829
2559 4095 3839 2770 4089 3832
2815 4095 3839 3058 4076 3837
3071 4095 3839 3274 4077 3841
3327 4095 3839 3473 4080 3845
3583 4095 3839 3677 4084 3850
3839 4095 3839 3884 4088 3854
4095 4095 3839 4092 4092 3858
0 0 4095 461 273 4095
256 0 4095 529 267 4095
512 0 4095 631 236 4095
768 0 4095 783 171 4095
1024 0 4095 1011 193 4095
1280 0 4095 1255 213 4095
1536 0 4095 1482 139 4095
1792 0 4095 1721 150 4095
2048 0 4095 1969 217 4095
2303 0 4095 2209 220 4095
2559 0 4095 2451 231 4095
2815 0 4095 2695 254 4095
3071 0 4095 2937 257 4095
3327 0 4095 3177 260 4095
3583 0 4095 3418 282 4095
3839 0 4095 3659 305 4095
4095 0 4095 3899 329 4095
0 256 4095 412 385 4095
256 256 4095 465 372 4095
512 256 4095 573 351 4095
768 256 4095 762 321 4095
1024 256 4095 996 328 4095
1280 256 4095 1240 336 4095
1536 256 4095 1478 308 4095
1792 256 4095 1721 312 4095
2048 256 4095 1966 337 4095
2303 256 4095 2209 342 4095
2559 256 4095 2453 347 4095
2815 256 4095 2698 352 4095
3071 256 4095 2941 355 4095
3327 256 4095 3183 360 4095
3583 256 4095 3425 376 4095
3839 256 4095 3664 402 4095
4095 256 4095 3900 437 4095
0 512 4095 395 548 4095
256 512 4095 440 534 4095
512 512 4095 550 521 4095
768 512 4095 758 514 4095
1024 512 4095 993 512 4095
1280 512 4095 1235 512 4095
1536 512 4095 1479 512 4095
1792 512 4095 1723 512 4095
2048 512 4095 1967 512 4095
2303 512 4095 2211 517 4095
2559 512 4095 2455 518 4095
2815 512 4095 2700 513 4095
3071 512 4095 2945 515 4095
3327 512 4095 3189 520 4095
3583 512 4095 3432 529 4095
3839 512 4095 3670 553 4095
4095 512 4095 3904 589 4095
0 768 4095 425 789 4095
256 768 4095 472 781 4095
512 768 4095 579 774 4095
768 768 4095 776 769 4095
1024 768 4095 1006 768 4095
1280 768 4095 1245 768 4095
1536 768 4095 1487 768 4095
1792 768 4095 1729 768 4095
2048 768 4095 1973 768 4095
2303 768 4095 2216 769 4095
2559 768 4095 2460 769 4095
2815 768 4095 2704 768 4095
3071 768 4095 2949 769 4095
3327 768 4095 3193 769 4095
3583 768 4095 3438 771 4095
3839 768 4095 3676 785 4095
4095 768 4095 3909 807 4095
0 1024 4095 467 1036 4095
256 1024 4095 512 1031 4095
512 1024 4095 616 1027 4095
768 1024 4095 805 1025 4095
1024 1024 4095 1028 1024 4095
1280 1024 4095 1261 1024 4095
1536 1024 4095 1500 1024 4095
1792 1024 4095 1741 1024 4095
2048 1024 4095 1982 1024 4095
2303 1024 4095 2224 1024 4095
2559 1024 4095 2467 1024 4095
2815 1024 4095 2711 1024 4095
3071 1024 4095 2955 1024 4095
3327 1024 4095 3199 1024 4095
3583 1024 4095 3443 1024 4095
3839 1024 4095 3684 1030 4095
4095 1024 4095 3921 1041 4095
0 1280 4095 516 1286 4095
256 1280 4095 559 1284 4095
512 1280 4095 657 1281 4095
768 1280 4095 838 1280 4095
1024 1280 4095 1054 1280 4095
1280 1280 4095 1281 1280 4095
1536 1280 4095 1516 1280 4095
1792 1280 4095 1754 1280 4095
2048 1280 4095 1994 1280 4095
2303 1280 4095 2234 1280 4095
2559 1280 4095 2476 1280 4095
2815 1280 4095 2719 1280 4095
3071 1280 4095 2962 1280 4095
3327 1280 4095 3205 1280 4095
3583 1280 4095 3449 1280 4095
3839 1280 4095 3691 1281 4095
4095 1280 4095 3932 1283 4095
0 1536 4095 582 1539 4095
256 1536 4095 621 1538 4095
512 1536 4095 712 1537 4095
768 1536 4095 881 1536 4095
1024 1536 4095 1088 1536 4095
1280 1536 4095 1307 1536 4095
1536 1536 4095 1538 1536 4095
1792 1536 4095 1772 1536 4095
2048 1536 4095 2009 1536 4095
2303 1536 4095 2248 1536 4095
2559 1536 4095 2488 1536 4095
2815 1536 4095 2729 1536 4095
3071 1536 4095 2972 1536 4095
3327 1536 4095 3214 1536 4095
3583 1536 4095 3457 1536 4095
3839 1536 4095 3696 1538 4095
4095 1536 4095 3931 1541 4095
0 1792 4095 650 1793 4095
256 1792 4095 686 1793 4095
512 1792 4095 770 1792 4095
768 1792 4095 929 1792 4095
1024 1792 4095 1127 1792 4095
1280 1792 4095 1338 1792 4095
1536 1792 4095 1564 1792 4095
1792 1792 4095 1794 1792 4095
2048 1792 4095 2027 1792 4095
2303 1792 4095 2264 1792 4095
2559 1792 4095 2502 1792 4095
2815 1792 4095 2742 1792 4095
3071 1792 4095 2983 1792 4095
3327 1792 4095 3225 1792 4095
3583 1792 4095 3467 1792 4095
3839 1792 4095 3704 1794 4095
4095 1792 4095 3938 1796 4095
0 2048 4095 719 2047 4095
256 2048 4095 751 2048 4095
512 2048 4095 830 2048 4095
768 2048 4095 980 2048 4095
1024 2048 4095 1169 2048 4095
1280 2048 4095 1372 2048 4095
1536 2048 4095 1592 2048 4095
1792 2048 4095 1818 2048 4095
2048 2048 4095 2048 2048 4095
2303 2048 4095 2282 2048 4095
2559 2048 4095 2518 2048 4095
2815 2048 4095 2757 2048 4095
3071 2048 4095 2996 2048 4095
3327 2048 4095 3236 2048 4095
3583 2048 4095 3478 2048 4095
3839 2048 4095 3715 2048 4095
4095 2048 4095 3948 2049 4095
0 2303 4095 798 2300 4095
256 2303 4095 831 2301 4095
512 2303 4095 905 2302 4095
768 2303 4095 1040 2303 4095
1024 2303 4095 1219 2303 4095
1280 2303 4095 1413 2303 4095
1536 2303 4095 1627 2303 4095
1792 2303 4095 1848 2303 4095
2048 2303 4095 2073 2303 4095
2303 2303 4095 2305 2303 4095
2559 2303 4095 2538 2303 4095
2815 2303 4095 2775 2303 4095
3071 2303 4095 3012 2303 4095
3327 2303 4095 3251 2303 4095
3583 2303 4095 3491 2303 4095
3839 2303 4095 3728 2303 4095
4095 2303 4095 3962 2302 4095
0 2559 4095 881 2554 4095
256 2559 4095 913 2556 4095
512 2559 4095 980 2558 4095
768 2559 4095 1102 2559 4095
1024 2559 4095 1271 2559 4095
1280 2559 4095 1456 2559 4095
1536 2559 4095 1664 2559 4095
1792 2559 4095 1879 2559 4095
2048 2559 4095 2101 2559 4095
2303 2559 4095 2329 2559 4095
2559 2559 4095 2560 2559 4095
2815 2559 4095 2794 2559 4095
3071 2559 4095 3030 2559 4095
3327 2559 4095 3267 2559 4095
3583 2559 4095 3506 2559 4095
3839 2559 4095 3742 2558 4095
4095 2559 4095 3977 2557 4095
0 2815 4095 968 2807 4095
256 2815 4095 995 2810 4095
512 2815 4095 1056 2813 4095
768 2815 4095 1167 2815 4095
1024 2815 4095 1326 2815 4095
1280 2815 4095 1503 2815 4095
1536 2815 4095 1704 2815 4095
1792 2815 4095 1914 2815 4095
2048 2815 4095 2131 2815 4095
2303 2815 4095 2356 2815 4095
2559 2815 4095 2584 2815 4095
2815 2815 4095 2816 2815 4095
3071 2815 4095 3050 2815 4095
3327 2815 4095 3285 2815 4095
3583 2815 4095 3523 2815 4095
3839 2815 4095 3758 2814 4095
4095 2815 4095 3992 2812 4095
0 3071 4095 1054 3060 4094
256 3071 4095 1079 3063 4095
512 3071 4095 1134 3067 4095
768 3071 4095 1235 3070 4095
1024 3071 4095 1386 3071 4095
1280 3071 4095 1555 3071 4095
1536 3071 4095 1749 3071 4095
1792 3071 4095 1953 3071 4095
2048 3071 4095 2165 3071 4095
2303 3071 4095 2424 3075 4075
2559 3071 4095 2666 3078 4063
2815 3071 4095 2880 3080 4065
3071 3071 4095 3099 3082 4068
3327 3071 4095 3319 3085 4070
3583 3071 4095 3543 3088 4073
3839 3071 4095 3774 3081 4082
4095 3071 4095 4009 3067 4095
0 3327 4095 1139 3312 4092
256 3327 4095 1162 3316 4094
512 3327 4095 1213 3321 4095
768 3327 4095 1305 3326 4095
1024 3327 4095 1447 3327 4095
1280 3327 4095 1608 3327 4095
1536 3327 4095 1795 3327 4095
1792 3327 4095 1994 3327 4095
2048 3327 4095 2201 3327 4095
2303 3327 4095 2496 3333 4056
2559 3327 4095 2752 3339 4034
2815 3327 4095 2949 3343 4038
3071 3327 4095 3152 3347 4043
3327 3327 4095 3357 3352 4048
3583 3327 4095 3567 3358 4053
3839 3327 4095 3791 3347 4069
4095 3327 4095 4025 3326 4093
0 3583 4095 1224 3564 4084
256 3583 4095 1245 3569 4089
512 3583 4095 1292 3574 4093
768 3583 4095 1377 3582 4095
1024 3583 4095 1512 3583 4095
1280 3583 4095 1665 3583 4095
1536 3583 4095 1846 3583 4095
1792 3583 4095 2039 3583 4095
2048 3583 4095 2241 3583 4095
2303 3583 4095 2540 3582 4064
2559 3583 4095 2798 3583 4046
2815 3583 4095 2991 3587 4050
3071 3583 4095 3192 3591 4055
3327 3583 4095 3395 3595 4059
3583 3583 4095 3603 3600 4064
3839 3583 4095 3816 3601 4072
4095 3583 4095 4034 3598 4082
0 3839 4095 1310 3813 4073
256 3839 4095 1331 3818 4079
512 3839 4095 1374 3825 4085
768 3839 4095 1452 3836 4092
1024 3839 4095 1578 3838 4094
1280 3839 4095 1724 3838 4094
1536 3839 4095 1899 3838 4094
1792 3839 4095 2086 3837 4093
2048 3839 4095 2283 3837 4093
2303 3839 4095 2548 3836 4077
2559 3839 4095 2799 3834 4065
2815 3839 4095 3028 3831 4062
3071 3839 4095 3234 3834 4065
3327 3839 4095 3435 3838 4070
3583 3839 4095 3640 3842 4075
3839 3839 4095 3849 3847 4079
4095 3839 4095 4059 3853 4084
0 4095 4095 1397 4062 4061
256 4095 4095 1417 4066 4066
512 4095 4095 1457 4075 4074
768 4095 4095 1528 4089 4089
1024 4095 4095 1647 4092 4092
1280 4095 4095 1786 4092 4092
1536 4095 4095 1953 4091 4091
1792 4095 4095 2135 4091 4091
2048 4095 4095 2326 4090 4090
2303 4095 4095 2531 4092 4092
2559 4095 4095 2771 4089 4088
2815 4095 4095 3062 4076 4074
3071 4095 4095 3278 4077 4075
3327 4095 4095 3476 4081 4080
3583 4095 4095 3679 4085 4085
3839 4095 4095 3886 4090 4090
4095 4095 4095 4095 4095 4095
