0 0 0 0 0 0
256 0 0 237 63 63
512 0 0 467 139 135
768 0 0 686 233 220
1024 0 0 981 163 158
1280 0 0 1282 74 78
1536 0 0 1537 72 67
1792 0 0 1793 78 65
2048 0 0 2049 91 69
2303 0 0 2370 267 196
2559 0 0 2676 404 284
2815 0 0 2960 478 311
3071 0 0 3211 498 306
3327 0 0 3449 498 289
3583 0 0 3668 470 258
3839 0 0 3871 415 212
4095 0 0 4065 340 154
0 256 0 27 257 27
256 256 0 259 280 34
512 256 0 479 317 105
768 256 0 680 373 271
1024 256 0 975 334 169
1280 256 0 1281 284 34
1536 256 0 1537 283 27
1792 256 0 1792 285 24
2048 256 0 2048 290 26
2303 256 0 2376 414 182
2559 256 0 2685 509 284
2815 256 0 2965 560 304
3071 256 0 3216 570 296
3327 256 0 3455 564 277
3583 256 0 3675 530 241
3839 256 0 3880 482 191
4095 256 0 4075 423 133
0 512 0 53 515 60
256 512 0 276 513 25
512 512 0 492 522 69
768 512 0 699 548 229
1024 512 0 985 532 134
1280 512 0 1280 512 7
1536 512 0 1536 512 2
1792 512 0 1800 519 23
2048 512 0 2070 530 61
2303 512 0 2394 609 202
2559 512 0 2699 669 291
2815 512 0 2973 698 302
3071 512 0 3221 701 291
3327 512 0 3459 690 269
3583 512 0 3680 654 230
3839 512 0 3884 613 181
4095 512 0 4078 569 126
0 768 0 77 774 104
256 768 0 285 770 49
512 768 0 509 770 26
768 768 0 757 774 51
1024 768 0 1018 771 32
1280 768 0 1280 768 7
1536 768 0 1536 768 2
1792 768 0 1821 791 80
2048 768 0 2124 830 213
2303 768 0 2430 877 272
2559 768 0 2719 910 307
2815 768 0 2983 923 308
3071 768 0 3226 918 293
3327 768 0 3461 904 269
3583 768 0 3681 872 229
3839 768 0 3882 841 185
4095 768 0 4071 810 139
0 1024 0 94 1030 107
256 1024 0 292 1026 53
512 1024 0 512 1024 20
768 1024 0 768 1024 19
1024 1024 0 1036 1035 60
1280 1024 0 1309 1051 107
1536 1024 0 1593 1074 138
1792 1024 0 1886 1102 202
2048 1024 0 2184 1135 287
2303 1024 0 2467 1157 308
2559 1024 0 2740 1171 319
2815 1024 0 2994 1173 312
3071 1024 0 3233 1161 293
3327 1024 0 3464 1144 267
3583 1024 0 3682 1114 227
3839 1024 0 3884 1082 179
4095 1024 0 4075 1049 126
0 1280 0 154 1306 131
256 1280 0 331 1304 87
512 1280 0 539 1303 60
768 1280 0 792 1304 61
1024 1280 0 1069 1324 138
1280 1280 0 1357 1353 227
1536 1280 0 1665 1395 286
1792 1280 0 1958 1421 319
2048 1280 0 2240 1437 334
2303 1280 0 2502 1440 334
2559 1280 0 2759 1439 328
2815 1280 0 3005 1431 315
3071 1280 0 3239 1414 293
3327 1280 0 3467 1392 265
3583 1280 0 3683 1362 224
3839 1280 0 3886 1328 173
4095 1280 0 4079 1291 114
0 1536 0 388 1672 280
256 1536 0 504 1671 262
512 1536 0 670 1672 253
768 1536 0 910 1677 259
1024 1536 0 1177 1690 289
1280 1536 0 1453 1705 322
1536 1536 0 1739 1724 347
1792 1536 0 2012 1731 356
2048 1536 0 2275 1729 355
2303 1536 0 2527 1722 346
2559 1536 0 2776 1711 334
2815 1536 0 3016 1696 316
3071 1536 0 3245 1674 291
3327 1536 0 3470 1649 261
3583 1536 0 3685 1616 220
3839 1536 0 3885 1582 177
4095 1536 0 4076 1546 132
0 1792 0 532 1995 362
256 1792 0 618 1995 356
512 1792 0 761 1997 355
768 1792 0 986 2002 361
1024 1792 0 1241 2009 370
1280 1792 0 1506 2016 379
1536 1792 0 1780 2024 389
1792 1792 0 2045 2024 390
2048 1792 0 2306 2020 387
2303 1792 0 2549 2002 370
2559 1792 0 2789 1983 350
2815 1792 0 3025 1962 327
3071 1792 0 3251 1936 298
3327 1792 0 3473 1907 265
3583 1792 0 3686 1873 220
3839 1792 0 3885 1836 179
4095 1792 0 4074 1798 139
0 2048 0 615 2291 398
256 2048 0 695 2292 397
512 2048 0 825 2293 397
768 2048 0 1033 2294 401
1024 2048 0 1276 2297 405
1280 2048 0 1531 2300 411
1536 2048 0 1798 2304 417
1792 2048 0 2065 2307 422
2048 2048 0 2333 2309 425
2303 2048 0 2568 2282 400
2559 2048 0 2801 2256 374
2815 2048 0 3032 2229 346
3071 2048 0 3256 2199 311
3327 2048 0 3476 2167 273
3583 2048 0 3687 2131 223
3839 2048 0 3885 2091 179
4095 2048 0 4072 2048 138
0 2303 0 654 2548 422
256 2303 0 727 2549 420
512 2303 0 850 2550 420
768 2303 0 1047 2551 422
1024 2303 0 1282 2552 425
1280 2303 0 1530 2554 429
1536 2303 0 1792 2557 434
1792 2303 0 2056 2559 438
2048 2303 0 2321 2560 442
2303 2303 0 2573 2549 432
2559 2303 0 2814 2529 413
2815 2303 0 3039 2496 378
3071 2303 0 3260 2462 339
3327 2303 0 3478 2427 297
3583 2303 0 3688 2388 243
3839 2303 0 3884 2345 197
4095 2303 0 4069 2298 157
0 2559 0 679 2798 436
256 2559 0 747 2799 434
512 2559 0 863 2799 433
768 2559 0 1052 2800 434
1024 2559 0 1281 2800 436
1280 2559 0 1523 2801 439
1536 2559 0 1779 2802 442
1792 2559 0 2040 2804 446
2048 2559 0 2303 2805 449
2303 2559 0 2564 2804 450
2559 2559 0 2814 2792 438
2815 2559 0 3045 2763 409
3071 2559 0 3264 2727 367
3327 2559 0 3480 2688 320
3583 2559 0 3689 2647 262
3839 2559 0 3885 2601 211
4095 2559 0 4070 2552 163
0 2815 0 684 3034 436
256 2815 0 749 3035 434
512 2815 0 861 3035 432
768 2815 0 1044 3036 432
1024 2815 0 1268 3036 434
1280 2815 0 1506 3037 436
1536 2815 0 1759 3037 438
1792 2815 0 2015 3038 441
2048 2815 0 2275 3039 444
2303 2815 0 2536 3039 446
2559 2815 0 2795 3036 445
2815 2815 0 3049 3029 437
3071 2815 0 3270 2993 396
3327 2815 0 3482 2950 343
3583 2815 0 3690 2907 281
3839 2815 0 3888 2859 216
4095 2815 0 4077 2807 148
0 3071 0 661 3258 419
256 3071 0 726 3259 416
512 3071 0 838 3260 414
768 3071 0 1020 3260 413
1024 3071 0 1242 3261 414
1280 3071 0 1478 3261 416
1536 3071 0 1728 3261 418
1792 3071 0 1982 3261 420
2048 3071 0 2240 3262 422
2303 3071 0 2499 3262 424
2559 3071 0 2759 3262 425
2815 3071 0 3018 3260 425
3071 3071 0 3257 3241 402
3327 3071 0 3485 3212 366
3583 3071 0 3691 3165 297
3839 3071 0 3884 3112 240
4095 3071 0 4068 3054 189
0 3327 0 623 3477 392
256 3327 0 690 3478 389
512 3327 0 803 3478 386
768 3327 0 986 3479 384
1024 3327 0 1209 3480 385
1280 3327 0 1444 3480 386
1536 3327 0 1693 3480 387
1792 3327 0 1945 3480 389
2048 3327 0 2201 3480 390
2303 3327 0 2458 3480 392
2559 3327 0 2717 3480 394
2815 3327 0 2976 3481 395
3071 3327 0 3233 3478 392
3327 3327 0 3479 3466 376
3583 3327 0 3688 3421 309
3839 3327 0 3878 3364 267
4095 3327 0 4056 3298 240
0 3583 0 548 3686 342
256 3583 0 621 3687 339
512 3583 0 742 3688 335
768 3583 0 933 3689 331
1024 3583 0 1160 3689 331
1280 3583 0 1398 3689 332
1536 3583 0 1648 3690 333
1792 3583 0 1900 3690 334
2048 3583 0 2154 3690 335
2303 3583 0 2410 3690 337
2559 3583 0 2668 3690 338
2815 3583 0 2925 3689 338
3071 3583 0 3182 3689 338
3327 3583 0 3436 3684 332
3583 3583 0 3675 3667 305
3839 3583 0 3874 3615 288
4095 3583 0 4047 3540 277
0 3839 0 392 3890 244
256 3839 0 503 3889 247
512 3839 0 656 3888 253
768 3839 0 873 3887 265
1024 3839 0 1109 3885 271
1280 3839 0 1352 3884 275
1536 3839 0 1601 3884 276
1792 3839 0 1852 3884 276
2048 3839 0 2105 3885 273
2303 3839 0 2359 3884 278
2559 3839 0 2614 3884 280
2815 3839 0 2870 3887 277
3071 3839 0 3125 3885 278
3327 3839 0 3379 3883 277
3583 3839 0 3632 3881 262
3839 3839 0 3849 3844 274
4095 3839 0 4041 3785 304
0 4095 0 182 4089 112
256 4095 0 351 4087 126
512 4095 0 555 4083 150
768 4095 0 809 4076 188
1024 4095 0 1058 4072 206
1280 4095 0 1305 4069 216
1536 4095 0 1554 4069 218
1792 4095 0 1803 4069 214
2048 4095 0 2053 4071 207
2303 4095 0 2304 4068 218
2559 4095 0 2557 4069 221
2815 4095 0 2813 4076 212
3071 4095 0 3063 4073 215
3327 4095 0 3314 4069 215
3583 4095 0 3570 4074 192
3839 4095 0 3810 4059 235
4095 4095 0 4039 4031 323
0 0 256 19 19 256
256 0 256 256 31 280
512 0 256 496 61 307
768 0 256 738 118 340
1024 0 256 1008 80 316
1280 0 256 1281 31 285
1536 0 256 1537 29 281
1792 0 256 1792 30 280
2048 0 256 2048 34 282
2303 0 256 2370 241 355
2559 0 256 2678 392 406
2815 0 256 2963 460 424
3071 0 256 3215 476 419
3327 0 256 3454 470 407
3583 0 256 3675 429 384
3839 0 256 3878 375 355
4095 0 256 4070 310 322
0 256 256 17 263 266
256 256 256 260 268 269
512 256 256 492 287 299
768 256 256 710 327 372
1024 256 256 971 321 341
1280 256 256 1244 302 292
1536 256 256 1524 280 274
1792 256 256 1791 270 266
2048 256 256 2049 267 265
2303 256 256 2379 401 351
2559 256 256 2689 501 408
2815 256 256 2970 549 421
3071 256 256 3221 558 415
3327 256 256 3460 549 401
3583 256 256 3681 510 376
3839 256 256 3886 455 345
4095 256 256 4082 389 309
0 512 256 28 513 279
256 512 256 261 513 261
512 512 256 490 522 279
768 512 256 710 545 351
1024 512 256 969 553 324
1280 512 256 1239 552 280
1536 512 256 1522 528 264
1792 512 256 1799 521 268
2048 512 256 2073 527 286
2303 512 256 2399 605 363
2559 512 256 2706 663 412
2815 512 256 2981 691 420
3071 512 256 3229 692 411
3327 512 256 3467 680 396
3583 512 256 3688 643 369
3839 512 256 3893 593 338
4095 512 256 4088 536 304
0 768 256 57 772 296
256 768 256 260 772 259
512 768 256 488 774 241
768 768 256 755 775 252
1024 768 256 1020 773 246
1280 768 256 1283 771 239
1536 768 256 1538 769 250
1792 768 256 1824 790 295
2048 768 256 2131 828 363
2303 768 256 2439 872 400
2559 768 256 2731 903 422
2815 768 256 2996 913 422
3071 768 256 3241 905 409
3327 768 256 3477 888 391
3583 768 256 3697 854 364
3839 768 256 3898 820 336
4095 768 256 4086 784 308
0 1024 256 60 1027 297
256 1024 256 258 1028 261
512 1024 256 485 1028 237
768 1024 256 756 1027 233
1024 1024 256 1035 1036 254
1280 1024 256 1316 1051 282
1536 1024 256 1599 1073 314
1792 1024 256 1894 1100 355
2048 1024 256 2196 1130 402
2303 1024 256 2480 1151 419
2559 1024 256 2754 1163 427
2815 1024 256 3010 1163 423
3071 1024 256 3249 1149 409
3327 1024 256 3481 1130 389
3583 1024 256 3700 1097 361
3839 1024 256 3900 1065 332
4095 1024 256 4087 1033 303
0 1280 256 109 1304 316
256 1280 256 293 1305 288
512 1280 256 508 1306 268
768 1280 256 772 1308 260
1024 1280 256 1060 1329 300
1280 1280 256 1358 1357 350
1536 1280 256 1671 1395 393
1792 1280 256 1968 1418 418
2048 1280 256 2254 1432 431
2303 1280 256 2518 1433 434
2559 1280 256 2775 1430 432
2815 1280 256 3021 1422 425
3071 1280 256 3256 1404 408
3327 1280 256 3484 1381 387
3583 1280 256 3701 1349 358
3839 1280 256 3901 1317 328
4095 1280 256 4089 1284 299
0 1536 256 362 1670 427
256 1536 256 476 1672 411
512 1536 256 642 1676 399
768 1536 256 885 1682 393
1024 1536 256 1160 1694 410
1280 1536 256 1445 1709 432
1536 1536 256 1736 1726 453
1792 1536 256 2014 1731 461
2048 1536 256 2282 1728 461
2303 1536 256 2537 1719 454
2559 1536 256 2787 1706 444
2815 1536 256 3029 1689 429
3071 1536 256 3260 1666 408
3327 1536 256 3486 1639 384
3583 1536 256 3702 1606 354
3839 1536 256 3900 1573 328
4095 1536 256 4088 1540 305
0 1792 256 517 1994 494
256 1792 256 597 1997 484
512 1792 256 735 2000 475
768 1792 256 957 2007 469
1024 1792 256 1219 2013 475
1280 1792 256 1493 2020 484
1536 1792 256 1772 2027 494
1792 1792 256 2042 2026 497
2048 1792 256 2307 2021 495
2303 1792 256 2553 2002 480
2559 1792 256 2796 1982 463
2815 1792 256 3034 1959 442
3071 1792 256 3262 1931 416
3327 1792 256 3486 1900 388
3583 1792 256 3700 1865 354
3839 1792 256 3899 1830 328
4095 1792 256 4087 1794 308
0 2048 256 606 2291 531
256 2048 256 677 2293 524
512 2048 256 800 2295 516
768 2048 256 1003 2298 508
1024 2048 256 1252 2301 511
1280 2048 256 1515 2304 517
1536 2048 256 1787 2307 524
1792 2048 256 2058 2309 529
2048 2048 256 2330 2311 533
2303 2048 256 2567 2284 511
2559 2048 256 2804 2256 487
2815 2048 256 3037 2229 462
3071 2048 256 3263 2197 431
3327 2048 256 3484 2164 397
3583 2048 256 3698 2126 357
3839 2048 256 3897 2087 329
4095 2048 256 4086 2048 308
0 2303 256 645 2549 545
256 2303 256 711 2550 539
512 2303 256 827 2552 531
768 2303 256 1019 2554 523
1024 2303 256 1259 2556 525
1280 2303 256 1514 2557 530
1536 2303 256 1780 2559 535
1792 2303 256 2047 2561 539
2048 2303 256 2316 2562 543
2303 2303 256 2570 2551 535
2559 2303 256 2814 2531 517
2815 2303 256 3041 2497 486
3071 2303 256 3264 2462 452
3327 2303 256 3483 2426 415
3583 2303 256 3696 2386 371
3839 2303 256 3895 2344 339
4095 2303 256 4085 2301 315
0 2559 256 671 2799 552
256 2559 256 732 2800 546
512 2559 256 842 2801 539
768 2559 256 1025 2803 531
1024 2559 256 1258 2803 532
1280 2559 256 1507 2804 535
1536 2559 256 1767 2805 538
1792 2559 256 2031 2806 542
2048 2559 256 2297 2807 546
2303 2559 256 2560 2806 546
2559 2559 256 2812 2794 536
2815 2559 256 3045 2764 509
3071 2559 256 3266 2727 473
3327 2559 256 3483 2688 432
3583 2559 256 3694 2646 384
3839 2559 256 3894 2602 347
4095 2559 256 4086 2556 317
0 2815 256 675 3035 547
256 2815 256 734 3036 541
512 2815 256 840 3037 534
768 2815 256 1018 3039 526
1024 2815 256 1246 3039 526
1280 2815 256 1489 3039 528
1536 2815 256 1745 3040 530
1792 2815 256 2005 3040 533
2048 2815 256 2268 3041 536
2303 2815 256 2531 3041 538
2559 2815 256 2792 3038 537
2815 2815 256 3047 3030 531
3071 2815 256 3270 2994 494
3327 2815 256 3483 2950 448
3583 2815 256 3693 2907 397
3839 2815 256 3894 2860 352
4095 2815 256 4088 2812 311
0 3071 256 651 3259 528
256 3071 256 710 3260 522
512 3071 256 816 3262 515
768 3071 256 993 3263 506
1024 3071 256 1219 3263 505
1280 3071 256 1461 3263 507
1536 3071 256 1714 3263 509
1792 3071 256 1972 3264 511
2048 3071 256 2232 3264 513
2303 3071 256 2493 3264 516
2559 3071 256 2754 3264 517
2815 3071 256 3015 3262 517
3071 3071 256 3256 3242 497
3327 3071 256 3485 3213 466
3583 3071 256 3692 3166 409
3839 3071 256 3890 3115 365
4095 3071 256 4083 3063 330
0 3327 256 611 3478 502
256 3327 256 672 3479 496
512 3327 256 780 3480 488
768 3327 256 959 3482 478
1024 3327 256 1185 3482 477
1280 3327 256 1426 3482 478
1536 3327 256 1679 3482 480
1792 3327 256 1934 3482 481
2048 3327 256 2192 3482 483
2303 3327 256 2451 3482 485
2559 3327 256 2711 3482 486
2815 3327 256 2972 3482 488
3071 3327 256 3230 3479 486
3327 3327 256 3478 3467 473
3583 3327 256 3689 3423 418
3839 3327 256 3885 3369 381
4095 3327 256 4073 3310 357
0 3583 256 533 3688 458
256 3583 256 601 3689 452
512 3583 256 717 3690 443
768 3583 256 905 3692 433
1024 3583 256 1136 3692 431
1280 3583 256 1380 3692 432
1536 3583 256 1633 3692 433
1792 3583 256 1888 3692 434
2048 3583 256 2145 3692 435
2303 3583 256 2403 3692 437
2559 3583 256 2662 3691 438
2815 3583 256 2921 3691 439
3071 3583 256 3180 3690 439
3327 3583 256 3435 3686 435
3583 3583 256 3676 3670 415
3839 3583 256 3880 3621 400
4095 3583 256 4058 3550 390
0 3839 256 382 3891 390
256 3839 256 487 3891 387
512 3839 256 635 3891 385
768 3839 256 850 3891 385
1024 3839 256 1089 3890 386
1280 3839 256 1337 3890 388
1536 3839 256 1590 3889 390
1792 3839 256 1844 3889 390
2048 3839 256 2098 3889 389
2303 3839 256 2354 3889 393
2559 3839 256 2611 3889 393
2815 3839 256 2868 3892 388
3071 3839 256 3124 3890 392
3327 3839 256 3380 3887 394
3583 3839 256 3635 3886 386
3839 3839 256 3857 3853 389
4095 3839 256 4056 3801 400
0 4095 256 182 4089 305
256 4095 256 344 4089 309
512 4095 256 542 4087 319
768 4095 256 794 4083 335
1024 4095 256 1044 4081 342
1280 4095 256 1295 4080 347
1536 4095 256 1547 4078 350
1792 4095 256 1799 4078 349
2048 4095 256 2051 4079 345
2303 4095 256 2304 4077 351
2559 4095 256 2558 4079 350
2815 4095 256 2814 4087 337
3071 4095 256 3066 4082 344
3327 4095 256 3317 4076 352
3583 4095 256 3573 4080 341
3839 4095 256 3822 4073 358
4095 4095 256 4065 4060 395
0 0 512 46 52 514
256 0 512 273 23 513
512 0 512 512 17 513
768 0 512 770 45 514
1024 0 512 1025 28 513
1280 0 512 1280 4 512
1536 0 512 1536 2 512
1792 0 512 1792 1 512
2048 0 512 2048 0 512
2303 0 512 2372 227 554
2559 0 512 2681 389 585
2815 0 512 2965 451 597
3071 0 512 3218 465 593
3327 0 512 3458 456 582
3583 0 512 3679 406 563
3839 0 512 3883 351 544
4095 0 512 4075 292 524
0 256 512 26 276 513
256 256 512 263 264 519
512 256 512 501 265 526
768 256 512 742 286 536
1024 256 512 987 294 541
1280 256 512 1242 291 541
1536 256 512 1526 265 522
1792 256 512 1794 252 513
2048 256 512 2051 250 510
2303 256 512 2382 395 556
2559 256 512 2693 501 588
2815 256 512 2973 546 598
3071 256 512 3224 553 592
3327 256 512 3463 542 581
3583 256 512 3684 499 562
3839 256 512 3890 439 540
4095 256 512 4087 368 517
0 512 512 24 513 513
256 512 512 254 513 515
512 512 512 490 517 520
768 512 512 734 529 531
1024 512 512 978 546 539
1280 512 512 1230 555 542
1536 512 512 1515 527 526
1792 512 512 1796 519 522
2048 512 512 2074 525 526
2303 512 512 2402 605 566
2559 512 512 2710 664 593
2815 512 512 2985 691 598
3071 512 512 3234 690 591
3327 512 512 3471 677 578
3583 512 512 3692 638 558
3839 512 512 3898 582 536
4095 512 512 4094 515 512
0 768 512 49 770 514
256 768 512 246 773 496
512 768 512 477 774 485
768 768 512 757 773 486
1024 768 512 1012 776 490
1280 768 512 1259 781 499
1536 768 512 1504 787 520
1792 768 512 1799 808 543
2048 768 512 2127 839 566
2303 768 512 2440 878 589
2559 768 512 2735 905 602
2815 768 512 3003 912 600
3071 768 512 3249 901 588
3327 768 512 3486 882 573
3583 768 512 3706 847 552
3839 768 512 3907 808 532
4095 768 512 4095 769 512
0 1024 512 46 1025 514
256 1024 512 240 1029 494
512 1024 512 467 1031 478
768 1024 512 744 1030 469
1024 1024 512 1025 1043 479
1280 1024 512 1306 1060 497
1536 1024 512 1587 1084 528
1792 1024 512 1885 1111 560
2048 1024 512 2193 1139 592
2303 1024 512 2482 1157 604
2559 1024 512 2759 1166 609
2815 1024 512 3018 1162 602
3071 1024 512 3260 1146 588
3327 1024 512 3494 1124 570
3583 1024 512 3714 1088 547
3839 1024 512 3912 1055 528
4095 1024 512 4095 1024 512
0 1280 512 90 1303 531
256 1280 512 273 1306 514
512 1280 512 487 1309 497
768 1280 512 748 1313 480
1024 1280 512 1049 1336 494
1280 1280 512 1361 1364 518
1536 1280 512 1683 1396 549
1792 1280 512 1978 1419 580
2048 1280 512 2255 1436 611
2303 1280 512 2521 1438 615
2559 1280 512 2781 1434 613
2815 1280 512 3032 1422 603
3071 1280 512 3269 1401 586
3327 1280 512 3500 1375 567
3583 1280 512 3720 1338 541
3839 1280 512 3915 1307 524
4095 1280 512 4095 1280 512
0 1536 512 349 1669 619
256 1536 512 460 1674 606
512 1536 512 621 1679 591
768 1536 512 857 1688 575
1024 1536 512 1138 1701 578
1280 1536 512 1433 1716 588
1536 1536 512 1734 1730 606
1792 1536 512 2017 1733 617
2048 1536 512 2288 1729 624
2303 1536 512 2547 1718 617
2559 1536 512 2800 1704 609
2815 1536 512 3045 1685 596
3071 1536 512 3277 1661 579
3327 1536 512 3504 1632 559
3583 1536 512 3721 1595 533
3839 1536 512 3916 1564 519
4095 1536 512 4095 1536 512
0 1792 512 507 1994 676
256 1792 512 583 1998 665
512 1792 512 714 2004 651
768 1792 512 929 2012 635
1024 1792 512 1193 2019 632
1280 1792 512 1472 2026 634
1536 1792 512 1761 2031 646
1792 1792 512 2039 2029 650
2048 1792 512 2310 2021 650
2303 1792 512 2561 2001 636
2559 1792 512 2808 1979 621
2815 1792 512 3048 1955 604
3071 1792 512 3278 1926 582
3327 1792 512 3504 1894 557
3583 1792 512 3720 1855 527
3839 1792 512 3915 1822 514
4095 1792 512 4095 1792 512
0 2048 512 598 2292 712
256 2048 512 663 2294 702
512 2048 512 780 2297 689
768 2048 512 976 2302 671
1024 2048 512 1225 2306 666
1280 2048 512 1491 2310 666
1536 2048 512 1771 2312 674
1792 2048 512 2049 2313 681
2048 2048 512 2326 2313 687
2303 2048 512 2568 2285 667
2559 2048 512 2809 2257 645
2815 2048 512 3045 2228 620
3071 2048 512 3274 2195 591
3327 2048 512 3500 2158 559
3583 2048 512 3717 2117 522
3839 2048 512 3913 2080 509
4095 2048 512 4095 2048 512
0 2303 512 637 2549 719
256 2303 512 698 2551 710
512 2303 512 808 2554 698
768 2303 512 993 2558 682
1024 2303 512 1232 2560 676
1280 2303 512 1488 2563 674
1536 2303 512 1762 2564 680
1792 2303 512 2035 2565 685
2048 2303 512 2309 2565 690
2303 2303 512 2567 2553 683
2559 2303 512 2815 2532 667
2815 2303 512 3045 2497 638
3071 2303 512 3271 2461 605
3327 2303 512 3493 2423 571
3583 2303 512 3709 2381 532
3839 2303 512 3908 2341 514
4095 2303 512 4095 2303 512
0 2559 512 662 2799 719
256 2559 512 720 2800 711
512 2559 512 825 2802 700
768 2559 512 1001 2805 684
1024 2559 512 1231 2808 677
1280 2559 512 1479 2809 674
1536 2559 512 1747 2809 678
1792 2559 512 2016 2810 683
2048 2559 512 2287 2810 687
2303 2559 512 2554 2808 688
2559 2559 512 2809 2795 679
2815 2559 512 3045 2766 654
3071 2559 512 3269 2728 620
3327 2559 512 3489 2688 583
3583 2559 512 3702 2644 541
3839 2559 512 3903 2601 520
4095 2559 512 4095 2559 511
0 2815 512 666 3036 709
256 2815 512 722 3037 701
512 2815 512 823 3039 691
768 2815 512 993 3041 675
1024 2815 512 1217 3043 667
1280 2815 512 1460 3044 663
1536 2815 512 1723 3044 666
1792 2815 512 1989 3044 669
2048 2815 512 2256 3044 672
2303 2815 512 2522 3044 675
2559 2815 512 2786 3040 674
2815 2815 512 3045 3032 669
3071 2815 512 3270 2995 636
3327 2815 512 3486 2951 595
3583 2815 512 3698 2906 550
3839 2815 512 3900 2861 524
4095 2815 512 4095 2815 511
0 3071 512 642 3260 688
256 3071 512 698 3261 680
512 3071 512 799 3263 670
768 3071 512 969 3265 655
1024 3071 512 1190 3267 646
1280 3071 512 1430 3268 641
1536 3071 512 1691 3268 643
1792 3071 512 1954 3267 645
2048 3071 512 2218 3267 648
2303 3071 512 2482 3267 650
2559 3071 512 2747 3266 652
2815 3071 512 3010 3264 652
3071 3071 512 3253 3244 635
3327 3071 512 3485 3215 608
3583 3071 512 3694 3167 559
3839 3071 512 3896 3118 530
4095 3071 512 4092 3069 515
0 3327 512 602 3479 661
256 3327 512 660 3480 654
512 3327 512 763 3482 643
768 3327 512 935 3484 628
1024 3327 512 1156 3485 618
1280 3327 512 1394 3486 613
1536 3327 512 1653 3486 614
1792 3327 512 1914 3486 616
2048 3327 512 2177 3486 618
2303 3327 512 2439 3485 620
2559 3327 512 2702 3485 621
2815 3327 512 2966 3484 623
3071 3327 512 3226 3481 622
3327 3327 512 3476 3469 611
3583 3327 512 3689 3425 565
3839 3327 512 3891 3374 538
4095 3327 512 4086 3320 524
0 3583 512 523 3689 622
256 3583 512 587 3690 615
512 3583 512 699 3692 604
768 3583 512 880 3693 588
1024 3583 512 1105 3695 578
1280 3583 512 1347 3696 572
1536 3583 512 1607 3696 573
1792 3583 512 1868 3695 574
2048 3583 512 2129 3695 575
2303 3583 512 2390 3695 576
2559 3583 512 2652 3694 578
2815 3583 512 2913 3694 579
3071 3583 512 3174 3693 579
3327 3583 512 3431 3688 576
3583 3583 512 3676 3673 561
3839 3583 512 3885 3627 553
4095 3583 512 4071 3561 549
0 3839 512 380 3891 575
256 3839 512 479 3892 570
512 3839 512 622 3893 563
768 3839 512 830 3894 554
1024 3839 512 1066 3895 547
1280 3839 512 1312 3895 543
1536 3839 512 1570 3895 545
1792 3839 512 1829 3894 546
2048 3839 512 2087 3895 546
2303 3839 512 2345 3894 547
2559 3839 512 2604 3894 547
2815 3839 512 2863 3896 543
3071 3839 512 3121 3894 547
3327 3839 512 3379 3891 551
3583 3839 512 3635 3890 547
3839 3839 512 3863 3861 548
4095 3839 512 4070 3815 550
0 4095 512 194 4088 522
256 4095 512 346 4089 521
512 4095 512 537 4089 521
768 4095 512 784 4088 523
1024 4095 512 1034 4088 523
1280 4095 512 1286 4088 524
1536 4095 512 1541 4087 526
1792 4095 512 1795 4086 527
2048 4095 512 2049 4087 525
2303 4095 512 2303 4085 528
2559 4095 512 2558 4087 525
2815 4095 512 2815 4094 514
3071 4095 512 3068 4089 521
3327 4095 512 3321 4084 531
3583 4095 512 3577 4086 527
3839 4095 512 3830 4083 530
4095 4095 512 4080 4078 536
0 0 768 87 107 774
256 0 768 289 53 770
512 0 768 512 25 768
768 0 768 769 36 769
1024 0 768 1025 19 769
1280 0 768 1280 1 768
1536 0 768 1536 0 768
1792 0 768 1792 0 768
2048 0 768 2048 0 768
2303 0 768 2374 234 815
2559 0 768 2684 399 848
2815 0 768 2966 458 862
3071 0 768 3218 470 857
3327 0 768 3458 460 845
3583 0 768 3679 410 823
3839 0 768 3885 352 801
4095 0 768 4080 289 779
0 256 768 64 298 772
256 256 768 271 274 791
512 256 768 504 257 800
768 256 768 778 253 794
1024 256 768 1036 245 785
1280 256 768 1291 236 776
1536 256 768 1550 231 769
1792 256 768 1804 233 766
2048 256 768 2054 242 766
2303 256 768 2384 398 817
2559 256 768 2695 510 853
2815 256 768 2973 554 864
3071 256 768 3223 560 857
3327 256 768 3462 548 844
3583 256 768 3683 504 822
3839 256 768 3891 441 798
4095 256 768 4089 365 772
0 512 768 54 515 770
256 512 768 257 510 795
512 512 768 493 503 806
768 512 768 778 493 797
1024 512 768 1027 495 791
1280 512 768 1269 500 786
1536 512 768 1517 502 785
1792 512 768 1787 511 786
2048 512 768 2072 525 789
2303 512 768 2401 611 833
2559 512 768 2710 674 862
2815 512 768 2984 701 867
3071 512 768 3232 699 858
3327 512 768 3470 684 844
3583 512 768 3691 645 821
3839 512 768 3898 585 795
4095 512 768 4095 513 768
0 768 768 61 771 771
256 768 768 250 772 774
512 768 768 478 770 773
768 768 768 764 766 769
1024 768 768 987 782 782
1280 768 768 1197 805 801
1536 768 768 1416 834 824
1792 768 768 1730 854 840
2048 768 768 2106 868 849
2303 768 768 2428 899 868
2559 768 768 2731 919 877
2815 768 768 3001 923 874
3071 768 768 3247 911 860
3327 768 768 3484 891 842
3583 768 768 3704 855 818
3839 768 768 3906 813 793
4095 768 768 4095 768 768
0 1024 768 63 1026 770
256 1024 768 247 1028 765
512 1024 768 464 1030 754
768 1024 768 730 1033 737
1024 1024 768 1000 1056 751
1280 1024 768 1271 1085 773
1536 1024 768 1548 1114 801
1792 1024 768 1850 1142 843
2048 1024 768 2170 1168 893
2303 1024 768 2464 1182 901
2559 1024 768 2749 1187 899
2815 1024 768 3017 1177 883
3071 1024 768 3263 1156 862
3327 1024 768 3500 1130 839
3583 1024 768 3722 1089 810
3839 1024 768 3917 1054 787
4095 1024 768 4095 1024 768
0 1280 768 111 1304 788
256 1280 768 282 1306 779
512 1280 768 480 1311 761
768 1280 768 721 1320 731
1024 1280 768 1035 1346 737
1280 1280 768 1369 1374 754
1536 1280 768 1705 1396 780
1792 1280 768 1988 1423 838
2048 1280 768 2238 1455 917
2303 1280 768 2505 1460 917
2559 1280 768 2772 1456 908
2815 1280 768 3036 1435 883
3071 1280 768 3280 1409 859
3327 1280 768 3515 1378 833
3583 1280 768 3738 1331 798
3839 1280 768 3928 1300 778
4095 1280 768 4095 1280 768
0 1536 768 353 1672 880
256 1536 768 460 1675 871
512 1536 768 611 1683 855
768 1536 768 827 1695 827
1024 1536 768 1111 1711 814
1280 1536 768 1415 1726 812
1536 1536 768 1733 1735 831
1792 1536 768 2022 1737 851
2048 1536 768 2293 1735 873
2303 1536 768 2557 1722 865
2559 1536 768 2815 1705 855
2815 1536 768 3064 1683 844
3071 1536 768 3298 1659 832
3327 1536 768 3525 1630 815
3583 1536 768 3746 1585 781
3839 1536 768 3932 1556 768
4095 1536 768 4095 1536 768
0 1792 768 502 1996 935
256 1792 768 578 2000 926
512 1792 768 703 2007 911
768 1792 768 900 2018 885
1024 1792 768 1160 2028 865
1280 1792 768 1441 2036 852
1536 1792 768 1746 2038 866
1792 1792 768 2036 2033 873
2048 1792 768 2317 2023 875
2303 1792 768 2575 1999 861
2559 1792 768 2827 1975 847
2815 1792 768 3070 1949 834
3071 1792 768 3301 1921 817
3327 1792 768 3528 1888 795
3583 1792 768 3749 1842 758
3839 1792 768 3934 1812 753
4095 1792 768 4095 1792 768
0 2048 768 589 2292 964
256 2048 768 655 2295 957
512 2048 768 768 2299 942
768 2048 768 950 2306 919
1024 2048 768 1191 2313 896
1280 2048 768 1454 2318 881
1536 2048 768 1747 2319 892
1792 2048 768 2036 2318 900
2048 2048 768 2320 2316 908
2303 2048 768 2570 2288 890
2559 2048 768 2817 2259 869
2815 2048 768 3059 2227 843
3071 2048 768 3294 2190 811
3327 2048 768 3524 2150 776
3583 2048 768 3749 2101 732
3839 2048 768 3935 2069 734
4095 2048 768 4095 2048 768
0 2303 768 628 2550 965
256 2303 768 690 2551 958
512 2303 768 796 2555 946
768 2303 768 970 2560 924
1024 2303 768 1198 2566 901
1280 2303 768 1448 2571 884
1536 2303 768 1734 2571 892
1792 2303 768 2017 2570 899
2048 2303 768 2299 2569 905
2303 2303 768 2562 2556 898
2559 2303 768 2816 2534 883
2815 2303 768 3052 2498 854
3071 2303 768 3283 2460 822
3327 2303 768 3510 2419 786
3583 2303 768 3731 2372 742
3839 2303 768 3923 2334 740
4095 2303 768 4095 2303 768
0 2559 768 653 2799 960
256 2559 768 712 2801 954
512 2559 768 813 2803 942
768 2559 768 979 2808 922
1024 2559 768 1196 2813 898
1280 2559 768 1436 2817 879
1536 2559 768 1715 2816 885
1792 2559 768 1994 2816 890
2048 2559 768 2272 2815 895
2303 2559 768 2544 2812 896
2559 2559 768 2804 2798 887
2815 2559 768 3046 2768 864
3071 2559 768 3274 2729 832
3327 2559 768 3498 2687 795
3583 2559 768 3717 2640 751
3839 2559 768 3913 2598 746
4095 2559 768 4095 2559 768
0 2815 768 658 3036 946
256 2815 768 714 3037 940
512 2815 768 812 3039 929
768 2815 768 972 3043 909
1024 2815 768 1181 3048 884
1280 2815 768 1413 3052 863
1536 2815 768 1688 3051 866
1792 2815 768 1962 3050 870
2048 2815 768 2237 3050 874
2303 2815 768 2508 3048 877
2559 2815 768 2777 3044 877
2815 2815 768 3040 3035 872
3071 2815 768 3270 2997 841
3327 2815 768 3490 2952 803
3583 2815 768 3706 2905 759
3839 2815 768 3906 2860 751
4095 2815 768 4095 2815 767
0 3071 768 635 3260 923
256 3071 768 692 3261 917
512 3071 768 789 3263 906
768 3071 768 948 3267 887
1024 3071 768 1153 3271 860
1280 3071 768 1380 3275 838
1536 3071 768 1652 3274 841
1792 3071 768 1924 3274 844
2048 3071 768 2196 3273 847
2303 3071 768 2466 3272 849
2559 3071 768 2735 3270 851
2815 3071 768 3003 3267 851
3071 3071 768 3249 3246 836
3327 3071 768 3485 3216 811
3583 3071 768 3698 3168 766
3839 3071 768 3900 3119 754
4095 3071 768 4095 3071 766
0 3327 768 596 3479 895
256 3327 768 654 3480 889
512 3327 768 754 3482 878
768 3327 768 915 3485 860
1024 3327 768 1117 3490 833
1280 3327 768 1341 3493 810
1536 3327 768 1612 3493 811
1792 3327 768 1882 3492 813
2048 3327 768 2152 3491 815
2303 3327 768 2420 3490 817
2559 3327 768 2688 3489 819
2815 3327 768 2955 3488 821
3071 3327 768 3219 3484 820
3327 3327 768 3473 3472 811
3583 3327 768 3690 3427 770
3839 3327 768 3895 3378 758
4095 3327 768 4093 3325 766
0 3583 768 518 3689 859
256 3583 768 583 3690 853
512 3583 768 690 3692 842
768 3583 768 860 3695 824
1024 3583 768 1065 3699 796
1280 3583 768 1290 3702 771
1536 3583 768 1562 3702 772
1792 3583 768 1832 3702 773
2048 3583 768 2101 3701 775
2303 3583 768 2368 3700 776
2559 3583 768 2634 3699 777
2815 3583 768 2900 3698 779
3071 3583 768 3164 3696 779
3327 3583 768 3425 3692 777
3583 3583 768 3672 3675 764
3839 3583 768 3890 3634 765
4095 3583 768 4087 3576 776
0 3839 768 389 3890 819
256 3839 768 484 3891 815
512 3839 768 619 3893 808
768 3839 768 817 3895 796
1024 3839 768 1038 3899 777
1280 3839 768 1274 3901 761
1536 3839 768 1540 3901 761
1792 3839 768 1805 3901 762
2048 3839 768 2069 3901 762
2303 3839 768 2330 3900 763
2559 3839 768 2593 3900 764
2815 3839 768 2854 3900 764
3071 3839 768 3115 3899 765
3327 3839 768 3376 3897 766
3583 3839 768 3634 3894 765
3839 3839 768 3867 3868 770
4095 3839 768 4083 3827 781
0 4095 768 225 4085 777
256 4095 768 365 4086 776
512 4095 768 543 4088 774
768 4095 768 781 4090 773
1024 4095 768 1029 4092 771
1280 4095 768 1281 4094 770
1536 4095 768 1536 4094 770
1792 4095 768 1792 4094 769
2048 4095 768 2048 4094 769
2303 4095 768 2303 4093 770
2559 4095 768 2559 4094 769
2815 4095 768 2815 4095 768
3071 4095 768 3070 4094 769
3327 4095 768 3326 4093 771
3583 4095 768 3582 4093 771
3839 4095 768 3833 4088 775
4095 4095 768 4080 4078 782
0 0 1024 102 107 1029
256 0 1024 295 60 1026
512 0 1024 513 28 1024
768 0 1024 769 19 1024
1024 0 1024 1024 9 1024
1280 0 1024 1280 0 1024
1536 0 1024 1536 0 1024
1792 0 1024 1792 0 1024
2048 0 1024 2048 0 1024
2303 0 1024 2378 244 1078
2559 0 1024 2688 413 1115
2815 0 1024 2968 468 1128
3071 0 1024 3219 477 1122
3327 0 1024 3458 466 1108
3583 0 1024 3679 415 1084
3839 0 1024 3887 322 1058
4095 0 1024 4086 202 1030
0 256 1024 67 297 1027
256 256 1024 268 275 1049
512 256 1024 500 255 1061
768 256 1024 778 240 1059
1024 256 1024 1041 231 1047
1280 256 1024 1299 225 1034
1536 256 1024 1553 224 1028
1792 256 1024 1806 226 1025
2048 256 1024 2058 231 1024
2303 256 1024 2392 396 1081
2559 256 1024 2702 512 1119
2815 256 1024 2977 554 1130
3071 256 1024 3225 561 1122
3327 256 1024 3463 551 1108
3583 256 1024 3684 507 1084
3839 256 1024 3892 430 1056
4095 256 1024 4092 332 1026
0 512 1024 51 514 1025
256 512 1024 251 508 1056
512 512 1024 487 499 1075
768 512 1024 776 482 1078
1024 512 1024 1040 477 1065
1280 512 1024 1297 475 1050
1536 512 1024 1547 476 1043
1792 512 1024 1814 485 1043
2048 512 1024 2092 500 1048
2303 512 1024 2420 594 1096
2559 512 1024 2724 663 1127
2815 512 1024 2991 693 1133
3071 512 1024 3236 696 1123
3327 512 1024 3472 685 1108
3583 512 1024 3691 647 1083
3839 512 1024 3898 587 1055
4095 512 1024 4095 513 1024
0 768 1024 63 770 1026
256 768 1024 250 770 1038
512 768 1024 474 767 1053
768 768 1024 754 759 1072
1024 768 1024 1012 759 1075
1280 768 1024 1263 762 1074
1536 768 1024 1504 772 1072
1792 768 1024 1811 795 1085
2048 768 1024 2163 825 1107
2303 768 1024 2469 863 1127
2559 768 1024 2756 893 1139
2815 768 1024 3013 910 1138
3071 768 1024 3253 906 1125
3327 768 1024 3485 893 1108
3583 768 1024 3704 860 1083
3839 768 1024 3905 817 1055
4095 768 1024 4095 768 1024
0 1024 1024 70 1026 1026
256 1024 1024 250 1027 1029
512 1024 1024 462 1028 1032
768 1024 1024 721 1029 1036
1024 1024 1024 1015 1046 1051
1280 1024 1024 1310 1069 1069
1536 1024 1024 1574 1095 1090
1792 1024 1024 1861 1129 1127
2048 1024 1024 2165 1169 1176
2303 1024 1024 2461 1182 1180
2559 1024 1024 2747 1188 1175
2815 1024 1024 3014 1182 1158
3071 1024 1024 3260 1163 1136
3327 1024 1024 3497 1138 1111
3583 1024 1024 3721 1096 1078
3839 1024 1024 3917 1058 1050
4095 1024 1024 4095 1024 1024
0 1280 1024 122 1305 1046
256 1280 1024 286 1307 1042
512 1280 1024 479 1311 1035
768 1280 1024 714 1319 1021
1024 1280 1024 1037 1351 1038
1280 1280 1024 1370 1387 1066
1536 1280 1024 1663 1423 1104
1792 1280 1024 1928 1459 1156
2048 1280 1024 2175 1497 1218
2303 1280 1024 2456 1498 1220
2559 1280 1024 2735 1489 1209
2815 1280 1024 3013 1463 1178
3071 1280 1024 3266 1430 1145
3327 1280 1024 3510 1392 1111
3583 1280 1024 3736 1340 1071
3839 1280 1024 3928 1305 1044
4095 1280 1024 4095 1280 1024
0 1536 1024 364 1675 1145
256 1536 1024 467 1678 1140
512 1536 1024 613 1685 1130
768 1536 1024 823 1698 1113
1024 1536 1024 1103 1716 1103
1280 1536 1024 1405 1735 1100
1536 1536 1024 1719 1745 1120
1792 1536 1024 2010 1748 1136
2048 1536 1024 2286 1746 1148
2303 1536 1024 2514 1753 1195
2559 1536 1024 2755 1749 1213
2815 1536 1024 3016 1728 1185
3071 1536 1024 3273 1690 1144
3327 1536 1024 3522 1646 1100
3583 1536 1024 3743 1597 1060
3839 1536 1024 3930 1562 1037
4095 1536 1024 4095 1536 1024
0 1792 1024 508 1999 1201
256 1792 1024 582 2003 1195
512 1792 1024 704 2009 1185
768 1792 1024 896 2021 1166
1024 1792 1024 1149 2033 1144
1280 1792 1024 1426 2042 1127
1536 1792 1024 1739 2043 1136
1792 1792 1024 2037 2036 1139
2048 1792 1024 2326 2023 1140
2303 1792 1024 2551 2018 1173
2559 1792 1024 2787 2005 1181
2815 1792 1024 3039 1981 1153
3071 1792 1024 3291 1941 1111
3327 1792 1024 3535 1896 1069
3583 1792 1024 3750 1851 1035
3839 1792 1024 3933 1818 1022
4095 1792 1024 4095 1792 1024
0 2048 1024 588 2293 1228
256 2048 1024 655 2296 1222
512 2048 1024 767 2300 1211
768 2048 1024 947 2307 1192
1024 2048 1024 1181 2316 1168
1280 2048 1024 1438 2323 1149
1536 2048 1024 1734 2324 1151
1792 2048 1024 2028 2322 1159
2048 2048 1024 2320 2318 1171
2303 2048 1024 2575 2291 1152
2559 2048 1024 2827 2260 1127
2815 2048 1024 3076 2226 1094
3071 2048 1024 3315 2186 1058
3327 2048 1024 3548 2145 1025
3583 2048 1024 3759 2103 1001
3839 2048 1024 3937 2072 1004
4095 2048 1024 4095 2048 1024
0 2303 1024 624 2550 1226
256 2303 1024 687 2552 1220
512 2303 1024 793 2555 1210
768 2303 1024 966 2561 1192
1024 2303 1024 1188 2568 1168
1280 2303 1024 1432 2575 1146
1536 2303 1024 1715 2577 1141
1792 2303 1024 2002 2576 1145
2048 2303 1024 2291 2573 1154
2303 2303 1024 2561 2559 1148
2559 2303 1024 2820 2536 1131
2815 2303 1024 3062 2499 1099
3071 2303 1024 3299 2458 1061
3327 2303 1024 3531 2415 1021
3583 2303 1024 3751 2367 980
3839 2303 1024 3935 2331 986
4095 2303 1024 4095 2303 1024
0 2559 1024 648 2799 1217
256 2559 1024 707 2801 1213
512 2559 1024 808 2804 1203
768 2559 1024 974 2808 1186
1024 2559 1024 1186 2815 1161
1280 2559 1024 1419 2820 1137
1536 2559 1024 1690 2823 1125
1792 2559 1024 1970 2823 1125
2048 2559 1024 2258 2820 1131
2303 2559 1024 2536 2816 1134
2559 2559 1024 2802 2801 1126
2815 2559 1024 3049 2771 1101
3071 2559 1024 3284 2729 1064
3327 2559 1024 3514 2684 1020
3583 2559 1024 3739 2633 969
3839 2559 1024 3928 2593 977
4095 2559 1024 4095 2559 1024
0 2815 1024 652 3036 1200
256 2815 1024 708 3037 1195
512 2815 1024 806 3039 1186
768 2815 1024 966 3044 1169
1024 2815 1024 1170 3049 1142
1280 2815 1024 1395 3055 1116
1536 2815 1024 1656 3058 1100
1792 2815 1024 1931 3058 1097
2048 2815 1024 2216 3056 1102
2303 2815 1024 2494 3053 1105
2559 2815 1024 2769 3048 1106
2815 2815 1024 3037 3037 1100
3071 2815 1024 3272 2999 1068
3327 2815 1024 3498 2952 1026
3583 2815 1024 3720 2902 974
3839 2815 1024 3916 2857 980
4095 2815 1024 4095 2815 1023
0 3071 1024 629 3260 1175
256 3071 1024 686 3261 1170
512 3071 1024 784 3263 1160
768 3071 1024 942 3267 1144
1024 3071 1024 1142 3273 1117
1280 3071 1024 1362 3278 1089
1536 3071 1024 1616 3281 1071
1792 3071 1024 1887 3282 1065
2048 3071 1024 2169 3280 1067
2303 3071 1024 2446 3278 1070
2559 3071 1024 2722 3275 1073
2815 3071 1024 2994 3271 1073
3071 3071 1024 3246 3249 1056
3327 3071 1024 3487 3218 1029
3583 3071 1024 3706 3168 979
3839 3071 1024 3906 3119 982
4095 3071 1024 4095 3071 1022
0 3327 1024 590 3479 1145
256 3327 1024 649 3480 1141
512 3327 1024 749 3482 1131
768 3327 1024 909 3486 1115
1024 3327 1024 1107 3491 1088
1280 3327 1024 1323 3496 1059
1536 3327 1024 1573 3499 1038
1792 3327 1024 1839 3500 1030
2048 3327 1024 2118 3499 1029
2303 3327 1024 2393 3498 1032
2559 3327 1024 2669 3496 1034
2815 3327 1024 2942 3493 1036
3071 3327 1024 3210 3488 1035
3327 3327 1024 3469 3474 1024
3583 3327 1024 3691 3429 981
3839 3327 1024 3898 3379 984
4095 3327 1024 4095 3327 1019
0 3583 1024 514 3689 1109
256 3583 1024 579 3690 1105
512 3583 1024 686 3692 1096
768 3583 1024 855 3695 1079
1024 3583 1024 1055 3700 1051
1280 3583 1024 1271 3705 1021
1536 3583 1024 1519 3708 998
1792 3583 1024 1783 3710 987
2048 3583 1024 2060 3710 984
2303 3583 1024 2334 3708 985
2559 3583 1024 2609 3706 987
2815 3583 1024 2881 3705 988
3071 3583 1024 3151 3702 988
3327 3583 1024 3416 3696 985
3583 3583 1024 3668 3678 971
3839 3583 1024 3890 3638 984
4095 3583 1024 4092 3581 1015
0 3839 1024 400 3888 1071
256 3839 1024 490 3890 1068
512 3839 1024 621 3892 1062
768 3839 1024 815 3895 1051
1024 3839 1024 1032 3899 1032
1280 3839 1024 1261 3903 1013
1536 3839 1024 1511 3906 998
1792 3839 1024 1772 3907 990
2048 3839 1024 2040 3907 987
2303 3839 1024 2308 3906 988
2559 3839 1024 2575 3905 989
2815 3839 1024 2841 3904 989
3071 3839 1024 3106 3902 990
3327 3839 1024 3369 3901 990
3583 3839 1024 3630 3897 988
3839 3839 1024 3867 3871 1000
4095 3839 1024 4087 3831 1021
0 4095 1024 262 4080 1032
256 4095 1024 387 4082 1031
512 4095 1024 554 4085 1030
768 4095 1024 783 4089 1027
1024 4095 1024 1029 4092 1025
1280 4095 1024 1279 4095 1024
1536 4095 1024 1535 4095 1023
1792 4095 1024 1791 4095 1023
2048 4095 1024 2047 4095 1023
2303 4095 1024 2303 4095 1023
2559 4095 1024 2559 4095 1023
2815 4095 1024 2815 4095 1023
3071 4095 1024 3071 4095 1024
3327 4095 1024 3327 4095 1024
3583 4095 1024 3583 4095 1024
3839 4095 1024 3833 4088 1028
4095 4095 1024 4079 4077 1034
0 0 1280 117 97 1284
256 0 1280 301 57 1282
512 0 1280 513 25 1280
768 0 1280 768 4 1280
1024 0 1280 1024 0 1280
1280 0 1280 1280 0 1280
1536 0 1280 1536 0 1280
1792 0 1280 1792 0 1280
2048 0 1280 2048 0 1280
2303 0 1280 2382 255 1341
2559 0 1280 2693 428 1383
2815 0 1280 2970 478 1394
3071 0 1280 3219 485 1387
3327 0 1280 3458 472 1371
3583 0 1280 3679 419 1346
3839 0 1280 3889 301 1315
4095 0 1280 4090 138 1281
0 256 1280 63 292 1282
256 256 1280 263 273 1302
512 256 1280 494 253 1318
768 256 1280 770 232 1325
1024 256 1280 1035 226 1313
1280 256 1280 1296 224 1298
1536 256 1280 1551 223 1291
1792 256 1280 1808 224 1287
2048 256 1280 2065 227 1285
2303 256 1280 2400 396 1347
2559 256 1280 2711 514 1387
2815 256 1280 2982 554 1396
3071 256 1280 3228 562 1387
3327 256 1280 3464 552 1371
3583 256 1280 3684 508 1345
3839 256 1280 3893 423 1314
4095 256 1280 4093 309 1280
0 512 1280 39 513 1280
256 512 1280 243 507 1310
512 512 1280 479 496 1337
768 512 1280 762 479 1357
1024 512 1280 1041 469 1342
1280 512 1280 1315 460 1320
1536 512 1280 1574 455 1303
1792 512 1280 1843 464 1302
2048 512 1280 2118 482 1311
2303 512 1280 2440 580 1361
2559 512 1280 2739 651 1393
2815 512 1280 3000 684 1398
3071 512 1280 3241 690 1388
3327 512 1280 3474 682 1371
3583 512 1280 3693 646 1345
3839 512 1280 3898 588 1314
4095 512 1280 4095 513 1280
0 768 1280 62 770 1281
256 768 1280 249 768 1299
512 768 1280 469 764 1328
768 768 1280 739 754 1372
1024 768 1280 1039 734 1367
1280 768 1280 1338 714 1347
1536 768 1280 1606 701 1318
1792 768 1280 1906 727 1329
2048 768 1280 2225 780 1368
2303 768 1280 2512 825 1389
2559 768 1280 2783 864 1401
2815 768 1280 3028 892 1402
3071 768 1280 3261 895 1390
3327 768 1280 3489 888 1372
3583 768 1280 3705 859 1346
3839 768 1280 3905 817 1315
4095 768 1280 4095 768 1280
0 1024 1280 74 1026 1281
256 1024 1280 251 1026 1291
512 1024 1280 460 1027 1309
768 1024 1280 716 1027 1341
1024 1024 1280 1035 1035 1359
1280 1024 1280 1355 1047 1373
1536 1024 1280 1615 1066 1383
1792 1024 1280 1893 1104 1411
2048 1024 1280 2183 1154 1451
2303 1024 1280 2476 1168 1450
2559 1024 1280 2758 1175 1443
2815 1024 1280 3021 1174 1427
3071 1024 1280 3264 1160 1405
3327 1024 1280 3498 1138 1379
3583 1024 1280 3720 1098 1345
3839 1024 1280 3916 1060 1312
4095 1024 1280 4095 1024 1280
0 1280 1280 130 1305 1303
256 1280 1280 290 1307 1305
512 1280 1280 481 1312 1311
768 1280 1280 719 1322 1323
1024 1280 1280 1044 1356 1357
1280 1280 1280 1373 1398 1397
1536 1280 1280 1632 1444 1443
1792 1280 1280 1889 1482 1479
2048 1280 1280 2145 1516 1508
2303 1280 1280 2432 1515 1510
2559 1280 1280 2719 1502 1498
2815 1280 1280 3002 1474 1464
3071 1280 1280 3259 1439 1426
3327 1280 1280 3506 1400 1387
3583 1280 1280 3733 1348 1344
3839 1280 1280 3926 1309 1310
4095 1280 1280 4095 1280 1280
0 1536 1280 377 1678 1411
256 1536 1280 477 1681 1410
512 1536 1280 619 1688 1410
768 1536 1280 827 1700 1409
1024 1536 1280 1103 1721 1408
1280 1536 1280 1399 1741 1410
1536 1536 1280 1710 1753 1429
1792 1536 1280 1999 1758 1437
2048 1536 1280 2273 1756 1439
2303 1536 1280 2464 1784 1530
2559 1536 1280 2689 1792 1569
2815 1536 1280 2964 1771 1526
3071 1536 1280 3244 1720 1458
3327 1536 1280 3513 1663 1389
3583 1536 1280 3734 1612 1344
3839 1536 1280 3924 1571 1309
4095 1536 1280 4095 1536 1280
0 1792 1280 519 2003 1469
256 1792 1280 591 2006 1466
512 1792 1280 711 2012 1462
768 1792 1280 902 2023 1455
1024 1792 1280 1147 2036 1437
1280 1792 1280 1418 2046 1422
1536 1792 1280 1736 2046 1425
1792 1792 1280 2036 2039 1427
2048 1792 1280 2323 2028 1429
2303 1792 1280 2514 2042 1500
2559 1792 1280 2732 2042 1529
2815 1792 1280 2991 2021 1492
3071 1792 1280 3265 1970 1425
3327 1792 1280 3529 1913 1358
3583 1792 1280 3742 1866 1324
3839 1792 1280 3927 1827 1299
4095 1792 1280 4095 1792 1280
0 2048 1280 592 2295 1494
256 2048 1280 658 2297 1491
512 2048 1280 771 2301 1484
768 2048 1280 953 2308 1473
1024 2048 1280 1182 2317 1453
1280 2048 1280 1433 2325 1434
1536 2048 1280 1728 2327 1428
1792 2048 1280 2024 2325 1438
2048 2048 1280 2320 2320 1458
2303 2048 1280 2575 2294 1437
2559 2048 1280 2823 2267 1415
2815 2048 1280 3061 2240 1394
3071 2048 1280 3310 2198 1349
3327 2048 1280 3552 2153 1306
3583 2048 1280 3755 2115 1293
3839 2048 1280 3933 2080 1285
4095 2048 1280 4095 2048 1280
0 2303 1280 624 2551 1489
256 2303 1280 687 2552 1486
512 2303 1280 794 2556 1479
768 2303 1280 969 2561 1468
1024 2303 1280 1188 2569 1447
1280 2303 1280 1427 2576 1425
1536 2303 1280 1702 2580 1408
1792 2303 1280 1990 2580 1409
2048 2303 1280 2287 2576 1422
2303 2303 1280 2559 2562 1416
2559 2303 1280 2819 2541 1400
2815 2303 1280 3061 2506 1371
3071 2303 1280 3305 2462 1324
3327 2303 1280 3544 2416 1275
3583 2303 1280 3763 2368 1238
3839 2303 1280 3942 2331 1245
4095 2303 1280 4095 2303 1280
0 2559 1280 644 2799 1479
256 2559 1280 704 2801 1475
512 2559 1280 807 2804 1468
768 2559 1280 974 2808 1456
1024 2559 1280 1184 2815 1435
1280 2559 1280 1413 2822 1410
1536 2559 1280 1672 2828 1383
1792 2559 1280 1952 2828 1377
2048 2559 1280 2246 2825 1384
2303 2559 1280 2530 2820 1387
2559 2559 1280 2801 2804 1378
2815 2559 1280 3053 2773 1353
3071 2559 1280 3294 2730 1307
3327 2559 1280 3530 2682 1256
3583 2559 1280 3758 2628 1203
3839 2559 1280 3941 2589 1219
4095 2559 1280 4095 2559 1280
0 2815 1280 647 3036 1459
256 2815 1280 704 3037 1456
512 2815 1280 803 3039 1448
768 2815 1280 965 3044 1435
1024 2815 1280 1168 3050 1412
1280 2815 1280 1387 3056 1386
1536 2815 1280 1632 3063 1351
1792 2815 1280 1905 3065 1339
2048 2815 1280 2195 3063 1340
2303 2815 1280 2481 3059 1345
2559 2815 1280 2762 3051 1346
2815 2815 1280 3034 3040 1341
3071 2815 1280 3276 3000 1304
3327 2815 1280 3508 2952 1256
3583 2815 1280 3735 2899 1198
3839 2815 1280 3927 2854 1214
4095 2815 1280 4095 2815 1280
0 3071 1280 624 3260 1432
256 3071 1280 681 3261 1428
512 3071 1280 780 3264 1421
768 3071 1280 940 3267 1407
1024 3071 1280 1140 3273 1384
1280 3071 1280 1354 3279 1356
1536 3071 1280 1589 3287 1318
1792 3071 1280 1854 3289 1300
2048 3071 1280 2139 3288 1296
2303 3071 1280 2424 3285 1300
2559 3071 1280 2708 3280 1303
2815 3071 1280 2986 3275 1303
3071 3071 1280 3243 3252 1285
3327 3071 1280 3490 3219 1255
3583 3071 1280 3715 3167 1198
3839 3071 1280 3914 3118 1214
4095 3071 1280 4095 3071 1279
0 3327 1280 585 3479 1401
256 3327 1280 645 3480 1397
512 3327 1280 745 3482 1390
768 3327 1280 906 3486 1376
1024 3327 1280 1105 3491 1353
1280 3327 1280 1316 3497 1324
1536 3327 1280 1542 3505 1282
1792 3327 1280 1800 3508 1260
2048 3327 1280 2080 3508 1251
2303 3327 1280 2365 3505 1253
2559 3327 1280 2648 3502 1255
2815 3327 1280 2928 3499 1257
3071 3327 1280 3202 3492 1256
3327 3327 1280 3465 3477 1244
3583 3327 1280 3693 3431 1196
3839 3327 1280 3901 3380 1214
4095 3327 1280 4095 3327 1275
0 3583 1280 510 3689 1364
256 3583 1280 576 3690 1361
512 3583 1280 683 3692 1353
768 3583 1280 853 3695 1340
1024 3583 1280 1054 3700 1316
1280 3583 1280 1264 3706 1286
1536 3583 1280 1484 3714 1240
1792 3583 1280 1738 3718 1213
2048 3583 1280 2014 3719 1200
2303 3583 1280 2298 3717 1200
2559 3583 1280 2581 3714 1201
2815 3583 1280 2860 3711 1202
3071 3583 1280 3136 3707 1202
3327 3583 1280 3407 3700 1198
3583 3583 1280 3664 3681 1182
3839 3583 1280 3890 3640 1207
4095 3583 1280 4095 3584 1260
0 3839 1280 412 3886 1326
256 3839 1280 497 3888 1324
512 3839 1280 624 3891 1318
768 3839 1280 815 3895 1309
1024 3839 1280 1032 3899 1293
1280 3839 1280 1257 3904 1274
1536 3839 1280 1489 3909 1244
1792 3839 1280 1743 3912 1227
2048 3839 1280 2010 3913 1217
2303 3839 1280 2283 3911 1217
2559 3839 1280 2556 3910 1217
2815 3839 1280 2826 3908 1217
3071 3839 1280 3095 3906 1218
3327 3839 1280 3362 3904 1217
3583 3839 1280 3626 3899 1215
3839 3839 1280 3866 3873 1233
4095 3839 1280 4088 3833 1266
0 4095 1280 299 4075 1287
256 4095 1280 411 4077 1286
512 4095 1280 566 4081 1285
768 4095 1280 787 4088 1283
1024 4095 1280 1029 4092 1281
1280 4095 1280 1279 4095 1279
1536 4095 1280 1535 4095 1280
1792 4095 1280 1791 4095 1279
2048 4095 1280 2047 4095 1279
2303 4095 1280 2303 4095 1279
2559 4095 1280 2559 4095 1279
2815 4095 1280 2815 4095 1279
3071 4095 1280 3071 4095 1279
3327 4095 1280 3327 4095 1279
3583 4095 1280 3583 4095 1279
3839 4095 1280 3832 4088 1282
4095 4095 1280 4077 4075 1287
0 0 1536 150 97 1539
256 0 1536 313 42 1537
512 0 1536 512 7 1536
768 0 1536 768 1 1536
1024 0 1536 1024 0 1536
1280 0 1536 1280 0 1536
1536 0 1536 1536 0 1536
1792 0 1536 1792 0 1536
2048 0 1536 2048 1 1536
2303 0 1536 2387 267 1605
2559 0 1536 2700 446 1651
2815 0 1536 2972 490 1660
3071 0 1536 3221 494 1651
3327 0 1536 3458 479 1634
3583 0 1536 3680 425 1606
3839 0 1536 3884 344 1574
4095 0 1536 4078 245 1538
0 256 1536 62 292 1537
256 256 1536 261 267 1556
512 256 1536 489 245 1572
768 256 1536 762 230 1584
1024 256 1536 1028 225 1574
1280 256 1536 1292 224 1560
1536 256 1536 1549 223 1552
1792 256 1536 1813 234 1552
2048 256 1536 2081 252 1560
2303 256 1536 2410 416 1619
2559 256 1536 2716 528 1657
2815 256 1536 2985 563 1663
3071 256 1536 3230 566 1652
3327 256 1536 3466 553 1634
3583 256 1536 3686 506 1606
3839 256 1536 3892 436 1573
4095 256 1536 4088 349 1537
0 512 1536 22 512 1536
256 512 1536 234 506 1564
512 512 1536 472 494 1592
768 512 1536 748 476 1621
1024 512 1536 1028 466 1613
1280 512 1536 1306 458 1594
1536 512 1536 1568 454 1574
1792 512 1536 1847 476 1579
2048 512 1536 2138 515 1599
2303 512 1536 2451 599 1641
2559 512 1536 2744 659 1667
2815 512 1536 3006 684 1667
3071 512 1536 3247 685 1653
3327 512 1536 3479 673 1634
3583 512 1536 3697 634 1605
3839 512 1536 3901 580 1572
4095 512 1536 4095 514 1536
0 768 1536 55 769 1536
256 768 1536 245 767 1556
512 768 1536 464 761 1589
768 768 1536 724 750 1642
1024 768 1536 1021 729 1653
1280 768 1536 1321 708 1645
1536 768 1536 1595 697 1608
1792 768 1536 1903 732 1620
2048 768 1536 2234 796 1664
2303 768 1536 2519 833 1676
2559 768 1536 2790 862 1681
2815 768 1536 3039 878 1673
3071 768 1536 3274 874 1655
3327 768 1536 3501 862 1633
3583 768 1536 3715 834 1604
3839 768 1536 3911 802 1571
4095 768 1536 4095 768 1536
0 1024 1536 71 1025 1537
256 1024 1536 250 1025 1549
512 1024 1536 462 1029 1578
768 1024 1536 723 1037 1633
1024 1024 1536 1034 1041 1666
1280 1024 1536 1354 1043 1688
1536 1024 1536 1651 1048 1681
1792 1024 1536 1960 1071 1693
2048 1024 1536 2276 1107 1718
2303 1024 1536 2551 1120 1711
2559 1024 1536 2817 1127 1699
2815 1024 1536 3066 1126 1682
3071 1024 1536 3296 1118 1660
3327 1024 1536 3519 1104 1635
3583 1024 1536 3733 1073 1603
3839 1024 1536 3922 1047 1570
4095 1024 1536 4095 1024 1536
0 1280 1536 134 1306 1560
256 1280 1536 293 1307 1566
512 1280 1536 491 1317 1588
768 1280 1536 746 1343 1634
1024 1280 1536 1060 1370 1681
1280 1280 1536 1386 1397 1724
1536 1280 1536 1706 1415 1748
1792 1280 1536 2005 1425 1758
2048 1280 1536 2290 1429 1760
2303 1280 1536 2549 1431 1749
2559 1280 1536 2807 1425 1731
2815 1280 1536 3065 1407 1703
3071 1280 1536 3301 1389 1673
3327 1280 1536 3529 1367 1641
3583 1280 1536 3744 1330 1604
3839 1280 1536 3929 1302 1569
4095 1280 1536 4095 1280 1536
0 1536 1536 398 1682 1677
256 1536 1536 494 1685 1680
512 1536 1536 636 1693 1690
768 1536 1536 845 1708 1708
1024 1536 1536 1113 1726 1725
1280 1536 1536 1405 1741 1740
1536 1536 1536 1733 1745 1748
1792 1536 1536 2008 1752 1756
2048 1536 1536 2247 1761 1765
2303 1536 1536 2443 1787 1802
2559 1536 1536 2676 1793 1810
2815 1536 1536 2961 1768 1774
3071 1536 1536 3240 1720 1719
3327 1536 1536 3507 1667 1662
3583 1536 1536 3729 1616 1615
3839 1536 1536 3922 1573 1574
4095 1536 1536 4095 1536 1536
0 1792 1536 541 2007 1738
256 1792 1536 611 2009 1738
512 1792 1536 729 2015 1740
768 1792 1536 918 2024 1744
1024 1792 1536 1160 2035 1744
1280 1792 1536 1427 2044 1743
1536 1792 1536 1743 2044 1744
1792 1792 1536 2017 2048 1758
2048 1792 1536 2263 2053 1781
2303 1792 1536 2460 2068 1806
2559 1792 1536 2676 2073 1822
2815 1792 1536 2919 2061 1825
3071 1792 1536 3207 2009 1756
3327 1792 1536 3492 1946 1675
3583 1792 1536 3722 1887 1618
3839 1792 1536 3919 1837 1573
4095 1792 1536 4095 1792 1536
0 2048 1536 605 2296 1761
256 2048 1536 672 2298 1760
512 2048 1536 787 2301 1758
768 2048 1536 973 2307 1754
1024 2048 1536 1202 2315 1746
1280 2048 1536 1451 2322 1738
1536 2048 1536 1741 2323 1737
1792 2048 1536 2030 2321 1762
2048 2048 1536 2319 2317 1804
2303 2048 1536 2557 2298 1777
2559 2048 1536 2763 2294 1790
2815 2048 1536 2918 2310 1864
3071 2048 1536 3192 2268 1788
3327 2048 1536 3483 2210 1684
3583 2048 1536 3720 2148 1617
3839 2048 1536 3920 2095 1570
4095 2048 1536 4095 2048 1536
0 2303 1536 632 2551 1755
256 2303 1536 695 2553 1753
512 2303 1536 804 2556 1750
768 2303 1536 981 2561 1744
1024 2303 1536 1202 2568 1733
1280 2303 1536 1441 2574 1721
1536 2303 1536 1712 2578 1709
1792 2303 1536 1996 2578 1717
2048 2303 1536 2289 2574 1738
2303 2303 1536 2553 2564 1727
2559 2303 1536 2798 2551 1723
2815 2303 1536 3009 2534 1729
3071 2303 1536 3267 2489 1662
3327 2303 1536 3528 2437 1586
3583 2303 1536 3748 2384 1548
3839 2303 1536 3933 2341 1534
4095 2303 1536 4095 2303 1536
0 2559 1536 648 2800 1743
256 2559 1536 708 2801 1741
512 2559 1536 811 2804 1736
768 2559 1536 981 2808 1729
1024 2559 1536 1193 2814 1715
1280 2559 1536 1423 2820 1698
1536 2559 1536 1678 2827 1677
1792 2559 1536 1954 2828 1669
2048 2559 1536 2244 2826 1669
2303 2559 1536 2528 2821 1670
2559 2559 1536 2801 2806 1660
2815 2559 1536 3056 2776 1635
3071 2559 1536 3304 2731 1578
3327 2559 1536 3545 2682 1520
3583 2559 1536 3761 2632 1489
3839 2559 1536 3940 2593 1499
4095 2559 1536 4095 2559 1536
0 2815 1536 647 3036 1722
256 2815 1536 704 3037 1719
512 2815 1536 804 3040 1714
768 2815 1536 968 3043 1704
1024 2815 1536 1172 3049 1687
1280 2815 1536 1393 3056 1667
1536 2815 1536 1636 3063 1639
1792 2815 1536 1900 3067 1617
2048 2815 1536 2176 3069 1599
2303 2815 1536 2469 3063 1604
2559 2815 1536 2757 3055 1606
2815 2815 1536 3036 3043 1602
3071 2815 1536 3283 3002 1559
3327 2815 1536 3520 2952 1505
3583 2815 1536 3752 2897 1444
3839 2815 1536 3938 2853 1463
4095 2815 1536 4095 2815 1536
0 3071 1536 622 3260 1692
256 3071 1536 680 3261 1690
512 3071 1536 779 3264 1684
768 3071 1536 941 3267 1673
1024 3071 1536 1142 3272 1655
1280 3071 1536 1357 3279 1633
1536 3071 1536 1592 3286 1601
1792 3071 1536 1843 3292 1569
2048 3071 1536 2107 3297 1539
2303 3071 1536 2402 3292 1543
2559 3071 1536 2694 3286 1546
2815 3071 1536 2980 3279 1548
3071 3071 1536 3244 3255 1527
3327 3071 1536 3497 3221 1493
3583 3071 1536 3728 3166 1431
3839 3071 1536 3924 3117 1454
4095 3071 1536 4095 3071 1535
0 3327 1536 582 3479 1660
256 3327 1536 642 3480 1657
512 3327 1536 743 3482 1651
768 3327 1536 906 3486 1640
1024 3327 1536 1106 3491 1621
1280 3327 1536 1318 3497 1597
1536 3327 1536 1544 3505 1561
1792 3327 1536 1785 3512 1523
2048 3327 1536 2038 3518 1484
2303 3327 1536 2332 3514 1485
2559 3327 1536 2625 3510 1486
2815 3327 1536 2913 3505 1488
3071 3327 1536 3195 3497 1487
3327 3327 1536 3465 3481 1474
3583 3327 1536 3699 3432 1423
3839 3327 1536 3906 3381 1450
4095 3327 1536 4095 3327 1531
0 3583 1536 508 3689 1622
256 3583 1536 574 3690 1619
512 3583 1536 682 3692 1612
768 3583 1536 853 3695 1601
1024 3583 1536 1054 3700 1581
1280 3583 1536 1265 3706 1556
1536 3583 1536 1485 3714 1516
1792 3583 1536 1722 3721 1475
2048 3583 1536 1970 3728 1434
2303 3583 1536 2260 3726 1428
2559 3583 1536 2550 3723 1425
2815 3583 1536 2838 3719 1426
3071 3583 1536 3122 3714 1426
3327 3583 1536 3400 3705 1422
3583 3583 1536 3662 3684 1404
3839 3583 1536 3890 3642 1439
4095 3583 1536 4095 3584 1511
0 3839 1536 423 3884 1582
256 3839 1536 503 3886 1580
512 3839 1536 626 3890 1575
768 3839 1536 814 3895 1568
1024 3839 1536 1031 3900 1554
1280 3839 1536 1257 3904 1538
1536 3839 1536 1489 3909 1512
1792 3839 1536 1732 3914 1486
2048 3839 1536 1982 3918 1460
2303 3839 1536 2258 3917 1454
2559 3839 1536 2534 3916 1451
2815 3839 1536 2811 3914 1452
3071 3839 1536 3084 3911 1452
3327 3839 1536 3356 3907 1451
3583 3839 1536 3623 3901 1448
3839 3839 1536 3864 3874 1473
4095 3839 1536 4087 3832 1518
0 4095 1536 333 4069 1541
256 4095 1536 431 4073 1541
512 4095 1536 575 4079 1539
768 4095 1536 785 4089 1538
1024 4095 1536 1027 4093 1536
1280 4095 1536 1279 4095 1535
1536 4095 1536 1535 4095 1536
1792 4095 1536 1792 4095 1536
2048 4095 1536 2048 4095 1536
2303 4095 1536 2303 4095 1536
2559 4095 1536 2559 4095 1536
2815 4095 1536 2815 4095 1535
3071 4095 1536 3071 4095 1535
3327 4095 1536 3327 4095 1536
3583 4095 1536 3583 4095 1535
3839 4095 1536 3831 4086 1537
4095 4095 1536 4074 4072 1541
0 0 1792 179 106 1793
256 0 1792 323 40 1792
512 0 1792 512 0 1792
768 0 1792 768 0 1792
1024 0 1792 1024 0 1792
1280 0 1792 1280 0 1792
1536 0 1792 1536 0 1792
1792 0 1792 1801 41 1801
2048 0 1792 2073 110 1815
2303 0 1792 2402 322 1879
2559 0 1792 2707 465 1919
2815 0 1792 2976 502 1926
3071 0 1792 3222 504 1914
3327 0 1792 3459 486 1896
3583 0 1792 3680 430 1866
3839 0 1792 3884 354 1831
4095 0 1792 4077 265 1793
0 256 1792 67 296 1792
256 256 1792 262 265 1809
512 256 1792 486 242 1826
768 256 1792 755 228 1841
1024 256 1792 1023 224 1833
1280 256 1792 1288 223 1820
1536 256 1792 1546 223 1811
1792 256 1792 1821 259 1822
2048 256 1792 2107 320 1845
2303 256 1792 2425 452 1896
2559 256 1792 2722 544 1927
2815 256 1792 2988 573 1930
3071 256 1792 3232 573 1917
3327 256 1792 3467 557 1897
3583 256 1792 3687 508 1866
3839 256 1792 3892 441 1831
4095 256 1792 4087 360 1792
0 512 1792 14 512 1792
256 512 1792 230 505 1817
512 512 1792 467 493 1846
768 512 1792 737 474 1880
1024 512 1792 1017 464 1878
1280 512 1792 1296 457 1865
1536 512 1792 1566 457 1848
1792 512 1792 1856 493 1859
2048 512 1792 2161 552 1891
2303 512 1792 2463 620 1923
2559 512 1792 2749 670 1940
2815 512 1792 3009 690 1937
3071 512 1792 3249 687 1920
3327 512 1792 3481 672 1898
3583 512 1792 3699 631 1866
3839 512 1792 3901 579 1831
4095 512 1792 4093 518 1792
0 768 1792 50 769 1792
256 768 1792 243 766 1811
512 768 1792 459 760 1845
768 768 1792 712 747 1902
1024 768 1792 1005 725 1928
1280 768 1792 1305 705 1937
1536 768 1792 1599 710 1909
1792 768 1792 1914 750 1921
2048 768 1792 2243 813 1958
2303 768 1792 2524 844 1963
2559 768 1792 2793 866 1961
2815 768 1792 3044 876 1947
3071 768 1792 3278 869 1925
3327 768 1792 3506 854 1899
3583 768 1792 3719 823 1866
3839 768 1792 3914 795 1830
4095 768 1792 4095 769 1792
0 1024 1792 109 1034 1803
256 1024 1792 277 1035 1818
512 1024 1792 479 1038 1852
768 1024 1792 732 1046 1914
1024 1024 1792 1031 1044 1963
1280 1024 1792 1344 1041 1998
1536 1024 1792 1666 1045 1993
1792 1024 1792 1989 1064 1998
2048 1024 1792 2313 1094 2009
2303 1024 1792 2580 1104 1993
2559 1024 1792 2838 1111 1976
2815 1024 1792 3082 1110 1953
3071 1024 1792 3310 1101 1928
3327 1024 1792 3531 1086 1900
3583 1024 1792 3742 1056 1865
3839 1024 1792 3927 1036 1829
4095 1024 1792 4095 1024 1792
0 1280 1792 207 1321 1835
256 1280 1792 345 1324 1846
512 1280 1792 527 1335 1875
768 1280 1792 775 1360 1933
1024 1280 1792 1071 1380 1994
1280 1280 1792 1386 1394 2046
1536 1280 1792 1729 1398 2061
1792 1280 1792 2047 1397 2058
2048 1280 1792 2348 1394 2045
2303 1280 1792 2602 1393 2022
2559 1280 1792 2853 1388 1996
2815 1280 1792 3098 1375 1967
3071 1280 1792 3327 1360 1936
3327 1280 1792 3548 1341 1903
3583 1280 1792 3757 1308 1866
3839 1280 1792 3936 1289 1829
4095 1280 1792 4095 1280 1792
0 1536 1792 435 1685 1942
256 1536 1792 523 1688 1949
512 1536 1792 657 1695 1964
768 1536 1792 861 1709 1993
1024 1536 1792 1120 1722 2025
1280 1536 1792 1404 1732 2049
1536 1536 1792 1736 1734 2038
1792 1536 1792 2015 1743 2038
2048 1536 1792 2259 1756 2045
2303 1536 1792 2494 1758 2054
2559 1536 1792 2746 1749 2046
2815 1536 1792 3022 1723 2012
3071 1536 1792 3284 1681 1967
3327 1536 1792 3534 1637 1919
3583 1536 1792 3745 1596 1874
3839 1536 1792 3929 1563 1832
4095 1536 1792 4095 1536 1792
0 1792 1792 563 2006 2001
256 1792 1792 633 2008 2004
512 1792 1792 750 2012 2010
768 1792 1792 939 2020 2021
1024 1792 1792 1173 2029 2034
1280 1792 1792 1432 2037 2043
1536 1792 1792 1742 2039 2031
1792 1792 1792 2013 2046 2039
2048 1792 1792 2259 2057 2060
2303 1792 1792 2482 2057 2068
2559 1792 1792 2708 2053 2075
2815 1792 1792 2939 2044 2081
3071 1792 1792 3218 1996 2022
3327 1792 1792 3496 1939 1950
3583 1792 1792 3724 1883 1889
3839 1792 1792 3920 1835 1837
4095 1792 1792 4095 1792 1792
0 2048 1792 625 2298 2028
256 2048 1792 697 2299 2028
512 2048 1792 818 2301 2028
768 2048 1792 1011 2305 2029
1024 2048 1792 1230 2312 2030
1280 2048 1792 1465 2320 2032
1536 2048 1792 1745 2322 2034
1792 2048 1792 2030 2321 2054
2048 2048 1792 2320 2318 2085
2303 2048 1792 2531 2312 2069
2559 2048 1792 2715 2319 2090
2815 2048 1792 2854 2347 2164
3071 2048 1792 3136 2306 2094
3327 2048 1792 3442 2244 1991
3583 2048 1792 3698 2169 1907
3839 2048 1792 3911 2105 1843
4095 2048 1792 4095 2048 1792
0 2303 1792 646 2552 2021
256 2303 1792 712 2554 2020
512 2303 1792 824 2556 2019
768 2303 1792 1006 2559 2018
1024 2303 1792 1225 2565 2015
1280 2303 1792 1460 2571 2011
1536 2303 1792 1724 2576 2004
1792 2303 1792 2009 2574 2016
2048 2303 1792 2307 2567 2040
2303 2303 1792 2550 2565 2036
2559 2303 1792 2775 2561 2037
2815 2303 1792 2971 2552 2047
3071 2303 1792 3218 2519 1999
3327 2303 1792 3472 2474 1938
3583 2303 1792 3711 2414 1877
3839 2303 1792 3915 2357 1830
4095 2303 1792 4095 2303 1792
0 2559 1792 656 2800 2007
256 2559 1792 717 2801 2006
512 2559 1792 823 2804 2004
768 2559 1792 996 2807 2000
1024 2559 1792 1211 2812 1993
1280 2559 1792 1442 2818 1984
1536 2559 1792 1693 2824 1970
1792 2559 1792 1970 2823 1969
2048 2559 1792 2265 2818 1978
2303 2559 1792 2536 2816 1983
2559 2559 1792 2797 2805 1977
2815 2559 1792 3040 2781 1954
3071 2559 1792 3270 2749 1919
3327 2559 1792 3497 2712 1878
3583 2559 1792 3728 2659 1825
3839 2559 1792 3923 2608 1800
4095 2559 1792 4095 2559 1792
0 2815 1792 651 3036 1984
256 2815 1792 709 3037 1982
512 2815 1792 810 3039 1979
768 2815 1792 976 3043 1973
1024 2815 1792 1182 3048 1962
1280 2815 1792 1404 3054 1949
1536 2815 1792 1647 3061 1928
1792 2815 1792 1907 3065 1908
2048 2815 1792 2178 3068 1888
2303 2815 1792 2474 3061 1902
2559 2815 1792 2761 3053 1907
2815 2815 1792 3035 3044 1899
3071 2815 1792 3279 3006 1860
3327 2815 1792 3515 2960 1809
3583 2815 1792 3749 2903 1742
3839 2815 1792 3938 2856 1744
4095 2815 1792 4095 2815 1792
0 3071 1792 624 3260 1953
256 3071 1792 682 3261 1951
512 3071 1792 782 3263 1947
768 3071 1792 945 3267 1940
1024 3071 1792 1148 3272 1927
1280 3071 1792 1364 3278 1910
1536 3071 1792 1598 3285 1885
1792 3071 1792 1845 3292 1854
2048 3071 1792 2100 3298 1818
2303 3071 1792 2395 3293 1821
2559 3071 1792 2689 3288 1822
2815 3071 1792 2977 3281 1821
3071 3071 1792 3244 3257 1801
3327 3071 1792 3500 3224 1767
3583 3071 1792 3734 3167 1700
3839 3071 1792 3928 3117 1718
4095 3071 1792 4095 3071 1792
0 3327 1792 582 3479 1919
256 3327 1792 642 3480 1917
512 3327 1792 744 3482 1912
768 3327 1792 909 3485 1904
1024 3327 1792 1109 3490 1889
1280 3327 1792 1322 3496 1870
1536 3327 1792 1547 3504 1840
1792 3327 1792 1782 3512 1801
2048 3327 1792 2024 3521 1755
2303 3327 1792 2314 3520 1743
2559 3327 1792 2607 3516 1737
2815 3327 1792 2903 3510 1740
3071 3327 1792 3190 3501 1739
3327 3327 1792 3467 3483 1726
3583 3327 1792 3706 3433 1669
3839 3327 1792 3912 3381 1700
4095 3327 1792 4095 3327 1789
0 3583 1792 506 3689 1880
256 3583 1792 573 3690 1877
512 3583 1792 682 3692 1872
768 3583 1792 855 3695 1863
1024 3583 1792 1056 3700 1847
1280 3583 1792 1268 3706 1826
1536 3583 1792 1487 3714 1792
1792 3583 1792 1717 3722 1750
2048 3583 1792 1953 3731 1702
2303 3583 1792 2234 3733 1679
2559 3583 1792 2521 3731 1666
2815 3583 1792 2819 3726 1665
3071 3583 1792 3109 3719 1665
3327 3583 1792 3394 3709 1660
3583 3583 1792 3664 3687 1641
3839 3583 1792 3893 3643 1686
4095 3583 1792 4095 3584 1775
0 3839 1792 422 3885 1838
256 3839 1792 496 3888 1836
512 3839 1792 618 3892 1833
768 3839 1792 812 3896 1827
1024 3839 1792 1031 3900 1816
1280 3839 1792 1258 3904 1802
1536 3839 1792 1490 3909 1780
1792 3839 1792 1728 3915 1753
2048 3839 1792 1971 3920 1722
2303 3839 1792 2240 3922 1706
2559 3839 1792 2514 3921 1695
2815 3839 1792 2796 3918 1694
3071 3839 1792 3074 3915 1694
3327 3839 1792 3351 3910 1693
3583 3839 1792 3623 3904 1690
3839 3839 1792 3865 3875 1723
4095 3839 1792 4087 3832 1779
0 4095 1792 332 4072 1796
256 4095 1792 414 4078 1795
512 4095 1792 553 4084 1794
768 4095 1792 777 4091 1792
1024 4095 1792 1025 4094 1792
1280 4095 1792 1279 4095 1791
1536 4095 1792 1535 4095 1792
1792 4095 1792 1792 4095 1792
2048 4095 1792 2048 4095 1792
2303 4095 1792 2303 4095 1792
2559 4095 1792 2559 4095 1792
2815 4095 1792 2815 4095 1791
3071 4095 1792 3071 4095 1791
3327 4095 1792 3327 4095 1792
3583 4095 1792 3583 4095 1792
3839 4095 1792 3831 4087 1793
4095 4095 1792 4075 4073 1794
0 0 2048 204 121 2047
256 0 2048 332 45 2048
512 0 2048 512 0 2048
768 0 2048 768 0 2048
1024 0 2048 1024 0 2048
1280 0 2048 1280 0 2048
1536 0 2048 1536 0 2048
1792 0 2048 1816 109 2071
2048 0 2048 2113 291 2110
2303 0 2048 2422 404 2158
2559 0 2048 2715 484 2188
2815 0 2048 2979 516 2191
3071 0 2048 3224 514 2178
3327 0 2048 3460 494 2157
3583 0 2048 3680 436 2126
3839 0 2048 3886 344 2089
4095 0 2048 4082 228 2047
0 256 2048 77 301 2048
256 256 2048 264 267 2063
512 256 2048 483 241 2079
768 256 2048 749 227 2097
1024 256 2048 1017 224 2090
1280 256 2048 1284 223 2079
1536 256 2048 1544 222 2071
1792 256 2048 1833 296 2094
2048 256 2048 2141 417 2139
2303 256 2048 2442 500 2176
2559 256 2048 2729 560 2198
2815 256 2048 2990 585 2197
3071 256 2048 3233 582 2181
3327 256 2048 3467 564 2159
3583 256 2048 3687 513 2127
3839 256 2048 3892 440 2089
4095 256 2048 4087 352 2047
0 512 2048 13 512 2048
256 512 2048 228 505 2070
512 512 2048 463 492 2098
768 512 2048 727 472 2135
1024 512 2048 1006 461 2139
1280 512 2048 1287 456 2134
1536 512 2048 1567 463 2122
1792 512 2048 1868 513 2142
2048 512 2048 2185 590 2183
2303 512 2048 2475 643 2204
2559 512 2048 2753 683 2214
2815 512 2048 3010 700 2207
3071 512 2048 3250 695 2187
3327 512 2048 3481 678 2162
3583 512 2048 3699 634 2129
3839 512 2048 3901 583 2090
4095 512 2048 4092 525 2048
0 768 2048 47 768 2048
256 768 2048 241 766 2066
512 768 2048 456 758 2100
768 768 2048 703 745 2156
1024 768 2048 988 721 2197
1280 768 2048 1289 704 2224
1536 768 2048 1612 732 2217
1792 768 2048 1932 776 2229
2048 768 2048 2251 831 2252
2303 768 2048 2528 856 2250
2559 768 2048 2794 875 2241
2815 768 2048 3043 883 2223
3071 768 2048 3277 875 2197
3327 768 2048 3505 858 2167
3583 768 2048 3720 821 2131
3839 768 2048 3914 793 2091
4095 768 2048 4094 770 2048
0 1024 2048 173 1049 2076
256 1024 2048 323 1051 2093
512 1024 2048 507 1053 2128
768 1024 2048 744 1055 2188
1024 1024 2048 1027 1046 2252
1280 1024 2048 1330 1040 2306
1536 1024 2048 1668 1054 2315
1792 1024 2048 1994 1075 2317
2048 1024 2048 2311 1102 2315
2303 1024 2048 2578 1111 2291
2559 1024 2048 2836 1116 2265
2815 1024 2048 3080 1114 2237
3071 1024 2048 3311 1100 2205
3327 1024 2048 3535 1079 2170
3583 1024 2048 3748 1043 2131
3839 1024 2048 3931 1027 2090
4095 1024 2048 4095 1024 2048
0 1280 2048 325 1346 2121
256 1280 2048 428 1352 2138
512 1280 2048 580 1361 2169
768 1280 2048 805 1376 2224
1024 1280 2048 1079 1385 2299
1280 1280 2048 1375 1391 2365
1536 1280 2048 1717 1388 2379
1792 1280 2048 2039 1390 2373
2048 1280 2048 2348 1395 2352
2303 1280 2048 2614 1388 2318
2559 1280 2048 2871 1378 2283
2815 1280 2048 3113 1366 2247
3071 1280 2048 3342 1344 2210
3327 1280 2048 3564 1318 2172
3583 1280 2048 3772 1283 2130
3839 1280 2048 3945 1273 2089
4095 1280 2048 4095 1280 2048
0 1536 2048 484 1687 2207
256 1536 2048 558 1690 2217
512 1536 2048 681 1696 2236
768 1536 2048 877 1705 2267
1024 1536 2048 1124 1713 2313
1280 1536 2048 1398 1719 2344
1536 1536 2048 1727 1722 2309
1792 1536 2048 2022 1731 2295
2048 1536 2048 2295 1744 2295
2303 1536 2048 2594 1708 2295
2559 1536 2048 2873 1676 2281
2815 1536 2048 3123 1651 2246
3071 1536 2048 3359 1617 2206
3327 1536 2048 3584 1583 2166
3583 1536 2048 3774 1558 2126
3839 1536 2048 3942 1544 2087
4095 1536 2048 4095 1536 2048
0 1792 2048 585 2002 2262
256 1792 2048 655 2003 2266
512 1792 2048 774 2006 2275
768 1792 2048 964 2011 2290
1024 1792 2048 1188 2019 2314
1280 1792 2048 1434 2026 2329
1536 1792 2048 1736 2031 2297
1792 1792 2048 2020 2038 2287
2048 1792 2048 2292 2047 2291
2303 1792 2048 2553 2021 2302
2559 1792 2048 2799 2001 2302
2815 1792 2048 3020 1988 2286
3071 1792 2048 3274 1949 2245
3327 1792 2048 3527 1904 2197
3583 1792 2048 3742 1861 2143
3839 1792 2048 3928 1824 2094
4095 1792 2048 4095 1792 2048
0 2048 2048 649 2300 2295
256 2048 2048 730 2300 2295
512 2048 2048 860 2301 2296
768 2048 2048 1061 2302 2298
1024 2048 2048 1262 2310 2308
1280 2048 2048 1477 2319 2318
1536 2048 2048 1744 2323 2323
1792 2048 2048 2027 2324 2324
2048 2048 2048 2322 2322 2322
2303 2048 2048 2500 2331 2330
2559 2048 2048 2674 2343 2340
2815 2048 2048 2843 2361 2353
3071 2048 2048 3121 2322 2311
3327 2048 2048 3419 2263 2251
3583 2048 2048 3685 2181 2174
3839 2048 2048 3905 2111 2107
4095 2048 2048 4095 2048 2048
0 2303 2048 663 2554 2286
256 2303 2048 733 2554 2287
512 2303 2048 851 2556 2287
768 2303 2048 1040 2558 2289
1024 2303 2048 1255 2563 2293
1280 2303 2048 1484 2568 2297
1536 2303 2048 1738 2573 2297
1792 2303 2048 2026 2569 2310
2048 2303 2048 2335 2558 2334
2303 2303 2048 2548 2567 2343
2559 2303 2048 2752 2570 2345
2815 2303 2048 2943 2564 2338
3071 2303 2048 3160 2550 2336
3327 2303 2048 3391 2523 2317
3583 2303 2048 3661 2452 2217
3839 2303 2048 3891 2378 2128
4095 2303 2048 4095 2303 2048
0 2559 2048 668 2801 2271
256 2559 2048 730 2802 2271
512 2559 2048 838 2803 2271
768 2559 2048 1016 2806 2271
1024 2559 2048 1235 2810 2271
1280 2559 2048 1468 2814 2269
1536 2559 2048 1714 2819 2263
1792 2559 2048 1996 2815 2276
2048 2559 2048 2301 2804 2301
2303 2559 2048 2552 2808 2315
2559 2559 2048 2791 2804 2316
2815 2559 2048 3012 2788 2298
3071 2559 2048 3207 2780 2306
3327 2559 2048 3409 2763 2297
3583 2559 2048 3671 2700 2195
3839 2559 2048 3895 2632 2114
4095 2559 2048 4095 2559 2048
0 2815 2048 658 3036 2247
256 2815 2048 717 3037 2246
512 2815 2048 819 3039 2245
768 2815 2048 987 3042 2242
1024 2815 2048 1195 3047 2237
1280 2815 2048 1419 3052 2230
1536 2815 2048 1662 3058 2219
1792 2815 2048 1922 3061 2209
2048 2815 2048 2195 3062 2199
2303 2815 2048 2490 3054 2224
2559 2815 2048 2772 3048 2234
2815 2815 2048 3034 3042 2221
3071 2815 2048 3268 3012 2191
3327 2815 2048 3497 2972 2150
3583 2815 2048 3734 2915 2076
3839 2815 2048 3929 2863 2047
4095 2815 2048 4095 2815 2048
0 3071 2048 628 3260 2215
256 3071 2048 686 3261 2213
512 3071 2048 788 3263 2211
768 3071 2048 952 3266 2207
1024 3071 2048 1156 3271 2199
1280 3071 2048 1374 3277 2188
1536 3071 2048 1608 3284 2170
1792 3071 2048 1854 3290 2148
2048 3071 2048 2109 3296 2121
2303 3071 2048 2400 3292 2120
2559 3071 2048 2689 3287 2118
2815 3071 2048 2976 3281 2115
3071 3071 2048 3243 3259 2096
3327 3071 2048 3500 3226 2064
3583 3071 2048 3735 3170 1995
3839 3071 2048 3929 3119 1997
4095 3071 2048 4095 3071 2048
0 3327 2048 584 3479 2179
256 3327 2048 644 3480 2177
512 3327 2048 747 3482 2174
768 3327 2048 912 3485 2168
1024 3327 2048 1114 3490 2158
1280 3327 2048 1328 3496 2144
1536 3327 2048 1553 3503 2120
1792 3327 2048 1788 3512 2089
2048 3327 2048 2029 3520 2052
2303 3327 2048 2304 3523 2020
2559 3327 2048 2591 3521 2002
2815 3327 2048 2895 3513 2005
3071 3327 2048 3188 3503 2005
3327 3327 2048 3469 3484 1991
3583 3327 2048 3715 3433 1928
3839 3327 2048 3919 3381 1957
4095 3327 2048 4095 3327 2048
0 3583 2048 506 3689 2138
256 3583 2048 573 3690 2136
512 3583 2048 683 3692 2132
768 3583 2048 857 3695 2126
1024 3583 2048 1060 3699 2113
1280 3583 2048 1271 3705 2096
1536 3583 2048 1490 3713 2068
1792 3583 2048 1719 3722 2033
2048 3583 2048 1956 3731 1992
2303 3583 2048 2216 3737 1946
2559 3583 2048 2495 3739 1917
2815 3583 2048 2800 3732 1915
3071 3583 2048 3098 3724 1914
3327 3583 2048 3390 3713 1909
3583 3583 2048 3667 3691 1888
3839 3583 2048 3897 3645 1942
4095 3583 2048 4095 3583 2046
0 3839 2048 413 3888 2095
256 3839 2048 480 3892 2093
512 3839 2048 603 3895 2090
768 3839 2048 809 3897 2086
1024 3839 2048 1032 3900 2077
1280 3839 2048 1260 3904 2066
1536 3839 2048 1491 3909 2047
1792 3839 2048 1729 3914 2024
2048 3839 2048 1972 3920 1998
2303 3839 2048 2227 3925 1966
2559 3839 2048 2495 3927 1945
2815 3839 2048 2782 3923 1942
3071 3839 2048 3065 3919 1941
3327 3839 2048 3347 3913 1940
3583 3839 2048 3623 3907 1938
3839 3839 2048 3867 3877 1978
4095 3839 2048 4089 3833 2046
0 4095 2048 309 4080 2051
256 4095 2048 372 4089 2049
512 4095 2048 511 4095 2048
768 4095 2048 766 4095 2048
1024 4095 2048 1022 4095 2048
1280 4095 2048 1279 4095 2048
1536 4095 2048 1535 4095 2048
1792 4095 2048 1791 4095 2048
2048 4095 2048 2047 4095 2048
2303 4095 2048 2302 4095 2048
2559 4095 2048 2559 4095 2048
2815 4095 2048 2815 4095 2048
3071 4095 2048 3071 4095 2048
3327 4095 2048 3327 4095 2048
3583 4095 2048 3583 4095 2048
3839 4095 2048 3833 4088 2048
4095 4095 2048 4078 4077 2047
0 0 2303 230 136 2299
256 0 2303 345 73 2301
512 0 2303 515 26 2303
768 0 2303 768 4 2303
1024 0 2303 1024 0 2303
1280 0 2303 1280 0 2303
1536 0 2303 1536 0 2303
1792 0 2303 1826 130 2336
2048 0 2303 2138 345 2391
2303 0 2303 2438 438 2431
2559 0 2303 2723 505 2455
2815 0 2303 2983 530 2455
3071 0 2303 3226 524 2440
3327 0 2303 3461 502 2417
3583 0 2303 3680 442 2385
3839 0 2303 3888 319 2345
4095 0 2303 4089 153 2302
0 256 2303 86 307 2302
256 256 2303 269 277 2316
512 256 2303 483 251 2332
768 256 2303 745 228 2350
1024 256 2303 1013 223 2345
1280 256 2303 1281 222 2335
1536 256 2303 1541 222 2327
1792 256 2303 1838 309 2359
2048 256 2303 2159 453 2417
2303 256 2303 2454 526 2449
2559 256 2303 2735 577 2466
2815 256 2303 2994 598 2462
3071 256 2303 3235 591 2444
3327 256 2303 3468 571 2420
3583 256 2303 3687 518 2386
3839 256 2303 3893 430 2347
4095 256 2303 4091 318 2303
0 512 2303 13 512 2303
256 512 2303 228 504 2323
512 512 2303 460 492 2350
768 512 2303 720 471 2386
1024 512 2303 997 460 2394
1280 512 2303 1278 455 2394
1536 512 2303 1563 466 2388
1792 512 2303 1871 523 2413
2048 512 2303 2193 609 2460
2303 512 2303 2482 660 2478
2559 512 2303 2757 696 2485
2815 512 2303 3012 710 2475
3071 512 2303 3250 703 2453
3327 512 2303 3481 683 2425
3583 512 2303 3699 638 2390
3839 512 2303 3901 582 2348
4095 512 2303 4093 518 2303
0 768 2303 46 768 2303
256 768 2303 240 765 2320
512 768 2303 453 758 2352
768 768 2303 696 744 2406
1024 768 2303 974 717 2455
1280 768 2303 1271 702 2495
1536 768 2303 1612 744 2503
1792 768 2303 1935 788 2514
2048 768 2303 2246 835 2528
2303 768 2303 2526 865 2527
2559 768 2303 2794 885 2517
2815 768 2303 3043 891 2495
3071 768 2303 3277 881 2466
3327 768 2303 3504 862 2434
3583 768 2303 3719 824 2395
3839 768 2303 3914 794 2351
4095 768 2303 4095 769 2303
0 1024 2303 212 1059 2345
256 1024 2303 353 1060 2361
512 1024 2303 528 1060 2393
768 1024 2303 754 1059 2449
1024 1024 2303 1023 1046 2518
1280 1024 2303 1316 1037 2580
1536 1024 2303 1658 1055 2607
1792 1024 2303 1982 1076 2609
2048 1024 2303 2294 1097 2596
2303 1024 2303 2570 1113 2575
2559 1024 2303 2834 1122 2549
2815 1024 2303 3078 1119 2516
3071 1024 2303 3308 1104 2480
3327 1024 2303 3533 1082 2442
3583 1024 2303 3747 1044 2400
3839 1024 2303 3931 1027 2353
4095 1024 2303 4095 1024 2303
0 1280 2303 396 1363 2400
256 1280 2303 484 1367 2415
512 1280 2303 620 1372 2444
768 1280 2303 829 1382 2494
1024 1280 2303 1086 1386 2568
1280 1280 2303 1368 1386 2640
1536 1280 2303 1695 1377 2677
1792 1280 2303 2013 1375 2674
2048 1280 2303 2326 1379 2644
2303 1280 2303 2603 1383 2612
2559 1280 2303 2867 1379 2576
2815 1280 2303 3109 1366 2534
3071 1280 2303 3339 1345 2492
3327 1280 2303 3562 1318 2448
3583 1280 2303 3772 1281 2403
3839 1280 2303 3945 1272 2354
4095 1280 2303 4095 1280 2303
0 1536 2303 514 1684 2465
256 1536 2303 585 1686 2475
512 1536 2303 704 1690 2493
768 1536 2303 893 1697 2524
1024 1536 2303 1131 1702 2571
1280 1536 2303 1393 1705 2615
1536 1536 2303 1702 1702 2629
1792 1536 2303 2003 1703 2626
2048 1536 2303 2300 1707 2611
2303 1536 2303 2596 1691 2601
2559 1536 2303 2873 1672 2579
2815 1536 2303 3123 1647 2538
3071 1536 2303 3359 1613 2494
3327 1536 2303 3584 1579 2449
3583 1536 2303 3776 1553 2400
3839 1536 2303 3944 1540 2351
4095 1536 2303 4095 1536 2303
0 1792 2303 594 1987 2508
256 1792 2303 672 1988 2511
512 1792 2303 793 1990 2519
768 1792 2303 977 1994 2535
1024 1792 2303 1194 2000 2563
1280 1792 2303 1430 2005 2591
1536 1792 2303 1713 2007 2600
1792 1792 2303 2002 2009 2592
2048 1792 2303 2296 2012 2572
2303 1792 2303 2565 2002 2575
2559 1792 2303 2826 1985 2568
2815 1792 2303 3073 1958 2545
3071 1792 2303 3322 1917 2505
3327 1792 2303 3562 1874 2457
3583 1792 2303 3762 1839 2403
3839 1792 2303 3937 1813 2352
4095 1792 2303 4095 1792 2303
0 2048 2303 647 2278 2536
256 2048 2303 749 2278 2532
512 2048 2303 886 2279 2531
768 2048 2303 1075 2281 2533
1024 2048 2303 1269 2288 2548
1280 2048 2303 1475 2295 2567
1536 2048 2303 1728 2299 2585
1792 2048 2303 2007 2301 2568
2048 2048 2303 2305 2303 2529
2303 2048 2303 2518 2315 2538
2559 2048 2303 2742 2313 2546
2815 2048 2303 2982 2289 2555
3071 2048 2303 3247 2243 2521
3327 2048 2303 3510 2191 2472
3583 2048 2303 3735 2134 2411
3839 2048 2303 3927 2087 2355
4095 2048 2303 4095 2048 2303
0 2303 2303 676 2546 2541
256 2303 2303 757 2546 2540
512 2303 2303 882 2547 2540
768 2303 2303 1072 2548 2541
1024 2303 2303 1287 2552 2547
1280 2303 2303 1510 2556 2556
1536 2303 2303 1743 2563 2566
1792 2303 2303 2016 2562 2565
2048 2303 2303 2314 2557 2558
2303 2303 2303 2550 2565 2564
2559 2303 2303 2773 2564 2567
2815 2303 2303 2977 2550 2566
3071 2303 2303 3198 2529 2553
3327 2303 2303 3427 2500 2527
3583 2303 2303 3667 2446 2460
3839 2303 2303 3887 2379 2384
4095 2303 2303 4095 2303 2303
0 2559 2303 688 2801 2534
256 2559 2303 753 2802 2534
512 2559 2303 867 2803 2535
768 2559 2303 1053 2804 2535
1024 2559 2303 1276 2806 2535
1280 2559 2303 1507 2810 2536
1536 2559 2303 1734 2816 2539
1792 2559 2303 1999 2816 2544
2048 2559 2303 2288 2810 2550
2303 2559 2303 2554 2810 2563
2559 2559 2303 2793 2807 2568
2815 2559 2303 2991 2802 2562
3071 2559 2303 3191 2791 2556
3327 2559 2303 3398 2772 2539
3583 2559 2303 3635 2728 2481
3839 2559 2303 3867 2653 2400
4095 2559 2303 4095 2559 2303
0 2815 2303 672 3036 2508
256 2815 2303 733 3037 2508
512 2815 2303 837 3039 2508
768 2815 2303 1009 3041 2508
1024 2815 2303 1220 3045 2506
1280 2815 2303 1446 3049 2504
1536 2815 2303 1689 3054 2500
1792 2815 2303 1944 3057 2495
2048 2815 2303 2209 3059 2488
2303 2815 2303 2515 3045 2519
2559 2815 2303 2795 3038 2537
2815 2815 2303 3032 3040 2537
3071 2815 2303 3246 3016 2513
3327 2815 2303 3454 2987 2485
3583 2815 2303 3661 2959 2461
3839 2815 2303 3876 2899 2395
4095 2815 2303 4095 2815 2303
0 3071 2303 638 3260 2475
256 3071 2303 697 3261 2474
512 3071 2303 799 3263 2473
768 3071 2303 966 3266 2471
1024 3071 2303 1172 3270 2467
1280 3071 2303 1393 3274 2462
1536 3071 2303 1629 3280 2452
1792 3071 2303 1874 3286 2437
2048 3071 2303 2125 3291 2420
2303 3071 2303 2425 3283 2429
2559 3071 2303 2717 3276 2444
2815 3071 2303 2997 3270 2466
3071 3071 2303 3243 3254 2450
3327 3071 2303 3476 3232 2421
3583 3071 2303 3692 3195 2377
3839 3071 2303 3897 3139 2338
4095 3071 2303 4095 3071 2303
0 3327 2303 590 3479 2438
256 3327 2303 651 3480 2437
512 3327 2303 754 3482 2435
768 3327 2303 921 3485 2432
1024 3327 2303 1124 3489 2425
1280 3327 2303 1339 3494 2416
1536 3327 2303 1565 3501 2399
1792 3327 2303 1800 3509 2377
2048 3327 2303 2042 3517 2351
2303 3327 2303 2322 3517 2331
2559 3327 2303 2616 3512 2335
2815 3327 2303 2929 3498 2371
3071 3327 2303 3207 3492 2366
3327 3327 2303 3470 3481 2342
3583 3327 2303 3709 3435 2279
3839 3327 2303 3913 3383 2273
4095 3327 2303 4095 3327 2303
0 3583 2303 510 3689 2396
256 3583 2303 577 3690 2394
512 3583 2303 688 3692 2392
768 3583 2303 863 3694 2387
1024 3583 2303 1066 3699 2378
1280 3583 2303 1278 3704 2365
1536 3583 2303 1497 3712 2344
1792 3583 2303 1726 3720 2316
2048 3583 2303 1962 3729 2284
2303 3583 2303 2224 3735 2247
2559 3583 2303 2503 3736 2225
2815 3583 2303 2805 3730 2222
3071 3583 2303 3100 3723 2219
3327 3583 2303 3391 3712 2211
3583 3583 2303 3667 3691 2190
3839 3583 2303 3897 3645 2227
4095 3583 2303 4095 3583 2302
0 3839 2303 407 3887 2350
256 3839 2303 488 3890 2349
512 3839 2303 616 3893 2347
768 3839 2303 816 3895 2344
1024 3839 2303 1037 3899 2338
1280 3839 2303 1264 3903 2329
1536 3839 2303 1494 3908 2314
1792 3839 2303 1732 3914 2295
2048 3839 2303 1974 3920 2274
2303 3839 2303 2229 3924 2247
2559 3839 2303 2496 3926 2226
2815 3839 2303 2777 3925 2215
3071 3839 2303 3063 3920 2213
3327 3839 2303 3347 3914 2213
3583 3839 2303 3625 3906 2210
3839 3839 2303 3869 3878 2244
4095 3839 2303 4091 3835 2301
0 4095 2303 290 4078 2301
256 4095 2303 388 4083 2301
512 4095 2303 541 4087 2301
768 4095 2303 778 4091 2302
1024 4095 2303 1026 4093 2302
1280 4095 2303 1279 4095 2303
1536 4095 2303 1535 4095 2303
1792 4095 2303 1791 4095 2303
2048 4095 2303 2047 4095 2303
2303 4095 2303 2303 4095 2303
2559 4095 2303 2559 4095 2303
2815 4095 2303 2815 4095 2303
3071 4095 2303 3071 4095 2303
3327 4095 2303 3327 4095 2303
3583 4095 2303 3583 4095 2302
3839 4095 2303 3835 4091 2302
4095 4095 2303 4084 4083 2302
0 0 2559 255 151 2552
256 0 2559 359 100 2555
512 0 2559 521 52 2558
768 0 2559 770 9 2559
1024 0 2559 1024 0 2559
1280 0 2559 1282 8 2561
1536 0 2559 1546 47 2569
1792 0 2559 1841 184 2608
2048 0 2559 2156 385 2667
2303 0 2559 2446 460 2699
2559 0 2559 2726 516 2718
2815 0 2559 2987 543 2719
3071 0 2559 3228 535 2702
3327 0 2559 3461 510 2678
3583 0 2559 3681 449 2644
3839 0 2559 3890 306 2603
4095 0 2559 4092 109 2558
0 256 2559 96 313 2556
256 256 2559 274 287 2570
512 256 2559 483 260 2585
768 256 2559 741 229 2603
1024 256 2559 1009 223 2600
1280 256 2559 1280 227 2594
1536 256 2559 1551 252 2597
1792 256 2559 1852 344 2633
2048 256 2559 2172 480 2690
2303 256 2559 2459 541 2716
2559 256 2559 2736 587 2730
2815 256 2559 2996 609 2727
3071 256 2559 3236 601 2708
3327 256 2559 3468 578 2682
3583 256 2559 3687 524 2647
3839 256 2559 3894 426 2605
4095 256 2559 4094 298 2559
0 512 2559 10 512 2559
256 512 2559 226 504 2577
512 512 2559 458 491 2603
768 512 2559 715 471 2638
1024 512 2559 992 461 2653
1280 512 2559 1276 460 2661
1536 512 2559 1571 484 2664
1792 512 2559 1880 542 2690
2048 512 2559 2197 623 2731
2303 512 2559 2482 669 2746
2559 512 2559 2756 703 2751
2815 512 2559 3013 720 2742
3071 512 2559 3251 711 2718
3327 512 2559 3481 689 2689
3583 512 2559 3698 643 2651
3839 512 2559 3901 583 2607
4095 512 2559 4094 514 2559
0 768 2559 34 768 2559
256 768 2559 235 765 2575
512 768 2559 452 757 2606
768 768 2559 694 744 2659
1024 768 2559 972 724 2723
1280 768 2559 1271 714 2778
1536 768 2559 1615 758 2789
1792 768 2559 1934 798 2796
2048 768 2559 2237 836 2799
2303 768 2559 2518 866 2796
2559 768 2559 2788 888 2787
2815 768 2559 3041 897 2767
3071 768 2559 3276 886 2736
3327 768 2559 3503 866 2701
3583 768 2559 3718 827 2660
3839 768 2559 3913 795 2612
4095 768 2559 4095 768 2559
0 1024 2559 238 1067 2611
256 1024 2559 376 1067 2626
512 1024 2559 546 1065 2657
768 1024 2559 764 1062 2710
1024 1024 2559 1026 1050 2785
1280 1024 2559 1311 1042 2856
1536 1024 2559 1647 1058 2888
1792 1024 2559 1966 1074 2890
2048 1024 2559 2273 1089 2872
2303 1024 2559 2554 1109 2851
2559 1024 2559 2824 1121 2826
2815 1024 2559 3074 1122 2794
3071 1024 2559 3306 1107 2755
3327 1024 2559 3531 1084 2714
3583 1024 2559 3746 1045 2669
3839 1024 2559 3930 1027 2616
4095 1024 2559 4095 1024 2559
0 1280 2559 455 1375 2673
256 1280 2559 531 1377 2687
512 1280 2559 654 1380 2714
768 1280 2559 849 1385 2761
1024 1280 2559 1091 1384 2833
1280 1280 2559 1358 1380 2905
1536 1280 2559 1672 1367 2955
1792 1280 2559 1986 1362 2957
2048 1280 2559 2299 1362 2928
2303 1280 2559 2583 1371 2896
2559 1280 2559 2854 1374 2860
2815 1280 2559 3104 1366 2819
3071 1280 2559 3336 1345 2773
3327 1280 2559 3560 1318 2726
3583 1280 2559 3771 1280 2676
3839 1280 2559 3945 1270 2620
4095 1280 2559 4095 1280 2559
0 1536 2559 539 1678 2721
256 1536 2559 606 1680 2730
512 1536 2559 719 1682 2748
768 1536 2559 902 1686 2779
1024 1536 2559 1131 1688 2827
1280 1536 2559 1383 1689 2879
1536 1536 2559 1676 1682 2924
1792 1536 2559 1980 1677 2930
2048 1536 2559 2290 1674 2910
2303 1536 2559 2584 1670 2895
2559 1536 2559 2864 1660 2870
2815 1536 2559 3120 1641 2830
3071 1536 2559 3358 1609 2783
3327 1536 2559 3584 1575 2732
3583 1536 2559 3778 1549 2675
3839 1536 2559 3945 1537 2617
4095 1536 2559 4095 1536 2559
0 1792 2559 599 1970 2753
256 1792 2559 678 1971 2756
512 1792 2559 797 1973 2764
768 1792 2559 977 1976 2780
1024 1792 2559 1191 1981 2811
1280 1792 2559 1423 1984 2846
1536 1792 2559 1692 1982 2883
1792 1792 2559 1981 1981 2882
2048 1792 2559 2284 1979 2856
2303 1792 2559 2563 1977 2853
2559 1792 2559 2838 1964 2842
2815 1792 2559 3106 1934 2819
3071 1792 2559 3353 1893 2778
3327 1792 2559 3584 1852 2729
3583 1792 2559 3776 1823 2671
3839 1792 2559 3943 1805 2614
4095 1792 2559 4095 1792 2559
0 2048 2559 642 2255 2776
256 2048 2559 747 2255 2771
512 2048 2559 883 2256 2768
768 2048 2559 1068 2259 2771
1024 2048 2559 1265 2265 2788
1280 2048 2559 1473 2270 2810
1536 2048 2559 1715 2274 2838
1792 2048 2559 1987 2276 2822
2048 2048 2559 2280 2278 2778
2303 2048 2559 2526 2288 2783
2559 2048 2559 2788 2278 2789
2815 2048 2559 3071 2238 2794
3071 2048 2559 3329 2190 2763
3327 2048 2559 3569 2141 2720
3583 2048 2559 3767 2102 2664
3839 2048 2559 3940 2072 2611
4095 2048 2559 4095 2048 2559
0 2303 2559 677 2530 2788
256 2303 2559 762 2530 2786
512 2303 2559 891 2531 2785
768 2303 2559 1088 2532 2785
1024 2303 2559 1304 2535 2792
1280 2303 2559 1524 2538 2803
1536 2303 2559 1742 2545 2822
1792 2303 2559 2000 2547 2820
2048 2303 2559 2283 2545 2804
2303 2303 2559 2541 2550 2801
2559 2303 2559 2785 2548 2799
2815 2303 2559 3007 2534 2799
3071 2303 2559 3241 2504 2780
3327 2303 2559 3474 2468 2752
3583 2303 2559 3691 2427 2702
3839 2303 2559 3896 2370 2636
4095 2303 2559 4095 2303 2559
0 2559 2559 694 2792 2788
256 2559 2559 764 2793 2788
512 2559 2559 885 2793 2788
768 2559 2559 1080 2794 2787
1024 2559 2559 1304 2795 2788
1280 2559 2559 1532 2798 2791
1536 2559 2559 1747 2805 2802
1792 2559 2559 1995 2807 2806
2048 2559 2559 2265 2806 2806
2303 2559 2559 2544 2802 2806
2559 2559 2559 2790 2802 2806
2815 2559 2559 2986 2806 2806
3071 2559 2559 3200 2787 2794
3327 2559 2559 3418 2761 2775
3583 2559 2559 3637 2726 2740
3839 2559 2559 3863 2655 2664
4095 2559 2559 4095 2559 2559
0 2815 2559 686 3035 2769
256 2815 2559 748 3036 2770
512 2815 2559 856 3037 2770
768 2815 2559 1032 3039 2771
1024 2815 2559 1247 3041 2772
1280 2815 2559 1476 3044 2773
1536 2815 2559 1717 3048 2775
1792 2815 2559 1964 3051 2775
2048 2815 2559 2215 3054 2773
2303 2815 2559 2529 3039 2794
2559 2815 2559 2809 3032 2809
2815 2815 2559 3033 3039 2816
3071 2815 2559 3232 3022 2800
3327 2815 2559 3424 3000 2783
3583 2815 2559 3618 2986 2779
3839 2815 2559 3846 2919 2695
4095 2815 2559 4095 2815 2559
0 3071 2559 649 3260 2736
256 3071 2559 710 3261 2736
512 3071 2559 814 3263 2736
768 3071 2559 983 3265 2736
1024 3071 2559 1193 3268 2735
1280 3071 2559 1416 3272 2733
1536 3071 2559 1653 3276 2730
1792 3071 2559 1896 3281 2723
2048 3071 2559 2143 3287 2715
2303 3071 2559 2446 3277 2724
2559 3071 2559 2738 3268 2743
2815 3071 2559 3014 3262 2778
3071 3071 2559 3242 3253 2768
3327 3071 2559 3456 3239 2744
3583 3071 2559 3664 3211 2706
3839 3071 2559 3872 3157 2652
4095 3071 2559 4079 3084 2587
0 3327 2559 597 3479 2698
256 3327 2559 659 3480 2697
512 3327 2559 763 3482 2697
768 3327 2559 932 3484 2695
1024 3327 2559 1137 3488 2692
1280 3327 2559 1354 3492 2687
1536 3327 2559 1581 3499 2678
1792 3327 2559 1818 3505 2664
2048 3327 2559 2063 3512 2648
2303 3327 2559 2343 3512 2639
2559 3327 2559 2639 3504 2653
2815 3327 2559 2958 3486 2704
3071 3327 2559 3224 3483 2704
3327 3327 2559 3473 3476 2680
3583 3327 2559 3707 3435 2611
3839 3327 2559 3900 3393 2594
4095 3327 2559 4067 3350 2610
0 3583 2559 514 3689 2654
256 3583 2559 582 3690 2653
512 3583 2559 694 3692 2652
768 3583 2559 870 3694 2649
1024 3583 2559 1075 3698 2643
1280 3583 2559 1288 3703 2635
1536 3583 2559 1506 3711 2620
1792 3583 2559 1736 3718 2600
2048 3583 2559 1972 3727 2576
2303 3583 2559 2236 3732 2549
2559 3583 2559 2516 3732 2534
2815 3583 2559 2819 3724 2536
3071 3583 2559 3118 3715 2550
3327 3583 2559 3409 3703 2559
3583 3583 2559 3673 3685 2537
3839 3583 2559 3893 3646 2551
4095 3583 2559 4083 3592 2591
0 3839 2559 411 3886 2605
256 3839 2559 496 3888 2605
512 3839 2559 626 3891 2605
768 3839 2559 822 3895 2603
1024 3839 2559 1042 3899 2599
1280 3839 2559 1268 3903 2593
1536 3839 2559 1499 3908 2582
1792 3839 2559 1736 3913 2568
2048 3839 2559 1978 3918 2552
2303 3839 2559 2234 3923 2531
2559 3839 2559 2501 3925 2513
2815 3839 2559 2783 3923 2502
3071 3839 2559 3074 3915 2515
3327 3839 2559 3362 3907 2529
3583 3839 2559 3631 3902 2526
3839 3839 2559 3870 3877 2543
4095 3839 2559 4088 3838 2573
0 4095 2559 295 4075 2553
256 4095 2559 403 4078 2554
512 4095 2559 558 4083 2556
768 4095 2559 782 4089 2557
1024 4095 2559 1027 4093 2558
1280 4095 2559 1279 4095 2559
1536 4095 2559 1535 4095 2559
1792 4095 2559 1791 4095 2559
2048 4095 2559 2047 4095 2559
2303 4095 2559 2303 4095 2559
2559 4095 2559 2559 4095 2559
2815 4095 2559 2815 4095 2559
3071 4095 2559 3071 4095 2559
3327 4095 2559 3327 4095 2559
3583 4095 2559 3583 4095 2559
3839 4095 2559 3836 4092 2558
4095 4095 2559 4086 4086 2556
0 0 2815 280 166 2804
256 0 2815 377 126 2808
512 0 2815 532 76 2812
768 0 2815 771 13 2815
1024 0 2815 1024 0 2815
1280 0 2815 1286 28 2821
1536 0 2815 1570 166 2849
1792 0 2815 1864 290 2888
2048 0 2815 2164 405 2933
2303 0 2815 2444 465 2955
2559 0 2815 2720 516 2972
2815 0 2815 2989 554 2981
3071 0 2815 3231 546 2965
3327 0 2815 3463 519 2939
3583 0 2815 3681 455 2903
3839 0 2815 3890 310 2861
4095 0 2815 4092 111 2814
0 256 2815 105 318 2811
256 256 2815 280 297 2824
512 256 2815 486 269 2838
768 256 2815 738 230 2857
1024 256 2815 1006 222 2855
1280 256 2815 1282 240 2855
1536 256 2815 1579 328 2885
1792 256 2815 1877 412 2919
2048 256 2815 2176 493 2955
2303 256 2815 2454 542 2972
2559 256 2815 2730 585 2985
2815 256 2815 2997 618 2990
3071 256 2815 3238 611 2971
3327 256 2815 3469 585 2944
3583 256 2815 3687 529 2906
3839 256 2815 3894 429 2863
4095 256 2815 4093 300 2814
0 512 2815 2 512 2815
256 512 2815 222 504 2832
512 512 2815 457 491 2856
768 512 2815 713 471 2891
1024 512 2815 994 466 2914
1280 512 2815 1285 476 2933
1536 512 2815 1596 526 2955
1792 512 2815 1898 577 2975
2048 512 2815 2194 628 2995
2303 512 2815 2472 665 3003
2559 512 2815 2746 699 3008
2815 512 2815 3012 727 3007
3071 512 2815 3252 719 2984
3327 512 2815 3481 695 2952
3583 512 2815 3698 647 2913
3839 512 2815 3901 585 2866
4095 512 2815 4094 515 2815
0 768 2815 6 768 2815
256 768 2815 223 764 2830
512 768 2815 453 758 2861
768 768 2815 699 748 2915
1024 768 2815 991 744 3002
1280 768 2815 1299 747 3077
1536 768 2815 1624 777 3074
1792 768 2815 1930 805 3068
2048 768 2815 2223 832 3061
2303 768 2815 2500 858 3054
2559 768 2815 2773 881 3045
2815 768 2815 3038 902 3035
3071 768 2815 3275 892 3005
3327 768 2815 3502 870 2967
3583 768 2815 3717 830 2924
3839 768 2815 3913 797 2872
4095 768 2815 4095 768 2815
0 1024 2815 245 1070 2873
256 1024 2815 388 1069 2887
512 1024 2815 560 1067 2916
768 1024 2815 775 1064 2968
1024 1024 2815 1038 1060 3054
1280 1024 2815 1322 1057 3133
1536 1024 2815 1638 1063 3151
1792 1024 2815 1946 1070 3151
2048 1024 2815 2248 1077 3138
2303 1024 2815 2528 1094 3114
2559 1024 2815 2803 1110 3090
2815 1024 2815 3068 1123 3069
3071 1024 2815 3304 1109 3030
3327 1024 2815 3529 1085 2985
3583 1024 2815 3744 1045 2937
3839 1024 2815 3929 1027 2880
4095 1024 2815 4095 1024 2815
0 1280 2815 494 1379 2937
256 1280 2815 563 1380 2950
512 1280 2815 678 1381 2975
768 1280 2815 861 1382 3019
1024 1280 2815 1092 1379 3087
1280 1280 2815 1346 1372 3156
1536 1280 2815 1648 1359 3200
1792 1280 2815 1955 1350 3210
2048 1280 2815 2265 1343 3199
2303 1280 2815 2551 1351 3164
2559 1280 2815 2830 1357 3131
2815 1280 2815 3097 1363 3101
3071 1280 2815 3332 1344 3054
3327 1280 2815 3557 1317 3003
3583 1280 2815 3769 1278 2949
3839 1280 2815 3944 1269 2885
4095 1280 2815 4095 1280 2815
0 1536 2815 555 1668 2970
256 1536 2815 618 1669 2979
512 1536 2815 726 1671 2998
768 1536 2815 900 1673 3029
1024 1536 2815 1122 1673 3079
1280 1536 2815 1366 1671 3131
1536 1536 2815 1650 1663 3178
1792 1536 2815 1949 1656 3191
2048 1536 2815 2257 1649 3183
2303 1536 2815 2552 1643 3169
2559 1536 2815 2840 1637 3149
2815 1536 2815 3114 1633 3120
3071 1536 2815 3356 1604 3072
3327 1536 2815 3582 1570 3016
3583 1536 2815 3778 1544 2952
3839 1536 2815 3946 1535 2884
4095 1536 2815 4095 1536 2815
0 1792 2815 599 1951 2993
256 1792 2815 667 1952 2998
512 1792 2815 779 1953 3008
768 1792 2815 958 1956 3026
1024 1792 2815 1176 1959 3056
1280 1792 2815 1410 1961 3092
1536 1792 2815 1671 1958 3134
1792 1792 2815 1954 1954 3148
2048 1792 2815 2250 1950 3144
2303 1792 2815 2540 1942 3139
2559 1792 2815 2827 1933 3129
2815 1792 2815 3107 1921 3112
3071 1792 2815 3356 1883 3069
3327 1792 2815 3587 1843 3016
3583 1792 2815 3778 1817 2948
3839 1792 2815 3944 1801 2882
4095 1792 2815 4095 1792 2815
0 2048 2815 631 2229 3010
256 2048 2815 711 2230 3010
512 2048 2815 836 2232 3011
768 2048 2815 1029 2235 3013
1024 2048 2815 1245 2240 3025
1280 2048 2815 1470 2245 3042
1536 2048 2815 1705 2248 3076
1792 2048 2815 1966 2248 3090
2048 2048 2815 2246 2246 3090
2303 2048 2815 2520 2246 3085
2559 2048 2815 2799 2238 3083
2815 2048 2815 3085 2220 3087
3071 2048 2815 3341 2175 3054
3327 2048 2815 3579 2127 3007
3583 2048 2815 3772 2094 2942
3839 2048 2815 3941 2069 2878
4095 2048 2815 4095 2048 2815
0 2303 2815 658 2500 3020
256 2303 2815 739 2501 3020
512 2303 2815 870 2502 3018
768 2303 2815 1077 2504 3016
1024 2303 2815 1298 2507 3020
1280 2303 2815 1519 2511 3031
1536 2303 2815 1731 2516 3057
1792 2303 2815 1974 2518 3073
2048 2303 2815 2238 2517 3081
2303 2303 2815 2516 2517 3058
2559 2303 2815 2782 2517 3043
2815 2303 2815 3030 2517 3038
3071 2303 2815 3289 2474 3023
3327 2303 2815 3539 2423 2997
3583 2303 2815 3742 2385 2941
3839 2303 2815 3925 2345 2879
4095 2303 2815 4095 2303 2815
0 2559 2815 682 2769 3026
256 2559 2815 758 2769 3026
512 2559 2815 886 2770 3024
768 2559 2815 1092 2771 3021
1024 2559 2815 1314 2773 3021
1280 2559 2815 1538 2776 3026
1536 2559 2815 1747 2781 3044
1792 2559 2815 1979 2784 3057
2048 2559 2815 2227 2786 3069
2303 2559 2815 2517 2782 3041
2559 2559 2815 2783 2784 3022
2815 2559 2815 3009 2794 3017
3071 2559 2815 3249 2761 3013
3327 2559 2815 3485 2718 3000
3583 2559 2815 3694 2682 2956
3839 2559 2815 3897 2627 2892
4095 2559 2815 4095 2559 2815
0 2815 2815 700 3031 3027
256 2815 2815 764 3032 3028
512 2815 2815 875 3033 3028
768 2815 2815 1057 3034 3029
1024 2815 2815 1278 3035 3030
1280 2815 2815 1509 3037 3032
1536 2815 2815 1746 3040 3037
1792 2815 2815 1979 3044 3043
2048 2815 2815 2211 3049 3050
2303 2815 2815 2528 3036 3038
2559 2815 2815 2810 3031 3033
2815 2815 2815 3039 3039 3039
3071 2815 2815 3227 3028 3033
3327 2815 2815 3411 3011 3020
3583 2815 2815 3622 2986 2995
3839 2815 2815 3851 2916 2921
4095 2815 2815 4095 2816 2816
0 3071 2815 665 3261 2997
256 3071 2815 726 3262 2998
512 3071 2815 832 3263 2998
768 3071 2815 1005 3264 2999
1024 3071 2815 1219 3266 3000
1280 3071 2815 1445 3269 3000
1536 3071 2815 1683 3272 3001
1792 3071 2815 1922 3277 3001
2048 3071 2815 2162 3282 3002
2303 3071 2815 2461 3274 2996
2559 3071 2815 2750 3266 3002
2815 3071 2815 3025 3260 3027
3071 3071 2815 3238 3257 3028
3327 3071 2815 3440 3249 3013
3583 3071 2815 3661 3215 2954
3839 3071 2815 3858 3170 2923
4095 3071 2815 4040 3117 2911
0 3327 2815 608 3479 2957
256 3327 2815 670 3480 2958
512 3327 2815 776 3482 2958
768 3327 2815 946 3484 2958
1024 3327 2815 1154 3487 2958
1280 3327 2815 1373 3490 2957
1536 3327 2815 1603 3496 2954
1792 3327 2815 1845 3500 2949
2048 3327 2815 2095 3505 2943
2303 3327 2815 2368 3505 2937
2559 3327 2815 2660 3497 2947
2815 3327 2815 2979 3478 2984
3071 3327 2815 3238 3476 3003
3327 3327 2815 3479 3470 2998
3583 3327 2815 3710 3431 2912
3839 3327 2815 3876 3413 2922
4095 3327 2815 3997 3409 2994
0 3583 2815 521 3689 2912
256 3583 2815 590 3690 2912
512 3583 2815 702 3691 2912
768 3583 2815 880 3694 2911
1024 3583 2815 1087 3697 2908
1280 3583 2815 1301 3702 2904
1536 3583 2815 1520 3708 2895
1792 3583 2815 1750 3715 2883
2048 3583 2815 1988 3723 2868
2303 3583 2815 2251 3727 2850
2559 3583 2815 2535 3725 2844
2815 3583 2815 2849 3715 2856
3071 3583 2815 3159 3697 2918
3327 3583 2815 3453 3680 2973
3583 3583 2815 3687 3672 2947
3839 3583 2815 3883 3649 2934
4095 3583 2815 4053 3616 2930
0 3839 2815 430 3883 2860
256 3839 2815 506 3887 2861
512 3839 2815 629 3891 2862
768 3839 2815 824 3896 2863
1024 3839 2815 1046 3899 2861
1280 3839 2815 1275 3902 2857
1536 3839 2815 1505 3907 2850
1792 3839 2815 1742 3912 2841
2048 3839 2815 1984 3917 2830
2303 3839 2815 2241 3921 2815
2559 3839 2815 2512 3921 2807
2815 3839 2815 2804 3917 2808
3071 3839 2815 3106 3902 2858
3327 3839 2815 3399 3888 2907
3583 3839 2815 3642 3891 2906
3839 3839 2815 3867 3873 2892
4095 3839 2815 4079 3843 2869
0 4095 2815 337 4068 2804
256 4095 2815 419 4076 2807
512 4095 2815 556 4084 2810
768 4095 2815 775 4093 2814
1024 4095 2815 1023 4095 2815
1280 4095 2815 1279 4095 2815
1536 4095 2815 1535 4095 2815
1792 4095 2815 1791 4095 2815
2048 4095 2815 2048 4095 2815
2303 4095 2815 2303 4095 2815
2559 4095 2815 2559 4095 2815
2815 4095 2815 2815 4095 2815
3071 4095 2815 3071 4095 2815
3327 4095 2815 3327 4095 2815
3583 4095 2815 3583 4095 2815
3839 4095 2815 3835 4091 2813
4095 4095 2815 4085 4085 2811
0 0 3071 305 181 3056
256 0 3071 396 147 3061
512 0 3071 543 95 3066
768 0 3071 773 16 3070
1024 0 3071 1033 49 3079
1280 0 3071 1304 121 3094
1536 0 3071 1592 243 3126
1792 0 3071 1877 334 3157
2048 0 3071 2161 405 3186
2303 0 3071 2433 451 3201
2559 0 3071 2703 493 3214
2815 0 3071 2971 529 3222
3071 0 3071 3222 538 3215
3327 0 3071 3463 526 3199
3583 0 3071 3682 461 3162
3839 0 3071 3889 332 3117
4095 0 3071 4089 160 3067
0 256 3071 114 324 3065
256 256 3071 287 305 3077
512 256 3071 489 276 3092
768 256 3071 737 232 3109
1024 256 3071 1017 252 3120
1280 256 3071 1305 298 3134
1536 256 3071 1599 375 3162
1792 256 3071 1886 438 3186
2048 256 3071 2169 490 3207
2303 256 3071 2440 528 3218
2559 256 3071 2711 564 3226
2815 256 3071 2978 595 3232
3071 256 3071 3228 603 3222
3327 256 3071 3469 592 3204
3583 256 3071 3687 534 3166
3839 256 3071 3893 440 3120
4095 256 3071 4091 323 3068
0 512 3071 46 517 3078
256 512 3071 251 509 3094
512 512 3071 474 497 3117
768 512 3071 724 478 3150
1024 512 3071 1010 486 3182
1280 512 3071 1306 506 3210
1536 512 3071 1608 548 3227
1792 512 3071 1899 586 3238
2048 512 3071 2182 620 3246
2303 512 3071 2454 650 3248
2559 512 3071 2724 679 3250
2815 512 3071 2991 705 3250
3071 512 3071 3241 710 3236
3327 512 3071 3481 700 3214
3583 512 3071 3698 651 3174
3839 512 3071 3900 589 3124
4095 512 3071 4093 520 3070
0 768 3071 162 786 3095
256 768 3071 326 784 3110
512 768 3071 516 779 3141
768 768 3071 745 770 3194
1024 768 3071 1018 765 3273
1280 768 3071 1308 764 3340
1536 768 3071 1618 781 3335
1792 768 3071 1915 800 3325
2048 768 3071 2202 820 3311
2303 768 3071 2475 840 3300
2559 768 3071 2746 861 3289
2815 768 3071 3012 881 3280
3071 768 3071 3261 883 3260
3327 768 3071 3500 873 3232
3583 768 3071 3716 832 3187
3839 768 3071 3912 798 3132
4095 768 3071 4095 769 3071
0 1024 3071 343 1079 3141
256 1024 3071 454 1078 3155
512 1024 3071 601 1076 3184
768 1024 3071 802 1073 3234
1024 1024 3071 1049 1065 3312
1280 1024 3071 1317 1058 3381
1536 1024 3071 1623 1060 3388
1792 1024 3071 1922 1063 3384
2048 1024 3071 2216 1067 3373
2303 1024 3071 2495 1077 3355
2559 1024 3071 2771 1088 3337
2815 1024 3071 3039 1101 3318
3071 1024 3071 3288 1099 3289
3327 1024 3071 3526 1087 3255
3583 1024 3071 3742 1045 3205
3839 1024 3071 3928 1027 3142
4095 1024 3071 4095 1024 3071
0 1280 3071 509 1373 3189
256 1280 3071 575 1374 3200
512 1280 3071 685 1373 3224
768 1280 3071 860 1373 3265
1024 1280 3071 1083 1366 3330
1280 1280 3071 1329 1358 3391
1536 1280 3071 1626 1350 3416
1792 1280 3071 1924 1342 3424
2048 1280 3071 2224 1335 3419
2303 1280 3071 2510 1333 3400
2559 1280 3071 2791 1334 3379
2815 1280 3071 3063 1340 3353
3071 1280 3071 3314 1332 3319
3327 1280 3071 3553 1316 3278
3583 1280 3071 3766 1275 3222
3839 1280 3071 3943 1267 3151
4095 1280 3071 4095 1280 3071
0 1536 3071 551 1653 3211
256 1536 3071 613 1653 3220
512 1536 3071 718 1653 3238
768 1536 3071 889 1654 3269
1024 1536 3071 1106 1652 3318
1280 1536 3071 1345 1649 3367
1536 1536 3071 1627 1643 3400
1792 1536 3071 1919 1637 3411
2048 1536 3071 2217 1630 3407
2303 1536 3071 2508 1622 3399
2559 1536 3071 2795 1615 3388
2815 1536 3071 3075 1610 3371
3071 1536 3071 3335 1590 3340
3327 1536 3071 3578 1566 3299
3583 1536 3071 3777 1539 3228
3839 1536 3071 3946 1531 3152
4095 1536 3071 4095 1536 3071
0 1792 3071 582 1928 3227
256 1792 3071 646 1928 3233
512 1792 3071 755 1929 3244
768 1792 3071 930 1931 3264
1024 1792 3071 1145 1933 3296
1280 1792 3071 1378 1933 3332
1536 1792 3071 1641 1931 3368
1792 1792 3071 1921 1927 3381
2048 1792 3071 2212 1922 3380
2303 1792 3071 2499 1913 3378
2559 1792 3071 2786 1904 3374
2815 1792 3071 3071 1893 3366
3071 1792 3071 3338 1865 3342
3327 1792 3071 3587 1834 3304
3583 1792 3071 3779 1810 3228
3839 1792 3071 3946 1797 3150
4095 1792 3071 4095 1792 3071
0 2048 3071 604 2200 3239
256 2048 3071 676 2200 3241
512 2048 3071 793 2202 3245
768 2048 3071 979 2205 3252
1024 2048 3071 1196 2210 3269
1280 2048 3071 1424 2213 3290
1536 2048 3071 1664 2215 3325
1792 2048 3071 1928 2214 3341
2048 2048 3071 2207 2211 3345
2303 2048 3071 2487 2206 3343
2559 2048 3071 2770 2197 3343
2815 2048 3071 3055 2184 3347
3071 2048 3071 3328 2151 3332
3327 2048 3071 3583 2115 3300
3583 2048 3071 3776 2086 3223
3839 2048 3071 3943 2064 3147
4095 2048 3071 4095 2048 3071
0 2303 3071 625 2467 3246
256 2303 3071 702 2468 3246
512 2303 3071 828 2469 3247
768 2303 3071 1029 2472 3248
1024 2303 3071 1251 2475 3255
1280 2303 3071 1478 2479 3267
1536 2303 3071 1703 2483 3292
1792 2303 3071 1948 2485 3309
2048 2303 3071 2207 2484 3322
2303 2303 3071 2483 2481 3310
2559 2303 3071 2756 2478 3302
2815 2303 3071 3020 2475 3300
3071 2303 3071 3295 2443 3295
3327 2303 3071 3556 2405 3278
3583 2303 3071 3758 2367 3211
3839 2303 3071 3935 2334 3142
4095 2303 3071 4095 2303 3071
0 2559 3071 645 2734 3252
256 2559 3071 722 2735 3251
512 2559 3071 850 2736 3251
768 2559 3071 1054 2738 3248
1024 2559 3071 1280 2741 3250
1280 2559 3071 1509 2744 3254
1536 2559 3071 1731 2749 3270
1792 2559 3071 1963 2752 3286
2048 2559 3071 2202 2754 3303
2303 2559 3071 2481 2751 3288
2559 2559 3071 2750 2750 3278
2815 2559 3071 3002 2753 3274
3071 2559 3071 3263 2729 3273
3327 2559 3071 3515 2697 3262
3583 2559 3071 3725 2656 3209
3839 2559 3071 3917 2609 3144
4095 2559 3071 4095 2559 3071
0 2815 3071 664 2999 3256
256 2815 3071 733 3000 3256
512 2815 3071 851 3001 3257
768 2815 3071 1041 3002 3257
1024 2815 3071 1268 3004 3257
1280 2815 3071 1504 3006 3259
1536 2815 3071 1739 3010 3266
1792 2815 3071 1967 3014 3277
2048 2815 3071 2190 3018 3292
2303 2815 3071 2480 3011 3285
2559 2815 3071 2755 3007 3282
2815 2815 3071 3008 3009 3282
3071 2815 3071 3234 3003 3272
3327 2815 3071 3452 2989 3255
3583 2815 3071 3670 2954 3219
3839 2815 3071 3884 2893 3155
4095 2815 3071 4095 2815 3071
0 3071 3071 654 3245 3241
256 3071 3071 719 3245 3242
512 3071 3071 829 3246 3243
768 3071 3071 1008 3248 3244
1024 3071 3071 1228 3250 3245
1280 3071 3071 1458 3252 3246
1536 3071 3071 1696 3255 3249
1792 3071 3071 1932 3259 3254
2048 3071 3071 2168 3263 3261
2303 3071 3071 2442 3260 3259
2559 3071 3071 2722 3254 3260
2815 3071 3071 3010 3245 3265
3071 3071 3071 3242 3245 3264
3327 3071 3071 3460 3240 3251
3583 3071 3071 3674 3205 3204
3839 3071 3071 3863 3166 3173
4095 3071 3071 4034 3125 3153
0 3327 3071 622 3479 3217
256 3327 3071 685 3480 3218
512 3327 3071 792 3481 3218
768 3327 3071 964 3483 3219
1024 3327 3071 1175 3485 3220
1280 3327 3071 1398 3488 3221
1536 3327 3071 1632 3492 3222
1792 3327 3071 1876 3496 3221
2048 3327 3071 2126 3499 3220
2303 3327 3071 2384 3500 3219
2559 3327 3071 2667 3494 3222
2815 3327 3071 2988 3477 3231
3071 3327 3071 3244 3476 3245
3327 3327 3071 3478 3472 3247
3583 3327 3071 3689 3443 3192
3839 3327 3071 3853 3428 3191
4095 3327 3071 3985 3423 3224
0 3583 3071 530 3689 3171
256 3583 3071 600 3690 3171
512 3583 3071 714 3691 3171
768 3583 3071 893 3693 3171
1024 3583 3071 1102 3696 3171
1280 3583 3071 1319 3700 3169
1536 3583 3071 1539 3706 3166
1792 3583 3071 1770 3712 3160
2048 3583 3071 2010 3718 3153
2303 3583 3071 2277 3721 3145
2559 3583 3071 2563 3718 3141
2815 3583 3071 2875 3708 3147
3071 3583 3071 3177 3692 3193
3327 3583 3071 3461 3678 3236
3583 3583 3071 3683 3674 3222
3839 3583 3071 3875 3654 3201
4095 3583 3071 4047 3622 3174
0 3839 3071 431 3884 3117
256 3839 3071 511 3887 3118
512 3839 3071 638 3890 3119
768 3839 3071 834 3894 3121
1024 3839 3071 1056 3898 3121
1280 3839 3071 1284 3901 3120
1536 3839 3071 1514 3905 3116
1792 3839 3071 1752 3910 3111
2048 3839 3071 1995 3914 3106
2303 3839 3071 2260 3916 3098
2559 3839 3071 2535 3915 3095
2815 3839 3071 2824 3911 3097
3071 3839 3071 3120 3897 3134
3327 3839 3071 3408 3885 3173
3583 3839 3071 3649 3888 3184
3839 3839 3071 3871 3873 3169
4095 3839 3071 4078 3846 3137
0 4095 3071 328 4070 3058
256 4095 3071 421 4076 3061
512 4095 3071 564 4082 3064
768 4095 3071 782 4090 3068
1024 4095 3071 1027 4093 3070
1280 4095 3071 1279 4095 3071
1536 4095 3071 1535 4095 3071
1792 4095 3071 1791 4095 3071
2048 4095 3071 2048 4095 3071
2303 4095 3071 2303 4095 3071
2559 4095 3071 2559 4095 3071
2815 4095 3071 2815 4095 3071
3071 4095 3071 3071 4095 3071
3327 4095 3071 3329 4094 3076
3583 4095 3071 3596 4091 3100
3839 4095 3071 3848 4088 3110
4095 4095 3071 4088 4086 3110
0 0 3327 339 201 3310
256 0 3327 424 174 3316
512 0 3327 563 125 3323
768 0 3327 783 43 3331
1024 0 3327 1048 115 3347
1280 0 3327 1325 218 3368
1536 0 3327 1608 295 3398
1792 0 3327 1883 351 3418
2048 0 3327 2152 393 3433
2303 0 3327 2416 426 3441
2559 0 3327 2681 459 3449
2815 0 3327 2944 489 3455
3071 0 3327 3205 513 3457
3327 0 3327 3457 519 3451
3583 0 3327 3680 462 3418
3839 0 3327 3887 357 3372
4095 0 3327 4083 220 3319
0 256 3327 152 334 3323
256 256 3327 313 318 3335
512 256 3327 505 291 3349
768 256 3327 747 248 3367
1024 256 3327 1034 293 3390
1280 256 3327 1329 356 3412
1536 256 3327 1612 406 3431
1792 256 3327 1887 444 3444
2048 256 3327 2157 477 3453
2303 256 3327 2421 505 3458
2559 256 3327 2687 532 3462
2815 256 3327 2950 559 3465
3071 256 3327 3211 580 3465
3327 256 3327 3463 585 3457
3583 256 3327 3685 535 3423
3839 256 3327 3892 453 3376
4095 256 3327 4088 350 3322
0 512 3327 125 526 3344
256 512 3327 301 519 3360
512 512 3327 503 508 3381
768 512 3327 744 491 3413
1024 512 3327 1030 509 3449
1280 512 3327 1326 535 3479
1536 512 3327 1612 560 3487
1792 512 3327 1891 584 3490
2048 512 3327 2164 606 3490
2303 512 3327 2431 628 3488
2559 512 3327 2697 650 3486
2815 512 3327 2961 672 3484
3071 512 3327 3221 690 3480
3327 512 3327 3473 694 3469
3583 512 3327 3695 651 3432
3839 512 3327 3899 593 3382
4095 512 3327 4091 526 3325
0 768 3327 335 805 3376
256 768 3327 438 804 3392
512 768 3327 583 800 3421
768 768 3327 790 792 3472
1024 768 3327 1042 782 3533
1280 768 3327 1312 775 3582
1536 768 3327 1608 782 3579
1792 768 3327 1895 792 3568
2048 768 3327 2176 804 3552
2303 768 3327 2446 819 3539
2559 768 3327 2714 834 3526
2815 768 3327 2979 851 3516
3071 768 3327 3240 864 3506
3327 768 3327 3491 868 3490
3583 768 3327 3712 831 3448
3839 768 3327 3910 799 3392
4095 768 3327 4094 770 3327
0 1024 3327 440 1085 3407
256 1024 3327 516 1085 3421
512 1024 3327 637 1083 3448
768 1024 3327 823 1078 3494
1024 1024 3327 1056 1066 3557
1280 1024 3327 1310 1055 3609
1536 1024 3327 1606 1054 3609
1792 1024 3327 1895 1055 3603
2048 1024 3327 2181 1057 3593
2303 1024 3327 2458 1059 3584
2559 1024 3327 2732 1063 3572
2815 1024 3327 3001 1073 3554
3071 1024 3327 3263 1081 3538
3327 1024 3327 3516 1081 3516
3583 1024 3327 3737 1043 3470
3839 1024 3327 3927 1027 3405
4095 1024 3327 4095 1024 3327
0 1280 3327 508 1363 3434
256 1280 3327 572 1363 3445
512 1280 3327 679 1362 3467
768 1280 3327 851 1359 3505
1024 1280 3327 1070 1351 3562
1280 1280 3327 1313 1343 3612
1536 1280 3327 1604 1339 3619
1792 1280 3327 1894 1334 3621
2048 1280 3327 2182 1328 3620
2303 1280 3327 2465 1318 3618
2559 1280 3327 2746 1312 3609
2815 1280 3327 3019 1314 3589
3071 1280 3327 3285 1315 3569
3327 1280 3327 3540 1309 3543
3583 1280 3327 3761 1271 3491
3839 1280 3327 3941 1265 3416
4095 1280 3327 4095 1280 3327
0 1536 3327 534 1634 3447
256 1536 3327 596 1634 3456
512 1536 3327 701 1633 3473
768 1536 3327 871 1633 3503
1024 1536 3327 1086 1630 3549
1280 1536 3327 1324 1626 3591
1536 1536 3327 1605 1622 3607
1792 1536 3327 1889 1617 3613
2048 1536 3327 2176 1612 3612
2303 1536 3327 2459 1603 3610
2559 1536 3327 2742 1594 3607
2815 1536 3327 3024 1585 3601
3071 1536 3327 3300 1574 3590
3327 1536 3327 3562 1559 3567
3583 1536 3327 3772 1533 3501
3839 1536 3327 3946 1527 3419
4095 1536 3327 4095 1536 3327
0 1792 3327 552 1902 3456
256 1792 3327 616 1902 3463
512 1792 3327 724 1903 3475
768 1792 3327 897 1904 3497
1024 1792 3327 1110 1904 3531
1280 1792 3327 1343 1904 3565
1536 1792 3327 1610 1901 3589
1792 1792 3327 1887 1898 3598
2048 1792 3327 2172 1894 3596
2303 1792 3327 2453 1886 3597
2559 1792 3327 2736 1876 3598
2815 1792 3327 3020 1863 3599
3071 1792 3327 3303 1845 3595
3327 1792 3327 3571 1825 3576
3583 1792 3327 3775 1802 3503
3839 1792 3327 3947 1792 3419
4095 1792 3327 4095 1792 3327
0 2048 3327 567 2168 3463
256 2048 3327 635 2169 3467
512 2048 3327 747 2171 3475
768 2048 3327 926 2173 3487
1024 2048 3327 1140 2176 3510
1280 2048 3327 1368 2179 3536
1536 2048 3327 1618 2179 3567
1792 2048 3327 1887 2177 3578
2048 2048 3327 2168 2174 3576
2303 2048 3327 2446 2167 3579
2559 2048 3327 2726 2158 3583
2815 2048 3327 3010 2145 3587
3071 2048 3327 3298 2125 3589
3327 2048 3327 3570 2102 3575
3583 2048 3327 3773 2077 3499
3839 2048 3327 3945 2059 3416
4095 2048 3327 4095 2048 3327
0 2303 3327 580 2431 3468
256 2303 3327 655 2432 3469
512 2303 3327 778 2434 3473
768 2303 3327 970 2437 3478
1024 2303 3327 1192 2441 3489
1280 2303 3327 1423 2445 3503
1536 2303 3327 1665 2448 3524
1792 2303 3327 1917 2448 3538
2048 2303 3327 2176 2447 3548
2303 2303 3327 2446 2443 3550
2559 2303 3327 2719 2437 3553
2815 2303 3327 2995 2429 3555
3071 2303 3327 3278 2412 3560
3327 2303 3327 3548 2390 3551
3583 2303 3327 3761 2354 3486
3839 2303 3327 3939 2326 3410
4095 2303 3327 4095 2303 3327
0 2559 3327 594 2695 3471
256 2559 3327 672 2696 3472
512 2559 3327 800 2698 3473
768 2559 3327 1000 2701 3473
1024 2559 3327 1228 2705 3477
1280 2559 3327 1462 2709 3483
1536 2559 3327 1699 2713 3495
1792 2559 3327 1937 2716 3510
2048 2559 3327 2177 2716 3527
2303 2559 3327 2441 2714 3530
2559 2559 3327 2709 2710 3531
2815 2559 3327 2981 2705 3531
3071 2559 3327 3256 2694 3532
3327 2559 3327 3522 2676 3523
3583 2559 3327 3743 2635 3471
3839 2559 3327 3930 2596 3404
4095 2559 3327 4095 2559 3327
0 2815 3327 608 2958 3475
256 2815 3327 684 2959 3475
512 2815 3327 809 2960 3476
768 2815 3327 1007 2962 3476
1024 2815 3327 1239 2965 3477
1280 2815 3327 1478 2968 3480
1536 2815 3327 1713 2972 3487
1792 2815 3327 1943 2976 3501
2048 2815 3327 2170 2979 3517
2303 2815 3327 2430 2977 3522
2559 2815 3327 2696 2975 3523
2815 2815 3327 2969 2970 3519
3071 2815 3327 3233 2968 3506
3327 2815 3327 3488 2958 3488
3583 2815 3327 3717 2917 3452
3839 2815 3327 3916 2868 3396
4095 2815 3327 4095 2815 3327
0 3071 3327 623 3219 3476
256 3071 3327 693 3220 3477
512 3071 3327 809 3221 3477
768 3071 3327 997 3223 3478
1024 3071 3327 1221 3225 3480
1280 3071 3327 1455 3227 3482
1536 3071 3327 1692 3230 3487
1792 3071 3327 1930 3234 3495
2048 3071 3327 2169 3237 3504
2303 3071 3327 2419 3237 3509
2559 3071 3327 2687 3234 3508
2815 3071 3327 2983 3224 3497
3071 3071 3327 3238 3225 3491
3327 3071 3327 3476 3221 3481
3583 3071 3327 3690 3189 3454
3839 3071 3327 3874 3156 3417
4095 3071 3327 4040 3122 3374
0 3327 3327 618 3471 3468
256 3327 3327 683 3472 3469
512 3327 3327 794 3473 3470
768 3327 3327 972 3474 3471
1024 3327 3327 1186 3476 3473
1280 3327 3327 1413 3478 3476
1536 3327 3327 1650 3481 3479
1792 3327 3327 1895 3484 3481
2048 3327 3327 2147 3487 3483
2303 3327 3327 2392 3489 3486
2559 3327 3327 2666 3485 3483
2815 3327 3327 2980 3471 3470
3071 3327 3327 3236 3471 3475
3327 3327 3327 3469 3469 3478
3583 3327 3327 3670 3451 3460
3839 3327 3327 3842 3435 3439
4095 3327 3327 3995 3420 3416
0 3583 3327 535 3687 3427
256 3583 3327 606 3687 3427
512 3583 3327 722 3689 3428
768 3583 3327 904 3690 3429
1024 3583 3327 1116 3693 3430
1280 3583 3327 1335 3696 3432
1536 3583 3327 1556 3701 3432
1792 3583 3327 1789 3706 3432
2048 3583 3327 2032 3711 3431
2303 3583 3327 2304 3712 3431
2559 3583 3327 2589 3709 3429
2815 3583 3327 2890 3701 3426
3071 3583 3327 3183 3689 3443
3327 3583 3327 3460 3678 3461
3583 3583 3327 3678 3677 3461
3839 3583 3327 3871 3658 3436
4095 3583 3327 4047 3626 3396
0 3839 3327 424 3887 3374
256 3839 3327 513 3888 3375
512 3839 3327 645 3890 3376
768 3839 3327 843 3893 3378
1024 3839 3327 1066 3896 3380
1280 3839 3327 1295 3900 3381
1536 3839 3327 1525 3904 3381
1792 3839 3327 1764 3908 3381
2048 3839 3327 2009 3911 3379
2303 3839 3327 2282 3911 3378
2559 3839 3327 2558 3910 3377
2815 3839 3327 2839 3906 3378
3071 3839 3327 3129 3895 3393
3327 3839 3327 3412 3886 3411
3583 3839 3327 3656 3888 3431
3839 3839 3327 3874 3874 3422
4095 3839 3327 4076 3851 3394
0 4095 3327 293 4076 3314
256 4095 3327 408 4077 3316
512 4095 3327 566 4081 3318
768 4095 3327 788 4087 3322
1024 4095 3327 1030 4091 3325
1280 4095 3327 1279 4095 3327
1536 4095 3327 1535 4095 3327
1792 4095 3327 1791 4095 3327
2048 4095 3327 2047 4095 3327
2303 4095 3327 2303 4095 3327
2559 4095 3327 2559 4095 3327
2815 4095 3327 2815 4095 3327
3071 4095 3327 3076 4094 3329
3327 4095 3327 3340 4092 3339
3583 4095 3327 3612 4087 3382
3839 4095 3327 3860 4086 3401
4095 4095 3327 4092 4089 3405
0 0 3583 409 243 3573
256 0 3583 487 227 3582
512 0 3583 618 204 3594
768 0 3583 826 170 3611
1024 0 3583 1078 205 3624
1280 0 3583 1341 254 3636
1536 0 3583 1605 293 3649
1792 0 3583 1868 325 3658
2048 0 3583 2129 352 3665
2303 0 3583 2388 376 3670
2559 0 3583 2649 399 3673
2815 0 3583 2909 421 3676
3071 0 3583 3168 441 3678
3327 0 3583 3424 455 3677
3583 0 3583 3669 445 3665
3839 0 3583 3883 378 3626
4095 0 3583 4077 272 3568
0 256 3583 306 366 3596
256 256 3583 416 355 3609
512 256 3583 572 341 3626
768 256 3583 798 321 3648
1024 256 3583 1062 342 3661
1280 256 3583 1335 372 3672
1536 256 3583 1603 397 3678
1792 256 3583 1868 420 3682
2048 256 3583 2132 441 3685
2303 256 3583 2392 460 3686
2559 256 3583 2653 480 3686
2815 256 3583 2913 499 3687
3071 256 3583 3173 516 3686
3327 256 3583 3429 528 3684
3583 256 3583 3674 519 3671
3839 256 3583 3889 462 3631
4095 256 3583 4084 373 3574
0 512 3583 284 546 3618
256 512 3583 400 540 3633
512 512 3583 560 532 3654
768 512 3583 785 521 3684
1024 512 3583 1050 527 3704
1280 512 3583 1326 539 3717
1536 512 3583 1598 552 3719
1792 512 3583 1868 565 3719
2048 512 3583 2135 578 3717
2303 512 3583 2398 591 3714
2559 512 3583 2661 605 3710
2815 512 3583 2923 620 3706
3071 512 3583 3182 635 3702
3327 512 3583 3438 645 3696
3583 512 3583 3683 636 3681
3839 512 3583 3897 594 3639
4095 512 3583 4091 529 3579
0 768 3583 384 811 3638
256 768 3583 470 809 3651
512 768 3583 599 803 3677
768 768 3583 793 793 3720
1024 768 3583 1043 786 3753
1280 768 3583 1311 781 3777
1536 768 3583 1590 782 3777
1792 768 3583 1866 783 3774
2048 768 3583 2140 785 3769
2303 768 3583 2408 790 3761
2559 768 3583 2674 797 3751
2815 768 3583 2938 807 3740
3071 768 3583 3198 818 3730
3327 768 3583 3454 826 3718
3583 768 3583 3699 818 3699
3839 768 3583 3908 799 3650
4095 768 3583 4094 771 3583
0 1024 3583 434 1078 3653
256 1024 3583 508 1076 3665
512 1024 3583 625 1073 3689
768 1024 3583 807 1065 3730
1024 1024 3583 1047 1058 3765
1280 1024 3583 1307 1051 3791
1536 1024 3583 1587 1049 3792
1792 1024 3583 1865 1047 3790
2048 1024 3583 2141 1045 3787
2303 1024 3583 2412 1043 3782
2559 1024 3583 2682 1042 3775
2815 1024 3583 2949 1045 3765
3071 1024 3583 3213 1046 3756
3327 1024 3583 3474 1045 3745
3583 1024 3583 3722 1031 3724
3839 1024 3583 3924 1025 3666
4095 1024 3583 4095 1024 3583
0 1280 3583 468 1344 3666
256 1280 3583 535 1343 3676
512 1280 3583 645 1341 3696
768 1280 3583 821 1337 3731
1024 1280 3583 1053 1332 3765
1280 1280 3583 1306 1327 3792
1536 1280 3583 1586 1324 3794
1792 1280 3583 1863 1321 3794
2048 1280 3583 2139 1317 3793
2303 1280 3583 2413 1311 3793
2559 1280 3583 2686 1305 3790
2815 1280 3583 2957 1299 3784
3071 1280 3583 3226 1291 3778
3327 1280 3583 3492 1281 3769
3583 1280 3583 3744 1261 3748
3839 1280 3583 3938 1263 3681
4095 1280 3583 4095 1280 3583
0 1536 3583 481 1607 3672
256 1536 3583 548 1607 3681
512 1536 3583 659 1606 3697
768 1536 3583 834 1605 3726
1024 1536 3583 1060 1602 3757
1280 1536 3583 1307 1599 3784
1536 1536 3583 1583 1597 3788
1792 1536 3583 1860 1594 3789
2048 1536 3583 2136 1591 3789
2303 1536 3583 2409 1585 3788
2559 1536 3583 2683 1579 3787
2815 1536 3583 2956 1571 3785
3071 1536 3583 3229 1560 3783
3327 1536 3583 3497 1546 3776
3583 1536 3583 3751 1527 3755
3839 1536 3583 3943 1525 3685
4095 1536 3583 4095 1536 3583
0 1792 3583 491 1870 3677
256 1792 3583 560 1870 3683
512 1792 3583 673 1871 3696
768 1792 3583 851 1871 3718
1024 1792 3583 1072 1871 3747
1280 1792 3583 1312 1870 3772
1536 1792 3583 1584 1868 3779
1792 1792 3583 1857 1866 3781
2048 1792 3583 2132 1863 3781
2303 1792 3583 2404 1858 3781
2559 1792 3583 2678 1851 3782
2815 1792 3583 2952 1843 3783
3071 1792 3583 3227 1830 3782
3327 1792 3583 3498 1816 3777
3583 1792 3583 3752 1796 3756
3839 1792 3583 3944 1790 3686
4095 1792 3583 4095 1792 3583
0 2048 3583 499 2132 3680
256 2048 3583 571 2133 3685
512 2048 3583 688 2134 3694
768 2048 3583 871 2136 3709
1024 2048 3583 1087 2138 3734
1280 2048 3583 1319 2139 3758
1536 2048 3583 1585 2138 3767
1792 2048 3583 1855 2137 3771
2048 2048 3583 2128 2134 3770
2303 2048 3583 2399 2129 3772
2559 2048 3583 2672 2123 3774
2815 2048 3583 2946 2115 3777
3071 2048 3583 3223 2102 3779
3327 2048 3583 3495 2088 3775
3583 2048 3583 3749 2068 3753
3839 2048 3583 3942 2056 3684
4095 2048 3583 4095 2048 3583
0 2303 3583 506 2392 3683
256 2303 3583 584 2393 3685
512 2303 3583 709 2395 3691
768 2303 3583 902 2398 3700
1024 2303 3583 1119 2401 3717
1280 2303 3583 1349 2403 3735
1536 2303 3583 1603 2404 3746
1792 2303 3583 1864 2403 3752
2048 2303 3583 2130 2402 3755
2303 2303 3583 2398 2398 3756
2559 2303 3583 2667 2394 3758
2815 2303 3583 2938 2387 3761
3071 2303 3583 3212 2376 3764
3327 2303 3583 3485 2362 3764
3583 2303 3583 3743 2340 3746
3839 2303 3583 3939 2321 3680
4095 2303 3583 4095 2303 3583
0 2559 3583 514 2653 3685
256 2559 3583 597 2654 3686
512 2559 3583 726 2656 3689
768 2559 3583 927 2659 3693
1024 2559 3583 1148 2663 3704
1280 2559 3583 1377 2666 3716
1536 2559 3583 1621 2668 3729
1792 2559 3583 1877 2669 3734
2048 2559 3583 2142 2669 3735
2303 2559 3583 2404 2667 3737
2559 2559 3583 2667 2664 3739
2815 2559 3583 2933 2660 3741
3071 2559 3583 3202 2652 3744
3327 2559 3583 3471 2640 3744
3583 2559 3583 3731 2617 3733
3839 2559 3583 3933 2590 3674
4095 2559 3583 4095 2559 3583
0 2815 3583 524 2913 3686
256 2815 3583 607 2914 3687
512 2815 3583 739 2916 3688
768 2815 3583 944 2918 3690
1024 2815 3583 1171 2922 3696
1280 2815 3583 1404 2926 3704
1536 2815 3583 1640 2930 3715
1792 2815 3583 1898 2933 3716
2048 2815 3583 2169 2935 3708
2303 2815 3583 2421 2934 3712
2559 2815 3583 2675 2933 3715
2815 2815 3583 2934 2931 3716
3071 2815 3583 3193 2928 3715
3327 2815 3583 3452 2922 3713
3583 2815 3583 3711 2899 3711
3839 2815 3583 3920 2862 3662
4095 2815 3583 4095 2815 3583
0 3071 3583 534 3173 3687
256 3071 3583 614 3174 3688
512 3071 3583 742 3175 3689
768 3071 3583 943 3177 3691
1024 3071 3583 1168 3180 3694
1280 3071 3583 1399 3183 3700
1536 3071 3583 1634 3187 3709
1792 3071 3583 1891 3190 3711
2048 3071 3583 2161 3193 3706
2303 3071 3583 2409 3193 3710
2559 3071 3583 2665 3192 3712
2815 3071 3583 2931 3188 3711
3071 3071 3583 3188 3186 3711
3327 3071 3583 3443 3182 3710
3583 3071 3583 3697 3165 3706
3839 3071 3583 3898 3137 3664
4095 3071 3583 4064 3103 3596
0 3327 3583 539 3429 3685
256 3327 3583 615 3430 3686
512 3327 3583 738 3431 3687
768 3327 3583 931 3433 3689
1024 3327 3583 1152 3435 3692
1280 3327 3583 1381 3438 3696
1536 3327 3583 1614 3442 3703
1792 3327 3583 1866 3445 3706
2048 3327 3583 2131 3448 3707
2303 3327 3583 2383 3448 3709
2559 3327 3583 2644 3446 3709
2815 3327 3583 2917 3441 3707
3071 3327 3583 3181 3438 3708
3327 3327 3583 3440 3433 3708
3583 3327 3583 3686 3424 3702
3839 3327 3583 3878 3408 3668
4095 3327 3583 4034 3388 3613
0 3583 3583 520 3675 3673
256 3583 3583 594 3675 3673
512 3583 3583 714 3676 3674
768 3583 3583 902 3678 3676
1024 3583 3583 1118 3680 3678
1280 3583 3583 1339 3683 3681
1536 3583 3583 1560 3688 3686
1792 3583 3583 1799 3692 3689
2048 3583 3583 2049 3696 3691
2303 3583 3583 2326 3695 3690
2559 3583 3583 2600 3694 3690
2815 3583 3583 2869 3691 3689
3071 3583 3583 3165 3680 3687
3327 3583 3583 3453 3670 3685
3583 3583 3583 3684 3672 3688
3839 3583 3583 3876 3657 3667
4095 3583 3583 4042 3631 3630
0 3839 3583 398 3890 3633
256 3839 3583 500 3891 3634
512 3839 3583 643 3892 3635
768 3839 3583 849 3894 3637
1024 3839 3583 1075 3896 3639
1280 3839 3583 1307 3899 3641
1536 3839 3583 1537 3902 3643
1792 3839 3583 1779 3905 3645
2048 3839 3583 2028 3908 3647
2303 3839 3583 2303 3907 3645
2559 3839 3583 2574 3906 3645
2815 3839 3583 2836 3905 3645
3071 3839 3583 3136 3894 3647
3327 3839 3583 3430 3884 3650
3583 3839 3583 3661 3889 3660
3839 3839 3583 3870 3881 3654
4095 3839 3583 4063 3864 3636
0 4095 3583 208 4085 3576
256 4095 3583 357 4086 3577
512 4095 3583 541 4088 3578
768 4095 3583 779 4091 3580
1024 4095 3583 1028 4093 3582
1280 4095 3583 1280 4095 3583
1536 4095 3583 1535 4095 3583
1792 4095 3583 1791 4095 3583
2048 4095 3583 2047 4095 3583
2303 4095 3583 2303 4095 3583
2559 4095 3583 2559 4095 3583
2815 4095 3583 2815 4095 3583
3071 4095 3583 3100 4090 3594
3327 4095 3583 3382 4085 3608
3583 4095 3583 3625 4086 3623
3839 4095 3583 3860 4087 3631
4095 4095 3583 4092 4090 3634
0 0 3839 448 266 3821
256 0 3839 516 251 3829
512 0 3839 638 236 3839
768 0 3839 840 221 3853
1024 0 3839 1081 235 3861
1280 0 3839 1333 256 3866
1536 0 3839 1586 271 3869
1792 0 3839 1840 281 3873
2048 0 3839 2094 287 3878
2303 0 3839 2351 309 3880
2559 0 3839 2607 328 3881
2815 0 3839 2862 342 3880
3071 0 3839 3118 359 3881
3327 0 3839 3374 374 3881
3583 0 3839 3630 385 3881
3839 0 3839 3859 364 3856
4095 0 3839 4069 321 3814
0 256 3839 377 380 3840
256 256 3839 455 368 3852
512 256 3839 590 357 3865
768 256 3839 810 347 3882
1024 256 3839 1061 354 3889
1280 256 3839 1320 365 3892
1536 256 3839 1578 376 3892
1792 256 3839 1837 385 3893
2048 256 3839 2095 393 3893
2303 256 3839 2352 406 3894
2559 256 3839 2610 418 3893
2815 256 3839 2866 429 3892
3071 256 3839 3123 442 3891
3327 256 3839 3380 453 3891
3583 256 3839 3636 459 3889
3839 256 3839 3865 440 3864
4095 256 3839 4078 405 3822
0 512 3839 348 550 3855
256 512 3839 430 542 3868
512 512 3839 568 534 3885
768 512 3839 791 526 3906
1024 512 3839 1045 526 3914
1280 512 3839 1308 530 3918
1536 512 3839 1572 535 3918
1792 512 3839 1834 541 3917
2048 512 3839 2095 547 3915
2303 512 3839 2354 553 3913
2559 512 3839 2614 559 3911
2815 512 3839 2873 567 3908
3071 512 3839 3130 576 3905
3327 512 3839 3387 584 3902
3583 512 3839 3643 587 3898
3839 512 3839 3872 574 3871
4095 512 3839 4084 550 3828
0 768 3839 382 804 3865
256 768 3839 458 799 3876
512 768 3839 585 793 3894
768 768 3839 787 784 3923
1024 768 3839 1037 780 3936
1280 768 3839 1299 777 3945
1536 768 3839 1566 776 3946
1792 768 3839 1831 775 3946
2048 768 3839 2097 774 3945
2303 768 3839 2359 775 3942
2559 768 3839 2621 777 3937
2815 768 3839 2881 782 3929
3071 768 3839 3140 788 3923
3327 768 3839 3397 794 3917
3583 768 3839 3652 796 3910
3839 768 3839 3879 793 3878
4095 768 3839 4086 786 3830
0 1024 3839 354 1059 3875
256 1024 3839 449 1057 3884
512 1024 3839 587 1053 3900
768 1024 3839 789 1047 3926
1024 1024 3839 1036 1043 3941
1280 1024 3839 1296 1040 3951
1536 1024 3839 1563 1038 3951
1792 1024 3839 1830 1036 3951
2048 1024 3839 2096 1034 3951
2303 1024 3839 2359 1032 3949
2559 1024 3839 2623 1030 3946
2815 1024 3839 2886 1030 3941
3071 1024 3839 3148 1029 3938
3327 1024 3839 3409 1028 3934
3583 1024 3839 3666 1026 3927
3839 1024 3839 3889 1028 3889
4095 1024 3839 4087 1034 3831
0 1280 3839 328 1315 3883
256 1280 3839 439 1314 3890
512 1280 3839 588 1313 3903
768 1280 3839 793 1310 3924
1024 1280 3839 1038 1307 3940
1280 1280 3839 1294 1305 3951
1536 1280 3839 1562 1304 3951
1792 1280 3839 1829 1302 3950
2048 1280 3839 2095 1300 3950
2303 1280 3839 2359 1297 3950
2559 1280 3839 2623 1293 3949
2815 1280 3839 2888 1288 3949
3071 1280 3839 3153 1281 3949
3327 1280 3839 3418 1273 3948
3583 1280 3839 3679 1266 3942
3839 1280 3839 3898 1271 3899
4095 1280 3839 4088 1286 3832
0 1536 3839 369 1575 3883
256 1536 3839 460 1574 3890
512 1536 3839 597 1573 3902
768 1536 3839 800 1572 3920
1024 1536 3839 1040 1571 3936
1280 1536 3839 1293 1569 3949
1536 1536 3839 1560 1568 3948
1792 1536 3839 1827 1567 3948
2048 1536 3839 2093 1565 3948
2303 1536 3839 2356 1562 3948
2559 1536 3839 2621 1559 3947
2815 1536 3839 2886 1554 3947
3071 1536 3839 3152 1547 3948
3327 1536 3839 3417 1539 3948
3583 1536 3839 3683 1529 3946
3839 1536 3839 3902 1530 3904
4095 1536 3839 4091 1538 3835
0 1792 3839 394 1833 3883
256 1792 3839 475 1833 3889
512 1792 3839 606 1833 3899
768 1792 3839 810 1833 3915
1024 1792 3839 1045 1833 3931
1280 1792 3839 1292 1832 3945
1536 1792 3839 1559 1831 3945
1792 1792 3839 1825 1830 3945
2048 1792 3839 2090 1829 3945
2303 1792 3839 2354 1826 3945
2559 1792 3839 2619 1823 3945
2815 1792 3839 2884 1819 3946
3071 1792 3839 3149 1812 3946
3327 1792 3839 3416 1805 3947
3583 1792 3839 3683 1793 3946
3839 1792 3839 3903 1790 3905
4095 1792 3839 4092 1793 3836
0 2048 3839 408 2091 3882
256 2048 3839 486 2092 3888
512 2048 3839 615 2093 3897
768 2048 3839 820 2094 3909
1024 2048 3839 1050 2095 3925
1280 2048 3839 1293 2095 3940
1536 2048 3839 1558 2094 3940
1792 2048 3839 1824 2093 3941
2048 2048 3839 2088 2092 3941
2303 2048 3839 2351 2089 3942
2559 2048 3839 2616 2086 3943
2815 2048 3839 2881 2082 3944
3071 2048 3839 3147 2076 3945
3327 2048 3839 3413 2069 3945
3583 2048 3839 3681 2058 3945
3839 2048 3839 3902 2052 3904
4095 2048 3839 4091 2048 3835
0 2303 3839 412 2347 3883
256 2303 3839 493 2349 3888
512 2303 3839 626 2350 3895
768 2303 3839 836 2352 3903
1024 2303 3839 1065 2354 3916
1280 2303 3839 1304 2355 3928
1536 2303 3839 1562 2355 3933
1792 2303 3839 1824 2354 3934
2048 2303 3839 2088 2353 3934
2303 2303 3839 2350 2352 3935
2559 2303 3839 2614 2349 3936
2815 2303 3839 2877 2345 3937
3071 2303 3839 3143 2340 3939
3327 2303 3839 3410 2333 3941
3583 2303 3839 3678 2323 3942
3839 2303 3839 3900 2313 3902
4095 2303 3839 4090 2303 3834
0 2559 3839 417 2605 3883
256 2559 3839 501 2606 3888
512 2559 3839 637 2608 3893
768 2559 3839 851 2611 3898
1024 2559 3839 1081 2613 3907
1280 2559 3839 1319 2615 3917
1536 2559 3839 1570 2616 3925
1792 2559 3839 1830 2616 3925
2048 2559 3839 2098 2616 3922
2303 2559 3839 2357 2615 3923
2559 2559 3839 2616 2613 3924
2815 2559 3839 2877 2611 3926
3071 2559 3839 3140 2606 3929
3327 2559 3839 3404 2601 3931
3583 2559 3839 3672 2591 3934
3839 2559 3839 3896 2576 3898
4095 2559 3839 4091 2558 3835
0 2815 3839 423 2862 3884
256 2815 3839 509 2864 3888
512 2815 3839 648 2866 3891
768 2815 3839 865 2868 3895
1024 2815 3839 1099 2871 3900
1280 2815 3839 1339 2874 3906
1536 2815 3839 1583 2876 3915
1792 2815 3839 1847 2878 3912
2048 2815 3839 2124 2879 3901
2303 2815 3839 2374 2879 3903
2559 2815 3839 2626 2878 3905
2815 2815 3839 2881 2878 3907
3071 2815 3839 3137 2876 3910
3327 2815 3839 3396 2873 3913
3583 2815 3839 3662 2863 3920
3839 2815 3839 3890 2842 3891
4095 2815 3839 4094 2815 3838
0 3071 3839 430 3118 3884
256 3071 3839 514 3121 3888
512 3071 3839 651 3123 3891
768 3071 3839 865 3126 3895
1024 3071 3839 1100 3128 3898
1280 3071 3839 1341 3130 3903
1536 3071 3839 1583 3133 3909
1792 3071 3839 1844 3135 3909
2048 3071 3839 2117 3137 3903
2303 3071 3839 2382 3139 3896
2559 3071 3839 2642 3140 3893
2815 3071 3839 2891 3140 3896
3071 3071 3839 3143 3139 3898
3327 3071 3839 3397 3137 3901
3583 3071 3839 3657 3131 3905
3839 3071 3839 3881 3112 3881
4095 3071 3839 4080 3085 3837
0 3327 3839 436 3375 3884
256 3327 3839 518 3377 3888
512 3327 3839 652 3380 3891
768 3327 3839 862 3382 3895
1024 3327 3839 1096 3384 3898
1280 3327 3839 1335 3386 3901
1536 3327 3839 1576 3389 3906
1792 3327 3839 1831 3391 3908
2048 3327 3839 2096 3393 3908
2303 3327 3839 2382 3396 3894
2559 3327 3839 2652 3399 3886
2815 3327 3839 2897 3399 3888
3071 3327 3839 3150 3398 3889
3327 3327 3839 3404 3396 3890
3583 3327 3839 3656 3394 3892
3839 3327 3839 3872 3380 3873
4095 3327 3839 4064 3357 3840
0 3583 3839 441 3631 3884
256 3583 3839 519 3634 3888
512 3583 3839 648 3636 3891
768 3583 3839 854 3639 3894
1024 3583 3839 1083 3641 3897
1280 3583 3839 1318 3642 3899
1536 3583 3839 1552 3645 3903
1792 3583 3839 1798 3648 3906
2048 3583 3839 2053 3650 3908
2303 3583 3839 2358 3650 3895
2559 3583 3839 2639 3651 3888
2815 3583 3839 2883 3652 3889
3071 3583 3839 3153 3646 3884
3327 3583 3839 3422 3641 3880
3583 3583 3839 3656 3645 3884
3839 3583 3839 3864 3637 3875
4095 3583 3839 4054 3620 3855
0 3839 3839 375 3863 3861
256 3839 3839 471 3865 3864
512 3839 3839 614 3868 3867
768 3839 3839 825 3872 3871
1024 3839 3839 1060 3874 3874
1280 3839 3839 1300 3875 3875
1536 3839 3839 1540 3878 3878
1792 3839 3839 1788 3879 3880
2048 3839 3839 2041 3880 3881
2303 3839 3839 2331 3880 3873
2559 3839 3839 2610 3879 3869
2815 3839 3839 2870 3879 3868
3071 3839 3839 3147 3873 3867
3327 3839 3839 3419 3868 3867
3583 3839 3839 3647 3873 3872
3839 3839 3839 3861 3870 3870
4095 3839 3839 4066 3863 3863
0 4095 3839 261 4078 3823
256 4095 3839 391 4081 3825
512 4095 3839 558 4084 3828
768 4095 3839 783 4090 3834
1024 4095 3839 1029 4092 3836
1280 4095 3839 1282 4093 3837
1536 4095 3839 1537 4094 3838
1792 4095 3839 1792 4094 3838
2048 4095 3839 2048 4093 3837
2303 4095 3839 2303 4093 3838
2559 4095 3839 2571 4092 3836
2815 4095 3839 2857 4089 3832
3071 4095 3839 3135 4085 3841
3327 4095 3839 3400 4082 3852
3583 4095 3839 3631 4085 3857
3839 4095 3839 3861 4089 3861
4095 4095 3839 4093 4092 3865
0 0 4095 468 278 4059
256 0 4095 523 255 4063
512 0 4095 635 235 4067
768 0 4095 833 221 4070
1024 0 4095 1067 226 4071
1280 0 4095 1310 234 4072
1536 0 4095 1555 235 4069
1792 0 4095 1802 225 4071
2048 0 4095 2051 207 4077
2303 0 4095 2306 232 4078
2559 0 4095 2559 249 4078
2815 0 4095 2809 256 4073
3071 0 4095 3061 268 4071
3327 0 4095 3314 282 4071
3583 0 4095 3571 297 4076
3839 0 4095 3820 327 4071
4095 0 4095 4062 367 4059
0 256 4095 392 384 4065
256 256 4095 452 365 4074
512 256 4095 575 350 4081
768 256 4095 795 340 4085
1024 256 4095 1040 341 4086
1280 256 4095 1291 344 4086
1536 256 4095 1543 344 4085
1792 256 4095 1796 342 4085
2048 256 4095 2050 337 4087
2303 256 4095 2304 344 4088
2559 256 4095 2559 350 4088
2815 256 4095 2813 353 4086
3071 256 4095 3067 360 4085
3327 256 4095 3321 366 4085
3583 256 4095 3579 369 4088
3839 256 4095 3827 398 4081
4095 256 4095 4069 445 4067
0 512 4095 347 545 4069
256 512 4095 412 531 4079
512 512 4095 543 520 4088
768 512 4095 773 513 4094
1024 512 4095 1024 512 4095
1280 512 4095 1280 512 4095
1536 512 4095 1536 512 4095
1792 512 4095 1792 514 4094
2048 512 4095 2048 516 4093
2303 512 4095 2303 514 4094
2559 512 4095 2559 512 4095
2815 512 4095 2815 513 4095
3071 512 4095 3070 516 4094
3327 512 4095 3326 517 4093
3583 512 4095 3583 513 4095
3839 512 4095 3831 538 4086
4095 512 4095 4073 583 4072
0 768 4095 346 787 4068
256 768 4095 417 780 4078
512 768 4095 550 774 4086
768 768 4095 774 769 4094
1024 768 4095 1024 768 4095
1280 768 4095 1280 768 4095
1536 768 4095 1536 768 4095
1792 768 4095 1792 768 4095
2048 768 4095 2048 769 4095
2303 768 4095 2303 768 4095
2559 768 4095 2559 768 4095
2815 768 4095 2815 768 4095
3071 768 4095 3071 769 4095
3327 768 4095 3327 769 4095
3583 768 4095 3583 768 4095
3839 768 4095 3831 784 4086
4095 768 4095 4073 811 4071
0 1024 4095 224 1033 4081
256 1024 4095 357 1030 4086
512 1024 4095 532 1027 4090
768 1024 4095 771 1024 4094
1024 1024 4095 1024 1024 4095
1280 1024 4095 1280 1024 4095
1536 1024 4095 1536 1024 4095
1792 1024 4095 1792 1024 4095
2048 1024 4095 2048 1024 4095
2303 1024 4095 2303 1024 4095
2559 1024 4095 2559 1024 4095
2815 1024 4095 2815 1024 4095
3071 1024 4095 3071 1024 4095
3327 1024 4095 3327 1024 4095
3583 1024 4095 3583 1024 4095
3839 1024 4095 3831 1034 4087
4095 1024 4095 4074 1051 4073
0 1280 4095 122 1281 4092
256 1280 4095 303 1280 4093
512 1280 4095 514 1280 4095
768 1280 4095 768 1280 4095
1024 1280 4095 1024 1280 4095
1280 1280 4095 1280 1280 4095
1536 1280 4095 1536 1280 4095
1792 1280 4095 1792 1280 4095
2048 1280 4095 2048 1280 4095
2303 1280 4095 2303 1280 4095
2559 1280 4095 2559 1280 4095
2815 1280 4095 2815 1280 4095
3071 1280 4095 3071 1280 4095
3327 1280 4095 3327 1280 4095
3583 1280 4095 3583 1280 4095
3839 1280 4095 3832 1286 4088
4095 1280 4095 4077 1295 4076
0 1536 4095 218 1538 4085
256 1536 4095 346 1537 4089
512 1536 4095 521 1536 4093
768 1536 4095 770 1536 4095
1024 1536 4095 1024 1536 4095
1280 1536 4095 1280 1536 4095
1536 1536 4095 1536 1536 4095
1792 1536 4095 1792 1536 4095
2048 1536 4095 2048 1536 4095
2303 1536 4095 2303 1536 4095
2559 1536 4095 2559 1536 4095
2815 1536 4095 2815 1536 4095
3071 1536 4095 3071 1536 4095
3327 1536 4095 3327 1536 4095
3583 1536 4095 3583 1536 4095
3839 1536 4095 3835 1538 4091
4095 1536 4095 4084 1542 4083
0 1792 4095 274 1793 4079
256 1792 4095 372 1792 4086
512 1792 4095 527 1792 4091
768 1792 4095 771 1792 4094
1024 1792 4095 1024 1792 4095
1280 1792 4095 1280 1792 4095
1536 1792 4095 1536 1792 4095
1792 1792 4095 1792 1792 4095
2048 1792 4095 2048 1792 4095
2303 1792 4095 2303 1792 4095
2559 1792 4095 2559 1792 4095
2815 1792 4095 2815 1792 4095
3071 1792 4095 3071 1792 4095
3327 1792 4095 3327 1792 4095
3583 1792 4095 3583 1792 4095
3839 1792 4095 3836 1793 4092
4095 1792 4095 4086 1794 4086
0 2048 4095 302 2046 4073
256 2048 4095 386 2047 4083
512 2048 4095 532 2048 4090
768 2048 4095 771 2048 4094
1024 2048 4095 1024 2048 4095
1280 2048 4095 1280 2048 4095
1536 2048 4095 1536 2048 4095
1792 2048 4095 1792 2048 4095
2048 2048 4095 2048 2048 4095
2303 2048 4095 2303 2048 4095
2559 2048 4095 2559 2048 4095
2815 2048 4095 2815 2048 4095
3071 2048 4095 3071 2048 4095
3327 2048 4095 3327 2048 4095
3583 2048 4095 3583 2048 4095
3839 2048 4095 3835 2048 4091
4095 2048 4095 4085 2049 4085
0 2303 4095 304 2299 4073
256 2303 4095 389 2301 4082
512 2303 4095 534 2302 4090
768 2303 4095 772 2303 4094
1024 2303 4095 1024 2303 4095
1280 2303 4095 1280 2303 4095
1536 2303 4095 1536 2303 4095
1792 2303 4095 1792 2303 4095
2048 2303 4095 2048 2303 4095
2303 2303 4095 2303 2303 4095
2559 2303 4095 2559 2303 4095
2815 2303 4095 2815 2303 4095
3071 2303 4095 3071 2303 4095
3327 2303 4095 3327 2303 4095
3583 2303 4095 3583 2303 4095
3839 2303 4095 3834 2303 4090
4095 2303 4095 4083 2302 4082
0 2559 4095 307 2552 4072
256 2559 4095 392 2555 4081
512 2559 4095 537 2557 4089
768 2559 4095 772 2559 4094
1024 2559 4095 1024 2559 4095
1280 2559 4095 1280 2559 4095
1536 2559 4095 1536 2559 4095
1792 2559 4095 1792 2559 4095
2048 2559 4095 2048 2559 4095
2303 2559 4095 2303 2559 4095
2559 2559 4095 2559 2559 4095
2815 2559 4095 2815 2559 4095
3071 2559 4095 3071 2559 4095
3327 2559 4095 3327 2559 4095
3583 2559 4095 3583 2559 4095
3839 2559 4095 3835 2558 4091
4095 2559 4095 4084 2557 4084
0 2815 4095 312 2806 4072
256 2815 4095 397 2809 4080
512 2815 4095 542 2812 4088
768 2815 4095 773 2815 4094
1024 2815 4095 1024 2815 4095
1280 2815 4095 1280 2815 4095
1536 2815 4095 1536 2815 4095
1792 2815 4095 1792 2815 4095
2048 2815 4095 2048 2815 4095
2303 2815 4095 2303 2815 4095
2559 2815 4095 2559 2815 4095
2815 2815 4095 2815 2815 4095
3071 2815 4095 3071 2815 4095
3327 2815 4095 3327 2815 4095
3583 2815 4095 3583 2815 4095
3839 2815 4095 3838 2815 4094
4095 2815 4095 4091 2814 4091
0 3071 4095 314 3059 4072
256 3071 4095 400 3063 4080
512 3071 4095 544 3067 4087
768 3071 4095 773 3070 4094
1024 3071 4095 1024 3071 4095
1280 3071 4095 1280 3071 4095
1536 3071 4095 1536 3071 4095
1792 3071 4095 1792 3071 4095
2048 3071 4095 2048 3071 4095
2303 3071 4095 2344 3077 4073
2559 3071 4095 2619 3082 4060
2815 3071 4095 2859 3083 4062
3071 3071 4095 3101 3086 4064
3327 3071 4095 3343 3088 4067
3583 3071 4095 3587 3091 4069
3839 3071 4095 3837 3083 4078
4095 3071 4095 4091 3069 4090
0 3327 4095 317 3313 4072
256 3327 4095 402 3318 4080
512 3327 4095 545 3322 4087
768 3327 4095 773 3326 4094
1024 3327 4095 1024 3327 4095
1280 3327 4095 1280 3327 4095
1536 3327 4095 1536 3327 4095
1792 3327 4095 1792 3327 4095
2048 3327 4095 2048 3327 4095
2303 3327 4095 2388 3338 4053
2559 3327 4095 2682 3346 4029
2815 3327 4095 2906 3349 4032
3071 3327 4095 3133 3353 4036
3327 3327 4095 3362 3358 4041
3583 3327 4095 3593 3363 4046
3839 3327 4095 3836 3351 4062
4095 3327 4095 4086 3326 4086
0 3583 4095 319 3566 4072
256 3583 4095 402 3572 4081
512 3583 4095 544 3578 4088
768 3583 4095 773 3582 4094
1024 3583 4095 1024 3583 4095
1280 3583 4095 1280 3583 4095
1536 3583 4095 1536 3583 4095
1792 3583 4095 1792 3583 4095
2048 3583 4095 2048 3583 4095
2303 3583 4095 2398 3586 4062
2559 3583 4095 2698 3589 4043
2815 3583 4095 2921 3592 4047
3071 3583 4095 3147 3596 4051
3327 3583 4095 3375 3599 4055
3583 3583 4095 3606 3604 4059
3839 3583 4095 3840 3603 4067
4095 3583 4095 4076 3599 4076
0 3839 4095 353 3815 4068
256 3839 4095 432 3821 4075
512 3839 4095 566 3827 4082
768 3839 4095 781 3835 4091
1024 3839 4095 1028 3837 4093
1280 3839 4095 1282 3837 4093
1536 3839 4095 1537 3838 4094
1792 3839 4095 1792 3838 4094
2048 3839 4095 2048 3837 4093
2303 3839 4095 2365 3838 4075
2559 3839 4095 2662 3837 4063
2815 3839 4095 2927 3835 4061
3071 3839 4095 3162 3837 4064
3327 3839 4095 3389 3841 4068
3583 3839 4095 3619 3845 4072
3839 3839 4095 3850 3849 4076
4095 3839 4095 4081 3853 4080
0 4095 4095 406 4060 4059
256 4095 4095 482 4065 4064
512 4095 4095 604 4073 4073
768 4095 4095 795 4086 4085
1024 4095 4095 1034 4089 4088
1280 4095 4095 1286 4090 4089
1536 4095 4095 1538 4092 4092
1792 4095 4095 1793 4092 4092
2048 4095 4095 2049 4091 4091
2303 4095 4095 2303 4091 4091
2559 4095 4095 2591 4087 4087
2815 4095 4095 2928 4078 4076
3071 4095 4095 3176 4079 4077
3327 4095 4095 3403 4082 4081
3583 4095 4095 3632 4086 4085
3839 4095 4095 3863 4090 4090
4095 4095 4095 4095 4095 4095
