0 0 0 0 0 0
256 0 0 216 82 78
512 0 0 424 171 161
768 0 0 622 269 250
1024 0 0 881 308 270
1280 0 0 1146 340 280
1536 0 0 1383 400 315
1792 0 0 1617 462 349
2048 0 0 1851 525 383
2303 0 0 2083 589 416
2559 0 0 2316 654 449
2815 0 0 2549 717 481
3071 0 0 2782 781 516
3327 0 0 3015 846 554
3583 0 0 3247 910 596
3839 0 0 3480 974 638
4095 0 0 3712 1039 680
0 256 0 116 250 95
256 256 0 284 284 132
512 256 0 457 329 198
768 256 0 638 392 308
1024 256 0 884 425 322
1280 256 0 1142 453 317
1536 256 0 1385 494 334
1792 256 0 1623 542 360
2048 256 0 1857 595 390
2303 256 0 2090 649 420
2559 256 0 2325 704 451
2815 256 0 2558 762 482
3071 256 0 2790 822 518
3327 256 0 3023 882 556
3583 256 0 3255 943 598
3839 256 0 3487 1004 639
4095 256 0 3720 1065 681
0 512 0 229 501 186
256 512 0 356 505 196
512 512 0 503 520 240
768 512 0 681 553 335
1024 512 0 913 578 347
1280 512 0 1158 602 342
1536 512 0 1400 629 352
1792 512 0 1637 665 374
2048 512 0 1869 707 402
2303 512 0 2102 751 430
2559 512 0 2336 798 459
2815 512 0 2570 847 490
3071 512 0 2803 899 525
3327 512 0 3036 952 562
3583 512 0 3268 1006 602
3839 512 0 3500 1064 644
4095 512 0 3730 1122 686
0 768 0 336 752 271
256 768 0 434 754 276
512 768 0 571 760 289
768 768 0 764 771 315
1024 768 0 981 786 331
1280 768 0 1206 803 346
1536 768 0 1435 825 367
1792 768 0 1663 852 393
2048 768 0 1890 883 423
2303 768 0 2120 918 450
2559 768 0 2353 954 478
2815 768 0 2586 992 507
3071 768 0 2822 1030 540
3327 768 0 3057 1070 573
3583 768 0 3292 1114 609
3839 768 0 3520 1166 651
4095 768 0 3745 1224 698
0 1024 0 447 1004 336
256 1024 0 525 1005 338
512 1024 0 645 1008 344
768 1024 0 826 1014 353
1024 1024 0 1032 1023 367
1280 1024 0 1246 1035 383
1536 1024 0 1469 1052 402
1792 1024 0 1694 1071 424
2048 1024 0 1920 1094 449
2303 1024 0 2150 1119 473
2559 1024 0 2381 1147 501
2815 1024 0 2611 1178 534
3071 1024 0 2844 1210 566
3327 1024 0 3078 1242 598
3583 1024 0 3313 1278 631
3839 1024 0 3539 1323 673
4095 1024 0 3760 1376 722
0 1280 0 556 1256 396
256 1280 0 619 1257 398
512 1280 0 722 1259 401
768 1280 0 885 1262 408
1024 1280 0 1080 1269 418
1280 1280 0 1286 1277 430
1536 1280 0 1505 1288 445
1792 1280 0 1727 1302 462
2048 1280 0 1953 1317 482
2303 1280 0 2182 1335 505
2559 1280 0 2411 1355 532
2815 1280 0 2638 1380 565
3071 1280 0 2869 1406 596
3327 1280 0 3100 1433 627
3583 1280 0 3334 1462 658
3839 1280 0 3558 1501 701
4095 1280 0 3776 1548 751
0 1536 0 659 1508 458
256 1536 0 712 1509 459
512 1536 0 803 1511 462
768 1536 0 951 1513 468
1024 1536 0 1135 1519 477
1280 1536 0 1332 1525 488
1536 1536 0 1544 1533 503
1792 1536 0 1762 1544 520
2048 1536 0 1983 1556 539
2303 1536 0 2209 1571 561
2559 1536 0 2436 1587 584
2815 1536 0 2664 1606 609
3071 1536 0 2895 1626 635
3327 1536 0 3127 1648 661
3583 1536 0 3358 1672 693
3839 1536 0 3581 1706 735
4095 1536 0 3799 1745 785
0 1792 0 765 1760 528
256 1792 0 811 1761 529
512 1792 0 891 1762 532
768 1792 0 1025 1764 537
1024 1792 0 1197 1768 545
1280 1792 0 1384 1773 556
1536 1792 0 1590 1780 570
1792 1792 0 1802 1788 586
2048 1792 0 2018 1798 604
2303 1792 0 2240 1811 624
2559 1792 0 2464 1824 644
2815 1792 0 2690 1839 665
3071 1792 0 2920 1856 687
3327 1792 0 3150 1874 709
3583 1792 0 3381 1894 736
3839 1792 0 3604 1921 775
4095 1792 0 3824 1953 822
0 2048 0 875 2012 603
256 2048 0 914 2012 604
512 2048 0 985 2013 607
768 2048 0 1104 2015 612
1024 2048 0 1265 2018 620
1280 2048 0 1442 2022 630
1536 2048 0 1639 2028 643
1792 2048 0 1845 2035 658
2048 2048 0 2056 2043 674
2303 2048 0 2273 2053 692
2559 2048 0 2493 2065 710
2815 2048 0 2717 2078 729
3071 2048 0 2943 2092 748
3327 2048 0 3172 2108 767
3583 2048 0 3403 2124 786
3839 2048 0 3629 2145 819
4095 2048 0 3851 2169 860
0 2303 0 988 2261 682
256 2303 0 1022 2262 683
512 2303 0 1086 2263 685
768 2303 0 1194 2264 690
1024 2303 0 1344 2267 697
1280 2303 0 1510 2270 706
1536 2303 0 1699 2275 718
1792 2303 0 1897 2281 731
2048 2303 0 2102 2288 745
2303 2303 0 2315 2298 761
2559 2303 0 2531 2308 777
2815 2303 0 2750 2319 795
3071 2303 0 2974 2332 812
3327 2303 0 3199 2346 830
3583 2303 0 3427 2361 849
3839 2303 0 3634 2363 862
4095 2303 0 3828 2356 871
0 2559 0 1101 2512 760
256 2559 0 1131 2513 761
512 2559 0 1188 2514 763
768 2559 0 1285 2515 767
1024 2559 0 1424 2517 774
1280 2559 0 1580 2520 781
1536 2559 0 1760 2524 792
1792 2559 0 1952 2530 803
2048 2559 0 2150 2536 816
2303 2559 0 2359 2544 830
2559 2559 0 2568 2550 843
2815 2559 0 2778 2554 854
3071 2559 0 2987 2556 863
3327 2559 0 3198 2559 872
3583 2559 0 3414 2565 883
3839 2559 0 3611 2556 883
4095 2559 0 3796 2537 876
0 2815 0 1211 2764 837
256 2815 0 1238 2764 837
512 2815 0 1289 2765 839
768 2815 0 1378 2766 842
1024 2815 0 1507 2768 848
1280 2815 0 1653 2771 855
1536 2815 0 1826 2774 864
1792 2815 0 2010 2779 874
2048 2815 0 2203 2784 886
2303 2815 0 2407 2791 899
2559 2815 0 2606 2791 906
2815 2815 0 2796 2779 904
3071 2815 0 2975 2756 893
3327 2815 0 3155 2732 880
3583 2815 0 3344 2717 873
3839 2815 0 3544 2710 871
4095 2815 0 3750 2709 872
0 3071 0 1290 2984 888
256 3071 0 1314 2984 888
512 3071 0 1359 2982 888
768 3071 0 1438 2980 888
1024 3071 0 1554 2977 889
1280 3071 0 1685 2973 889
1536 3071 0 1842 2968 891
1792 3071 0 2010 2963 893
2048 3071 0 2186 2958 895
2303 3071 0 2373 2953 898
2559 3071 0 2557 2943 897
2815 3071 0 2738 2926 890
3071 3071 0 2914 2903 879
3327 3071 0 3092 2881 868
3583 3071 0 3285 2872 864
3839 3071 0 3492 2874 867
4095 3071 0 3708 2883 874
0 3327 0 1345 3181 919
256 3327 0 1365 3180 918
512 3327 0 1405 3177 917
768 3327 0 1475 3172 914
1024 3327 0 1579 3163 910
1280 3327 0 1698 3154 906
1536 3327 0 1840 3142 901
1792 3327 0 1993 3128 895
2048 3327 0 2153 3113 888
2303 3327 0 2323 3097 881
2559 3327 0 2495 3080 874
2815 3327 0 2671 3062 867
3071 3327 0 2850 3045 859
3327 3327 0 3033 3031 854
3583 3327 0 3232 3030 856
3839 3327 0 3445 3040 867
4095 3327 0 3668 3057 882
0 3583 0 1331 3314 897
256 3583 0 1350 3313 897
512 3583 0 1389 3312 896
768 3583 0 1457 3308 894
1024 3583 0 1558 3303 892
1280 3583 0 1674 3297 890
1536 3583 0 1814 3288 887
1792 3583 0 1966 3279 883
2048 3583 0 2124 3269 879
2303 3583 0 2294 3257 875
2559 3583 0 2467 3245 870
2815 3583 0 2643 3231 865
3071 3583 0 2823 3218 860
3327 3583 0 3005 3205 856
3583 3583 0 3194 3197 854
3839 3583 0 3405 3208 874
4095 3583 0 3630 3231 907
0 3839 0 1378 3479 925
256 3839 0 1396 3478 925
512 3839 0 1433 3477 924
768 3839 0 1495 3475 923
1024 3839 0 1592 3471 922
1280 3839 0 1703 3467 922
1536 3839 0 1838 3461 921
1792 3839 0 1985 3454 920
2048 3839 0 2140 3447 920
2303 3839 0 2307 3438 919
2559 3839 0 2478 3428 918
2815 3839 0 2652 3418 917
3071 3839 0 2831 3407 917
3327 3839 0 3010 3396 917
3583 3839 0 3193 3386 919
3839 3839 0 3390 3387 941
4095 3839 0 3597 3396 976
0 4095 0 1465 3665 986
256 4095 0 1482 3664 986
512 4095 0 1515 3663 986
768 4095 0 1572 3662 984
1024 4095 0 1662 3659 985
1280 4095 0 1766 3656 986
1536 4095 0 1895 3651 988
1792 4095 0 2036 3645 990
2048 4095 0 2186 3639 993
2303 4095 0 2348 3632 996
2559 4095 0 2515 3624 1000
2815 4095 0 2686 3616 1004
3071 4095 0 2862 3607 1010
3327 4095 0 3038 3598 1018
3583 4095 0 3217 3588 1028
3839 4095 0 3393 3573 1049
4095 4095 0 3567 3556 1076
0 0 256 34 34 236
256 0 256 240 85 270
512 0 256 451 146 307
768 0 256 669 223 348
1024 0 256 902 289 372
1280 0 256 1139 351 393
1536 0 256 1377 408 419
1792 0 256 1613 468 446
2048 0 256 1848 530 473
2303 0 256 2081 593 503
2559 0 256 2314 656 533
2815 0 256 2547 720 564
3071 0 256 2780 784 598
3327 0 256 3013 848 632
3583 0 256 3246 912 669
3839 0 256 3478 976 707
4095 0 256 3711 1040 745
0 256 256 127 264 282
256 256 256 293 286 299
512 256 256 467 321 333
768 256 256 654 378 393
1024 256 256 864 436 424
1280 256 256 1092 488 444
1536 256 256 1365 512 443
1792 256 256 1617 549 456
2048 256 256 1856 596 478
2303 256 256 2089 651 507
2559 256 256 2323 707 536
2815 256 256 2556 765 566
3071 256 256 2788 824 600
3327 256 256 3020 884 634
3583 256 256 3253 945 671
3839 256 256 3485 1006 708
4095 256 256 3718 1067 745
0 512 256 223 502 330
256 512 256 352 507 334
512 512 256 500 523 359
768 512 256 678 557 414
1024 512 256 881 600 444
1280 512 256 1104 638 463
1536 512 256 1376 648 462
1792 512 256 1628 673 473
2048 512 256 1866 709 493
2303 512 256 2100 753 518
2559 512 256 2334 800 545
2815 512 256 2568 848 573
3071 512 256 2802 900 605
3327 512 256 3035 952 638
3583 512 256 3267 1008 674
3839 512 256 3498 1065 711
4095 512 256 3728 1124 750
0 768 256 324 754 380
256 768 256 422 758 378
512 768 256 560 764 383
768 768 256 761 774 399
1024 768 256 981 789 413
1280 768 256 1204 807 433
1536 768 256 1422 833 473
1792 768 256 1647 862 501
2048 768 256 1879 891 522
2303 768 256 2113 923 542
2559 768 256 2349 956 564
2815 768 256 2586 991 588
3071 768 256 2824 1028 614
3327 768 256 3060 1067 643
3583 768 256 3291 1114 678
3839 768 256 3518 1167 717
4095 768 256 3743 1225 760
0 1024 256 433 1006 429
256 1024 256 505 1009 422
512 1024 256 625 1013 421
768 1024 256 816 1017 427
1024 1024 256 1030 1025 437
1280 1024 256 1250 1035 452
1536 1024 256 1466 1055 483
1792 1024 256 1691 1075 507
2048 1024 256 1921 1095 526
2303 1024 256 2152 1119 549
2559 1024 256 2384 1146 576
2815 1024 256 2613 1176 607
3071 1024 256 2846 1208 636
3327 1024 256 3079 1241 666
3583 1024 256 3311 1279 698
3839 1024 256 3536 1326 738
4095 1024 256 3757 1378 782
0 1280 256 542 1258 479
256 1280 256 594 1261 469
512 1280 256 694 1264 465
768 1280 256 867 1267 470
1024 1280 256 1070 1273 478
1280 1280 256 1284 1279 488
1536 1280 256 1508 1288 502
1792 1280 256 1736 1299 518
2048 1280 256 1965 1311 535
2303 1280 256 2193 1329 562
2559 1280 256 2420 1350 592
2815 1280 256 2643 1377 629
3071 1280 256 2870 1405 661
3327 1280 256 3100 1434 692
3583 1280 256 3331 1464 722
3839 1280 256 3555 1504 762
4095 1280 256 3774 1550 809
0 1536 256 648 1510 535
256 1536 256 692 1512 527
512 1536 256 779 1515 523
768 1536 256 930 1518 523
1024 1536 256 1120 1523 531
1280 1536 256 1324 1528 540
1536 1536 256 1542 1535 554
1792 1536 256 1764 1544 571
2048 1536 256 1989 1554 589
2303 1536 256 2216 1568 610
2559 1536 256 2444 1583 633
2815 1536 256 2672 1602 658
3071 1536 256 2903 1622 684
3327 1536 256 3133 1644 711
3583 1536 256 3362 1669 743
3839 1536 256 3582 1705 787
4095 1536 256 3796 1746 840
0 1792 256 758 1761 598
256 1792 256 795 1763 592
512 1792 256 871 1766 587
768 1792 256 1004 1768 587
1024 1792 256 1182 1772 594
1280 1792 256 1374 1776 603
1536 1792 256 1584 1782 617
1792 1792 256 1800 1790 633
2048 1792 256 2019 1798 650
2303 1792 256 2243 1810 668
2559 1792 256 2469 1822 687
2815 1792 256 2698 1836 707
3071 1792 256 2928 1852 728
3327 1792 256 3158 1869 750
3583 1792 256 3388 1890 777
3839 1792 256 3608 1919 820
4095 1792 256 3822 1954 873
0 2048 256 870 2012 666
256 2048 256 902 2014 660
512 2048 256 968 2016 657
768 2048 256 1086 2018 657
1024 2048 256 1250 2021 664
1280 2048 256 1431 2025 673
1536 2048 256 1632 2030 686
1792 2048 256 1841 2036 701
2048 2048 256 2054 2044 716
2303 2048 256 2273 2054 733
2559 2048 256 2495 2065 750
2815 2048 256 2720 2077 768
3071 2048 256 2948 2090 785
3327 2048 256 3178 2105 802
3583 2048 256 3411 2120 819
3839 2048 256 3633 2142 857
4095 2048 256 3850 2170 908
0 2303 256 983 2262 737
256 2303 256 1012 2263 733
512 2303 256 1071 2265 730
768 2303 256 1178 2267 731
1024 2303 256 1330 2270 737
1280 2303 256 1499 2273 746
1536 2303 256 1691 2277 757
1792 2303 256 1892 2283 770
2048 2303 256 2098 2290 783
2303 2303 256 2313 2298 799
2559 2303 256 2531 2308 814
2815 2303 256 2752 2319 831
3071 2303 256 2976 2331 847
3327 2303 256 3203 2344 863
3583 2303 256 3432 2358 879
3839 2303 256 3638 2361 897
4095 2303 256 3826 2356 916
0 2559 256 1096 2513 809
256 2559 256 1121 2514 805
512 2559 256 1174 2516 803
768 2559 256 1270 2518 804
1024 2559 256 1411 2520 810
1280 2559 256 1569 2523 817
1536 2559 256 1752 2527 827
1792 2559 256 1946 2532 838
2048 2559 256 2146 2537 851
2303 2559 256 2356 2545 865
2559 2559 256 2567 2551 877
2815 2559 256 2778 2555 887
3071 2559 256 2988 2556 895
3327 2559 256 3200 2558 903
3583 2559 256 3417 2563 911
3839 2559 256 3613 2555 915
4095 2559 256 3795 2536 916
0 2815 256 1206 2764 880
256 2815 256 1228 2765 877
512 2815 256 1277 2767 875
768 2815 256 1364 2768 875
1024 2815 256 1495 2770 880
1280 2815 256 1643 2773 887
1536 2815 256 1817 2776 896
1792 2815 256 2003 2781 906
2048 2815 256 2198 2786 917
2303 2815 256 2403 2793 930
2559 2815 256 2603 2792 937
2815 2815 256 2794 2779 934
3071 2815 256 2974 2755 922
3327 2815 256 3155 2732 908
3583 2815 256 3346 2716 899
3839 2815 256 3546 2709 899
4095 2815 256 3751 2708 904
0 3071 256 1284 2985 926
256 3071 256 1304 2985 923
512 3071 256 1347 2984 919
768 3071 256 1424 2982 918
1024 3071 256 1541 2979 918
1280 3071 256 1675 2975 919
1536 3071 256 1833 2970 920
1792 3071 256 2003 2965 922
2048 3071 256 2180 2959 924
2303 3071 256 2368 2954 926
2559 3071 256 2554 2944 925
2815 3071 256 2736 2926 918
3071 3071 256 2912 2903 906
3327 3071 256 3092 2881 894
3583 3071 256 3285 2872 889
3839 3071 256 3493 2873 892
4095 3071 256 3709 2882 901
0 3327 256 1338 3181 954
256 3327 256 1355 3181 949
512 3327 256 1393 3178 945
768 3327 256 1462 3173 941
1024 3327 256 1567 3165 937
1280 3327 256 1687 3155 932
1536 3327 256 1831 3143 927
1792 3327 256 1985 3129 921
2048 3327 256 2147 3114 914
2303 3327 256 2318 3097 907
2559 3327 256 2491 3080 900
2815 3327 256 2668 3063 892
3071 3327 256 2848 3045 884
3327 3327 256 3032 3031 879
3583 3327 256 3231 3030 880
3839 3327 256 3445 3040 889
4095 3327 256 3668 3057 905
0 3583 256 1324 3315 928
256 3583 256 1340 3314 924
512 3583 256 1376 3313 921
768 3583 256 1443 3310 918
1024 3583 256 1546 3304 916
1280 3583 256 1663 3298 913
1536 3583 256 1805 3290 910
1792 3583 256 1957 3280 907
2048 3583 256 2118 3270 903
2303 3583 256 2288 3258 898
2559 3583 256 2462 3246 893
2815 3583 256 2640 3232 888
3071 3583 256 2820 3219 883
3327 3583 256 3003 3206 878
3583 3583 256 3193 3198 876
3839 3583 256 3404 3208 895
4095 3583 256 3630 3231 929
0 3839 256 1372 3479 955
256 3839 256 1389 3479 952
512 3839 256 1424 3478 950
768 3839 256 1487 3476 948
1024 3839 256 1584 3472 948
1280 3839 256 1696 3468 947
1536 3839 256 1832 3462 946
1792 3839 256 1980 3455 946
2048 3839 256 2136 3447 945
2303 3839 256 2303 3438 944
2559 3839 256 2474 3429 942
2815 3839 256 2650 3419 941
3071 3839 256 2829 3408 941
3327 3839 256 3009 3396 940
3583 3839 256 3192 3386 942
3839 3839 256 3390 3387 964
4095 3839 256 3597 3396 999
0 4095 256 1463 3665 1015
256 4095 256 1480 3664 1015
512 4095 256 1514 3663 1015
768 4095 256 1571 3662 1014
1024 4095 256 1661 3659 1015
1280 4095 256 1765 3655 1016
1536 4095 256 1895 3651 1018
1792 4095 256 2036 3645 1020
2048 4095 256 2186 3639 1022
2303 4095 256 2348 3632 1025
2559 4095 256 2514 3624 1028
2815 4095 256 2686 3616 1032
3071 4095 256 2861 3607 1038
3327 4095 256 3038 3597 1045
3583 4095 256 3217 3587 1055
3839 4095 256 3392 3573 1075
4095 4095 256 3566 3555 1101
0 0 512 89 79 469
256 0 512 271 99 475
512 0 512 471 136 483
768 0 512 698 200 497
1024 0 512 919 276 520
1280 0 512 1141 351 544
1536 0 512 1379 408 564
1792 0 512 1614 468 586
2048 0 512 1849 530 608
2303 0 512 2080 594 635
2559 0 512 2312 659 663
2815 0 512 2544 723 691
3071 0 512 2777 787 721
3327 0 512 3010 851 752
3583 0 512 3243 915 784
3839 0 512 3476 979 816
4095 0 512 3708 1043 849
0 256 512 153 282 484
256 256 512 307 292 492
512 256 512 479 316 506
768 256 512 678 363 530
1024 256 512 879 426 564
1280 256 512 1095 485 592
1536 256 512 1370 507 585
1792 256 512 1622 545 594
2048 256 512 1859 594 612
2303 256 512 2089 651 638
2559 256 512 2321 709 665
2815 256 512 2552 769 694
3071 256 512 2785 828 723
3327 256 512 3017 888 754
3583 256 512 3250 949 785
3839 256 512 3482 1010 817
4095 256 512 3715 1070 850
0 512 512 229 504 505
256 512 512 353 508 511
512 512 512 503 522 524
768 512 512 694 550 548
1024 512 512 889 595 581
1280 512 512 1101 637 609
1536 512 512 1370 648 608
1792 512 512 1621 675 616
2048 512 512 1860 712 631
2303 512 512 2094 758 652
2559 512 512 2329 805 675
2815 512 512 2564 853 700
3071 512 512 2798 903 727
3327 512 512 3032 955 755
3583 512 512 3264 1011 787
3839 512 512 3495 1069 820
4095 512 512 3725 1127 854
0 768 512 323 756 535
256 768 512 416 760 532
512 768 512 555 765 534
768 768 512 763 774 541
1024 768 512 975 792 556
1280 768 512 1185 815 580
1536 768 512 1384 852 631
1792 768 512 1607 884 659
2048 768 512 1847 912 672
2303 768 512 2092 938 683
2559 768 512 2337 966 697
2815 768 512 2580 997 714
3071 768 512 2821 1030 734
3327 768 512 3059 1067 757
3583 768 512 3289 1116 789
3839 768 512 3515 1171 824
4095 768 512 3740 1228 862
0 1024 512 426 1007 572
256 1024 512 493 1012 562
512 1024 512 612 1016 558
768 1024 512 810 1019 562
1024 1024 512 1023 1028 571
1280 1024 512 1238 1041 586
1536 1024 512 1445 1065 623
1792 1024 512 1665 1089 652
2048 1024 512 1892 1112 676
2303 1024 512 2125 1135 696
2559 1024 512 2360 1160 718
2815 1024 512 2596 1187 739
3071 1024 512 2833 1216 761
3327 1024 512 3070 1248 784
3583 1024 512 3304 1285 810
3839 1024 512 3531 1330 843
4095 1024 512 3754 1381 882
0 1280 512 533 1259 612
256 1280 512 578 1264 597
512 1280 512 677 1268 590
768 1280 512 855 1270 592
1024 1280 512 1064 1275 598
1280 1280 512 1282 1280 607
1536 1280 512 1510 1288 618
1792 1280 512 1731 1301 644
2048 1280 512 1946 1319 678
2303 1280 512 2167 1342 707
2559 1280 512 2391 1366 736
2815 1280 512 2619 1392 764
3071 1280 512 2850 1419 789
3327 1280 512 3083 1446 813
3583 1280 512 3321 1472 834
3839 1280 512 3549 1509 866
4095 1280 512 3770 1553 905
0 1536 512 641 1511 659
256 1536 512 678 1514 647
512 1536 512 762 1518 638
768 1536 512 916 1521 636
1024 1536 512 1110 1525 641
1280 1536 512 1319 1530 649
1536 1536 512 1540 1536 663
1792 1536 512 1762 1545 682
2048 1536 512 1984 1556 705
2303 1536 512 2209 1571 725
2559 1536 512 2436 1588 747
2815 1536 512 2665 1606 771
3071 1536 512 2892 1628 798
3327 1536 512 3121 1652 825
3583 1536 512 3355 1675 849
3839 1536 512 3577 1708 886
4095 1536 512 3792 1749 933
0 1792 512 752 1762 713
256 1792 512 784 1765 702
512 1792 512 857 1768 694
768 1792 512 990 1771 689
1024 1792 512 1170 1775 695
1280 1792 512 1367 1778 704
1536 1792 512 1580 1784 718
1792 1792 512 1798 1790 734
2048 1792 512 2019 1798 751
2303 1792 512 2243 1810 768
2559 1792 512 2469 1822 786
2815 1792 512 2697 1836 805
3071 1792 512 2924 1854 828
3327 1792 512 3153 1872 851
3583 1792 512 3386 1891 870
3839 1792 512 3607 1920 910
4095 1792 512 3818 1956 963
0 2048 512 865 2013 770
256 2048 512 893 2015 762
512 2048 512 956 2018 755
768 2048 512 1072 2021 750
1024 2048 512 1239 2024 757
1280 2048 512 1424 2027 767
1536 2048 512 1627 2031 780
1792 2048 512 1838 2037 795
2048 2048 512 2052 2044 811
2303 2048 512 2272 2054 827
2559 2048 512 2495 2065 842
2815 2048 512 2720 2077 858
3071 2048 512 2949 2090 872
3327 2048 512 3180 2103 885
3583 2048 512 3416 2117 896
3839 2048 512 3636 2141 936
4095 2048 512 3847 2171 994
0 2303 512 979 2263 833
256 2303 512 1004 2265 826
512 2303 512 1060 2267 820
768 2303 512 1162 2270 815
1024 2303 512 1317 2272 821
1280 2303 512 1490 2275 830
1536 2303 512 1684 2279 842
1792 2303 512 1887 2284 854
2048 2303 512 2096 2291 868
2303 2303 512 2311 2299 883
2559 2303 512 2530 2309 897
2815 2303 512 2752 2319 912
3071 2303 512 2977 2331 926
3327 2303 512 3205 2344 939
3583 2303 512 3437 2356 949
3839 2303 512 3640 2359 969
4095 2303 512 3824 2356 996
0 2559 512 1091 2514 897
256 2559 512 1113 2515 891
512 2559 512 1163 2517 885
768 2559 512 1254 2520 879
1024 2559 512 1397 2523 884
1280 2559 512 1558 2525 892
1536 2559 512 1744 2529 902
1792 2559 512 1939 2533 913
2048 2559 512 2142 2539 925
2303 2559 512 2353 2546 939
2559 2559 512 2565 2552 950
2815 2559 512 2777 2555 959
3071 2559 512 2988 2556 965
3327 2559 512 3201 2557 970
3583 2559 512 3421 2562 973
3839 2559 512 3615 2553 980
4095 2559 512 3793 2536 991
0 2815 512 1201 2765 960
256 2815 512 1221 2766 955
512 2815 512 1265 2768 949
768 2815 512 1347 2771 944
1024 2815 512 1478 2773 947
1280 2815 512 1629 2776 952
1536 2815 512 1806 2779 961
1792 2815 512 1994 2783 971
2048 2815 512 2191 2788 982
2303 2815 512 2398 2794 995
2559 2815 512 2599 2793 1001
2815 2815 512 2791 2779 996
3071 2815 512 2973 2755 983
3327 2815 512 3155 2731 967
3583 2815 512 3348 2715 953
3839 2815 512 3547 2708 957
4095 2815 512 3751 2707 973
0 3071 512 1279 2985 1000
256 3071 512 1296 2985 994
512 3071 512 1335 2985 988
768 3071 512 1407 2984 980
1024 3071 512 1523 2981 977
1280 3071 512 1657 2978 975
1536 3071 512 1818 2973 976
1792 3071 512 1991 2967 977
2048 3071 512 2171 2961 979
2303 3071 512 2360 2956 981
2559 3071 512 2548 2945 979
2815 3071 512 2731 2927 972
3071 3071 512 2910 2903 959
3327 3071 512 3091 2881 945
3583 3071 512 3286 2871 936
3839 3071 512 3493 2872 943
4095 3071 512 3710 2881 961
0 3327 512 1332 3181 1021
256 3327 512 1347 3180 1015
512 3327 512 1381 3178 1008
768 3327 512 1445 3174 998
1024 3327 512 1547 3167 989
1280 3327 512 1666 3158 981
1536 3327 512 1812 3145 975
1792 3327 512 1970 3131 969
2048 3327 512 2134 3116 962
2303 3327 512 2308 3099 954
2559 3327 512 2484 3082 946
2815 3327 512 2662 3064 938
3071 3327 512 2844 3046 930
3327 3327 512 3029 3032 923
3583 3327 512 3230 3030 922
3839 3327 512 3445 3039 934
4095 3327 512 3669 3056 955
0 3583 512 1318 3315 991
256 3583 512 1332 3315 986
512 3583 512 1365 3314 979
768 3583 512 1427 3311 971
1024 3583 512 1526 3307 964
1280 3583 512 1641 3301 957
1536 3583 512 1786 3293 954
1792 3583 512 1941 3283 950
2048 3583 512 2104 3272 946
2303 3583 512 2277 3260 941
2559 3583 512 2453 3248 936
2815 3583 512 2633 3234 930
3071 3583 512 2815 3220 925
3327 3583 512 2999 3207 919
3583 3583 512 3191 3198 916
3839 3583 512 3403 3208 936
4095 3583 512 3630 3230 972
0 3839 512 1368 3479 1014
256 3839 512 1383 3479 1010
512 3839 512 1416 3478 1006
768 3839 512 1476 3477 1002
1024 3839 512 1571 3474 998
1280 3839 512 1681 3469 994
1536 3839 512 1819 3464 994
1792 3839 512 1969 3457 992
2048 3839 512 2127 3449 991
2303 3839 512 2296 3440 990
2559 3839 512 2468 3430 988
2815 3839 512 2645 3420 987
3071 3839 512 2825 3408 985
3327 3839 512 3006 3397 985
3583 3839 512 3190 3386 986
3839 3839 512 3388 3387 1007
4095 3839 512 3596 3395 1043
0 4095 512 1461 3664 1071
256 4095 512 1478 3664 1071
512 4095 512 1512 3663 1071
768 4095 512 1570 3661 1071
1024 4095 512 1660 3658 1071
1280 4095 512 1765 3655 1072
1536 4095 512 1894 3650 1074
1792 4095 512 2035 3645 1075
2048 4095 512 2185 3639 1077
2303 4095 512 2347 3632 1080
2559 4095 512 2514 3624 1082
2815 4095 512 2685 3616 1086
3071 4095 512 2860 3607 1091
3327 4095 512 3037 3597 1097
3583 4095 512 3216 3587 1105
3839 4095 512 3392 3572 1124
4095 4095 512 3565 3555 1150
0 0 768 175 140 698
256 0 768 311 130 700
512 0 768 481 149 707
768 0 768 701 211 719
1024 0 768 928 273 736
1280 0 768 1158 334 754
1536 0 768 1391 394 772
1792 0 768 1623 458 791
2048 0 768 1854 523 811
2303 0 768 2081 593 834
2559 0 768 2310 661 858
2815 0 768 2540 729 883
3071 0 768 2772 793 908
3327 0 768 3005 857 933
3583 0 768 3238 920 960
3839 0 768 3472 984 987
4095 0 768 3705 1047 1014
0 256 768 203 306 708
256 256 768 328 304 724
512 256 768 493 316 737
768 256 768 716 348 746
1024 256 768 945 385 759
1280 256 768 1176 425 771
1536 256 768 1412 470 780
1792 256 768 1641 525 795
2048 256 768 1865 587 814
2303 256 768 2090 650 837
2559 256 768 2317 713 861
2815 256 768 2547 775 885
3071 256 768 2779 835 910
3327 256 768 3012 894 935
3583 256 768 3245 954 961
3839 256 768 3478 1015 988
4095 256 768 3711 1075 1015
0 512 768 253 505 727
256 512 768 362 508 746
512 512 768 516 515 759
768 512 768 738 527 765
1024 512 768 957 550 778
1280 512 768 1174 580 792
1536 512 768 1392 621 808
1792 512 768 1616 668 824
2048 512 768 1846 719 839
2303 512 768 2082 766 856
2559 512 768 2319 814 873
2815 512 768 2555 862 893
3071 512 768 2791 911 914
3327 512 768 3026 962 936
3583 512 768 3258 1017 962
3839 512 768 3490 1074 989
4095 512 768 3721 1133 1018
0 768 768 335 756 758
256 768 768 420 760 763
512 768 768 557 764 768
768 768 768 770 770 771
1024 768 768 960 795 791
1280 768 768 1141 830 821
1536 768 768 1309 886 868
1792 768 768 1529 925 891
2048 768 768 1784 952 898
2303 768 768 2050 968 897
2559 768 768 2312 987 900
2815 768 768 2564 1011 908
3071 768 768 2810 1040 921
3327 768 768 3052 1075 938
3583 768 768 3282 1123 964
3839 768 768 3510 1176 993
4095 768 768 3736 1233 1024
0 1024 768 431 1007 787
256 1024 768 495 1012 785
512 1024 768 612 1016 784
768 1024 768 810 1019 786
1024 1024 768 1008 1034 799
1280 1024 768 1205 1055 818
1536 1024 768 1399 1088 848
1792 1024 768 1605 1120 888
2048 1024 768 1818 1152 936
2303 1024 768 2055 1176 950
2559 1024 768 2299 1198 959
2815 1024 768 2550 1218 961
3071 1024 768 2799 1241 967
3327 1024 768 3046 1267 976
3583 1024 768 3289 1297 988
3839 1024 768 3523 1338 1011
4095 1024 768 3750 1385 1040
0 1280 768 531 1259 817
256 1280 768 577 1264 809
512 1280 768 676 1268 804
768 1280 768 854 1271 806
1024 1280 768 1063 1275 810
1280 1280 768 1282 1280 815
1536 1280 768 1510 1287 823
1792 1280 768 1706 1312 874
2048 1280 768 1880 1348 955
2303 1280 768 2085 1383 985
2559 1280 768 2307 1413 1004
2815 1280 768 2551 1434 1005
3071 1280 768 2796 1455 1011
3327 1280 768 3043 1476 1016
3583 1280 768 3298 1490 1016
3839 1280 768 3537 1518 1033
4095 1280 768 3765 1557 1060
0 1536 768 637 1511 852
256 1536 768 674 1515 843
512 1536 768 758 1519 836
768 1536 768 911 1522 833
1024 1536 768 1107 1526 836
1280 1536 768 1316 1531 842
1536 1536 768 1539 1536 855
1792 1536 768 1754 1548 883
2048 1536 768 1963 1565 920
2303 1536 768 2183 1584 939
2559 1536 768 2406 1604 959
2815 1536 768 2633 1624 980
3071 1536 768 2854 1651 1010
3327 1536 768 3080 1677 1035
3583 1536 768 3328 1692 1036
3839 1536 768 3562 1719 1055
4095 1536 768 3786 1753 1085
0 1792 768 747 1762 893
256 1792 768 779 1765 885
512 1792 768 851 1769 877
768 1792 768 982 1773 871
1024 1792 768 1165 1776 875
1280 1792 768 1364 1779 884
1536 1792 768 1579 1784 899
1792 1792 768 1797 1791 916
2048 1792 768 2017 1799 935
2303 1792 768 2239 1811 950
2559 1792 768 2462 1825 967
2815 1792 768 2684 1842 990
3071 1792 768 2903 1865 1018
3327 1792 768 3126 1888 1042
3583 1792 768 3369 1902 1043
3839 1792 768 3596 1927 1068
4095 1792 768 3812 1960 1110
0 2048 768 861 2013 939
256 2048 768 889 2016 931
512 2048 768 951 2019 924
768 2048 768 1063 2023 916
1024 2048 768 1233 2025 924
1280 2048 768 1421 2027 935
1536 2048 768 1627 2031 950
1792 2048 768 1837 2037 966
2048 2048 768 2051 2044 983
2303 2048 768 2270 2054 998
2559 2048 768 2491 2066 1012
2815 2048 768 2715 2078 1024
3071 2048 768 2944 2092 1033
3327 2048 768 3177 2105 1040
3583 2048 768 3417 2116 1041
3839 2048 768 3636 2141 1077
4095 2048 768 3841 2174 1136
0 2303 768 975 2263 990
256 2303 768 1000 2265 984
512 2303 768 1053 2268 976
768 2303 768 1149 2272 964
1024 2303 768 1306 2274 971
1280 2303 768 1484 2276 982
1536 2303 768 1681 2280 994
1792 2303 768 1885 2285 1008
2048 2303 768 2094 2291 1022
2303 2303 768 2309 2300 1035
2559 2303 768 2527 2309 1048
2815 2303 768 2749 2320 1060
3071 2303 768 2975 2332 1070
3327 2303 768 3204 2344 1077
3583 2303 768 3441 2355 1077
3839 2303 768 3642 2358 1096
4095 2303 768 3819 2357 1130
0 2559 768 1087 2514 1043
256 2559 768 1109 2516 1037
512 2559 768 1155 2519 1028
768 2559 768 1236 2523 1014
1024 2559 768 1381 2526 1018
1280 2559 768 1547 2527 1027
1536 2559 768 1735 2531 1037
1792 2559 768 1933 2535 1048
2048 2559 768 2137 2540 1060
2303 2559 768 2350 2547 1072
2559 2559 768 2562 2552 1082
2815 2559 768 2774 2555 1089
3071 2559 768 2987 2556 1092
3327 2559 768 3202 2557 1092
3583 2559 768 3425 2560 1084
3839 2559 768 3618 2551 1094
4095 2559 768 3789 2536 1118
0 2815 768 1197 2765 1097
256 2815 768 1217 2767 1092
512 2815 768 1257 2770 1082
768 2815 768 1326 2775 1065
1024 2815 768 1456 2777 1064
1280 2815 768 1609 2780 1068
1536 2815 768 1790 2783 1076
1792 2815 768 1982 2786 1086
2048 2815 768 2182 2791 1097
2303 2815 768 2391 2797 1109
2559 2815 768 2594 2794 1114
2815 2815 768 2786 2778 1107
3071 2815 768 2970 2754 1091
3327 2815 768 3154 2729 1072
3583 2815 768 3351 2712 1047
3839 2815 768 3549 2706 1059
4095 2815 768 3747 2707 1096
0 3071 768 1274 2984 1127
256 3071 768 1291 2984 1121
512 3071 768 1326 2985 1111
768 3071 768 1386 2986 1092
1024 3071 768 1496 2985 1080
1280 3071 768 1627 2982 1072
1536 3071 768 1793 2977 1073
1792 3071 768 1971 2971 1074
2048 3071 768 2155 2965 1075
2303 3071 768 2348 2959 1077
2559 3071 768 2538 2947 1074
2815 3071 768 2724 2928 1064
3071 3071 768 2905 2903 1049
3327 3071 768 3088 2881 1033
3583 3071 768 3287 2870 1018
3839 3071 768 3495 2871 1033
4095 3071 768 3709 2880 1068
0 3327 768 1327 3179 1139
256 3327 768 1341 3178 1133
512 3327 768 1371 3177 1122
768 3327 768 1423 3175 1102
1024 3327 768 1515 3170 1080
1280 3327 768 1628 3162 1062
1536 3327 768 1780 3150 1055
1792 3327 768 1943 3135 1049
2048 3327 768 2113 3120 1041
2303 3327 768 2290 3103 1033
2559 3327 768 2470 3085 1024
2815 3327 768 2652 3066 1015
3071 3327 768 2837 3048 1005
3327 3327 768 3026 3033 997
3583 3327 768 3229 3030 994
3839 3327 768 3446 3039 1012
4095 3327 768 3671 3055 1045
0 3583 768 1314 3313 1103
256 3583 768 1328 3313 1097
512 3583 768 1356 3313 1086
768 3583 768 1405 3313 1068
1024 3583 768 1494 3310 1048
1280 3583 768 1602 3306 1031
1536 3583 768 1752 3297 1028
1792 3583 768 1913 3287 1024
2048 3583 768 2080 3277 1019
2303 3583 768 2257 3264 1014
2559 3583 768 2437 3251 1008
2815 3583 768 2620 3237 1002
3071 3583 768 2806 3222 995
3327 3583 768 2993 3209 989
3583 3583 768 3187 3200 984
3839 3583 768 3402 3208 1007
4095 3583 768 3630 3229 1047
0 3839 768 1365 3478 1118
256 3839 768 1380 3478 1114
512 3839 768 1409 3478 1108
768 3839 768 1462 3478 1096
1024 3839 768 1550 3476 1085
1280 3839 768 1656 3472 1075
1536 3839 768 1797 3466 1074
1792 3839 768 1950 3459 1072
2048 3839 768 2111 3451 1070
2303 3839 768 2282 3442 1068
2559 3839 768 2457 3432 1066
2815 3839 768 2636 3421 1064
3071 3839 768 2818 3410 1062
3327 3839 768 3001 3398 1060
3583 3839 768 3187 3387 1060
3839 3839 768 3387 3387 1081
4095 3839 768 3595 3394 1117
0 4095 768 1460 3664 1168
256 4095 768 1476 3663 1168
512 4095 768 1510 3662 1167
768 4095 768 1568 3661 1167
1024 4095 768 1659 3658 1167
1280 4095 768 1763 3654 1167
1536 4095 768 1892 3650 1168
1792 4095 768 2034 3644 1170
2048 4095 768 2183 3638 1171
2303 4095 768 2346 3631 1172
2559 4095 768 2512 3623 1174
2815 4095 768 2684 3615 1176
3071 4095 768 2859 3606 1180
3327 4095 768 3036 3597 1185
3583 4095 768 3215 3587 1192
3839 4095 768 3390 3572 1210
4095 4095 768 3563 3553 1234
0 0 1024 233 164 918
256 0 1024 344 158 920
512 0 1024 496 175 927
768 0 1024 708 227 941
1024 0 1024 933 282 958
1280 0 1024 1162 340 975
1536 0 1024 1394 399 991
1792 0 1024 1625 461 1009
2048 0 1024 1856 524 1027
2303 0 1024 2085 590 1047
2559 0 1024 2316 655 1068
2815 0 1024 2547 720 1089
3071 0 1024 2777 787 1111
3327 0 1024 3007 855 1134
3583 0 1024 3238 921 1158
3839 0 1024 3470 986 1182
4095 0 1024 3701 1051 1207
0 256 1024 249 319 929
256 256 1024 353 316 950
512 256 1024 504 325 967
768 256 1024 727 350 978
1024 256 1024 958 382 986
1280 256 1024 1191 420 993
1536 256 1024 1419 469 1002
1792 256 1024 1645 524 1016
2048 256 1024 1871 582 1031
2303 256 1024 2098 642 1050
2559 256 1024 2327 703 1070
2815 256 1024 2556 764 1091
3071 256 1024 2785 827 1113
3327 256 1024 3014 891 1135
3583 256 1024 3245 955 1159
3839 256 1024 3476 1018 1183
4095 256 1024 3707 1080 1208
0 512 1024 288 510 949
256 512 1024 379 511 976
512 512 1024 524 515 996
768 512 1024 748 522 1004
1024 512 1024 975 541 1009
1280 512 1024 1201 566 1014
1536 512 1024 1419 607 1025
1792 512 1024 1644 652 1036
2048 512 1024 1873 698 1048
2303 512 1024 2107 745 1062
2559 512 1024 2339 794 1078
2815 512 1024 2569 847 1096
3071 512 1024 2799 903 1116
3327 512 1024 3028 960 1137
3583 512 1024 3257 1019 1161
3839 512 1024 3487 1078 1186
4095 512 1024 3717 1137 1211
0 768 1024 360 757 981
256 768 1024 434 760 995
512 768 1024 562 764 1006
768 768 1024 773 769 1011
1024 768 1024 979 787 1024
1280 768 1024 1183 811 1040
1536 768 1024 1382 849 1065
1792 768 1024 1610 878 1078
2048 768 1024 1857 901 1085
2303 768 1024 2109 922 1087
2559 768 1024 2354 950 1093
2815 768 1024 2588 989 1106
3071 768 1024 2820 1031 1122
3327 768 1024 3051 1076 1141
3583 768 1024 3278 1127 1164
3839 768 1024 3505 1182 1190
4095 768 1024 3731 1238 1216
0 1024 1024 447 1008 1010
256 1024 1024 505 1011 1015
512 1024 1024 617 1015 1020
768 1024 1024 811 1019 1024
1024 1024 1024 1017 1030 1032
1280 1024 1024 1224 1046 1044
1536 1024 1024 1422 1074 1066
1792 1024 1024 1625 1105 1097
2048 1024 1024 1830 1137 1134
2303 1024 1024 2056 1167 1152
2559 1024 1024 2292 1195 1163
2815 1024 1024 2542 1220 1164
3071 1024 1024 2788 1247 1171
3327 1024 1024 3033 1276 1179
3583 1024 1024 3279 1306 1189
3839 1024 1024 3515 1345 1207
4095 1024 1024 3744 1390 1231
0 1280 1024 540 1259 1039
256 1280 1024 584 1263 1037
512 1280 1024 680 1267 1036
768 1280 1024 855 1271 1038
1024 1280 1024 1063 1275 1041
1280 1280 1024 1277 1282 1047
1536 1280 1024 1480 1299 1062
1792 1280 1024 1662 1331 1106
2048 1280 1024 1829 1372 1170
2303 1280 1024 2024 1414 1206
2559 1280 1024 2244 1446 1227
2815 1280 1024 2502 1463 1226
3071 1280 1024 2758 1479 1226
3327 1280 1024 3015 1495 1224
3583 1280 1024 3280 1503 1219
3839 1280 1024 3526 1527 1228
4095 1280 1024 3759 1561 1248
0 1536 1024 640 1511 1068
256 1536 1024 677 1515 1063
512 1536 1024 760 1519 1059
768 1536 1024 911 1523 1057
1024 1536 1024 1106 1526 1060
1280 1536 1024 1315 1531 1065
1536 1536 1024 1530 1539 1079
1792 1536 1024 1740 1554 1102
2048 1536 1024 1946 1573 1133
2303 1536 1024 2136 1604 1182
2559 1536 1024 2334 1635 1223
2815 1536 1024 2546 1665 1253
3071 1536 1024 2784 1687 1263
3327 1536 1024 3033 1704 1263
3583 1536 1024 3299 1711 1248
3839 1536 1024 3545 1730 1253
4095 1536 1024 3779 1758 1271
0 1792 1024 748 1763 1102
256 1792 1024 780 1766 1096
512 1792 1024 852 1769 1091
768 1792 1024 983 1773 1087
1024 1792 1024 1167 1776 1092
1280 1792 1024 1367 1778 1101
1536 1792 1024 1581 1783 1115
1792 1792 1024 1797 1790 1131
2048 1792 1024 2014 1799 1148
2303 1792 1024 2211 1821 1189
2559 1792 1024 2411 1845 1225
2815 1792 1024 2615 1872 1254
3071 1792 1024 2845 1893 1265
3327 1792 1024 3085 1909 1267
3583 1792 1024 3339 1919 1258
3839 1792 1024 3577 1938 1269
4095 1792 1024 3804 1965 1294
0 2048 1024 862 2013 1140
256 2048 1024 889 2016 1134
512 2048 1024 952 2018 1129
768 2048 1024 1068 2022 1125
1024 2048 1024 1239 2023 1134
1280 2048 1024 1429 2025 1148
1536 2048 1024 1633 2029 1164
1792 2048 1024 1840 2035 1181
2048 2048 1024 2050 2043 1198
2303 2048 1024 2263 2055 1216
2559 2048 1024 2479 2068 1230
2815 2048 1024 2701 2083 1237
3071 2048 1024 2929 2098 1243
3327 2048 1024 3159 2112 1249
3583 2048 1024 3394 2127 1254
3839 2048 1024 3617 2150 1279
4095 2048 1024 3832 2179 1318
0 2303 1024 974 2263 1183
256 2303 1024 999 2265 1178
512 2303 1024 1053 2268 1172
768 2303 1024 1151 2272 1164
1024 2303 1024 1312 2273 1172
1280 2303 1024 1491 2274 1186
1536 2303 1024 1688 2277 1200
1792 2303 1024 1890 2283 1215
2048 2303 1024 2096 2289 1230
2303 2303 1024 2307 2299 1245
2559 2303 1024 2522 2310 1257
2815 2303 1024 2741 2322 1266
3071 2303 1024 2966 2335 1271
3327 2303 1024 3194 2347 1273
3583 2303 1024 3429 2359 1269
3839 2303 1024 3631 2361 1281
4095 2303 1024 3812 2358 1303
0 2559 1024 1086 2514 1228
256 2559 1024 1108 2516 1223
512 2559 1024 1154 2519 1215
768 2559 1024 1236 2523 1203
1024 2559 1024 1383 2525 1210
1280 2559 1024 1552 2526 1221
1536 2559 1024 1742 2528 1234
1792 2559 1024 1939 2533 1247
2048 2559 1024 2141 2538 1259
2303 2559 1024 2351 2546 1272
2559 2559 1024 2561 2551 1281
2815 2559 1024 2770 2554 1285
3071 2559 1024 2982 2556 1282
3327 2559 1024 3197 2557 1274
3583 2559 1024 3421 2559 1260
3839 2559 1024 3613 2550 1266
4095 2559 1024 3783 2535 1284
0 2815 1024 1195 2766 1274
256 2815 1024 1214 2767 1269
512 2815 1024 1253 2770 1260
768 2815 1024 1321 2775 1243
1024 2815 1024 1455 2778 1245
1280 2815 1024 1612 2779 1252
1536 2815 1024 1795 2781 1263
1792 2815 1024 1987 2785 1274
2048 2815 1024 2185 2789 1285
2303 2815 1024 2393 2795 1297
2559 2815 1024 2594 2792 1300
2815 2815 1024 2782 2775 1290
3071 2815 1024 2965 2751 1269
3327 2815 1024 3150 2727 1243
3583 2815 1024 3347 2710 1214
3839 2815 1024 3545 2704 1224
4095 2815 1024 3742 2706 1260
0 3071 1024 1269 2982 1294
256 3071 1024 1287 2983 1289
512 3071 1024 1320 2984 1278
768 3071 1024 1377 2985 1259
1024 3071 1024 1490 2984 1249
1280 3071 1024 1625 2980 1244
1536 3071 1024 1793 2975 1245
1792 3071 1024 1970 2969 1247
2048 3071 1024 2155 2963 1248
2303 3071 1024 2348 2957 1249
2559 3071 1024 2537 2945 1245
2815 3071 1024 2721 2924 1233
3071 3071 1024 2902 2900 1215
3327 3071 1024 3086 2878 1195
3583 3071 1024 3285 2867 1175
3839 3071 1024 3492 2869 1189
4095 3071 1024 3706 2879 1226
0 3327 1024 1320 3176 1297
256 3327 1024 1335 3175 1291
512 3327 1024 1364 3174 1280
768 3327 1024 1413 3173 1259
1024 3327 1024 1506 3168 1238
1280 3327 1024 1619 3160 1219
1536 3327 1024 1773 3148 1213
1792 3327 1024 1937 3133 1205
2048 3327 1024 2107 3118 1198
2303 3327 1024 2286 3101 1188
2559 3327 1024 2466 3083 1179
2815 3327 1024 2649 3064 1169
3071 3327 1024 2834 3046 1158
3327 3327 1024 3024 3031 1148
3583 3327 1024 3228 3028 1139
3839 3327 1024 3444 3037 1157
4095 3327 1024 3669 3053 1191
0 3583 1024 1309 3311 1254
256 3583 1024 1322 3311 1249
512 3583 1024 1349 3311 1238
768 3583 1024 1396 3311 1218
1024 3583 1024 1479 3310 1194
1280 3583 1024 1583 3307 1173
1536 3583 1024 1735 3298 1169
1792 3583 1024 1898 3288 1164
2048 3583 1024 2068 3277 1158
2303 3583 1024 2248 3265 1152
2559 3583 1024 2429 3251 1145
2815 3583 1024 2614 3237 1138
3071 3583 1024 2801 3222 1130
3327 3583 1024 2990 3208 1122
3583 3583 1024 3185 3199 1115
3839 3583 1024 3401 3208 1132
4095 3583 1024 3630 3228 1163
0 3839 1024 1361 3477 1262
256 3839 1024 1376 3477 1258
512 3839 1024 1405 3477 1251
768 3839 1024 1455 3477 1239
1024 3839 1024 1539 3475 1223
1280 3839 1024 1641 3473 1210
1536 3839 1024 1784 3467 1208
1792 3839 1024 1939 3460 1205
2048 3839 1024 2101 3452 1203
2303 3839 1024 2274 3442 1200
2559 3839 1024 2450 3432 1197
2815 3839 1024 2631 3422 1193
3071 3839 1024 2814 3410 1190
3327 3839 1024 2998 3398 1187
3583 3839 1024 3185 3387 1185
3839 3839 1024 3385 3386 1200
4095 3839 1024 3594 3393 1228
0 4095 1024 1456 3662 1303
256 4095 1024 1473 3662 1302
512 4095 1024 1507 3661 1302
768 4095 1024 1565 3659 1302
1024 4095 1024 1656 3656 1302
1280 4095 1024 1761 3653 1302
1536 4095 1024 1890 3648 1302
1792 4095 1024 2031 3643 1303
2048 4095 1024 2181 3637 1303
2303 4095 1024 2344 3630 1304
2559 4095 1024 2510 3622 1304
2815 4095 1024 2682 3614 1306
3071 4095 1024 2858 3605 1308
3327 4095 1024 3034 3596 1311
3583 4095 1024 3213 3586 1317
3839 4095 1024 3388 3570 1332
4095 4095 1024 3561 3551 1354
0 0 1280 285 183 1138
256 0 1280 377 184 1140
512 0 1280 514 202 1148
768 0 1280 719 245 1164
1024 0 1280 939 297 1181
1280 0 1280 1165 351 1197
1536 0 1280 1395 409 1214
1792 0 1280 1626 468 1231
2048 0 1280 1857 528 1247
2303 0 1280 2089 589 1265
2559 0 1280 2322 651 1283
2815 0 1280 2554 712 1301
3071 0 1280 2783 781 1321
3327 0 1280 3011 851 1342
3583 0 1280 3240 919 1364
3839 0 1280 3470 987 1386
4095 0 1280 3700 1054 1409
0 256 1280 295 330 1150
256 256 1280 380 330 1174
512 256 1280 517 338 1196
768 256 1280 732 357 1214
1024 256 1280 959 390 1220
1280 256 1280 1189 429 1224
1536 256 1280 1417 477 1231
1792 256 1280 1646 528 1241
2048 256 1280 1876 581 1254
2303 256 1280 2106 636 1269
2559 256 1280 2336 693 1285
2815 256 1280 2566 753 1302
3071 256 1280 2793 819 1322
3327 256 1280 3019 887 1343
3583 256 1280 3247 953 1365
3839 256 1280 3476 1018 1388
4095 256 1280 3706 1082 1410
0 512 1280 326 516 1170
256 512 1280 402 516 1203
512 512 1280 533 518 1230
768 512 1280 750 523 1247
1024 512 1280 980 541 1248
1280 512 1280 1212 565 1246
1536 512 1280 1442 600 1248
1792 512 1280 1672 638 1254
2048 512 1280 1903 678 1262
2303 512 1280 2133 723 1274
2559 512 1280 2361 773 1289
2815 512 1280 2586 830 1305
3071 512 1280 2809 892 1325
3327 512 1280 3032 955 1346
3583 512 1280 3259 1017 1368
3839 512 1280 3486 1079 1390
4095 512 1280 3715 1140 1413
0 768 1280 389 759 1204
256 768 1280 452 761 1225
512 768 1280 571 764 1243
768 768 1280 774 769 1254
1024 768 1280 1000 778 1258
1280 768 1280 1233 790 1260
1536 768 1280 1468 805 1263
1792 768 1280 1705 823 1268
2048 768 1280 1943 843 1274
2303 768 1280 2176 870 1282
2559 768 1280 2403 908 1293
2815 768 1280 2616 962 1310
3071 768 1280 2835 1017 1330
3327 768 1280 3055 1072 1350
3583 768 1280 3279 1127 1372
3839 768 1280 3503 1184 1395
4095 768 1280 3728 1242 1418
0 1024 1280 468 1008 1234
256 1024 1280 520 1011 1246
512 1024 1280 626 1015 1257
768 1024 1280 812 1019 1264
1024 1024 1280 1029 1025 1268
1280 1024 1280 1251 1034 1272
1536 1024 1280 1459 1054 1286
1792 1024 1280 1665 1079 1303
2048 1024 1280 1870 1108 1324
2303 1024 1280 2086 1142 1343
2559 1024 1280 2313 1175 1357
2815 1024 1280 2556 1206 1363
3071 1024 1280 2795 1241 1373
3327 1024 1280 3034 1276 1384
3583 1024 1280 3277 1307 1394
3839 1024 1280 3512 1348 1411
4095 1024 1280 3741 1394 1431
0 1280 1280 553 1259 1264
256 1280 1280 595 1263 1268
512 1280 1280 688 1266 1272
768 1280 1280 856 1270 1275
1024 1280 1280 1063 1275 1278
1280 1280 1280 1273 1284 1285
1536 1280 1280 1457 1308 1306
1792 1280 1280 1637 1341 1334
2048 1280 1280 1813 1380 1367
2303 1280 1280 2005 1424 1405
2559 1280 1280 2224 1456 1429
2815 1280 1280 2485 1470 1432
3071 1280 1280 2745 1486 1431
3327 1280 1280 3005 1501 1429
3583 1280 1280 3272 1509 1424
3839 1280 1280 3519 1533 1432
4095 1280 1280 3754 1566 1447
0 1536 1280 648 1511 1290
256 1536 1280 684 1515 1290
512 1536 1280 764 1518 1290
768 1536 1280 911 1522 1290
1024 1536 1280 1107 1526 1293
1280 1536 1280 1314 1531 1297
1536 1536 1280 1524 1542 1310
1792 1536 1280 1730 1558 1327
2048 1536 1280 1933 1578 1348
2303 1536 1280 2095 1620 1421
2559 1536 1280 2271 1661 1480
2815 1536 1280 2466 1701 1519
3071 1536 1280 2721 1718 1509
3327 1536 1280 2993 1726 1487
3583 1536 1280 3273 1726 1464
3839 1536 1280 3531 1740 1460
4095 1536 1280 3773 1763 1468
0 1792 1280 754 1762 1320
256 1792 1280 785 1765 1317
512 1792 1280 856 1768 1315
768 1792 1280 988 1772 1315
1024 1792 1280 1171 1775 1320
1280 1792 1280 1371 1777 1328
1536 1792 1280 1584 1782 1340
1792 1792 1280 1795 1791 1354
2048 1792 1280 2006 1802 1370
2303 1792 1280 2178 1833 1432
2559 1792 1280 2356 1867 1484
2815 1792 1280 2540 1905 1523
3071 1792 1280 2780 1923 1518
3327 1792 1280 3037 1934 1503
3583 1792 1280 3305 1937 1484
3839 1792 1280 3556 1951 1482
4095 1792 1280 3796 1970 1491
0 2048 1280 867 2013 1352
256 2048 1280 894 2015 1348
512 2048 1280 959 2017 1346
768 2048 1280 1079 2020 1346
1024 2048 1280 1251 2021 1356
1280 2048 1280 1438 2022 1370
1536 2048 1280 1640 2026 1388
1792 2048 1280 1843 2033 1404
2048 2048 1280 2048 2043 1420
2303 2048 1280 2256 2056 1440
2559 2048 1280 2465 2072 1457
2815 2048 1280 2676 2091 1471
3071 2048 1280 2895 2111 1482
3327 2048 1280 3119 2130 1490
3583 2048 1280 3358 2145 1491
3839 2048 1280 3592 2164 1500
4095 2048 1280 3823 2185 1514
0 2303 1280 977 2263 1388
256 2303 1280 1002 2265 1385
512 2303 1280 1058 2267 1381
768 2303 1280 1161 2270 1378
1024 2303 1280 1322 2271 1389
1280 2303 1280 1502 2271 1403
1536 2303 1280 1697 2274 1420
1792 2303 1280 1897 2280 1436
2048 2303 1280 2099 2287 1451
2303 2303 1280 2305 2298 1467
2559 2303 1280 2514 2311 1481
2815 2303 1280 2727 2326 1491
3071 2303 1280 2948 2341 1494
3327 2303 1280 3174 2355 1492
3583 2303 1280 3409 2365 1484
3839 2303 1280 3615 2366 1485
4095 2303 1280 3803 2360 1492
0 2559 1280 1086 2514 1426
256 2559 1280 1108 2516 1422
512 2559 1280 1156 2518 1417
768 2559 1280 1242 2522 1410
1024 2559 1280 1392 2523 1419
1280 2559 1280 1564 2523 1433
1536 2559 1280 1753 2525 1448
1792 2559 1280 1948 2529 1463
2048 2559 1280 2147 2535 1477
2303 2559 1280 2353 2544 1490
2559 2559 1280 2559 2550 1499
2815 2559 1280 2763 2554 1501
3071 2559 1280 2974 2556 1492
3327 2559 1280 3188 2558 1478
3583 2559 1280 3412 2558 1459
3839 2559 1280 3604 2549 1457
4095 2559 1280 3775 2534 1467
0 2815 1280 1193 2766 1465
256 2815 1280 1213 2767 1461
512 2815 1280 1252 2770 1453
768 2815 1280 1321 2775 1440
1024 2815 1280 1459 2777 1446
1280 2815 1280 1621 2777 1457
1536 2815 1280 1804 2779 1471
1792 2815 1280 1996 2782 1483
2048 2815 1280 2192 2786 1494
2303 2815 1280 2398 2793 1506
2559 2815 1280 2595 2789 1509
2815 2815 1280 2778 2770 1495
3071 2815 1280 2959 2747 1468
3327 2815 1280 3143 2724 1437
3583 2815 1280 3341 2708 1405
3839 2815 1280 3539 2702 1409
4095 2815 1280 3736 2705 1438
0 3071 1280 1265 2980 1476
256 3071 1280 1282 2981 1472
512 3071 1280 1316 2982 1462
768 3071 1280 1373 2984 1445
1024 3071 1280 1490 2981 1440
1280 3071 1280 1629 2977 1438
1536 3071 1280 1798 2971 1441
1792 3071 1280 1975 2965 1443
2048 3071 1280 2159 2959 1444
2303 3071 1280 2350 2953 1445
2559 3071 1280 2538 2941 1440
2815 3071 1280 2719 2920 1426
3071 3071 1280 2898 2896 1404
3327 3071 1280 3082 2875 1381
3583 3071 1280 3281 2865 1356
3839 3071 1280 3488 2867 1367
4095 3071 1280 3701 2878 1402
0 3327 1280 1314 3172 1470
256 3327 1280 1328 3171 1465
512 3327 1280 1357 3171 1454
768 3327 1280 1407 3169 1435
1024 3327 1280 1502 3164 1417
1280 3327 1280 1618 3156 1401
1536 3327 1280 1772 3144 1395
1792 3327 1280 1936 3129 1387
2048 3327 1280 2107 3114 1378
2303 3327 1280 2285 3097 1369
2559 3327 1280 2466 3079 1359
2815 3327 1280 2649 3061 1348
3071 3327 1280 2833 3043 1336
3327 3327 1280 3022 3028 1324
3583 3327 1280 3226 3026 1311
3839 3327 1280 3442 3035 1326
4095 3327 1280 3667 3052 1360
0 3583 1280 1303 3309 1421
256 3583 1280 1317 3309 1416
512 3583 1280 1344 3309 1406
768 3583 1280 1391 3309 1388
1024 3583 1280 1471 3308 1362
1280 3583 1280 1572 3305 1339
1536 3583 1280 1726 3297 1334
1792 3583 1280 1890 3287 1329
2048 3583 1280 2062 3276 1323
2303 3583 1280 2242 3263 1316
2559 3583 1280 2425 3250 1308
2815 3583 1280 2610 3236 1300
3071 3583 1280 2798 3221 1290
3327 3583 1280 2988 3207 1281
3583 3583 1280 3184 3198 1272
3839 3583 1280 3400 3206 1280
4095 3583 1280 3630 3226 1301
0 3839 1280 1356 3475 1420
256 3839 1280 1371 3475 1417
512 3839 1280 1400 3475 1411
768 3839 1280 1451 3475 1400
1024 3839 1280 1531 3474 1382
1280 3839 1280 1630 3473 1366
1536 3839 1280 1775 3466 1363
1792 3839 1280 1931 3459 1360
2048 3839 1280 2094 3451 1357
2303 3839 1280 2268 3442 1353
2559 3839 1280 2446 3432 1349
2815 3839 1280 2627 3421 1344
3071 3839 1280 2811 3409 1339
3327 3839 1280 2996 3397 1335
3583 3839 1280 3184 3386 1331
3839 3839 1280 3384 3385 1340
4095 3839 1280 3593 3391 1357
0 4095 1280 1452 3661 1453
256 4095 1280 1469 3661 1453
512 4095 1280 1503 3660 1452
768 4095 1280 1562 3658 1452
1024 4095 1280 1653 3655 1452
1280 4095 1280 1758 3651 1452
1536 4095 1280 1887 3647 1451
1792 4095 1280 2029 3642 1451
2048 4095 1280 2179 3636 1451
2303 4095 1280 2342 3629 1450
2559 4095 1280 2508 3621 1450
2815 4095 1280 2680 3613 1450
3071 4095 1280 2855 3604 1451
3327 4095 1280 3032 3594 1453
3583 4095 1280 3211 3584 1457
3839 4095 1280 3386 3569 1470
4095 4095 1280 3558 3549 1488
0 0 1536 338 211 1361
256 0 1536 416 213 1364
512 0 1536 540 229 1372
768 0 1536 735 266 1387
1024 0 1536 949 314 1403
1280 0 1536 1171 366 1420
1536 0 1536 1398 422 1437
1792 0 1536 1627 479 1453
2048 0 1536 1858 538 1470
2303 0 1536 2089 598 1487
2559 0 1536 2321 658 1504
2815 0 1536 2553 719 1521
3071 0 1536 2784 784 1540
3327 0 1536 3014 849 1558
3583 0 1536 3245 915 1578
3839 0 1536 3475 981 1599
4095 0 1536 3705 1049 1619
0 256 1536 344 348 1373
256 256 1536 417 347 1394
512 256 1536 540 353 1418
768 256 1536 741 367 1448
1024 256 1536 963 401 1452
1280 256 1536 1190 441 1453
1536 256 1536 1418 488 1459
1792 256 1536 1646 537 1468
2048 256 1536 1875 589 1480
2303 256 1536 2105 644 1494
2559 256 1536 2335 700 1509
2815 256 1536 2566 758 1525
3071 256 1536 2795 820 1542
3327 256 1536 3024 883 1560
3583 256 1536 3253 946 1579
3839 256 1536 3483 1010 1599
4095 256 1536 3712 1076 1620
0 512 1536 369 525 1392
256 512 1536 436 524 1421
512 512 1536 555 524 1453
768 512 1536 754 526 1488
1024 512 1536 979 546 1488
1280 512 1536 1211 573 1481
1536 512 1536 1441 607 1482
1792 512 1536 1671 644 1487
2048 512 1536 1902 684 1494
2303 512 1536 2133 728 1505
2559 512 1536 2362 776 1516
2815 512 1536 2589 829 1530
3071 512 1536 2815 887 1546
3327 512 1536 3042 946 1563
3583 512 1536 3269 1006 1582
3839 512 1536 3495 1069 1602
4095 512 1536 3720 1134 1623
0 768 1536 425 763 1424
256 768 1536 483 764 1445
512 768 1536 592 767 1469
768 768 1536 778 770 1497
1024 768 1536 1000 779 1503
1280 768 1536 1232 791 1504
1536 768 1536 1468 806 1506
1792 768 1536 1705 824 1510
2048 768 1536 1942 844 1515
2303 768 1536 2179 868 1521
2559 768 1536 2409 902 1529
2815 768 1536 2629 950 1538
3071 768 1536 2850 1002 1552
3327 768 1536 3072 1054 1567
3583 768 1536 3295 1110 1585
3839 768 1536 3515 1172 1606
4095 768 1536 3732 1237 1629
0 1024 1536 497 1010 1457
256 1024 1536 547 1012 1471
512 1024 1536 645 1015 1487
768 1024 1536 815 1019 1507
1024 1024 1536 1029 1025 1512
1280 1024 1536 1254 1033 1515
1536 1024 1536 1480 1045 1521
1792 1024 1536 1708 1061 1528
2048 1024 1536 1935 1078 1537
2303 1024 1536 2162 1102 1545
2559 1024 1536 2391 1130 1553
2815 1024 1536 2622 1163 1560
3071 1024 1536 2846 1203 1572
3327 1024 1536 3072 1245 1586
3583 1024 1536 3303 1285 1600
3839 1024 1536 3525 1336 1619
4095 1024 1536 3743 1393 1641
0 1280 1536 576 1259 1488
256 1280 1536 617 1262 1496
512 1280 1536 704 1266 1505
768 1280 1536 859 1270 1517
1024 1280 1536 1063 1275 1521
1280 1280 1536 1279 1281 1524
1536 1280 1536 1495 1293 1532
1792 1280 1536 1709 1310 1544
2048 1280 1536 1922 1330 1558
2303 1280 1536 2131 1359 1575
2559 1280 1536 2350 1386 1589
2815 1280 1536 2584 1409 1599
3071 1280 1536 2816 1438 1608
3327 1280 1536 3051 1467 1617
3583 1280 1536 3298 1489 1623
3839 1280 1536 3531 1524 1637
4095 1280 1536 3753 1567 1656
0 1536 1536 664 1511 1516
256 1536 1536 699 1514 1520
512 1536 1536 776 1518 1524
768 1536 1536 913 1522 1530
1024 1536 1536 1107 1526 1532
1280 1536 1536 1317 1531 1535
1536 1536 1536 1535 1538 1541
1792 1536 1536 1737 1555 1555
2048 1536 1536 1928 1577 1575
2303 1536 1536 2102 1616 1616
2559 1536 1536 2282 1655 1654
2815 1536 1536 2470 1697 1688
3071 1536 1536 2718 1718 1691
3327 1536 1536 2985 1730 1683
3583 1536 1536 3266 1730 1670
3839 1536 1536 3525 1744 1669
4095 1536 1536 3768 1767 1677
0 1792 1536 769 1762 1545
256 1792 1536 800 1764 1545
512 1792 1536 870 1767 1547
768 1792 1536 998 1770 1550
1024 1792 1536 1179 1773 1554
1280 1792 1536 1375 1777 1558
1536 1792 1536 1585 1782 1566
1792 1792 1536 1783 1796 1580
2048 1792 1536 1974 1814 1599
2303 1792 1536 2151 1846 1637
2559 1792 1536 2326 1882 1680
2815 1792 1536 2496 1925 1730
3071 1792 1536 2723 1949 1744
3327 1792 1536 2975 1963 1743
3583 1792 1536 3266 1958 1714
3839 1792 1536 3535 1963 1701
4095 1792 1536 3789 1976 1700
0 2048 1536 884 2011 1574
256 2048 1536 912 2013 1573
512 2048 1536 979 2015 1573
768 2048 1536 1104 2016 1576
1024 2048 1536 1268 2018 1582
1280 2048 1536 1446 2021 1591
1536 2048 1536 1642 2027 1602
1792 2048 1536 1843 2034 1614
2048 2048 1536 2047 2044 1627
2303 2048 1536 2254 2058 1644
2559 2048 1536 2445 2080 1679
2815 2048 1536 2614 2113 1740
3071 2048 1536 2797 2149 1779
3327 2048 1536 3004 2178 1798
3583 2048 1536 3288 2177 1756
3839 2048 1536 3556 2182 1734
4095 2048 1536 3813 2190 1724
0 2303 1536 989 2262 1607
256 2303 1536 1014 2264 1605
512 2303 1536 1072 2265 1604
768 2303 1536 1179 2267 1605
1024 2303 1536 1339 2268 1614
1280 2303 1536 1515 2269 1626
1536 2303 1536 1708 2272 1641
1792 2303 1536 1904 2278 1656
2048 2303 1536 2102 2286 1670
2303 2303 1536 2305 2298 1684
2559 2303 1536 2504 2314 1705
2815 2303 1536 2697 2335 1735
3071 2303 1536 2903 2358 1750
3327 2303 1536 3120 2376 1752
3583 2303 1536 3369 2378 1725
3839 2303 1536 3589 2372 1709
4095 2303 1536 3789 2362 1699
0 2559 1536 1093 2513 1641
256 2559 1536 1115 2515 1638
512 2559 1536 1165 2517 1635
768 2559 1536 1254 2520 1632
1024 2559 1536 1406 2520 1642
1280 2559 1536 1578 2520 1655
1536 2559 1536 1766 2522 1672
1792 2559 1536 1959 2526 1687
2048 2559 1536 2154 2532 1701
2303 2559 1536 2355 2542 1714
2559 2559 1536 2555 2550 1723
2815 2559 1536 2754 2553 1727
3071 2559 1536 2962 2557 1719
3327 2559 1536 3173 2560 1705
3583 2559 1536 3393 2558 1682
3839 2559 1536 3586 2548 1672
4095 2559 1536 3761 2534 1670
0 2815 1536 1196 2765 1675
256 2815 1536 1216 2767 1672
512 2815 1536 1257 2770 1667
768 2815 1536 1328 2774 1658
1024 2815 1536 1468 2775 1665
1280 2815 1536 1631 2775 1676
1536 2815 1536 1813 2776 1689
1792 2815 1536 2004 2780 1702
2048 2815 1536 2199 2784 1714
2303 2815 1536 2402 2791 1728
2559 2815 1536 2595 2786 1730
2815 2815 1536 2771 2764 1715
3071 2815 1536 2949 2742 1687
3327 2815 1536 3132 2721 1655
3583 2815 1536 3330 2705 1619
3839 2815 1536 3529 2700 1616
4095 2815 1536 3728 2703 1636
0 3071 1536 1263 2977 1678
256 3071 1536 1280 2978 1674
512 3071 1536 1314 2979 1666
768 3071 1536 1374 2980 1653
1024 3071 1536 1493 2977 1649
1280 3071 1536 1634 2973 1649
1536 3071 1536 1802 2967 1652
1792 3071 1536 1979 2961 1654
2048 3071 1536 2162 2955 1655
2303 3071 1536 2353 2949 1657
2559 3071 1536 2539 2937 1653
2815 3071 1536 2715 2914 1637
3071 3071 1536 2893 2891 1615
3327 3071 1536 3075 2870 1590
3583 3071 1536 3275 2861 1563
3839 3071 1536 3482 2864 1571
4095 3071 1536 3695 2876 1601
0 3327 1536 1308 3166 1663
256 3327 1536 1322 3166 1659
512 3327 1536 1351 3165 1649
768 3327 1536 1401 3164 1632
1024 3327 1536 1499 3158 1617
1280 3327 1536 1619 3150 1605
1536 3327 1536 1773 3138 1598
1792 3327 1536 1937 3124 1590
2048 3327 1536 2108 3109 1581
2303 3327 1536 2286 3092 1572
2559 3327 1536 2466 3074 1562
2815 3327 1536 2649 3056 1551
3071 3327 1536 2832 3038 1539
3327 3327 1536 3020 3024 1526
3583 3327 1536 3224 3022 1512
3839 3327 1536 3439 3032 1525
4095 3327 1536 3662 3050 1557
0 3583 1536 1298 3305 1609
256 3583 1536 1312 3305 1604
512 3583 1536 1339 3305 1595
768 3583 1536 1385 3306 1578
1024 3583 1536 1469 3304 1557
1280 3583 1536 1574 3301 1539
1536 3583 1536 1727 3293 1533
1792 3583 1536 1892 3283 1528
2048 3583 1536 2063 3272 1521
2303 3583 1536 2243 3259 1514
2559 3583 1536 2426 3246 1506
2815 3583 1536 2611 3232 1497
3071 3583 1536 2799 3217 1487
3327 3583 1536 2988 3203 1477
3583 3583 1536 3183 3194 1467
3839 3583 1536 3399 3203 1470
4095 3583 1536 3629 3225 1482
0 3839 1536 1352 3473 1601
256 3839 1536 1367 3472 1599
512 3839 1536 1396 3472 1593
768 3839 1536 1446 3472 1583
1024 3839 1536 1529 3472 1568
1280 3839 1536 1631 3470 1554
1536 3839 1536 1775 3463 1551
1792 3839 1536 1931 3456 1547
2048 3839 1536 2094 3448 1543
2303 3839 1536 2268 3439 1539
2559 3839 1536 2446 3429 1534
2815 3839 1536 2627 3418 1529
3071 3839 1536 2811 3406 1523
3327 3839 1536 2995 3394 1518
3583 3839 1536 3183 3383 1513
3839 3839 1536 3383 3382 1516
4095 3839 1536 3593 3389 1525
0 4095 1536 1448 3659 1626
256 4095 1536 1465 3659 1626
512 4095 1536 1499 3658 1626
768 4095 1536 1559 3656 1625
1024 4095 1536 1650 3653 1625
1280 4095 1536 1756 3649 1625
1536 4095 1536 1884 3645 1623
1792 4095 1536 2026 3640 1622
2048 4095 1536 2176 3634 1621
2303 4095 1536 2339 3627 1620
2559 4095 1536 2506 3619 1618
2815 4095 1536 2677 3611 1618
3071 4095 1536 2853 3602 1617
3327 4095 1536 3030 3593 1617
3583 4095 1536 3209 3583 1620
3839 4095 1536 3383 3567 1630
4095 4095 1536 3555 3548 1646
0 0 1792 393 244 1585
256 0 1792 458 243 1589
512 0 1792 570 256 1597
768 0 1792 754 290 1610
1024 0 1792 962 334 1626
1280 0 1792 1179 382 1643
1536 0 1792 1404 436 1659
1792 0 1792 1631 492 1676
2048 0 1792 1860 549 1693
2303 0 1792 2090 608 1709
2559 0 1792 2321 667 1726
2815 0 1792 2553 728 1743
3071 0 1792 2784 790 1760
3327 0 1792 3015 854 1778
3583 0 1792 3246 917 1796
3839 0 1792 3477 983 1815
4095 0 1792 3707 1049 1834
0 256 1792 394 368 1596
256 256 1792 457 367 1615
512 256 1792 568 371 1639
768 256 1792 754 382 1673
1024 256 1792 970 415 1679
1280 256 1792 1194 454 1679
1536 256 1792 1420 500 1686
1792 256 1792 1648 548 1695
2048 256 1792 1876 599 1706
2303 256 1792 2105 653 1719
2559 256 1792 2335 708 1733
2815 256 1792 2565 765 1748
3071 256 1792 2795 825 1764
3327 256 1792 3025 886 1780
3583 256 1792 3255 948 1798
3839 256 1792 3485 1011 1816
4095 256 1792 3714 1075 1835
0 512 1792 414 536 1615
256 512 1792 474 535 1640
512 512 1792 581 534 1673
768 512 1792 762 533 1719
1024 512 1792 982 554 1721
1280 512 1792 1212 581 1714
1536 512 1792 1441 615 1715
1792 512 1792 1671 652 1719
2048 512 1792 1902 691 1726
2303 512 1792 2132 735 1735
2559 512 1792 2362 782 1745
2815 512 1792 2589 834 1756
3071 512 1792 2817 890 1770
3327 512 1792 3044 947 1784
3583 512 1792 3272 1006 1801
3839 512 1792 3499 1068 1819
4095 512 1792 3724 1132 1838
0 768 1792 465 769 1645
256 768 1792 517 769 1665
512 768 1792 616 770 1695
768 768 1792 782 771 1739
1024 768 1792 1001 780 1747
1280 768 1792 1233 792 1748
1536 768 1792 1468 808 1750
1792 768 1792 1705 825 1753
2048 768 1792 1942 845 1757
2303 768 1792 2178 871 1761
2559 768 1792 2408 904 1765
2815 768 1792 2631 950 1770
3071 768 1792 2854 1000 1779
3327 768 1792 3078 1051 1791
3583 768 1792 3302 1105 1806
3839 768 1792 3521 1167 1824
4095 768 1792 3737 1235 1844
0 1024 1792 530 1013 1678
256 1024 1792 577 1014 1693
512 1024 1792 666 1017 1715
768 1024 1792 819 1019 1750
1024 1024 1792 1029 1025 1758
1280 1024 1792 1256 1032 1760
1536 1024 1792 1489 1042 1762
1792 1024 1792 1725 1053 1765
2048 1024 1792 1961 1066 1768
2303 1024 1792 2192 1088 1771
2559 1024 1792 2421 1114 1775
2815 1024 1792 2647 1148 1780
3071 1024 1792 2869 1188 1791
3327 1024 1792 3093 1229 1803
3583 1024 1792 3321 1270 1816
3839 1024 1792 3538 1325 1834
4095 1024 1792 3747 1390 1855
0 1280 1792 603 1260 1711
256 1280 1792 643 1263 1721
512 1280 1792 722 1266 1736
768 1280 1792 862 1270 1759
1024 1280 1792 1063 1275 1765
1280 1280 1792 1282 1280 1766
1536 1280 1792 1511 1288 1769
1792 1280 1792 1739 1297 1772
2048 1280 1792 1968 1309 1777
2303 1280 1792 2188 1331 1782
2559 1280 1792 2410 1355 1789
2815 1280 1792 2634 1380 1800
3071 1280 1792 2860 1410 1811
3327 1280 1792 3089 1440 1823
3583 1280 1792 3329 1464 1833
3839 1280 1792 3550 1508 1849
4095 1280 1792 3757 1565 1869
0 1536 1792 686 1511 1741
256 1536 1792 720 1514 1747
512 1536 1792 791 1517 1756
768 1536 1792 918 1522 1769
1024 1536 1792 1109 1526 1772
1280 1536 1792 1320 1530 1773
1536 1536 1792 1540 1537 1774
1792 1536 1792 1748 1551 1783
2048 1536 1792 1948 1570 1796
2303 1536 1792 2141 1600 1815
2559 1536 1792 2336 1633 1836
2815 1536 1792 2535 1668 1860
3071 1536 1792 2776 1689 1869
3327 1536 1792 3031 1703 1872
3583 1536 1792 3299 1709 1869
3839 1536 1792 3543 1732 1876
4095 1536 1792 3770 1767 1888
0 1792 1792 793 1761 1768
256 1792 1792 823 1763 1771
512 1792 1792 889 1766 1776
768 1792 1792 1008 1770 1784
1024 1792 1792 1185 1773 1786
1280 1792 1792 1379 1777 1788
1536 1792 1792 1587 1783 1792
1792 1792 1792 1787 1796 1802
2048 1792 1792 1980 1814 1816
2303 1792 1792 2165 1842 1839
2559 1792 1792 2348 1875 1869
2815 1792 1792 2524 1914 1911
3071 1792 1792 2741 1941 1933
3327 1792 1792 2981 1959 1943
3583 1792 1792 3271 1954 1920
3839 1792 1792 3537 1962 1911
4095 1792 1792 3786 1978 1911
0 2048 1792 916 2009 1794
256 2048 1792 942 2011 1795
512 2048 1792 1005 2013 1796
768 2048 1792 1122 2014 1800
1024 2048 1792 1280 2017 1804
1280 2048 1792 1453 2021 1809
1536 2048 1792 1645 2027 1817
1792 2048 1792 1844 2036 1826
2048 2048 1792 2047 2046 1837
2303 2048 1792 2238 2066 1856
2559 2048 1792 2416 2093 1893
2815 2048 1792 2572 2132 1955
3071 2048 1792 2739 2175 2002
3327 2048 1792 2936 2209 2026
3583 2048 1792 3244 2200 1981
3839 2048 1792 3531 2196 1953
4095 2048 1792 3805 2196 1936
0 2303 1792 1012 2260 1827
256 2303 1792 1036 2262 1826
512 2303 1792 1094 2263 1827
768 2303 1792 1202 2265 1829
1024 2303 1792 1359 2265 1837
1280 2303 1792 1532 2266 1846
1536 2303 1792 1718 2271 1858
1792 2303 1792 1909 2278 1869
2048 2303 1792 2104 2286 1881
2303 2303 1792 2299 2301 1896
2559 2303 1792 2491 2320 1917
2815 2303 1792 2678 2344 1948
3071 2303 1792 2864 2373 1981
3327 2303 1792 3060 2399 2003
3583 2303 1792 3300 2400 1983
3839 2303 1792 3537 2388 1950
4095 2303 1792 3773 2365 1910
0 2559 1792 1108 2512 1859
256 2559 1792 1131 2514 1858
512 2559 1792 1182 2515 1857
768 2559 1792 1276 2517 1856
1024 2559 1792 1428 2517 1865
1280 2559 1792 1599 2516 1877
1536 2559 1792 1780 2519 1890
1792 2559 1792 1968 2524 1904
2048 2559 1792 2159 2531 1917
2303 2559 1792 2357 2541 1928
2559 2559 1792 2554 2549 1937
2815 2559 1792 2749 2553 1941
3071 2559 1792 2938 2563 1952
3327 2559 1792 3128 2572 1959
3583 2559 1792 3325 2574 1946
3839 2559 1792 3531 2560 1918
4095 2559 1792 3743 2534 1879
0 2815 1792 1205 2765 1890
256 2815 1792 1225 2766 1889
512 2815 1792 1267 2769 1885
768 2815 1792 1341 2772 1880
1024 2815 1792 1482 2773 1887
1280 2815 1792 1645 2772 1898
1536 2815 1792 1826 2774 1910
1792 2815 1792 2016 2777 1924
2048 2815 1792 2210 2781 1938
2303 2815 1792 2408 2787 1951
2559 2815 1792 2594 2781 1951
2815 2815 1792 2764 2758 1932
3071 2815 1792 2935 2737 1910
3327 2815 1792 3112 2719 1885
3583 2815 1792 3304 2706 1852
3839 2815 1792 3506 2701 1840
4095 2815 1792 3716 2701 1840
0 3071 1792 1265 2973 1886
256 3071 1792 1282 2974 1883
512 3071 1792 1317 2975 1877
768 3071 1792 1377 2976 1867
1024 3071 1792 1499 2973 1865
1280 3071 1792 1642 2968 1865
1536 3071 1792 1810 2962 1868
1792 3071 1792 1987 2956 1870
2048 3071 1792 2170 2950 1874
2303 3071 1792 2357 2943 1876
2559 3071 1792 2539 2930 1870
2815 3071 1792 2712 2906 1854
3071 3071 1792 2886 2884 1833
3327 3071 1792 3066 2865 1811
3583 3071 1792 3263 2858 1785
3839 3071 1792 3471 2862 1786
4095 3071 1792 3686 2874 1805
0 3327 1792 1304 3159 1864
256 3327 1792 1319 3159 1860
512 3327 1792 1347 3158 1851
768 3327 1792 1397 3157 1836
1024 3327 1792 1498 3151 1825
1280 3327 1792 1621 3143 1815
1536 3327 1792 1775 3131 1808
1792 3327 1792 1939 3117 1800
2048 3327 1792 2110 3102 1792
2303 3327 1792 2288 3085 1783
2559 3327 1792 2468 3067 1774
2815 3327 1792 2649 3050 1765
3071 3327 1792 2831 3032 1753
3327 3327 1792 3017 3018 1741
3583 3327 1792 3219 3017 1726
3839 3327 1792 3433 3029 1736
4095 3327 1792 3656 3048 1763
0 3583 1792 1294 3300 1805
256 3583 1792 1308 3301 1801
512 3583 1792 1335 3301 1793
768 3583 1792 1381 3301 1778
1024 3583 1792 1468 3299 1761
1280 3583 1792 1575 3296 1745
1536 3583 1792 1729 3287 1740
1792 3583 1792 1894 3277 1734
2048 3583 1792 2065 3267 1727
2303 3583 1792 2245 3254 1720
2559 3583 1792 2428 3241 1713
2815 3583 1792 2613 3227 1704
3071 3583 1792 2799 3212 1695
3327 3583 1792 2987 3199 1685
3583 3583 1792 3181 3189 1673
3839 3583 1792 3396 3199 1678
4095 3583 1792 3626 3222 1694
0 3839 1792 1348 3469 1792
256 3839 1792 1363 3469 1789
512 3839 1792 1392 3469 1784
768 3839 1792 1442 3469 1775
1024 3839 1792 1527 3468 1762
1280 3839 1792 1630 3466 1751
1536 3839 1792 1775 3460 1747
1792 3839 1792 1931 3453 1743
2048 3839 1792 2094 3445 1739
2303 3839 1792 2268 3435 1734
2559 3839 1792 2446 3425 1729
2815 3839 1792 2627 3414 1723
3071 3839 1792 2810 3403 1717
3327 3839 1792 2995 3391 1711
3583 3839 1792 3181 3379 1705
3839 3839 1792 3382 3380 1709
4095 3839 1792 3592 3389 1721
0 4095 1792 1444 3656 1809
256 4095 1792 1461 3656 1809
512 4095 1792 1495 3655 1808
768 4095 1792 1555 3653 1808
1024 4095 1792 1647 3650 1807
1280 4095 1792 1752 3647 1806
1536 4095 1792 1881 3642 1805
1792 4095 1792 2023 3637 1803
2048 4095 1792 2173 3631 1801
2303 4095 1792 2336 3624 1799
2559 4095 1792 2502 3617 1797
2815 4095 1792 2674 3609 1795
3071 4095 1792 2850 3600 1793
3327 4095 1792 3027 3591 1792
3583 4095 1792 3206 3581 1792
3839 4095 1792 3382 3567 1800
4095 4095 1792 3556 3550 1812
0 0 2048 449 278 1810
256 0 2048 501 275 1814
512 0 2048 602 284 1821
768 0 2048 776 314 1834
1024 0 2048 978 355 1849
1280 0 2048 1189 400 1866
1536 0 2048 1411 451 1882
1792 0 2048 1636 505 1899
2048 0 2048 1863 561 1916
2303 0 2048 2092 619 1932
2559 0 2048 2322 677 1949
2815 0 2048 2553 737 1965
3071 0 2048 2783 799 1982
3327 0 2048 3014 862 1999
3583 0 2048 3245 925 2016
3839 0 2048 3476 988 2034
4095 0 2048 3708 1052 2052
0 256 2048 445 390 1820
256 256 2048 499 387 1836
512 256 2048 599 390 1860
768 256 2048 770 400 1894
1024 256 2048 980 431 1902
1280 256 2048 1200 468 1904
1536 256 2048 1424 513 1911
1792 256 2048 1650 560 1921
2048 256 2048 1877 610 1931
2303 256 2048 2105 663 1944
2559 256 2048 2335 718 1957
2815 256 2048 2565 774 1972
3071 256 2048 2794 834 1987
3327 256 2048 3024 894 2002
3583 256 2048 3254 955 2019
3839 256 2048 3484 1016 2036
4095 256 2048 3715 1077 2053
0 512 2048 461 548 1837
256 512 2048 513 547 1860
512 512 2048 610 546 1893
768 512 2048 773 544 1944
1024 512 2048 987 564 1950
1280 512 2048 1214 591 1946
1536 512 2048 1442 624 1947
1792 512 2048 1672 660 1952
2048 512 2048 1902 699 1958
2303 512 2048 2131 743 1966
2559 512 2048 2360 790 1974
2815 512 2048 2588 843 1984
3071 512 2048 2815 898 1996
3327 512 2048 3043 954 2009
3583 512 2048 3271 1012 2024
3839 512 2048 3499 1071 2040
4095 512 2048 3726 1133 2057
0 768 2048 506 775 1866
256 768 2048 553 776 1884
512 768 2048 641 775 1920
768 768 2048 788 774 1979
1024 768 2048 1001 782 1991
1280 768 2048 1233 794 1992
1536 768 2048 1468 809 1994
1792 768 2048 1705 827 1997
2048 768 2048 1942 846 2000
2303 768 2048 2175 875 2001
2559 768 2048 2404 911 2002
2815 768 2048 2627 957 2004
3071 768 2048 2851 1006 2010
3327 768 2048 3075 1057 2019
3583 768 2048 3301 1108 2032
3839 768 2048 3522 1168 2046
4095 768 2048 3740 1233 2062
0 1024 2048 566 1016 1899
256 1024 2048 609 1018 1914
512 1024 2048 688 1019 1943
768 1024 2048 822 1020 1993
1024 1024 2048 1029 1025 2004
1280 1024 2048 1256 1032 2006
1536 1024 2048 1489 1042 2008
1792 1024 2048 1724 1054 2010
2048 1024 2048 1961 1067 2013
2303 1024 2048 2190 1090 2012
2559 1024 2048 2419 1118 2012
2815 1024 2048 2645 1152 2014
3071 1024 2048 2873 1187 2021
3327 1024 2048 3102 1224 2030
3583 1024 2048 3335 1260 2041
3839 1024 2048 3550 1316 2055
4095 1024 2048 3753 1386 2072
0 1280 2048 633 1262 1933
256 1280 2048 671 1264 1944
512 1280 2048 743 1266 1965
768 1280 2048 866 1270 2001
1024 1280 2048 1064 1275 2009
1280 1280 2048 1283 1280 2010
1536 1280 2048 1511 1288 2012
1792 1280 2048 1742 1297 2014
2048 1280 2048 1974 1308 2016
2303 1280 2048 2198 1328 2015
2559 1280 2048 2424 1350 2017
2815 1280 2048 2652 1373 2023
3071 1280 2048 2885 1396 2032
3327 1280 2048 3121 1418 2041
3583 1280 2048 3362 1438 2051
3839 1280 2048 3574 1489 2065
4095 1280 2048 3765 1560 2084
0 1536 2048 711 1512 1965
256 1536 2048 744 1514 1973
512 1536 2048 809 1517 1986
768 1536 2048 923 1522 2009
1024 1536 2048 1112 1526 2013
1280 1536 2048 1322 1530 2011
1536 1536 2048 1542 1537 2010
1792 1536 2048 1763 1547 2011
2048 1536 2048 1984 1559 2013
2303 1536 2048 2201 1578 2017
2559 1536 2048 2420 1599 2024
2815 1536 2048 2639 1623 2034
3071 1536 2048 2873 1641 2045
3327 1536 2048 3113 1658 2056
3583 1536 2048 3359 1671 2065
3839 1536 2048 3577 1709 2081
4095 1536 2048 3777 1763 2101
0 1792 2048 823 1760 1991
256 1792 2048 851 1762 1995
512 1792 2048 910 1765 2003
768 1792 2048 1017 1769 2016
1024 1792 2048 1191 1773 2018
1280 1792 2048 1384 1777 2017
1536 1792 2048 1590 1784 2018
1792 1792 2048 1800 1794 2021
2048 1792 2048 2011 1805 2025
2303 1792 2048 2207 1827 2039
2559 1792 2048 2403 1853 2055
2815 1792 2048 2599 1882 2075
3071 1792 2048 2807 1910 2097
3327 1792 2048 3030 1932 2115
3583 1792 2048 3304 1934 2112
3839 1792 2048 3554 1951 2115
4095 1792 2048 3787 1978 2123
0 2048 2048 958 2006 2012
256 2048 2048 980 2008 2014
512 2048 2048 1034 2011 2017
768 2048 2048 1136 2014 2021
1024 2048 2048 1288 2018 2024
1280 2048 2048 1459 2022 2027
1536 2048 2048 1649 2029 2033
1792 2048 2048 1847 2038 2040
2048 2048 2048 2048 2048 2048
2303 2048 2048 2214 2076 2074
2559 2048 2048 2379 2109 2102
2815 2048 2048 2544 2147 2135
3071 2048 2048 2706 2194 2175
3327 2048 2048 2899 2229 2202
3583 2048 2048 3216 2216 2179
3839 2048 2048 3513 2207 2162
4095 2048 2048 3797 2201 2150
0 2303 2048 1042 2258 2047
256 2303 2048 1066 2259 2048
512 2303 2048 1122 2261 2050
768 2303 2048 1226 2262 2053
1024 2303 2048 1382 2262 2058
1280 2303 2048 1552 2264 2065
1536 2303 2048 1728 2270 2071
1792 2303 2048 1913 2279 2079
2048 2303 2048 2105 2288 2087
2303 2303 2048 2290 2307 2103
2559 2303 2048 2477 2327 2121
2815 2303 2048 2667 2351 2142
3071 2303 2048 2829 2388 2196
3327 2303 2048 2997 2423 2246
3583 2303 2048 3212 2430 2250
3839 2303 2048 3469 2408 2204
4095 2303 2048 3755 2368 2124
0 2559 2048 1128 2511 2080
256 2559 2048 1151 2512 2080
512 2559 2048 1204 2513 2080
768 2559 2048 1303 2514 2082
1024 2559 2048 1456 2513 2089
1280 2559 2048 1624 2512 2097
1536 2559 2048 1794 2517 2105
1792 2559 2048 1975 2524 2115
2048 2559 2048 2163 2531 2126
2303 2559 2048 2358 2541 2137
2559 2559 2048 2553 2549 2144
2815 2559 2048 2745 2553 2146
3071 2559 2048 2908 2571 2188
3327 2559 2048 3064 2591 2230
3583 2559 2048 3226 2602 2238
3839 2559 2048 3452 2579 2185
4095 2559 2048 3722 2534 2091
0 2815 2048 1218 2764 2110
256 2815 2048 1237 2765 2109
512 2815 2048 1280 2767 2108
768 2815 2048 1357 2770 2106
1024 2815 2048 1500 2770 2113
1280 2815 2048 1663 2769 2122
1536 2815 2048 1842 2771 2134
1792 2815 2048 2030 2773 2148
2048 2815 2048 2224 2777 2165
2303 2815 2048 2414 2782 2175
2559 2815 2048 2594 2775 2171
2815 2815 2048 2756 2751 2148
3071 2815 2048 2918 2733 2135
3327 2815 2048 3085 2719 2123
3583 2815 2048 3267 2709 2099
3839 2815 2048 3476 2703 2074
4095 2815 2048 3703 2700 2049
0 3071 2048 1269 2969 2099
256 3071 2048 1286 2969 2097
512 3071 2048 1321 2970 2092
768 3071 2048 1383 2971 2085
1024 3071 2048 1507 2967 2084
1280 3071 2048 1651 2962 2085
1536 3071 2048 1819 2956 2087
1792 3071 2048 1996 2950 2091
2048 3071 2048 2180 2943 2096
2303 3071 2048 2363 2936 2098
2559 3071 2048 2540 2923 2092
2815 3071 2048 2708 2898 2074
3071 3071 2048 2878 2877 2057
3327 3071 2048 3054 2860 2040
3583 3071 2048 3247 2854 2016
3839 3071 2048 3457 2859 2009
4095 3071 2048 3677 2871 2013
0 3327 2048 1301 3152 2069
256 3327 2048 1316 3151 2066
512 3327 2048 1345 3151 2059
768 3327 2048 1395 3150 2046
1024 3327 2048 1498 3143 2037
1280 3327 2048 1623 3135 2029
1536 3327 2048 1777 3123 2021
1792 3327 2048 1942 3109 2014
2048 3327 2048 2113 3094 2007
2303 3327 2048 2291 3077 2000
2559 3327 2048 2471 3059 1993
2815 3327 2048 2651 3042 1986
3071 3327 2048 2830 3025 1976
3327 3327 2048 3013 3012 1965
3583 3327 2048 3213 3013 1948
3839 3327 2048 3426 3025 1954
4095 3327 2048 3649 3045 1975
0 3583 2048 1291 3295 2007
256 3583 2048 1305 3295 2003
512 3583 2048 1332 3295 1996
768 3583 2048 1378 3296 1984
1024 3583 2048 1467 3294 1969
1280 3583 2048 1577 3290 1957
1536 3583 2048 1731 3282 1951
1792 3583 2048 1896 3272 1945
2048 3583 2048 2067 3261 1939
2303 3583 2048 2247 3248 1932
2559 3583 2048 2430 3235 1925
2815 3583 2048 2614 3221 1918
3071 3583 2048 2800 3207 1909
3327 3583 2048 2986 3194 1899
3583 3583 2048 3179 3184 1887
3839 3583 2048 3393 3195 1898
4095 3583 2048 3621 3219 1925
0 3839 2048 1344 3465 1988
256 3839 2048 1359 3465 1986
512 3839 2048 1388 3465 1981
768 3839 2048 1439 3465 1973
1024 3839 2048 1525 3464 1962
1280 3839 2048 1630 3462 1953
1536 3839 2048 1774 3456 1949
1792 3839 2048 1930 3448 1945
2048 3839 2048 2094 3441 1940
2303 3839 2048 2268 3431 1935
2559 3839 2048 2446 3421 1929
2815 3839 2048 2626 3410 1923
3071 3839 2048 2810 3399 1917
3327 3839 2048 2994 3387 1910
3583 3839 2048 3180 3375 1903
3839 3839 2048 3380 3377 1914
4095 3839 2048 3591 3389 1935
0 4095 2048 1439 3654 1998
256 4095 2048 1457 3653 1998
512 4095 2048 1491 3652 1997
768 4095 2048 1551 3650 1997
1024 4095 2048 1643 3648 1996
1280 4095 2048 1748 3644 1994
1536 4095 2048 1877 3640 1992
1792 4095 2048 2019 3634 1990
2048 4095 2048 2169 3629 1987
2303 4095 2048 2332 3622 1984
2559 4095 2048 2499 3614 1981
2815 4095 2048 2671 3606 1978
3071 4095 2048 2847 3598 1975
3327 4095 2048 3024 3589 1973
3583 4095 2048 3203 3579 1972
3839 4095 2048 3382 3568 1976
4095 4095 2048 3559 3555 1984
0 0 2303 504 312 2033
256 0 2303 548 307 2037
512 0 2303 640 314 2044
768 0 2303 802 340 2057
1024 0 2303 997 378 2072
1280 0 2303 1203 420 2087
1536 0 2303 1421 469 2104
1792 0 2303 1643 521 2121
2048 0 2303 1868 575 2137
2303 0 2303 2096 632 2154
2559 0 2303 2325 689 2170
2815 0 2303 2554 748 2187
3071 0 2303 2784 809 2203
3327 0 2303 3014 871 2220
3583 0 2303 3245 934 2237
3839 0 2303 3476 996 2254
4095 0 2303 3707 1059 2271
0 256 2303 497 413 2043
256 256 2303 544 410 2058
512 256 2303 635 412 2080
768 256 2303 794 421 2113
1024 256 2303 996 450 2122
1280 256 2303 1210 486 2127
1536 256 2303 1432 528 2134
1792 256 2303 1655 574 2144
2048 256 2303 1881 623 2155
2303 256 2303 2108 675 2168
2559 256 2303 2336 729 2181
2815 256 2303 2565 785 2195
3071 256 2303 2794 843 2209
3327 256 2303 3024 903 2224
3583 256 2303 3253 963 2240
3839 256 2303 3484 1024 2257
4095 256 2303 3714 1085 2274
0 512 2303 508 563 2060
256 512 2303 556 561 2080
512 512 2303 644 560 2112
768 512 2303 794 559 2161
1024 512 2303 1000 577 2172
1280 512 2303 1220 602 2175
1536 512 2303 1447 634 2177
1792 512 2303 1675 670 2182
2048 512 2303 1904 708 2188
2303 512 2303 2132 753 2194
2559 512 2303 2360 801 2201
2815 512 2303 2587 852 2210
3071 512 2303 2814 907 2221
3327 512 2303 3042 962 2233
3583 512 2303 3270 1019 2247
3839 512 2303 3498 1079 2262
4095 512 2303 3725 1139 2278
0 768 2303 549 784 2087
256 768 2303 593 784 2104
512 768 2303 673 784 2138
768 768 2303 807 781 2198
1024 768 2303 1011 787 2222
1280 768 2303 1234 796 2236
1536 768 2303 1469 811 2238
1792 768 2303 1706 828 2240
2048 768 2303 1943 848 2244
2303 768 2303 2172 881 2239
2559 768 2303 2400 920 2236
2815 768 2303 2624 966 2235
3071 768 2303 2849 1014 2240
3327 768 2303 3074 1064 2248
3583 768 2303 3299 1115 2258
3839 768 2303 3521 1174 2271
4095 768 2303 3740 1238 2284
0 1024 2303 606 1022 2119
256 1024 2303 645 1023 2133
512 1024 2303 719 1023 2162
768 1024 2303 842 1024 2215
1024 1024 2303 1038 1027 2238
1280 1024 2303 1256 1032 2252
1536 1024 2303 1489 1042 2254
1792 1024 2303 1724 1054 2255
2048 1024 2303 1960 1067 2256
2303 1024 2303 2189 1093 2251
2559 1024 2303 2418 1122 2249
2815 1024 2303 2645 1155 2249
3071 1024 2303 2873 1191 2254
3327 1024 2303 3102 1227 2261
3583 1024 2303 3335 1263 2271
3839 1024 2303 3550 1320 2282
4095 1024 2303 3753 1390 2294
0 1280 2303 669 1265 2152
256 1280 2303 705 1267 2163
512 1280 2303 772 1269 2186
768 1280 2303 885 1272 2227
1024 1280 2303 1073 1276 2244
1280 1280 2303 1284 1280 2254
1536 1280 2303 1512 1288 2255
1792 1280 2303 1742 1298 2255
2048 1280 2303 1973 1310 2254
2303 1280 2303 2199 1329 2253
2559 1280 2303 2427 1350 2253
2815 1280 2303 2656 1372 2258
3071 1280 2303 2889 1395 2266
3327 1280 2303 3124 1418 2274
3583 1280 2303 3365 1438 2284
3839 1280 2303 3575 1490 2294
4095 1280 2303 3765 1563 2305
0 1536 2303 745 1514 2184
256 1536 2303 777 1515 2192
512 1536 2303 839 1518 2208
768 1536 2303 944 1522 2236
1024 1536 2303 1125 1526 2244
1280 1536 2303 1328 1531 2246
1536 1536 2303 1546 1539 2243
1792 1536 2303 1765 1549 2242
2048 1536 2303 1985 1562 2240
2303 1536 2303 2203 1580 2243
2559 1536 2303 2424 1600 2249
2815 1536 2303 2646 1621 2259
3071 1536 2303 2880 1640 2271
3327 1536 2303 3118 1656 2283
3583 1536 2303 3365 1668 2294
3839 1536 2303 3583 1707 2307
4095 1536 2303 3780 1763 2320
0 1792 2303 856 1760 2206
256 1792 2303 883 1762 2212
512 1792 2303 939 1765 2222
768 1792 2303 1038 1769 2239
1024 1792 2303 1204 1774 2243
1280 1792 2303 1392 1778 2243
1536 1792 2303 1596 1786 2242
1792 1792 2303 1804 1796 2242
2048 1792 2303 2014 1808 2244
2303 1792 2303 2218 1827 2253
2559 1792 2303 2426 1848 2264
2815 1792 2303 2635 1871 2279
3071 1792 2303 2854 1893 2297
3327 1792 2303 3083 1911 2313
3583 1792 2303 3345 1915 2319
3839 1792 2303 3580 1938 2328
4095 1792 2303 3796 1975 2339
0 2048 2303 990 2006 2223
256 2048 2303 1011 2008 2226
512 2048 2303 1061 2011 2232
768 2048 2303 1153 2015 2239
1024 2048 2303 1302 2019 2242
1280 2048 2303 1469 2024 2244
1536 2048 2303 1657 2031 2248
1792 2048 2303 1852 2040 2253
2048 2048 2303 2052 2051 2259
2303 2048 2303 2240 2071 2274
2559 2048 2303 2431 2094 2291
2815 2048 2303 2623 2121 2312
3071 2048 2303 2818 2152 2336
3327 2048 2303 3030 2176 2356
3583 2048 2303 3312 2171 2355
3839 2048 2303 3570 2179 2356
4095 2048 2303 3812 2195 2360
0 2303 2303 1082 2256 2260
256 2303 2303 1106 2257 2261
512 2303 2303 1161 2258 2264
768 2303 2303 1263 2259 2266
1024 2303 2303 1405 2262 2270
1280 2303 2303 1561 2266 2275
1536 2303 2303 1734 2272 2280
1792 2303 2303 1918 2281 2287
2048 2303 2303 2108 2291 2295
2303 2303 2303 2301 2306 2307
2559 2303 2303 2491 2325 2322
2815 2303 2303 2676 2350 2343
3071 2303 2303 2852 2382 2378
3327 2303 2303 3029 2411 2411
3583 2303 2303 3223 2419 2418
3839 2303 2303 3469 2401 2387
4095 2303 2303 3750 2365 2330
0 2559 2303 1167 2508 2296
256 2559 2303 1191 2509 2296
512 2559 2303 1245 2509 2296
768 2559 2303 1345 2510 2296
1024 2559 2303 1484 2511 2301
1280 2559 2303 1637 2513 2307
1536 2559 2303 1805 2518 2315
1792 2559 2303 1983 2525 2323
2048 2559 2303 2167 2533 2332
2303 2559 2303 2358 2542 2340
2559 2559 2303 2544 2551 2348
2815 2559 2303 2718 2561 2356
3071 2559 2303 2882 2580 2382
3327 2559 2303 3040 2600 2409
3583 2559 2303 3180 2611 2422
3839 2559 2303 3403 2586 2383
4095 2559 2303 3681 2537 2311
0 2815 2303 1242 2762 2330
256 2815 2303 1263 2763 2330
512 2815 2303 1306 2765 2330
768 2815 2303 1385 2767 2329
1024 2815 2303 1527 2767 2335
1280 2815 2303 1688 2766 2341
1536 2815 2303 1866 2767 2351
1792 2815 2303 2047 2771 2361
2048 2815 2303 2230 2777 2372
2303 2815 2303 2410 2777 2372
2559 2815 2303 2583 2767 2364
2815 2815 2303 2742 2745 2342
3071 2815 2303 2906 2729 2327
3327 2815 2303 3066 2717 2319
3583 2815 2303 3208 2717 2334
3839 2815 2303 3392 2714 2327
4095 2815 2303 3604 2711 2307
0 3071 2303 1282 2963 2314
256 3071 2303 1299 2963 2312
512 3071 2303 1335 2964 2310
768 3071 2303 1397 2964 2305
1024 3071 2303 1523 2960 2303
1280 3071 2303 1669 2955 2304
1536 3071 2303 1837 2948 2305
1792 3071 2303 2010 2943 2307
2048 3071 2303 2188 2937 2309
2303 3071 2303 2367 2926 2308
2559 3071 2303 2541 2911 2300
2815 3071 2303 2705 2889 2281
3071 3071 2303 2872 2870 2263
3327 3071 2303 3041 2855 2251
3583 3071 2303 3209 2855 2256
3839 3071 2303 3400 2863 2258
4095 3071 2303 3608 2876 2259
0 3327 2303 1304 3142 2278
256 3327 2303 1319 3142 2275
512 3327 2303 1348 3141 2270
768 3327 2303 1398 3140 2260
1024 3327 2303 1503 3133 2252
1280 3327 2303 1629 3124 2245
1536 3327 2303 1784 3112 2238
1792 3327 2303 1950 3098 2231
2048 3327 2303 2123 3082 2225
2303 3327 2303 2304 3064 2223
2559 3327 2303 2482 3047 2218
2815 3327 2303 2655 3032 2209
3071 3327 2303 2829 3017 2198
3327 3327 2303 3006 3006 2188
3583 3327 2303 3198 3007 2183
3839 3327 2303 3406 3020 2188
4095 3327 2303 3625 3040 2201
0 3583 2303 1292 3288 2215
256 3583 2303 1306 3288 2212
512 3583 2303 1333 3288 2206
768 3583 2303 1379 3289 2196
1024 3583 2303 1468 3287 2184
1280 3583 2303 1580 3283 2173
1536 3583 2303 1734 3274 2168
1792 3583 2303 1900 3264 2162
2048 3583 2303 2072 3253 2156
2303 3583 2303 2253 3240 2151
2559 3583 2303 2436 3226 2146
2815 3583 2303 2618 3213 2139
3071 3583 2303 2801 3199 2132
3327 3583 2303 2986 3186 2126
3583 3583 2303 3174 3178 2119
3839 3583 2303 3384 3190 2128
4095 3583 2303 3609 3215 2147
0 3839 2303 1343 3460 2192
256 3839 2303 1358 3460 2190
512 3839 2303 1387 3460 2186
768 3839 2303 1437 3460 2179
1024 3839 2303 1523 3459 2170
1280 3839 2303 1629 3457 2162
1536 3839 2303 1774 3450 2158
1792 3839 2303 1930 3443 2153
2048 3839 2303 2094 3435 2148
2303 3839 2303 2269 3426 2143
2559 3839 2303 2446 3416 2138
2815 3839 2303 2628 3405 2133
3071 3839 2303 2810 3393 2129
3327 3839 2303 2994 3381 2124
3583 3839 2303 3178 3370 2118
3839 3839 2303 3376 3373 2125
4095 3839 2303 3585 3384 2141
0 4095 2303 1436 3650 2196
256 4095 2303 1453 3649 2195
512 4095 2303 1487 3648 2195
768 4095 2303 1547 3647 2194
1024 4095 2303 1638 3644 2192
1280 4095 2303 1743 3641 2190
1536 4095 2303 1873 3636 2188
1792 4095 2303 2015 3631 2185
2048 4095 2303 2165 3625 2182
2303 4095 2303 2328 3619 2178
2559 4095 2303 2495 3611 2174
2815 4095 2303 2667 3603 2170
3071 4095 2303 2843 3595 2166
3327 4095 2303 3021 3586 2163
3583 4095 2303 3200 3576 2160
3839 4095 2303 3378 3564 2163
4095 4095 2303 3554 3551 2168
0 0 2559 560 347 2256
256 0 2559 597 341 2260
512 0 2559 680 346 2268
768 0 2559 831 367 2281
1024 0 2559 1019 402 2295
1280 0 2559 1219 442 2310
1536 0 2559 1433 488 2327
1792 0 2559 1652 538 2344
2048 0 2559 1875 590 2360
2303 0 2559 2100 645 2377
2559 0 2559 2328 702 2393
2815 0 2559 2557 760 2409
3071 0 2559 2786 820 2426
3327 0 2559 3015 881 2442
3583 0 2559 3245 943 2458
3839 0 2559 3476 1005 2475
4095 0 2559 3706 1067 2492
0 256 2559 549 438 2267
256 256 2559 590 434 2281
512 256 2559 674 435 2301
768 256 2559 820 443 2332
1024 256 2559 1015 470 2343
1280 256 2559 1223 504 2350
1536 256 2559 1441 545 2358
1792 256 2559 1662 590 2368
2048 256 2559 1886 637 2379
2303 256 2559 2112 688 2392
2559 256 2559 2339 741 2405
2815 256 2559 2567 796 2419
3071 256 2559 2795 854 2433
3327 256 2559 3024 912 2447
3583 256 2559 3254 972 2463
3839 256 2559 3484 1032 2479
4095 256 2559 3714 1093 2495
0 512 2559 557 578 2284
256 512 2559 600 577 2302
512 512 2559 681 576 2331
768 512 2559 819 575 2378
1024 512 2559 1015 591 2395
1280 512 2559 1228 614 2404
1536 512 2559 1453 646 2407
1792 512 2559 1679 681 2412
2048 512 2559 1907 718 2417
2303 512 2559 2133 763 2423
2559 512 2559 2360 811 2429
2815 512 2559 2587 862 2437
3071 512 2559 2814 916 2447
3327 512 2559 3042 971 2458
3583 512 2559 3270 1028 2471
3839 512 2559 3497 1086 2485
4095 512 2559 3725 1146 2500
0 768 2559 594 794 2308
256 768 2559 634 794 2324
512 768 2559 708 793 2357
768 768 2559 831 790 2415
1024 768 2559 1022 792 2453
1280 768 2559 1235 798 2480
1536 768 2559 1470 813 2482
1792 768 2559 1706 831 2483
2048 768 2559 1942 852 2484
2303 768 2559 2170 889 2475
2559 768 2559 2397 929 2469
2815 768 2559 2622 974 2467
3071 768 2559 2847 1022 2471
3327 768 2559 3072 1071 2476
3583 768 2559 3298 1123 2486
3839 768 2559 3521 1180 2496
4095 768 2559 3741 1242 2508
0 1024 2559 646 1028 2340
256 1024 2559 683 1029 2353
512 1024 2559 751 1029 2382
768 1024 2559 865 1029 2434
1024 1024 2559 1048 1029 2472
1280 1024 2559 1256 1032 2499
1536 1024 2559 1489 1042 2501
1792 1024 2559 1724 1055 2500
2048 1024 2559 1959 1070 2498
2303 1024 2559 2188 1097 2491
2559 1024 2559 2417 1126 2486
2815 1024 2559 2645 1159 2485
3071 1024 2559 2874 1194 2489
3327 1024 2559 3103 1230 2495
3583 1024 2559 3335 1266 2503
3839 1024 2559 3550 1323 2511
4095 1024 2559 3753 1394 2517
0 1280 2559 706 1269 2372
256 1280 2559 739 1270 2383
512 1280 2559 802 1272 2407
768 1280 2559 908 1274 2449
1024 1280 2559 1084 1277 2479
1280 1280 2559 1284 1281 2500
1536 1280 2559 1512 1288 2500
1792 1280 2559 1742 1299 2498
2048 1280 2559 1973 1311 2495
2303 1280 2559 2201 1330 2492
2559 1280 2559 2430 1349 2493
2815 1280 2559 2660 1371 2496
3071 1280 2559 2893 1394 2502
3327 1280 2559 3127 1417 2510
3583 1280 2559 3368 1437 2520
3839 1280 2559 3577 1490 2525
4095 1280 2559 3766 1566 2528
0 1536 2559 779 1516 2404
256 1536 2559 810 1517 2412
512 1536 2559 868 1519 2430
768 1536 2559 967 1523 2461
1024 1536 2559 1137 1527 2477
1280 1536 2559 1331 1532 2486
1536 1536 2559 1548 1539 2481
1792 1536 2559 1768 1550 2478
2048 1536 2559 1988 1563 2474
2303 1536 2559 2208 1581 2476
2559 1536 2559 2430 1600 2481
2815 1536 2559 2655 1619 2489
3071 1536 2559 2887 1638 2501
3327 1536 2559 3124 1655 2513
3583 1536 2559 3371 1666 2526
3839 1536 2559 3587 1706 2535
4095 1536 2559 3782 1764 2541
0 1792 2559 885 1762 2425
256 1792 2559 912 1763 2431
512 1792 2559 966 1766 2443
768 1792 2559 1058 1770 2463
1024 1792 2559 1217 1774 2470
1280 1792 2559 1399 1780 2473
1536 1792 2559 1602 1787 2470
1792 1792 2559 1809 1798 2468
2048 1792 2559 2018 1810 2468
2303 1792 2559 2229 1827 2473
2559 1792 2559 2443 1845 2481
2815 1792 2559 2660 1864 2493
3071 1792 2559 2887 1882 2508
3327 1792 2559 3120 1897 2523
3583 1792 2559 3374 1902 2537
3839 1792 2559 3597 1930 2548
4095 1792 2559 3801 1974 2558
0 2048 2559 1012 2008 2439
256 2048 2559 1035 2009 2443
512 2048 2559 1083 2012 2449
768 2048 2559 1169 2016 2459
1024 2048 2559 1316 2020 2461
1280 2048 2559 1482 2025 2460
1536 2048 2559 1667 2033 2463
1792 2048 2559 1860 2043 2466
2048 2048 2559 2057 2054 2471
2303 2048 2559 2259 2070 2479
2559 2048 2559 2464 2087 2489
2815 2048 2559 2673 2106 2503
3071 2048 2559 2890 2126 2520
3327 2048 2559 3117 2141 2537
3583 2048 2559 3375 2143 2551
3839 2048 2559 3607 2161 2564
4095 2048 2559 3821 2191 2575
0 2303 2559 1117 2255 2473
256 2303 2559 1142 2256 2475
512 2303 2559 1195 2257 2478
768 2303 2559 1291 2259 2481
1024 2303 2559 1424 2263 2483
1280 2303 2559 1572 2268 2486
1536 2303 2559 1743 2275 2491
1792 2303 2559 1924 2284 2497
2048 2303 2559 2113 2294 2504
2303 2303 2559 2310 2307 2513
2559 2303 2559 2504 2325 2526
2815 2303 2559 2692 2347 2545
3071 2303 2559 2883 2373 2567
3327 2303 2559 3074 2396 2587
3583 2303 2559 3258 2400 2591
3839 2303 2559 3489 2386 2573
4095 2303 2559 3751 2360 2538
0 2559 2559 1206 2506 2510
256 2559 2559 1231 2507 2510
512 2559 2559 1284 2507 2510
768 2559 2559 1379 2508 2510
1024 2559 2559 1508 2510 2513
1280 2559 2559 1651 2513 2517
1536 2559 2559 1816 2519 2524
1792 2559 2559 1991 2527 2532
2048 2559 2559 2172 2536 2540
2303 2559 2559 2359 2542 2544
2559 2559 2559 2541 2551 2551
2815 2559 2559 2712 2563 2561
3071 2559 2559 2883 2580 2575
3327 2559 2559 3047 2597 2588
3583 2559 2559 3182 2602 2595
3839 2559 2559 3392 2578 2570
4095 2559 2559 3654 2536 2522
0 2815 2559 1271 2760 2549
256 2815 2559 1292 2761 2549
512 2815 2559 1336 2763 2550
768 2815 2559 1416 2765 2551
1024 2815 2559 1557 2764 2553
1280 2815 2559 1716 2763 2557
1536 2815 2559 1887 2765 2565
1792 2815 2559 2060 2771 2572
2048 2815 2559 2235 2779 2579
2303 2815 2559 2406 2771 2571
2559 2815 2559 2573 2758 2557
2815 2815 2559 2732 2738 2536
3071 2815 2559 2892 2725 2521
3327 2815 2559 3044 2716 2516
3583 2815 2559 3166 2720 2544
3839 2815 2559 3329 2722 2548
4095 2815 2559 3518 2723 2537
0 3071 2559 1298 2957 2529
256 3071 2559 1315 2957 2528
512 3071 2559 1352 2957 2526
768 3071 2559 1416 2957 2523
1024 3071 2559 1542 2953 2521
1280 3071 2559 1689 2947 2520
1536 3071 2559 1854 2941 2520
1792 3071 2559 2024 2936 2520
2048 3071 2559 2198 2931 2520
2303 3071 2559 2370 2917 2514
2559 3071 2559 2538 2900 2503
2815 3071 2559 2700 2880 2483
3071 3071 2559 2862 2863 2466
3327 3071 2559 3023 2852 2456
3583 3071 2559 3177 2856 2474
3839 3071 2559 3350 2867 2486
4095 3071 2559 3534 2882 2494
0 3327 2559 1309 3131 2488
256 3327 2559 1324 3131 2486
512 3327 2559 1353 3130 2481
768 3327 2559 1404 3129 2474
1024 3327 2559 1510 3122 2467
1280 3327 2559 1638 3113 2460
1536 3327 2559 1795 3101 2453
1792 3327 2559 1963 3086 2446
2048 3327 2559 2137 3070 2440
2303 3327 2559 2314 3053 2439
2559 3327 2559 2488 3037 2433
2815 3327 2559 2656 3023 2422
3071 3327 2559 2826 3009 2410
3327 3327 2559 3000 2999 2401
3583 3327 2559 3187 3002 2403
3839 3327 2559 3382 3016 2416
4095 3327 2559 3580 3038 2437
0 3583 2559 1295 3281 2424
256 3583 2559 1309 3281 2422
512 3583 2559 1335 3281 2417
768 3583 2559 1382 3281 2409
1024 3583 2559 1472 3279 2399
1280 3583 2559 1584 3275 2390
1536 3583 2559 1739 3266 2385
1792 3583 2559 1906 3255 2379
2048 3583 2559 2079 3244 2373
2303 3583 2559 2261 3230 2369
2559 3583 2559 2443 3217 2366
2815 3583 2559 2627 3202 2363
3071 3583 2559 2807 3190 2357
3327 3583 2559 2986 3178 2351
3583 3583 2559 3170 3172 2347
3839 3583 2559 3372 3184 2358
4095 3583 2559 3587 3210 2378
0 3839 2559 1343 3455 2397
256 3839 2559 1357 3455 2396
512 3839 2559 1386 3455 2392
768 3839 2559 1436 3455 2387
1024 3839 2559 1523 3453 2379
1280 3839 2559 1628 3451 2372
1536 3839 2559 1774 3445 2368
1792 3839 2559 1931 3437 2364
2048 3839 2559 2095 3429 2359
2303 3839 2559 2271 3419 2354
2559 3839 2559 2450 3408 2351
2815 3839 2559 2633 3396 2349
3071 3839 2559 2814 3385 2345
3327 3839 2559 2994 3374 2340
3583 3839 2559 3175 3364 2335
3839 3839 2559 3370 3368 2341
4095 3839 2559 3575 3379 2355
0 4095 2559 1432 3646 2395
256 4095 2559 1449 3645 2395
512 4095 2559 1483 3645 2394
768 4095 2559 1542 3643 2393
1024 4095 2559 1634 3640 2391
1280 4095 2559 1739 3637 2389
1536 4095 2559 1868 3633 2386
1792 4095 2559 2011 3628 2383
2048 4095 2559 2161 3622 2379
2303 4095 2559 2324 3615 2375
2559 4095 2559 2491 3608 2370
2815 4095 2559 2663 3600 2365
3071 4095 2559 2839 3591 2360
3327 4095 2559 3017 3582 2356
3583 4095 2559 3196 3573 2352
3839 4095 2559 3373 3561 2352
4095 4095 2559 3549 3547 2355
0 0 2815 615 381 2480
256 0 2815 649 376 2484
512 0 2815 724 379 2492
768 0 2815 863 396 2505
1024 0 2815 1043 427 2519
1280 0 2815 1237 464 2534
1536 0 2815 1447 509 2550
1792 0 2815 1663 556 2566
2048 0 2815 1883 607 2583
2303 0 2815 2107 660 2600
2559 0 2815 2333 716 2616
2815 0 2815 2560 773 2632
3071 0 2815 2788 832 2648
3327 0 2815 3017 892 2664
3583 0 2815 3247 953 2680
3839 0 2815 3477 1014 2697
4095 0 2815 3707 1076 2714
0 256 2815 601 463 2491
256 256 2815 638 460 2504
512 256 2815 715 461 2523
768 256 2815 850 467 2552
1024 256 2815 1036 492 2564
1280 256 2815 1238 523 2572
1536 256 2815 1452 563 2581
1792 256 2815 1671 606 2592
2048 256 2815 1892 652 2603
2303 256 2815 2117 702 2616
2559 256 2815 2343 754 2629
2815 256 2815 2570 808 2642
3071 256 2815 2797 865 2656
3327 256 2815 3026 923 2671
3583 256 2815 3255 982 2686
3839 256 2815 3484 1041 2701
4095 256 2815 3714 1101 2717
0 512 2815 606 596 2508
256 512 2815 645 594 2524
512 512 2815 719 593 2551
768 512 2815 848 593 2594
1024 512 2815 1034 607 2617
1280 512 2815 1238 628 2632
1536 512 2815 1460 658 2637
1792 512 2815 1684 693 2641
2048 512 2815 1910 731 2645
2303 512 2815 2135 776 2650
2559 512 2815 2362 823 2655
2815 512 2815 2588 874 2663
3071 512 2815 2815 927 2672
3327 512 2815 3042 981 2683
3583 512 2815 3270 1037 2696
3839 512 2815 3498 1094 2709
4095 512 2815 3725 1153 2723
0 768 2815 640 805 2531
256 768 2815 677 805 2546
512 768 2815 745 804 2576
768 768 2815 860 801 2628
1024 768 2815 1037 799 2682
1280 768 2815 1237 800 2725
1536 768 2815 1471 815 2727
1792 768 2815 1706 836 2724
2048 768 2815 1940 861 2718
2303 768 2815 2168 899 2708
2559 768 2815 2395 939 2701
2815 768 2815 2620 984 2698
3071 768 2815 2846 1031 2700
3327 768 2815 3071 1080 2705
3583 768 2815 3297 1131 2713
3839 768 2815 3521 1187 2723
4095 768 2815 3742 1247 2732
0 1024 2815 689 1036 2561
256 1024 2815 723 1036 2574
512 1024 2815 786 1036 2601
768 1024 2815 894 1035 2650
1024 1024 2815 1062 1033 2703
1280 1024 2815 1256 1032 2747
1536 1024 2815 1489 1042 2748
1792 1024 2815 1723 1057 2744
2048 1024 2815 1958 1074 2737
2303 1024 2815 2187 1102 2729
2559 1024 2815 2417 1131 2723
2815 1024 2815 2646 1163 2722
3071 1024 2815 2875 1198 2724
3327 1024 2815 3105 1234 2729
3583 1024 2815 3337 1269 2737
3839 1024 2815 3552 1326 2741
4095 1024 2815 3755 1398 2741
0 1280 2815 744 1274 2593
256 1280 2815 776 1275 2604
512 1280 2815 835 1276 2626
768 1280 2815 935 1277 2667
1024 1280 2815 1097 1278 2711
1280 1280 2815 1284 1281 2747
1536 1280 2815 1512 1288 2747
1792 1280 2815 1742 1299 2743
2048 1280 2815 1974 1312 2737
2303 1280 2815 2203 1330 2735
2559 1280 2815 2434 1349 2734
2815 1280 2815 2665 1370 2736
3071 1280 2815 2897 1393 2741
3327 1280 2815 3132 1415 2748
3583 1280 2815 3372 1435 2758
3839 1280 2815 3580 1490 2758
4095 1280 2815 3767 1569 2752
0 1536 2815 813 1519 2625
256 1536 2815 842 1520 2633
512 1536 2815 898 1522 2651
768 1536 2815 992 1525 2683
1024 1536 2815 1149 1528 2711
1280 1536 2815 1330 1532 2732
1536 1536 2815 1550 1540 2726
1792 1536 2815 1771 1551 2721
2048 1536 2815 1993 1563 2717
2303 1536 2815 2215 1579 2718
2559 1536 2815 2439 1597 2720
2815 1536 2815 2665 1616 2726
3071 1536 2815 2896 1635 2736
3327 1536 2815 3132 1652 2748
3583 1536 2815 3377 1664 2762
3839 1536 2815 3590 1705 2767
4095 1536 2815 3784 1767 2765
0 1792 2815 908 1765 2647
256 1792 2815 936 1766 2653
512 1792 2815 988 1768 2665
768 1792 2815 1078 1772 2687
1024 1792 2815 1230 1776 2700
1280 1792 2815 1405 1781 2707
1536 1792 2815 1608 1789 2702
1792 1792 2815 1815 1799 2700
2048 1792 2815 2025 1811 2699
2303 1792 2815 2237 1827 2703
2559 1792 2815 2452 1844 2709
2815 1792 2815 2670 1863 2719
3071 1792 2815 2899 1878 2735
3327 1792 2815 3134 1892 2752
3583 1792 2815 3382 1899 2769
3839 1792 2815 3601 1930 2777
4095 1792 2815 3802 1977 2780
0 2048 2815 1021 2012 2663
256 2048 2815 1048 2013 2665
512 2048 2815 1097 2015 2672
768 2048 2815 1182 2019 2683
1024 2048 2815 1330 2023 2680
1280 2048 2815 1497 2028 2676
1536 2048 2815 1680 2036 2677
1792 2048 2815 1870 2046 2679
2048 2048 2815 2065 2058 2681
2303 2048 2815 2265 2074 2689
2559 2048 2815 2470 2091 2699
2815 2048 2815 2679 2109 2714
3071 2048 2815 2904 2123 2736
3327 2048 2815 3137 2134 2759
3583 2048 2815 3386 2139 2777
3839 2048 2815 3612 2161 2789
4095 2048 2815 3822 2193 2797
0 2303 2815 1145 2256 2687
256 2303 2815 1171 2257 2688
512 2303 2815 1221 2258 2690
768 2303 2815 1308 2261 2695
1024 2303 2815 1438 2265 2696
1280 2303 2815 1585 2270 2697
1536 2303 2815 1754 2277 2702
1792 2303 2815 1933 2287 2707
2048 2303 2815 2120 2297 2713
2303 2303 2815 2316 2311 2722
2559 2303 2815 2515 2326 2733
2815 2303 2815 2717 2344 2747
3071 2303 2815 2927 2361 2765
3327 2303 2815 3136 2374 2778
3583 2303 2815 3331 2365 2771
3839 2303 2815 3541 2359 2760
4095 2303 2815 3762 2353 2748
0 2559 2815 1244 2505 2720
256 2559 2815 1269 2506 2720
512 2559 2815 1318 2507 2720
768 2559 2815 1403 2508 2721
1024 2559 2815 1528 2511 2723
1280 2559 2815 1669 2515 2727
1536 2559 2815 1828 2521 2733
1792 2559 2815 1998 2529 2740
2048 2559 2815 2177 2538 2748
2303 2559 2815 2362 2543 2750
2559 2559 2815 2548 2548 2753
2815 2559 2815 2736 2554 2756
3071 2559 2815 2922 2566 2764
3327 2559 2815 3101 2575 2767
3583 2559 2815 3256 2564 2751
3839 2559 2815 3441 2549 2736
4095 2559 2815 3647 2531 2720
0 2815 2815 1305 2759 2765
256 2815 2815 1327 2760 2766
512 2815 2815 1371 2761 2767
768 2815 2815 1451 2762 2768
1024 2815 2815 1591 2761 2767
1280 2815 2815 1747 2761 2767
1536 2815 2815 1901 2766 2773
1792 2815 2815 2066 2773 2779
2048 2815 2815 2240 2781 2786
2303 2815 2815 2402 2766 2770
2559 2815 2815 2565 2748 2751
2815 2815 2815 2728 2728 2729
3071 2815 2815 2874 2720 2718
3327 2815 2815 3015 2716 2712
3583 2815 2815 3150 2717 2713
3839 2815 2815 3296 2725 2718
4095 2815 2815 3450 2736 2723
0 3071 2815 1319 2950 2742
256 3071 2815 1337 2950 2742
512 3071 2815 1374 2950 2741
768 3071 2815 1440 2949 2739
1024 3071 2815 1567 2945 2735
1280 3071 2815 1713 2939 2731
1536 3071 2815 1870 2935 2729
1792 3071 2815 2037 2930 2729
2048 3071 2815 2211 2925 2728
2303 3071 2815 2370 2909 2712
2559 3071 2815 2530 2891 2695
2815 3071 2815 2691 2872 2675
3071 3071 2815 2844 2859 2661
3327 3071 2815 2997 2851 2651
3583 3071 2815 3156 2856 2655
3839 3071 2815 3308 2870 2677
4095 3071 2815 3454 2891 2710
0 3327 2815 1317 3120 2697
256 3327 2815 1333 3119 2695
512 3327 2815 1363 3118 2693
768 3327 2815 1414 3117 2687
1024 3327 2815 1522 3110 2681
1280 3327 2815 1651 3101 2673
1536 3327 2815 1812 3087 2665
1792 3327 2815 1981 3072 2658
2048 3327 2815 2156 3056 2650
2303 3327 2815 2320 3043 2640
2559 3327 2815 2486 3029 2631
2815 3327 2815 2654 3016 2620
3071 3327 2815 2823 3003 2608
3327 3327 2815 2995 2994 2597
3583 3327 2815 3182 2997 2599
3839 3327 2815 3350 3013 2631
4095 3327 2815 3506 3039 2684
0 3583 2815 1300 3272 2634
256 3583 2815 1314 3272 2633
512 3583 2815 1341 3272 2629
768 3583 2815 1387 3272 2624
1024 3583 2815 1478 3270 2616
1280 3583 2815 1590 3265 2608
1536 3583 2815 1747 3256 2602
1792 3583 2815 1915 3245 2596
2048 3583 2815 2090 3234 2590
2303 3583 2815 2270 3220 2586
2559 3583 2815 2454 3206 2585
2815 3583 2815 2642 3189 2589
3071 3583 2815 2816 3178 2582
3327 3583 2815 2988 3169 2574
3583 3583 2815 3166 3164 2569
3839 3583 2815 3354 3178 2587
4095 3583 2815 3549 3205 2622
0 3839 2815 1343 3449 2605
256 3839 2815 1358 3449 2604
512 3839 2815 1387 3448 2601
768 3839 2815 1437 3448 2597
1024 3839 2815 1523 3447 2591
1280 3839 2815 1629 3444 2585
1536 3839 2815 1774 3438 2581
1792 3839 2815 1932 3431 2576
2048 3839 2815 2098 3422 2571
2303 3839 2815 2276 3411 2568
2559 3839 2815 2459 3399 2567
2815 3839 2815 2646 3385 2572
3071 3839 2815 2822 3375 2567
3327 3839 2815 2996 3366 2560
3583 3839 2815 3172 3358 2553
3839 3839 2815 3361 3361 2561
4095 3839 2815 3558 3374 2578
0 4095 2815 1425 3642 2598
256 4095 2815 1443 3641 2597
512 4095 2815 1477 3640 2597
768 4095 2815 1537 3639 2595
1024 4095 2815 1629 3636 2593
1280 4095 2815 1734 3633 2591
1536 4095 2815 1864 3628 2588
1792 4095 2815 2006 3623 2584
2048 4095 2815 2156 3618 2580
2303 4095 2815 2320 3611 2575
2559 4095 2815 2487 3604 2570
2815 4095 2815 2659 3596 2564
3071 4095 2815 2835 3588 2558
3327 4095 2815 3013 3579 2552
3583 4095 2815 3192 3569 2547
3839 4095 2815 3370 3557 2545
4095 4095 2815 3545 3544 2546
0 0 3071 670 415 2702
256 0 3071 701 411 2708
512 0 3071 770 413 2716
768 0 3071 897 425 2729
1024 0 3071 1069 454 2743
1280 0 3071 1257 488 2757
1536 0 3071 1463 530 2773
1792 0 3071 1676 576 2789
2048 0 3071 1893 624 2806
2303 0 3071 2115 677 2822
2559 0 3071 2339 731 2839
2815 0 3071 2565 787 2855
3071 0 3071 2792 845 2871
3327 0 3071 3020 904 2886
3583 0 3071 3249 964 2903
3839 0 3071 3479 1025 2919
4095 0 3071 3708 1085 2936
0 256 3071 653 489 2716
256 256 3071 687 486 2727
512 256 3071 758 487 2745
768 256 3071 884 492 2772
1024 256 3071 1062 515 2785
1280 256 3071 1257 544 2794
1536 256 3071 1467 582 2804
1792 256 3071 1682 624 2815
2048 256 3071 1901 668 2827
2303 256 3071 2123 717 2840
2559 256 3071 2348 768 2853
2815 256 3071 2574 822 2866
3071 256 3071 2801 877 2880
3327 256 3071 3028 934 2894
3583 256 3071 3257 992 2909
3839 256 3071 3486 1051 2924
4095 256 3071 3715 1110 2940
0 512 3071 655 614 2732
256 512 3071 691 613 2747
512 512 3071 761 612 2772
768 512 3071 881 612 2810
1024 512 3071 1057 625 2838
1280 512 3071 1252 643 2859
1536 512 3071 1470 672 2864
1792 512 3071 1692 707 2867
2048 512 3071 1916 745 2870
2303 512 3071 2140 790 2875
2559 512 3071 2365 836 2881
2815 512 3071 2591 886 2888
3071 512 3071 2817 938 2898
3327 512 3071 3044 991 2908
3583 512 3071 3272 1047 2920
3839 512 3071 3499 1103 2933
4095 512 3071 3727 1161 2947
0 768 3071 687 818 2754
256 768 3071 721 817 2767
512 768 3071 785 816 2795
768 768 3071 893 814 2843
1024 768 3071 1055 807 2909
1280 768 3071 1241 804 2964
1536 768 3071 1474 820 2965
1792 768 3071 1707 843 2959
2048 768 3071 1940 872 2947
2303 768 3071 2167 910 2937
2559 768 3071 2394 951 2930
2815 768 3071 2620 994 2927
3071 768 3071 2846 1041 2929
3327 768 3071 3071 1089 2933
3583 768 3071 3298 1139 2941
3839 768 3071 3522 1194 2949
4095 768 3071 3744 1252 2958
0 1024 3071 732 1045 2782
256 1024 3071 764 1045 2795
512 1024 3071 824 1045 2820
768 1024 3071 925 1044 2866
1024 1024 3071 1078 1038 2932
1280 1024 3071 1258 1034 2989
1536 1024 3071 1490 1044 2990
1792 1024 3071 1724 1060 2984
2048 1024 3071 1958 1080 2973
2303 1024 3071 2188 1108 2965
2559 1024 3071 2418 1137 2960
2815 1024 3071 2647 1168 2958
3071 1024 3071 2876 1202 2960
3327 1024 3071 3106 1238 2963
3583 1024 3071 3337 1274 2970
3839 1024 3071 3552 1331 2971
4095 1024 3071 3757 1402 2967
0 1280 3071 785 1280 2813
256 1280 3071 814 1281 2824
512 1280 3071 870 1281 2846
768 1280 3071 966 1283 2885
1024 1280 3071 1113 1281 2942
1280 1280 3071 1286 1281 2991
1536 1280 3071 1513 1289 2990
1792 1280 3071 1744 1300 2987
2048 1280 3071 1975 1313 2981
2303 1280 3071 2205 1330 2979
2559 1280 3071 2437 1348 2978
2815 1280 3071 2669 1369 2979
3071 1280 3071 2902 1391 2983
3327 1280 3071 3136 1414 2989
3583 1280 3071 3373 1436 2996
3839 1280 3071 3581 1493 2991
4095 1280 3071 3770 1572 2977
0 1536 3071 849 1523 2845
256 1536 3071 877 1524 2854
512 1536 3071 930 1526 2871
768 1536 3071 1021 1528 2903
1024 1536 3071 1163 1530 2945
1280 1536 3071 1331 1533 2979
1536 1536 3071 1551 1540 2973
1792 1536 3071 1773 1551 2969
2048 1536 3071 1996 1562 2966
2303 1536 3071 2221 1577 2965
2559 1536 3071 2447 1594 2967
2815 1536 3071 2674 1612 2970
3071 1536 3071 2905 1631 2978
3327 1536 3071 3140 1648 2988
3583 1536 3071 3382 1662 3001
3839 1536 3071 3594 1706 3000
4095 1536 3071 3786 1770 2990
0 1792 3071 934 1769 2871
256 1792 3071 960 1770 2877
512 1792 3071 1011 1771 2889
768 1792 3071 1097 1774 2912
1024 1792 3071 1236 1778 2937
1280 1792 3071 1400 1782 2957
1536 1792 3071 1606 1790 2950
1792 1792 3071 1816 1800 2947
2048 1792 3071 2029 1811 2946
2303 1792 3071 2244 1825 2950
2559 1792 3071 2463 1840 2955
2815 1792 3071 2684 1857 2963
3071 1792 3071 2913 1872 2975
3327 1792 3071 3146 1886 2990
3583 1792 3071 3390 1896 3006
3839 1792 3071 3604 1927 3008
4095 1792 3071 3799 1974 3000
0 2048 3071 1031 2015 2891
256 2048 3071 1057 2016 2895
512 2048 3071 1105 2018 2902
768 2048 3071 1187 2021 2916
1024 2048 3071 1325 2026 2923
1280 2048 3071 1485 2031 2927
1536 2048 3071 1674 2038 2924
1792 2048 3071 1869 2048 2923
2048 2048 3071 2068 2059 2924
2303 2048 3071 2273 2073 2932
2559 2048 3071 2482 2087 2942
2815 2048 3071 2696 2103 2956
3071 2048 3071 2922 2116 2974
3327 2048 3071 3154 2127 2993
3583 2048 3071 3397 2134 3012
3839 2048 3071 3613 2154 3015
4095 2048 3071 3810 2183 3008
0 2303 3071 1152 2260 2912
256 2303 3071 1177 2261 2913
512 2303 3071 1224 2262 2917
768 2303 3071 1304 2265 2925
1024 2303 3071 1436 2269 2926
1280 2303 3071 1587 2273 2926
1536 2303 3071 1759 2280 2926
1792 2303 3071 1940 2289 2930
2048 2303 3071 2126 2299 2935
2303 2303 3071 2323 2313 2944
2559 2303 3071 2524 2327 2955
2815 2303 3071 2730 2342 2967
3071 2303 3071 2943 2357 2981
3327 2303 3071 3154 2366 2991
3583 2303 3071 3355 2348 2982
3839 2303 3071 3556 2342 2971
4095 2303 3071 3757 2343 2958
0 2559 3071 1256 2508 2940
256 2559 3071 1279 2509 2941
512 2559 3071 1325 2510 2943
768 2559 3071 1403 2512 2946
1024 2559 3071 1534 2514 2943
1280 2559 3071 1681 2518 2939
1536 2559 3071 1839 2524 2943
1792 2559 3071 2008 2531 2948
2048 2559 3071 2183 2539 2954
2303 2559 3071 2366 2543 2956
2559 2559 3071 2552 2548 2958
2815 2559 3071 2743 2553 2960
3071 2559 3071 2934 2562 2964
3327 2559 3071 3120 2565 2963
3583 2559 3071 3291 2540 2943
3839 2559 3071 3475 2525 2929
4095 2559 3071 3668 2518 2919
0 2815 3071 1334 2759 2981
256 2815 3071 1355 2760 2982
512 2815 3071 1398 2761 2983
768 2815 3071 1473 2763 2985
1024 2815 3071 1611 2762 2981
1280 2815 3071 1763 2763 2976
1536 2815 3071 1913 2769 2982
1792 2815 3071 2072 2772 2984
2048 2815 3071 2238 2775 2985
2303 2815 3071 2397 2757 2966
2559 2815 3071 2558 2739 2946
2815 2815 3071 2723 2721 2925
3071 2815 3071 2880 2710 2910
3327 2815 3071 3035 2702 2898
3583 2815 3071 3192 2696 2890
3839 2815 3071 3357 2701 2889
4095 2815 3071 3525 2712 2894
0 3071 3071 1342 2943 2952
256 3071 3071 1360 2943 2952
512 3071 3071 1397 2943 2951
768 3071 3071 1461 2942 2951
1024 3071 3071 1587 2938 2944
1280 3071 3071 1731 2933 2938
1536 3071 3071 1888 2928 2934
1792 3071 3071 2048 2923 2930
2048 3071 3071 2210 2917 2925
2303 3071 3071 2365 2900 2907
2559 3071 3071 2523 2883 2888
2815 3071 3071 2685 2865 2868
3071 3071 3071 2843 2851 2852
3327 3071 3071 3002 2842 2840
3583 3071 3071 3164 2846 2841
3839 3071 3071 3322 2859 2856
4095 3071 3071 3477 2880 2882
0 3327 3071 1330 3107 2902
256 3327 3071 1346 3107 2901
512 3327 3071 1376 3105 2900
768 3327 3071 1429 3104 2896
1024 3327 3071 1537 3097 2889
1280 3327 3071 1668 3087 2880
1536 3327 3071 1833 3073 2868
1792 3327 3071 1997 3060 2858
2048 3327 3071 2159 3046 2848
2303 3327 3071 2320 3034 2837
2559 3327 3071 2483 3022 2826
2815 3327 3071 2650 3009 2814
3071 3327 3071 2817 2997 2801
3327 3327 3071 2986 2989 2791
3583 3327 3071 3155 2996 2796
3839 3327 3071 3315 3015 2823
4095 3327 3071 3469 3041 2864
0 3583 3071 1310 3262 2843
256 3583 3071 1324 3262 2842
512 3583 3071 1351 3262 2840
768 3583 3071 1398 3262 2836
1024 3583 3071 1487 3259 2830
1280 3583 3071 1599 3255 2823
1536 3583 3071 1759 3245 2815
1792 3583 3071 1929 3234 2808
2048 3583 3071 2105 3222 2801
2303 3583 3071 2288 3208 2795
2559 3583 3071 2468 3194 2791
2815 3583 3071 2644 3181 2789
3071 3583 3071 2815 3171 2781
3327 3583 3071 2984 3164 2772
3583 3583 3071 3155 3160 2768
3839 3583 3071 3339 3175 2785
4095 3583 3071 3532 3202 2817
0 3839 3071 1347 3441 2813
256 3839 3071 1361 3441 2812
512 3839 3071 1390 3441 2811
768 3839 3071 1440 3441 2808
1024 3839 3071 1525 3439 2803
1280 3839 3071 1630 3437 2798
1536 3839 3071 1778 3430 2793
1792 3839 3071 1939 3422 2788
2048 3839 3071 2109 3413 2782
2303 3839 3071 2290 3401 2778
2559 3839 3071 2470 3389 2775
2815 3839 3071 2647 3378 2774
3071 3839 3071 2824 3367 2771
3327 3839 3071 2999 3357 2767
3583 3839 3071 3171 3350 2761
3839 3839 3071 3357 3355 2769
4095 3839 3071 3551 3369 2787
0 4095 3071 1421 3637 2803
256 4095 3071 1438 3636 2802
512 4095 3071 1472 3635 2802
768 4095 3071 1532 3634 2800
1024 4095 3071 1623 3631 2798
1280 4095 3071 1729 3628 2795
1536 4095 3071 1858 3624 2792
1792 4095 3071 2001 3619 2788
2048 4095 3071 2151 3613 2783
2303 4095 3071 2315 3607 2777
2559 4095 3071 2483 3599 2772
2815 4095 3071 2656 3591 2766
3071 4095 3071 2840 3578 2769
3327 4095 3071 3025 3564 2772
3583 4095 3071 3198 3557 2768
3839 4095 3071 3370 3549 2767
4095 4095 3071 3541 3539 2769
0 0 3327 726 449 2924
256 0 3327 754 445 2930
512 0 3327 817 446 2940
768 0 3327 932 454 2954
1024 0 3327 1097 480 2967
1280 0 3327 1279 513 2980
1536 0 3327 1481 553 2996
1792 0 3327 1690 597 3012
2048 0 3327 1904 643 3029
2303 0 3327 2124 694 3045
2559 0 3327 2346 747 3061
2815 0 3327 2571 802 3077
3071 0 3327 2797 859 3093
3327 0 3327 3024 916 3109
3583 0 3327 3252 976 3125
3839 0 3327 3481 1035 3141
4095 0 3327 3710 1095 3158
0 256 3327 706 516 2940
256 256 3327 737 513 2951
512 256 3327 802 513 2967
768 256 3327 919 517 2992
1024 256 3327 1089 538 3006
1280 256 3327 1277 566 3016
1536 256 3327 1483 602 3027
1792 256 3327 1694 642 3038
2048 256 3327 1910 685 3050
2303 256 3327 2131 733 3063
2559 256 3327 2354 783 3076
2815 256 3327 2579 836 3089
3071 256 3327 2805 890 3103
3327 256 3327 3031 946 3117
3583 256 3327 3259 1004 3132
3839 256 3327 3488 1061 3147
4095 256 3327 3717 1119 3163
0 512 3327 705 634 2957
256 512 3327 738 633 2971
512 512 3327 803 632 2993
768 512 3327 916 633 3028
1024 512 3327 1082 644 3057
1280 512 3327 1269 660 3081
1536 512 3327 1483 689 3087
1792 512 3327 1701 723 3091
2048 512 3327 1922 761 3094
2303 512 3327 2145 804 3099
2559 512 3327 2369 850 3106
2815 512 3327 2594 899 3113
3071 512 3327 2820 950 3123
3327 512 3327 3046 1003 3133
3583 512 3327 3273 1057 3145
3839 512 3327 3501 1113 3158
4095 512 3327 3729 1169 3171
0 768 3327 734 831 2977
256 768 3327 766 831 2989
512 768 3327 825 829 3015
768 768 3327 927 827 3059
1024 768 3327 1077 819 3129
1280 768 3327 1253 815 3189
1536 768 3327 1481 831 3190
1792 768 3327 1711 856 3183
2048 768 3327 1942 886 3170
2303 768 3327 2168 924 3162
2559 768 3327 2395 963 3157
2815 768 3327 2621 1006 3155
3071 768 3327 2846 1051 3157
3327 768 3327 3072 1099 3161
3583 768 3327 3298 1148 3168
3839 768 3327 3523 1201 3176
4095 768 3327 3747 1257 3184
0 1024 3327 777 1054 3004
256 1024 3327 807 1054 3016
512 1024 3327 863 1054 3040
768 1024 3327 958 1053 3082
1024 1024 3327 1100 1045 3154
1280 1024 3327 1268 1040 3217
1536 1024 3327 1497 1052 3217
1792 1024 3327 1727 1069 3211
2048 1024 3327 1959 1090 3202
2303 1024 3327 2188 1116 3196
2559 1024 3327 2418 1144 3192
2815 1024 3327 2647 1175 3191
3071 1024 3327 2877 1209 3193
3327 1024 3327 3107 1243 3197
3583 1024 3327 3337 1281 3203
3839 1024 3327 3553 1337 3201
4095 1024 3327 3761 1405 3194
0 1280 3327 826 1286 3034
256 1280 3327 854 1287 3044
512 1280 3327 907 1288 3065
768 1280 3327 998 1288 3102
1024 1280 3327 1133 1286 3166
1280 1280 3327 1295 1285 3222
1536 1280 3327 1520 1293 3221
1792 1280 3327 1747 1304 3219
2048 1280 3327 1977 1317 3216
2303 1280 3327 2207 1334 3215
2559 1280 3327 2439 1352 3216
2815 1280 3327 2671 1371 3218
3071 1280 3327 2904 1393 3222
3327 1280 3327 3138 1415 3227
3583 1280 3327 3373 1439 3234
3839 1280 3327 3582 1496 3224
4095 1280 3327 3773 1576 3204
0 1536 3327 887 1528 3066
256 1536 3327 914 1529 3074
512 1536 3327 964 1530 3091
768 1536 3327 1051 1532 3122
1024 1536 3327 1181 1533 3172
1280 1536 3327 1338 1535 3216
1536 1536 3327 1556 1543 3212
1792 1536 3327 1777 1552 3209
2048 1536 3327 2000 1563 3208
2303 1536 3327 2226 1577 3209
2559 1536 3327 2453 1593 3210
2815 1536 3327 2682 1610 3214
3071 1536 3327 2913 1628 3220
3327 1536 3327 3147 1645 3229
3583 1536 3327 3386 1661 3241
3839 1536 3327 3597 1706 3235
4095 1536 3327 3789 1772 3216
0 1792 3327 962 1772 3094
256 1792 3327 987 1773 3100
512 1792 3327 1035 1775 3114
768 1792 3327 1118 1778 3137
1024 1792 3327 1245 1781 3173
1280 1792 3327 1398 1784 3202
1536 1792 3327 1606 1792 3196
1792 1792 3327 1818 1800 3194
2048 1792 3327 2032 1810 3194
2303 1792 3327 2251 1823 3198
2559 1792 3327 2472 1836 3204
2815 1792 3327 2697 1851 3211
3071 1792 3327 2926 1866 3220
3327 1792 3327 3157 1881 3231
3583 1792 3327 3398 1892 3246
3839 1792 3327 3607 1924 3240
4095 1792 3327 3796 1971 3220
0 2048 3327 1045 2019 3120
256 2048 3327 1069 2020 3124
512 2048 3327 1115 2021 3133
768 2048 3327 1194 2025 3150
1024 2048 3327 1320 2029 3169
1280 2048 3327 1470 2034 3183
1536 2048 3327 1665 2040 3178
1792 2048 3327 1866 2049 3176
2048 2048 3327 2070 2058 3177
2303 2048 3327 2280 2070 3185
2559 2048 3327 2495 2082 3196
2815 2048 3327 2715 2094 3208
3071 2048 3327 2940 2108 3221
3327 2048 3327 3170 2120 3234
3583 2048 3327 3408 2129 3251
3839 2048 3327 3614 2147 3242
4095 2048 3327 3796 2169 3217
0 2303 3327 1156 2264 3139
256 2303 3327 1179 2265 3141
512 2303 3327 1223 2267 3147
768 2303 3327 1298 2270 3158
1024 2303 3327 1429 2273 3163
1280 2303 3327 1579 2277 3164
1536 2303 3327 1756 2284 3162
1792 2303 3327 1940 2292 3164
2048 2303 3327 2130 2301 3169
2303 2303 3327 2329 2313 3178
2559 2303 3327 2533 2326 3188
2815 2303 3327 2741 2340 3199
3071 2303 3327 2952 2353 3209
3327 2303 3327 3162 2358 3214
3583 2303 3327 3366 2334 3205
3839 2303 3327 3561 2328 3189
4095 2303 3327 3749 2333 3169
0 2559 3327 1261 2512 3164
256 2559 3327 1283 2512 3165
512 2559 3327 1326 2514 3169
768 2559 3327 1397 2517 3175
1024 2559 3327 1530 2519 3170
1280 2559 3327 1680 2522 3164
1536 2559 3327 1842 2527 3165
1792 2559 3327 2011 2533 3167
2048 2559 3327 2185 2538 3169
2303 2559 3327 2368 2542 3170
2559 2559 3327 2554 2547 3171
2815 2559 3327 2746 2553 3174
3071 2559 3327 2939 2558 3174
3327 2559 3327 3130 2554 3169
3583 2559 3327 3312 2520 3147
3839 2559 3327 3500 2505 3132
4095 2559 3327 3692 2504 3120
0 2815 3327 1358 2760 3198
256 2815 3327 1379 2761 3199
512 2815 3327 1419 2762 3201
768 2815 3327 1488 2764 3205
1024 2815 3327 1619 2765 3199
1280 2815 3327 1766 2766 3193
1536 2815 3327 1919 2771 3194
1792 2815 3327 2076 2770 3190
2048 2815 3327 2234 2765 3183
2303 2815 3327 2392 2748 3163
2559 2815 3327 2553 2731 3143
2815 2815 3327 2719 2716 3124
3071 2815 3327 2888 2701 3105
3327 2815 3327 3060 2687 3087
3583 2815 3327 3238 2675 3072
3839 2815 3327 3426 2675 3068
4095 2815 3327 3620 2684 3071
0 3071 3327 1363 2937 3162
256 3071 3327 1382 2937 3162
512 3071 3327 1417 2937 3163
768 3071 3327 1479 2937 3163
1024 3071 3327 1599 2934 3157
1280 3071 3327 1740 2929 3148
1536 3071 3327 1902 2924 3139
1792 3071 3327 2056 2917 3130
2048 3071 3327 2206 2908 3120
2303 3071 3327 2360 2892 3102
2559 3071 3327 2518 2876 3083
2815 3071 3327 2681 2860 3065
3071 3071 3327 2847 2844 3046
3327 3071 3327 3013 2833 3031
3583 3071 3327 3178 2834 3029
3839 3071 3327 3350 2846 3036
4095 3071 3327 3527 2864 3049
0 3327 3327 1345 3096 3108
256 3327 3327 1360 3095 3108
512 3327 3327 1391 3094 3107
768 3327 3327 1444 3092 3105
1024 3327 3327 1551 3085 3097
1280 3327 3327 1682 3076 3086
1536 3327 3327 1852 3062 3069
1792 3327 3327 2011 3050 3056
2048 3327 3327 2161 3040 3046
2303 3327 3327 2321 3028 3035
2559 3327 3327 2483 3017 3023
2815 3327 3327 2647 3006 3010
3071 3327 3327 2815 2994 2997
3327 3327 3327 2980 2987 2987
3583 3327 3327 3134 2995 2993
3839 3327 3327 3295 3014 3009
4095 3327 3327 3461 3040 3031
0 3583 3327 1321 3253 3052
256 3583 3327 1335 3253 3051
512 3583 3327 1362 3252 3050
768 3583 3327 1409 3252 3048
1024 3583 3327 1497 3250 3043
1280 3583 3327 1608 3245 3037
1536 3583 3327 1772 3235 3027
1792 3583 3327 1945 3223 3017
2048 3583 3327 2124 3210 3008
2303 3583 3327 2305 3196 3001
2559 3583 3327 2480 3185 2993
2815 3583 3327 2643 3176 2984
3071 3583 3327 2811 3168 2974
3327 3583 3327 2979 3160 2965
3583 3583 3327 3146 3157 2961
3839 3583 3327 3328 3173 2974
4095 3583 3327 3520 3200 3001
0 3839 3327 1351 3434 3021
256 3839 3327 1365 3434 3021
512 3839 3327 1394 3433 3020
768 3839 3327 1444 3433 3018
1024 3839 3327 1528 3432 3015
1280 3839 3327 1632 3429 3011
1536 3839 3327 1782 3422 3005
1792 3839 3327 1947 3413 2998
2048 3839 3327 2123 3402 2991
2303 3839 3327 2303 3390 2985
2559 3839 3327 2479 3380 2979
2815 3839 3327 2648 3372 2972
3071 3839 3327 2824 3360 2970
3327 3839 3327 3001 3349 2969
3583 3839 3327 3171 3343 2962
3839 3839 3327 3352 3350 2971
4095 3839 3327 3541 3366 2989
0 4095 3327 1417 3631 3009
256 4095 3327 1433 3631 3008
512 4095 3327 1467 3630 3007
768 4095 3327 1526 3628 3006
1024 4095 3327 1617 3626 3004
1280 4095 3327 1723 3623 3001
1536 4095 3327 1853 3619 2997
1792 4095 3327 1996 3614 2992
2048 4095 3327 2147 3608 2987
2303 4095 3327 2311 3602 2981
2559 4095 3327 2481 3594 2975
2815 4095 3327 2658 3584 2969
3071 4095 3327 2849 3566 2979
3327 4095 3327 3038 3550 2989
3583 4095 3327 3204 3545 2986
3839 4095 3327 3371 3540 2987
4095 4095 3327 3537 3535 2991
0 0 3583 781 484 3146
256 0 3583 807 480 3153
512 0 3583 865 480 3163
768 0 3583 970 484 3178
1024 0 3583 1128 508 3191
1280 0 3583 1304 539 3204
1536 0 3583 1501 576 3219
1792 0 3583 1706 618 3235
2048 0 3583 1917 663 3251
2303 0 3583 2135 713 3267
2559 0 3583 2355 764 3284
2815 0 3583 2578 818 3300
3071 0 3583 2803 873 3316
3327 0 3583 3029 930 3331
3583 0 3583 3256 988 3347
3839 0 3583 3484 1047 3364
4095 0 3583 3713 1106 3380
0 256 3583 758 543 3164
256 256 3583 787 541 3174
512 256 3583 848 541 3190
768 256 3583 957 544 3213
1024 256 3583 1119 563 3227
1280 256 3583 1300 589 3239
1536 256 3583 1501 624 3249
1792 256 3583 1709 662 3261
2048 256 3583 1922 704 3273
2303 256 3583 2141 751 3286
2559 256 3583 2362 800 3299
2815 256 3583 2585 851 3312
3071 256 3583 2810 905 3326
3327 256 3583 3036 959 3340
3583 256 3583 3263 1016 3355
3839 256 3583 3491 1073 3370
4095 256 3583 3720 1130 3386
0 512 3583 755 655 3182
256 512 3583 786 654 3194
512 512 3583 847 653 3215
768 512 3583 953 654 3246
1024 512 3583 1114 667 3269
1280 512 3583 1295 684 3288
1536 512 3583 1502 712 3296
1792 512 3583 1715 745 3304
2048 512 3583 1931 781 3312
2303 512 3583 2152 822 3320
2559 512 3583 2375 866 3329
2815 512 3583 2599 913 3337
3071 512 3583 2824 963 3347
3327 512 3583 3050 1015 3358
3583 512 3583 3276 1068 3369
3839 512 3583 3504 1123 3382
4095 512 3583 3732 1178 3395
0 768 3583 783 846 3200
256 768 3583 812 845 3212
512 768 3583 868 844 3236
768 768 3583 964 842 3277
1024 768 3583 1115 842 3322
1280 768 3583 1289 846 3361
1536 768 3583 1504 863 3367
1792 768 3583 1723 886 3372
2048 768 3583 1946 911 3375
2303 768 3583 2171 943 3377
2559 768 3583 2397 978 3380
2815 768 3583 2623 1018 3381
3071 768 3583 2848 1063 3384
3327 768 3583 3074 1109 3388
3583 768 3583 3300 1158 3395
3839 768 3583 3526 1209 3403
4095 768 3583 3752 1261 3412
0 1024 3583 823 1065 3227
256 1024 3583 851 1065 3237
512 1024 3583 903 1065 3260
768 1024 3583 994 1063 3300
1024 1024 3583 1138 1062 3346
1280 1024 3583 1308 1064 3386
1536 1024 3583 1521 1077 3391
1792 1024 3583 1740 1094 3395
2048 1024 3583 1963 1112 3399
2303 1024 3583 2189 1136 3403
2559 1024 3583 2416 1162 3407
2815 1024 3583 2645 1190 3412
3071 1024 3583 2874 1222 3418
3327 1024 3583 3104 1255 3424
3583 1024 3583 3336 1290 3432
3839 1024 3583 3555 1343 3431
4095 1024 3583 3765 1409 3423
0 1280 3583 869 1294 3255
256 1280 3583 895 1295 3265
512 1280 3583 946 1295 3285
768 1280 3583 1032 1296 3320
1024 1280 3583 1171 1296 3363
1280 1280 3583 1335 1299 3399
1536 1280 3583 1545 1309 3403
1792 1280 3583 1761 1322 3407
2048 1280 3583 1982 1335 3412
2303 1280 3583 2207 1352 3419
2559 1280 3583 2435 1369 3426
2815 1280 3583 2665 1387 3435
3071 1280 3583 2899 1407 3446
3327 1280 3583 3133 1426 3457
3583 1280 3583 3371 1447 3468
3839 1280 3583 3583 1501 3457
4095 1280 3583 3777 1578 3432
0 1536 3583 928 1534 3286
256 1536 3583 953 1534 3294
512 1536 3583 1001 1535 3311
768 1536 3583 1083 1537 3341
1024 1536 3583 1216 1539 3377
1280 1536 3583 1373 1543 3409
1536 1536 3583 1578 1551 3412
1792 1536 3583 1790 1561 3416
2048 1536 3583 2006 1573 3421
2303 1536 3583 2229 1586 3428
2559 1536 3583 2454 1601 3435
2815 1536 3583 2682 1616 3444
3071 1536 3583 2915 1631 3456
3327 1536 3583 3150 1647 3468
3583 1536 3583 3389 1661 3482
3839 1536 3583 3601 1707 3471
4095 1536 3583 3793 1775 3444
0 1792 3583 997 1777 3316
256 1792 3583 1021 1778 3322
512 1792 3583 1067 1779 3335
768 1792 3583 1146 1781 3359
1024 1792 3583 1271 1784 3390
1280 1792 3583 1421 1789 3417
1536 1792 3583 1619 1796 3419
1792 1792 3583 1825 1804 3423
2048 1792 3583 2036 1814 3428
2303 1792 3583 2255 1825 3436
2559 1792 3583 2477 1837 3445
2815 1792 3583 2703 1850 3456
3071 1792 3583 2934 1863 3467
3327 1792 3583 3167 1876 3479
3583 1792 3583 3405 1887 3492
3839 1792 3583 3611 1920 3476
4095 1792 3583 3794 1967 3441
0 2048 3583 1073 2022 3343
256 2048 3583 1096 2023 3348
512 2048 3583 1140 2024 3358
768 2048 3583 1215 2027 3376
1024 2048 3583 1333 2031 3402
1280 2048 3583 1475 2036 3424
1536 2048 3583 1665 2042 3426
1792 2048 3583 1864 2049 3430
2048 2048 3583 2069 2057 3435
2303 2048 3583 2284 2067 3445
2559 2048 3583 2502 2077 3456
2815 2048 3583 2726 2087 3468
3071 2048 3583 2954 2099 3478
3327 2048 3583 3184 2111 3488
3583 2048 3583 3419 2123 3498
3839 2048 3583 3615 2139 3474
4095 2048 3583 3785 2157 3428
0 2303 3583 1170 2268 3366
256 2303 3583 1192 2269 3369
512 2303 3583 1234 2270 3377
768 2303 3583 1305 2273 3390
1024 2303 3583 1416 2277 3411
1280 2303 3583 1548 2282 3429
1536 2303 3583 1730 2287 3429
1792 2303 3583 1922 2294 3432
2048 2303 3583 2119 2302 3435
2303 2303 3583 2326 2312 3442
2559 2303 3583 2537 2322 3451
2815 2303 3583 2752 2334 3461
3071 2303 3583 2964 2337 3463
3327 2303 3583 3173 2335 3459
3583 2303 3583 3374 2317 3443
3839 2303 3583 3563 2315 3416
4095 2303 3583 3742 2323 3382
0 2559 3583 1269 2515 3391
256 2559 3583 1290 2516 3393
512 2559 3583 1329 2517 3398
768 2559 3583 1396 2520 3408
1024 2559 3583 1504 2524 3422
1280 2559 3583 1633 2528 3434
1536 2559 3583 1809 2532 3428
1792 2559 3583 1989 2534 3424
2048 2559 3583 2171 2536 3420
2303 2559 3583 2361 2539 3419
2559 2559 3583 2555 2543 3419
2815 2559 3583 2754 2547 3421
3071 2559 3583 2947 2542 3413
3327 2559 3583 3136 2530 3399
3583 2559 3583 3316 2501 3371
3839 2559 3583 3503 2491 3351
4095 2559 3583 3696 2494 3335
0 2815 3583 1370 2763 3419
256 2815 3583 1390 2764 3421
512 2815 3583 1426 2765 3425
768 2815 3583 1489 2768 3432
1024 2815 3583 1599 2771 3437
1280 2815 3583 1732 2773 3437
1536 2815 3583 1908 2773 3420
1792 2815 3583 2071 2765 3402
2048 2815 3583 2226 2753 3384
2303 2815 3583 2386 2738 3366
2559 2815 3583 2550 2724 3348
2815 2815 3583 2719 2711 3331
3071 2815 3583 2890 2697 3313
3327 2815 3583 3062 2683 3294
3583 2815 3583 3236 2669 3275
3839 2815 3583 3433 2666 3275
4095 2815 3583 3646 2672 3289
0 3071 3583 1379 2937 3378
256 3071 3583 1396 2937 3378
512 3071 3583 1428 2937 3380
768 3071 3583 1484 2938 3384
1024 3071 3583 1590 2936 3382
1280 3071 3583 1721 2933 3375
1536 3071 3583 1900 2925 3352
1792 3071 3583 2060 2914 3333
2048 3071 3583 2207 2902 3318
2303 3071 3583 2362 2889 3302
2559 3071 3583 2521 2875 3285
2815 3071 3583 2685 2862 3269
3071 3071 3583 2853 2849 3252
3327 3071 3583 3021 2837 3236
3583 3071 3583 3191 2830 3224
3839 3071 3583 3381 2835 3230
4095 3071 3583 3584 2849 3248
0 3327 3583 1362 3092 3318
256 3327 3583 1376 3091 3318
512 3327 3583 1405 3090 3318
768 3327 3583 1454 3089 3319
1024 3327 3583 1553 3084 3313
1280 3327 3583 1677 3076 3302
1536 3327 3583 1857 3061 3277
1792 3327 3583 2021 3050 3261
2048 3327 3583 2173 3041 3250
2303 3327 3583 2330 3031 3240
2559 3327 3583 2491 3022 3229
2815 3327 3583 2656 3013 3218
3071 3327 3583 2824 3003 3205
3327 3327 3583 2993 2994 3194
3583 3327 3583 3160 2990 3187
3839 3327 3583 3340 3002 3194
4095 3327 3583 3527 3025 3212
0 3583 3583 1334 3245 3260
256 3583 3583 1348 3245 3260
512 3583 3583 1375 3245 3260
768 3583 3583 1421 3244 3259
1024 3583 3583 1504 3242 3257
1280 3583 3583 1612 3238 3251
1536 3583 3583 1783 3227 3237
1792 3583 3583 1965 3214 3222
2048 3583 3583 2155 3200 3207
2303 3583 3583 2317 3191 3199
2559 3583 3583 2480 3183 3191
2815 3583 3583 2643 3175 3182
3071 3583 3583 2811 3167 3172
3327 3583 3583 2980 3159 3162
3583 3583 3583 3150 3152 3153
3839 3583 3583 3326 3167 3165
4095 3583 3583 3505 3196 3191
0 3839 3583 1356 3426 3229
256 3839 3583 1371 3426 3229
512 3839 3583 1400 3426 3228
768 3839 3583 1450 3425 3227
1024 3839 3583 1532 3424 3225
1280 3839 3583 1635 3421 3222
1536 3839 3583 1789 3413 3214
1792 3839 3583 1961 3403 3203
2048 3839 3583 2146 3391 3190
2303 3839 3583 2310 3383 3184
2559 3839 3583 2480 3373 3177
2815 3839 3583 2656 3362 3170
3071 3839 3583 2827 3353 3164
3327 3839 3583 2997 3346 3158
3583 3839 3583 3166 3339 3151
3839 3839 3583 3338 3347 3159
4095 3839 3583 3511 3364 3177
0 4095 3583 1411 3625 3216
256 4095 3583 1428 3625 3215
512 4095 3583 1461 3624 3215
768 4095 3583 1520 3623 3213
1024 4095 3583 1611 3620 3210
1280 4095 3583 1717 3617 3207
1536 4095 3583 1847 3613 3203
1792 4095 3583 1990 3608 3198
2048 4095 3583 2141 3603 3193
2303 4095 3583 2307 3595 3186
2559 4095 3583 2487 3584 3180
2815 4095 3583 2686 3565 3174
3071 4095 3583 2863 3555 3174
3327 4095 3583 3033 3547 3173
3583 4095 3583 3200 3542 3169
3839 4095 3583 3367 3538 3168
4095 4095 3583 3534 3533 3169
0 0 3839 836 518 3368
256 0 3839 860 514 3374
512 0 3839 913 513 3385
768 0 3839 1008 515 3403
1024 0 3839 1160 537 3415
1280 0 3839 1331 566 3427
1536 0 3839 1523 601 3442
1792 0 3839 1724 642 3457
2048 0 3839 1932 684 3473
2303 0 3839 2147 734 3488
2559 0 3839 2365 785 3503
2815 0 3839 2586 837 3519
3071 0 3839 2809 893 3535
3327 0 3839 3033 949 3550
3583 0 3839 3259 1006 3566
3839 0 3839 3486 1064 3583
4095 0 3839 3714 1123 3600
0 256 3839 811 571 3388
256 256 3839 838 569 3397
512 256 3839 896 569 3411
768 256 3839 999 573 3430
1024 256 3839 1154 592 3443
1280 256 3839 1328 617 3454
1536 256 3839 1523 651 3465
1792 256 3839 1727 688 3477
2048 256 3839 1936 728 3489
2303 256 3839 2152 775 3502
2559 256 3839 2370 823 3515
2815 256 3839 2591 873 3529
3071 256 3839 2814 926 3543
3327 256 3839 3038 980 3557
3583 256 3839 3264 1036 3572
3839 256 3839 3491 1092 3588
4095 256 3839 3719 1149 3604
0 512 3839 806 677 3406
256 512 3839 835 676 3417
512 512 3839 894 677 3433
768 512 3839 998 681 3456
1024 512 3839 1154 695 3473
1280 512 3839 1328 715 3486
1536 512 3839 1527 743 3495
1792 512 3839 1733 775 3504
2048 512 3839 1944 810 3514
2303 512 3839 2160 851 3525
2559 512 3839 2380 894 3536
2815 512 3839 2601 940 3547
3071 512 3839 2825 989 3558
3327 512 3839 3049 1040 3570
3583 512 3839 3274 1092 3583
3839 512 3839 3501 1146 3597
4095 512 3839 3728 1199 3612
0 768 3839 832 861 3423
256 768 3839 860 861 3433
512 768 3839 916 862 3451
768 768 3839 1012 863 3480
1024 768 3839 1163 870 3505
1280 768 3839 1334 880 3526
1536 768 3839 1534 900 3535
1792 768 3839 1743 924 3544
2048 768 3839 1956 949 3554
2303 768 3839 2175 980 3563
2559 768 3839 2396 1015 3571
2815 768 3839 2619 1053 3577
3071 768 3839 2843 1097 3585
3327 768 3839 3066 1142 3592
3583 768 3839 3292 1189 3602
3839 768 3839 3517 1238 3613
4095 768 3839 3744 1288 3625
0 1024 3839 870 1077 3448
256 1024 3839 897 1077 3457
512 1024 3839 951 1078 3473
768 1024 3839 1044 1079 3501
1024 1024 3839 1189 1084 3526
1280 1024 3839 1356 1092 3547
1536 1024 3839 1555 1107 3555
1792 1024 3839 1762 1126 3563
2048 1024 3839 1974 1145 3572
2303 1024 3839 2192 1170 3581
2559 1024 3839 2413 1197 3590
2815 1024 3839 2637 1226 3599
3071 1024 3839 2863 1259 3609
3327 1024 3839 3089 1293 3619
3583 1024 3839 3318 1329 3630
3839 1024 3839 3539 1377 3635
4095 1024 3839 3756 1433 3635
0 1280 3839 914 1303 3476
256 1280 3839 941 1303 3483
512 1280 3839 992 1305 3497
768 1280 3839 1082 1307 3521
1024 1280 3839 1223 1311 3544
1280 1280 3839 1385 1318 3564
1536 1280 3839 1580 1330 3570
1792 1280 3839 1784 1344 3577
2048 1280 3839 1994 1360 3586
2303 1280 3839 2211 1379 3595
2559 1280 3839 2432 1399 3606
2815 1280 3839 2656 1420 3618
3071 1280 3839 2883 1443 3631
3327 1280 3839 3113 1466 3644
3583 1280 3839 3345 1491 3658
3839 1280 3839 3562 1538 3657
4095 1280 3839 3769 1599 3645
0 1536 3839 971 1541 3505
256 1536 3839 997 1541 3511
512 1536 3839 1046 1543 3523
768 1536 3839 1133 1545 3542
1024 1536 3839 1267 1550 3564
1280 1536 3839 1423 1555 3582
1536 1536 3839 1614 1565 3588
1792 1536 3839 1814 1577 3595
2048 1536 3839 2021 1590 3602
2303 1536 3839 2236 1605 3612
2559 1536 3839 2454 1622 3622
2815 1536 3839 2677 1640 3633
3071 1536 3839 2904 1658 3646
3327 1536 3839 3133 1677 3660
3583 1536 3839 3365 1697 3674
3839 1536 3839 3581 1737 3672
4095 1536 3839 3785 1792 3658
0 1792 3839 1037 1782 3534
256 1792 3839 1062 1783 3538
512 1792 3839 1110 1784 3547
768 1792 3839 1192 1787 3563
1024 1792 3839 1319 1791 3583
1280 1792 3839 1467 1797 3601
1536 1792 3839 1653 1805 3606
1792 1792 3839 1849 1814 3613
2048 1792 3839 2052 1825 3620
2303 1792 3839 2264 1838 3630
2559 1792 3839 2481 1852 3640
2815 1792 3839 2701 1866 3651
3071 1792 3839 2926 1882 3663
3327 1792 3839 3154 1899 3675
3583 1792 3839 3385 1916 3688
3839 1792 3839 3592 1943 3677
4095 1792 3839 3782 1978 3651
0 2048 3839 1109 2026 3562
256 2048 3839 1133 2027 3565
512 2048 3839 1179 2028 3572
768 2048 3839 1257 2031 3584
1024 2048 3839 1376 2035 3603
1280 2048 3839 1515 2040 3621
1536 2048 3839 1696 2047 3626
1792 2048 3839 1887 2055 3632
2048 2048 3839 2086 2064 3639
2303 2048 3839 2295 2075 3649
2559 2048 3839 2509 2086 3659
2815 2048 3839 2728 2098 3671
3071 2048 3839 2951 2112 3681
3327 2048 3839 3176 2127 3690
3583 2048 3839 3403 2143 3699
3839 2048 3839 3597 2153 3676
4095 2048 3839 3767 2158 3631
0 2303 3839 1197 2271 3587
256 2303 3839 1220 2272 3590
512 2303 3839 1263 2274 3595
768 2303 3839 1337 2276 3605
1024 2303 3839 1446 2281 3623
1280 2303 3839 1575 2286 3640
1536 2303 3839 1750 2292 3643
1792 2303 3839 1937 2299 3646
2048 2303 3839 2131 2307 3650
2303 2303 3839 2336 2317 3657
2559 2303 3839 2544 2328 3665
2815 2303 3839 2758 2340 3675
3071 2303 3839 2963 2340 3672
3327 2303 3839 3166 2336 3664
3583 2303 3839 3365 2327 3649
3839 2303 3839 3552 2324 3623
4095 2303 3839 3730 2326 3589
0 2559 3839 1289 2518 3614
256 2559 3839 1310 2519 3615
512 2559 3839 1351 2520 3619
768 2559 3839 1420 2523 3627
1024 2559 3839 1523 2527 3641
1280 2559 3839 1646 2530 3653
1536 2559 3839 1817 2533 3648
1792 2559 3839 1994 2535 3644
2048 2559 3839 2176 2537 3641
2303 2559 3839 2367 2541 3640
2559 2559 3839 2562 2546 3641
2815 2559 3839 2762 2551 3644
3071 2559 3839 2951 2542 3631
3327 2559 3839 3136 2528 3612
3583 2559 3839 3317 2507 3586
3839 2559 3839 3503 2498 3564
4095 2559 3839 3693 2497 3547
0 2815 3839 1387 2766 3641
256 2815 3839 1407 2766 3642
512 2815 3839 1445 2768 3645
768 2815 3839 1509 2770 3651
1024 2815 3839 1611 2772 3656
1280 2815 3839 1735 2773 3656
1536 2815 3839 1902 2769 3637
1792 2815 3839 2063 2760 3618
2048 2815 3839 2219 2748 3600
2303 2815 3839 2384 2737 3585
2559 2815 3839 2553 2727 3571
2815 2815 3839 2727 2717 3556
3071 2815 3839 2902 2705 3540
3327 2815 3839 3077 2693 3522
3583 2815 3839 3254 2679 3504
3839 2815 3839 3449 2673 3499
4095 2815 3839 3656 2672 3504
0 3071 3839 1401 2942 3599
256 3071 3839 1419 2942 3600
512 3071 3839 1453 2942 3601
768 3071 3839 1512 2943 3604
1024 3071 3839 1612 2941 3603
1280 3071 3839 1734 2938 3596
1536 3071 3839 1901 2929 3574
1792 3071 3839 2062 2917 3549
2048 3071 3839 2218 2903 3524
2303 3071 3839 2375 2893 3511
2559 3071 3839 2536 2883 3498
2815 3071 3839 2701 2872 3484
3071 3071 3839 2871 2863 3470
3327 3071 3839 3042 2853 3456
3583 3071 3839 3215 2843 3442
3839 3071 3839 3404 2842 3441
4095 3071 3839 3604 2847 3448
0 3327 3839 1393 3100 3541
256 3327 3839 1409 3100 3541
512 3327 3839 1440 3099 3540
768 3327 3839 1494 3097 3540
1024 3327 3839 1589 3093 3535
1280 3327 3839 1707 3087 3526
1536 3327 3839 1873 3076 3504
1792 3327 3839 2040 3063 3478
2048 3327 3839 2208 3048 3449
2303 3327 3839 2361 3041 3440
2559 3327 3839 2518 3034 3431
2815 3327 3839 2681 3027 3422
3071 3327 3839 2847 3020 3412
3327 3327 3839 3015 3013 3401
3583 3327 3839 3186 3006 3391
3839 3327 3839 3366 3010 3390
4095 3327 3839 3552 3022 3397
0 3583 3839 1379 3258 3486
256 3583 3839 1394 3257 3485
512 3583 3839 1424 3257 3485
768 3583 3839 1475 3256 3484
1024 3583 3839 1561 3254 3482
1280 3583 3839 1668 3250 3477
1536 3583 3839 1827 3241 3463
1792 3583 3839 2008 3226 3440
2048 3583 3839 2205 3207 3409
2303 3583 3839 2355 3201 3403
2559 3583 3839 2510 3195 3395
2815 3583 3839 2670 3189 3388
3071 3583 3839 2835 3183 3379
3327 3583 3839 3002 3176 3371
3583 3583 3839 3171 3170 3361
3839 3583 3839 3343 3177 3366
4095 3583 3839 3515 3194 3379
0 3839 3839 1395 3432 3448
256 3839 3839 1411 3432 3448
512 3839 3839 1442 3431 3447
768 3839 3839 1495 3430 3446
1024 3839 3839 1579 3429 3444
1280 3839 3839 1682 3425 3441
1536 3839 3839 1827 3419 3433
1792 3839 3839 1997 3407 3417
2048 3839 3839 2183 3392 3395
2303 3839 3839 2346 3384 3386
2559 3839 3839 2512 3375 3378
2815 3839 3839 2681 3366 3372
3071 3839 3839 2846 3360 3365
3327 3839 3839 3010 3355 3358
3583 3839 3839 3178 3349 3351
3839 3839 3839 3345 3353 3354
4095 3839 3839 3512 3363 3363
0 4095 3839 1433 3618 3422
256 4095 3839 1449 3618 3422
512 4095 3839 1482 3617 3421
768 4095 3839 1540 3616 3419
1024 4095 3839 1629 3613 3417
1280 4095 3839 1732 3610 3414
1536 4095 3839 1859 3606 3409
1792 4095 3839 2000 3602 3404
2048 4095 3839 2149 3596 3398
2303 4095 3839 2335 3583 3384
2559 4095 3839 2521 3569 3373
2815 4095 3839 2707 3554 3368
3071 4095 3839 2872 3547 3363
3327 4095 3839 3033 3543 3359
3583 4095 3839 3198 3539 3354
3839 4095 3839 3364 3535 3351
4095 4095 3839 3531 3530 3348
0 0 4095 890 552 3589
256 0 4095 913 549 3596
512 0 4095 961 547 3608
768 0 4095 1048 545 3627
1024 0 4095 1193 566 3639
1280 0 4095 1359 593 3650
1536 0 4095 1546 627 3664
1792 0 4095 1744 666 3679
2048 0 4095 1947 707 3695
2303 0 4095 2160 757 3707
2559 0 4095 2375 808 3721
2815 0 4095 2594 859 3737
3071 0 4095 2814 915 3752
3327 0 4095 3037 972 3766
3583 0 4095 3261 1028 3783
3839 0 4095 3487 1085 3800
4095 0 4095 3714 1143 3817
0 256 4095 864 599 3611
256 256 4095 890 598 3619
512 256 4095 945 599 3631
768 256 4095 1043 604 3646
1024 256 4095 1192 624 3656
1280 256 4095 1359 649 3665
1536 256 4095 1548 681 3675
1792 256 4095 1747 718 3687
2048 256 4095 1951 757 3700
2303 256 4095 2163 803 3713
2559 256 4095 2378 851 3726
2815 256 4095 2597 900 3741
3071 256 4095 2817 953 3755
3327 256 4095 3040 1007 3770
3583 256 4095 3264 1061 3786
3839 256 4095 3490 1116 3803
4095 256 4095 3717 1172 3820
0 512 4095 858 700 3630
256 512 4095 886 699 3639
512 512 4095 944 702 3650
768 512 4095 1049 710 3662
1024 512 4095 1199 728 3670
1280 512 4095 1366 749 3678
1536 512 4095 1555 778 3686
1792 512 4095 1754 811 3696
2048 512 4095 1958 846 3707
2303 512 4095 2169 887 3719
2559 512 4095 2384 930 3732
2815 512 4095 2602 976 3746
3071 512 4095 2823 1024 3760
3327 512 4095 3045 1074 3775
3583 512 4095 3269 1124 3791
3839 512 4095 3495 1177 3807
4095 512 4095 3721 1229 3823
0 768 4095 883 878 3646
256 768 4095 910 879 3654
512 768 4095 968 881 3663
768 768 4095 1069 887 3675
1024 768 4095 1217 901 3682
1280 768 4095 1383 918 3688
1536 768 4095 1570 941 3696
1792 768 4095 1767 967 3706
2048 768 4095 1970 995 3716
2303 768 4095 2180 1029 3727
2559 768 4095 2394 1065 3740
2815 768 4095 2611 1104 3753
3071 768 4095 2831 1146 3767
3327 768 4095 3053 1189 3782
3583 768 4095 3277 1234 3797
3839 768 4095 3502 1281 3813
4095 768 4095 3728 1328 3829
0 1024 4095 919 1090 3669
256 1024 4095 946 1090 3676
512 1024 4095 1003 1093 3683
768 1024 4095 1103 1098 3692
1024 1024 4095 1248 1109 3698
1280 1024 4095 1409 1123 3704
1536 1024 4095 1594 1141 3711
1792 1024 4095 1788 1162 3720
2048 1024 4095 1989 1185 3729
2303 1024 4095 2198 1213 3740
2559 1024 4095 2410 1243 3752
2815 1024 4095 2626 1276 3764
3071 1024 4095 2845 1312 3778
3327 1024 4095 3066 1349 3792
3583 1024 4095 3289 1388 3807
3839 1024 4095 3513 1429 3822
4095 1024 4095 3739 1471 3838
0 1280 4095 961 1312 3695
256 1280 4095 988 1313 3700
512 1280 4095 1044 1316 3705
768 1280 4095 1142 1320 3711
1024 1280 4095 1283 1329 3716
1280 1280 4095 1441 1340 3721
1536 1280 4095 1622 1354 3727
1792 1280 4095 1813 1371 3735
2048 1280 4095 2012 1390 3744
2303 1280 4095 2219 1413 3755
2559 1280 4095 2430 1437 3766
2815 1280 4095 2644 1464 3778
3071 1280 4095 2862 1494 3791
3327 1280 4095 3082 1526 3804
3583 1280 4095 3304 1559 3819
3839 1280 4095 3527 1595 3833
4095 1280 4095 3752 1632 3849
0 1536 4095 1017 1548 3722
256 1536 4095 1044 1549 3725
512 1536 4095 1098 1551 3729
768 1536 4095 1193 1555 3733
1024 1536 4095 1329 1562 3737
1280 1536 4095 1481 1571 3742
1536 1536 4095 1658 1583 3748
1792 1536 4095 1846 1597 3755
2048 1536 4095 2041 1612 3763
2303 1536 4095 2246 1632 3773
2559 1536 4095 2455 1652 3783
2815 1536 4095 2667 1675 3795
3071 1536 4095 2884 1701 3807
3327 1536 4095 3102 1727 3820
3583 1536 4095 3323 1757 3834
3839 1536 4095 3545 1788 3848
4095 1536 4095 3769 1820 3862
0 1792 4095 1082 1788 3749
256 1792 4095 1108 1788 3751
512 1792 4095 1160 1790 3753
768 1792 4095 1251 1794 3756
1024 1792 4095 1381 1800 3760
1280 1792 4095 1528 1807 3764
1536 1792 4095 1701 1817 3770
1792 1792 4095 1884 1829 3777
2048 1792 4095 2076 1842 3784
2303 1792 4095 2278 1858 3793
2559 1792 4095 2484 1875 3803
2815 1792 4095 2695 1895 3814
3071 1792 4095 2909 1917 3826
3327 1792 4095 3126 1940 3838
3583 1792 4095 3345 1965 3851
3839 1792 4095 3557 1984 3855
4095 1792 4095 3764 1997 3853
0 2048 4095 1152 2030 3777
256 2048 4095 1178 2031 3778
512 2048 4095 1227 2032 3779
768 2048 4095 1313 2035 3781
1024 2048 4095 1438 2040 3784
1280 2048 4095 1579 2046 3788
1536 2048 4095 1747 2055 3793
1792 2048 4095 1926 2064 3800
2048 2048 4095 2113 2075 3807
2303 2048 4095 2313 2089 3815
2559 2048 4095 2516 2104 3825
2815 2048 4095 2724 2120 3835
3071 2048 4095 2937 2139 3846
3327 2048 4095 3152 2159 3857
3583 2048 4095 3370 2181 3869
3839 2048 4095 3565 2182 3857
4095 2048 4095 3744 2168 3829
0 2303 4095 1233 2275 3805
256 2303 4095 1257 2275 3805
512 2303 4095 1304 2277 3806
768 2303 4095 1385 2279 3808
1024 2303 4095 1504 2284 3811
1280 2303 4095 1639 2289 3815
1536 2303 4095 1801 2296 3819
1792 2303 4095 1976 2305 3825
2048 2303 4095 2159 2314 3832
2303 2303 4095 2354 2326 3840
2559 2303 4095 2555 2339 3848
2815 2303 4095 2760 2354 3858
3071 2303 4095 2955 2355 3852
3327 2303 4095 3148 2354 3842
3583 2303 4095 3344 2355 3834
3839 2303 4095 3532 2349 3816
4095 2303 4095 3714 2337 3793
0 2559 4095 1318 2521 3833
256 2559 4095 1341 2522 3834
512 2559 4095 1385 2523 3834
768 2559 4095 1461 2525 3836
1024 2559 4095 1573 2528 3837
1280 2559 4095 1700 2530 3838
1536 2559 4095 1853 2533 3839
1792 2559 4095 2019 2536 3840
2048 2559 4095 2193 2541 3841
2303 2559 4095 2381 2547 3843
2559 2559 4095 2573 2554 3846
2815 2559 4095 2770 2561 3850
3071 2559 4095 2953 2553 3834
3327 2559 4095 3133 2540 3813
3583 2559 4095 3316 2529 3794
3839 2559 4095 3500 2518 3775
4095 2559 4095 3684 2507 3756
0 2815 4095 1408 2768 3862
256 2815 4095 1429 2769 3863
512 2815 4095 1470 2770 3864
768 2815 4095 1541 2772 3865
1024 2815 4095 1645 2771 3862
1280 2815 4095 1761 2768 3857
1536 2815 4095 1900 2761 3847
1792 2815 4095 2052 2754 3837
2048 2815 4095 2212 2748 3827
2303 2815 4095 2384 2742 3816
2559 2815 4095 2560 2736 3805
2815 2815 4095 2740 2729 3794
3071 2815 4095 2921 2720 3780
3327 2815 4095 3102 2711 3765
3583 2815 4095 3286 2700 3750
3839 2815 4095 3470 2690 3734
4095 2815 4095 3655 2679 3718
0 3071 4095 1429 2951 3825
256 3071 4095 1449 2951 3825
512 3071 4095 1488 2951 3824
768 3071 4095 1555 2951 3823
1024 3071 4095 1654 2948 3819
1280 3071 4095 1767 2944 3813
1536 3071 4095 1903 2937 3801
1792 3071 4095 2063 2924 3774
2048 3071 4095 2237 2908 3736
2303 3071 4095 2396 2902 3727
2559 3071 4095 2558 2895 3716
2815 3071 4095 2725 2889 3706
3071 3071 4095 2897 2882 3696
3327 3071 4095 3070 2875 3685
3583 3071 4095 3246 2868 3674
3839 3071 4095 3423 2861 3662
4095 3071 4095 3600 2854 3650
0 3327 4095 1435 3118 3772
256 3327 4095 1454 3117 3771
512 3327 4095 1490 3116 3769
768 3327 4095 1553 3114 3767
1024 3327 4095 1649 3111 3762
1280 3327 4095 1759 3106 3755
1536 3327 4095 1896 3100 3745
1792 3327 4095 2067 3083 3704
2048 3327 4095 2260 3060 3643
2303 3327 4095 2407 3056 3637
2559 3327 4095 2559 3052 3631
2815 3327 4095 2716 3047 3624
3071 3327 4095 2879 3043 3617
3327 3327 4095 3043 3039 3610
3583 3327 4095 3211 3035 3602
3839 3327 4095 3380 3031 3594
4095 3327 4095 3549 3027 3585
0 3583 4095 1445 3283 3723
256 3583 4095 1462 3283 3722
512 3583 4095 1497 3282 3721
768 3583 4095 1558 3280 3719
1024 3583 4095 1651 3277 3715
1280 3583 4095 1758 3273 3709
1536 3583 4095 1891 3267 3701
1792 3583 4095 2065 3250 3667
2048 3583 4095 2266 3225 3615
2303 3583 4095 2411 3221 3610
2559 3583 4095 2560 3217 3605
2815 3583 4095 2715 3213 3599
3071 3583 4095 2875 3210 3593
3327 3583 4095 3038 3206 3587
3583 3583 4095 3204 3202 3580
3839 3583 4095 3372 3198 3573
4095 3583 4095 3541 3194 3566
0 3839 4095 1457 3447 3675
256 3839 4095 1474 3447 3675
512 3839 4095 1508 3446 3674
768 3839 4095 1566 3445 3672
1024 3839 4095 1655 3442 3668
1280 3839 4095 1759 3438 3664
1536 3839 4095 1888 3434 3658
1792 3839 4095 2048 3421 3636
2048 3839 4095 2230 3403 3604
2303 3839 4095 2401 3392 3591
2559 3839 4095 2565 3384 3581
2815 3839 4095 2717 3380 3576
3071 3839 4095 2875 3376 3571
3327 3839 4095 3036 3372 3566
3583 3839 4095 3200 3369 3560
3839 3839 4095 3367 3365 3553
4095 3839 4095 3534 3361 3547
0 4095 4095 1472 3611 3628
256 4095 4095 1488 3610 3628
512 4095 4095 1520 3610 3627
768 4095 4095 1576 3608 3625
1024 4095 4095 1662 3606 3623
1280 4095 4095 1761 3603 3619
1536 4095 4095 1884 3599 3615
1792 4095 4095 2021 3595 3610
2048 4095 4095 2166 3589 3603
2303 4095 4095 2382 3566 3576
2559 4095 4095 2573 3550 3559
2815 4095 4095 2722 3547 3554
3071 4095 4095 2878 3543 3550
3327 4095 4095 3036 3539 3545
3583 4095 4095 3199 3536 3540
3839 4095 4095 3363 3532 3534
4095 4095 4095 3528 3528 3528
