0 0 0 0 0 0
256 0 0 228 72 68
512 0 0 449 151 141
768 0 0 660 241 221
1024 0 0 941 232 196
1280 0 0 1229 212 159
1536 0 0 1479 245 181
1792 0 0 1727 279 207
2048 0 0 1975 316 234
2303 0 0 2284 433 318
2559 0 0 2584 535 386
2815 0 0 2869 616 428
3071 0 0 3121 659 450
3327 0 0 3359 688 465
3583 0 0 3579 694 475
3839 0 0 3790 685 484
4095 0 0 3994 666 491
0 256 0 78 254 47
256 256 0 275 282 76
512 256 0 471 321 144
768 256 0 668 376 273
1024 256 0 940 375 245
1280 256 0 1224 367 193
1536 256 0 1478 384 199
1792 256 0 1728 406 216
2048 256 0 1977 430 241
2303 256 0 2294 534 327
2559 256 0 2598 622 394
2815 256 0 2878 687 431
3071 256 0 3128 722 451
3327 256 0 3365 746 466
3583 256 0 3584 750 477
3839 256 0 3794 740 485
4095 256 0 3997 721 493
0 512 0 156 509 94
256 512 0 322 510 98
512 512 0 500 522 149
768 512 0 698 547 269
1024 512 0 958 551 251
1280 512 0 1229 552 208
1536 512 0 1483 559 211
1792 512 0 1741 578 234
2048 512 0 2001 605 271
2303 512 0 2318 689 349
2559 512 0 2617 759 408
2815 512 0 2891 807 439
3071 512 0 3137 833 457
3327 512 0 3373 849 471
3583 512 0 3592 848 481
3839 512 0 3801 837 489
4095 512 0 4001 818 497
0 768 0 235 763 141
256 768 0 369 764 143
512 768 0 539 767 156
768 768 0 761 774 183
1024 768 0 1004 778 190
1280 768 0 1251 782 196
1536 768 0 1498 789 213
1792 768 0 1770 820 264
2048 768 0 2059 867 336
2303 768 0 2360 927 390
2559 768 0 2646 973 432
2815 768 0 2907 1001 454
3071 768 0 3150 1014 469
3327 768 0 3384 1019 480
3583 768 0 3605 1010 489
3839 768 0 3811 996 496
4095 768 0 4006 978 504
0 1024 0 306 1018 188
256 1024 0 419 1019 190
512 1024 0 574 1020 194
768 1024 0 792 1022 201
1024 1024 0 1039 1037 226
1280 1024 0 1296 1058 258
1536 1024 0 1567 1085 293
1792 1024 0 1848 1119 340
2048 1024 0 2134 1157 393
2303 1024 0 2412 1190 426
2559 1024 0 2680 1215 454
2815 1024 0 2930 1229 475
3071 1024 0 3165 1232 488
3327 1024 0 3395 1230 499
3583 1024 0 3613 1217 505
3839 1024 0 3817 1201 511
4095 1024 0 4010 1181 517
0 1280 0 400 1295 254
256 1280 0 495 1296 256
512 1280 0 634 1298 259
768 1280 0 840 1300 265
1024 1280 0 1090 1324 300
1280 1280 0 1358 1357 344
1536 1280 0 1651 1401 391
1792 1280 0 1932 1431 425
2048 1280 0 2205 1453 450
2303 1280 0 2462 1461 466
2559 1280 0 2713 1468 482
2815 1280 0 2952 1470 500
3071 1280 0 3182 1465 511
3327 1280 0 3406 1456 519
3583 1280 0 3621 1440 523
3839 1280 0 3823 1420 527
4095 1280 0 4015 1398 533
0 1536 0 589 1662 395
256 1536 0 667 1664 398
512 1536 0 790 1668 403
768 1536 0 983 1674 411
1024 1536 0 1219 1688 432
1280 1536 0 1469 1706 456
1536 1536 0 1737 1728 484
1792 1536 0 1996 1738 502
2048 1536 0 2249 1742 515
2303 1536 0 2494 1740 524
2559 1536 0 2735 1735 532
2815 1536 0 2970 1727 538
3071 1536 0 3196 1714 539
3327 1536 0 3418 1697 540
3583 1536 0 3630 1677 542
3839 1536 0 3829 1654 546
4095 1536 0 4020 1630 551
0 1792 0 736 1987 501
256 1792 0 801 1989 504
512 1792 0 910 1992 508
768 1792 0 1087 1998 516
1024 1792 0 1307 2006 529
1280 1792 0 1542 2015 543
1536 1792 0 1793 2025 561
1792 1792 0 2042 2029 574
2048 1792 0 2289 2028 585
2303 1792 0 2523 2017 586
2559 1792 0 2756 2004 586
2815 1792 0 2985 1989 584
3071 1792 0 3207 1969 579
3327 1792 0 3426 1947 573
3583 1792 0 3636 1922 568
3839 1792 0 3835 1896 567
4095 1792 0 4027 1868 570
0 2048 0 856 2284 584
256 2048 0 910 2285 585
512 2048 0 1005 2286 588
768 2048 0 1164 2289 594
1024 2048 0 1368 2292 603
1280 2048 0 1589 2297 614
1536 2048 0 1831 2303 628
1792 2048 0 2077 2308 642
2048 2048 0 2326 2312 657
2303 2048 0 2550 2293 650
2559 2048 0 2774 2273 644
2815 2048 0 2997 2252 637
3071 2048 0 3215 2228 626
3327 2048 0 3431 2202 613
3583 2048 0 3641 2172 599
3839 2048 0 3840 2141 592
4095 2048 0 4033 2109 589
0 2303 0 938 2540 638
256 2303 0 986 2541 639
512 2303 0 1073 2542 642
768 2303 0 1217 2543 646
1024 2303 0 1409 2546 654
1280 2303 0 1618 2549 663
1536 2303 0 1850 2553 675
1792 2303 0 2089 2557 687
2048 2303 0 2333 2561 699
2303 2303 0 2568 2555 703
2559 2303 0 2797 2540 700
2815 2303 0 3013 2514 687
3071 2303 0 3226 2486 673
3327 2303 0 3438 2457 657
3583 2303 0 3645 2425 640
3839 2303 0 3844 2391 626
4095 2303 0 4039 2355 615
0 2559 0 1010 2789 684
256 2559 0 1052 2790 685
512 2559 0 1131 2790 687
768 2559 0 1264 2791 691
1024 2559 0 1444 2793 697
1280 2559 0 1642 2795 704
1536 2559 0 1865 2798 714
1792 2559 0 2097 2801 724
2048 2559 0 2334 2804 735
2303 2559 0 2576 2806 745
2559 2559 0 2809 2798 747
2815 2559 0 3028 2775 736
3071 2559 0 3238 2745 720
3327 2559 0 3446 2713 701
3583 2559 0 3650 2679 681
3839 2559 0 3849 2642 661
4095 2559 0 4044 2603 640
0 2815 0 1065 3025 718
256 2815 0 1104 3026 719
512 2815 0 1176 3026 720
768 2815 0 1299 3027 723
1024 2815 0 1470 3028 728
1280 2815 0 1658 3029 734
1536 2815 0 1872 3031 742
1792 2815 0 2097 3034 750
2048 2815 0 2328 3036 760
2303 2815 0 2567 3039 770
2559 2815 0 2806 3039 779
2815 2815 0 3043 3034 784
3071 2815 0 3253 3005 767
3327 2815 0 3456 2969 745
3583 2815 0 3657 2932 723
3839 2815 0 3855 2893 695
4095 2815 0 4051 2852 665
0 3071 0 1104 3250 741
256 3071 0 1140 3250 741
512 3071 0 1208 3250 742
768 3071 0 1324 3251 745
1024 3071 0 1486 3252 749
1280 3071 0 1667 3253 754
1536 3071 0 1874 3254 760
1792 3071 0 2092 3256 768
2048 3071 0 2318 3258 776
2303 3071 0 2552 3260 786
2559 3071 0 2789 3262 796
2815 3071 0 3029 3263 805
3071 3071 0 3253 3248 800
3327 3071 0 3468 3225 789
3583 3071 0 3666 3185 763
3839 3071 0 3862 3144 731
4095 3071 0 4056 3102 694
0 3327 0 1137 3469 758
256 3327 0 1171 3469 759
512 3327 0 1235 3469 760
768 3327 0 1344 3470 761
1024 3327 0 1499 3470 765
1280 3327 0 1672 3471 769
1536 3327 0 1872 3472 775
1792 3327 0 2085 3474 782
2048 3327 0 2304 3475 789
2303 3327 0 2534 3477 798
2559 3327 0 2768 3479 807
2815 3327 0 3005 3481 816
3071 3327 0 3243 3481 824
3327 3327 0 3474 3473 826
3583 3327 0 3674 3436 801
3839 3327 0 3869 3396 769
4095 3327 0 4062 3352 732
0 3583 0 1157 3678 768
256 3583 0 1189 3678 768
512 3583 0 1250 3679 769
768 3583 0 1354 3679 770
1024 3583 0 1503 3680 773
1280 3583 0 1670 3681 776
1536 3583 0 1865 3682 781
1792 3583 0 2072 3683 787
2048 3583 0 2287 3684 794
2303 3583 0 2512 3686 801
2559 3583 0 2742 3687 809
2815 3583 0 2976 3689 818
3071 3583 0 3212 3691 826
3327 3583 0 3447 3689 832
3583 3583 0 3673 3678 829
3839 3583 0 3877 3645 816
4095 3583 0 4066 3599 797
0 3839 0 1187 3881 785
256 3839 0 1218 3881 786
512 3839 0 1277 3881 787
768 3839 0 1376 3881 789
1024 3839 0 1517 3882 790
1280 3839 0 1676 3883 792
1536 3839 0 1866 3884 798
1792 3839 0 2067 3885 805
2048 3839 0 2277 3886 812
2303 3839 0 2497 3887 819
2559 3839 0 2722 3888 827
2815 3839 0 2951 3890 836
3071 3839 0 3185 3892 848
3327 3839 0 3420 3893 860
3583 3839 0 3655 3893 870
3839 3839 0 3870 3873 877
4095 3839 0 4072 3840 882
0 4095 0 1224 4078 807
256 4095 0 1255 4078 809
512 4095 0 1311 4078 811
768 4095 0 1405 4078 814
1024 4095 0 1537 4079 813
1280 4095 0 1687 4080 814
1536 4095 0 1871 4081 822
1792 4095 0 2068 4081 831
2048 4095 0 2273 4082 841
2303 4095 0 2487 4083 848
2559 4095 0 2706 4085 856
2815 4095 0 2930 4086 866
3071 4095 0 3160 4087 884
3327 4095 0 3392 4089 903
3583 4095 0 3625 4091 919
3839 4095 0 3854 4086 946
4095 4095 0 4080 4078 980
0 0 256 19 19 251
256 0 256 247 56 278
512 0 256 478 101 307
768 0 256 712 159 338
1024 0 256 966 195 335
1280 0 256 1223 226 327
1536 0 256 1474 256 340
1792 0 256 1724 288 356
2048 0 256 1973 322 373
2303 0 256 2284 438 436
2559 0 256 2585 540 489
2815 0 256 2869 620 527
3071 0 256 3121 662 546
3327 0 256 3359 690 560
3583 0 256 3579 697 566
3839 0 256 3789 688 570
4095 0 256 3993 668 571
0 256 256 80 262 272
256 256 256 280 276 283
512 256 256 483 303 314
768 256 256 690 346 374
1024 256 256 923 383 382
1280 256 256 1172 410 374
1536 256 256 1457 406 362
1792 256 256 1722 416 364
2048 256 256 1974 435 378
2303 256 256 2294 538 444
2559 256 256 2598 626 497
2815 256 256 2878 691 531
3071 256 256 3127 726 549
3327 256 256 3364 749 561
3583 256 256 3584 753 568
3839 256 256 3794 743 571
4095 256 256 3997 723 573
0 512 256 147 509 292
256 512 256 314 511 291
512 512 256 496 523 314
768 512 256 700 549 373
1024 512 256 928 577 385
1280 512 256 1172 597 383
1536 512 256 1459 581 371
1792 512 256 1733 588 379
2048 512 256 1999 609 402
2303 512 256 2318 693 463
2559 512 256 2619 763 511
2815 512 256 2892 810 538
3071 512 256 3138 835 554
3327 512 256 3374 851 565
3583 512 256 3592 851 571
3839 512 256 3800 839 574
4095 512 256 4001 820 576
0 768 256 221 764 312
256 768 256 349 767 303
512 768 256 521 771 302
768 768 256 758 776 316
1024 768 256 1003 781 324
1280 768 256 1249 787 335
1536 768 256 1491 795 363
1792 768 256 1764 826 404
2048 768 256 2058 873 454
2303 768 256 2362 930 499
2559 768 256 2651 974 533
2815 768 256 2914 1000 552
3071 768 256 3156 1012 564
3327 768 256 3388 1018 573
3583 768 256 3607 1011 577
3839 768 256 3811 998 580
4095 768 256 4006 980 581
0 1024 256 292 1019 338
256 1024 256 396 1022 328
512 1024 256 551 1024 323
768 1024 256 782 1025 325
1024 1024 256 1038 1039 344
1280 1024 256 1301 1058 370
1536 1024 256 1569 1087 411
1792 1024 256 1850 1121 451
2048 1024 256 2140 1158 491
2303 1024 256 2419 1189 523
2559 1024 256 2688 1214 550
2815 1024 256 2938 1227 568
3071 1024 256 3173 1231 579
3327 1024 256 3402 1229 586
3583 1024 256 3619 1216 588
3839 1024 256 3820 1201 590
4095 1024 256 4010 1183 593
0 1280 256 387 1297 385
256 1280 256 471 1299 376
512 1280 256 607 1302 371
768 1280 256 822 1304 372
1024 1280 256 1083 1328 399
1280 1280 256 1359 1361 435
1536 1280 256 1656 1402 477
1792 1280 256 1941 1429 507
2048 1280 256 2217 1448 530
2303 1280 256 2473 1457 550
2559 1280 256 2722 1464 569
2815 1280 256 2961 1468 587
3071 1280 256 3190 1463 595
3327 1280 256 3414 1454 600
3583 1280 256 3630 1437 600
3839 1280 256 3828 1419 602
4095 1280 256 4014 1401 607
0 1536 256 581 1663 507
256 1536 256 649 1667 501
512 1536 256 768 1671 498
768 1536 256 964 1678 500
1024 1536 256 1205 1693 516
1280 1536 256 1463 1710 537
1536 1536 256 1735 1729 562
1792 1536 256 1998 1739 580
2048 1536 256 2255 1741 592
2303 1536 256 2501 1738 600
2559 1536 256 2743 1733 607
2815 1536 256 2978 1724 612
3071 1536 256 3205 1711 612
3327 1536 256 3427 1695 612
3583 1536 256 3639 1674 611
3839 1536 256 3835 1653 615
4095 1536 256 4019 1632 622
0 1792 256 732 1988 599
256 1792 256 788 1991 594
512 1792 256 891 1995 592
768 1792 256 1067 2002 593
1024 1792 256 1292 2010 603
1280 1792 256 1532 2018 617
1536 1792 256 1788 2027 634
1792 1792 256 2040 2030 646
2048 1792 256 2290 2029 656
2303 1792 256 2526 2016 656
2559 1792 256 2761 2003 655
2815 1792 256 2991 1987 651
3071 1792 256 3214 1966 644
3327 1792 256 3433 1944 638
3583 1792 256 3644 1919 630
3839 1792 256 3840 1894 631
4095 1792 256 4026 1869 638
0 2048 256 853 2284 671
256 2048 256 900 2286 667
512 2048 256 991 2288 664
768 2048 256 1147 2292 663
1024 2048 256 1354 2295 671
1280 2048 256 1579 2300 681
1536 2048 256 1824 2305 695
1792 2048 256 2073 2310 709
2048 2048 256 2324 2313 722
2303 2048 256 2550 2293 716
2559 2048 256 2776 2273 708
2815 2048 256 3001 2252 699
3071 2048 256 3220 2228 686
3327 2048 256 3437 2201 671
3583 2048 256 3648 2170 654
3839 2048 256 3845 2139 650
4095 2048 256 4033 2109 654
0 2303 256 936 2541 717
256 2303 256 978 2542 713
512 2303 256 1060 2544 710
768 2303 256 1202 2546 709
1024 2303 256 1396 2549 716
1280 2303 256 1609 2551 725
1536 2303 256 1843 2555 736
1792 2303 256 2084 2559 748
2048 2303 256 2330 2563 760
2303 2303 256 2567 2556 763
2559 2303 256 2797 2541 759
2815 2303 256 3014 2514 745
3071 2303 256 3229 2486 729
3327 2303 256 3442 2457 711
3583 2303 256 3650 2424 692
3839 2303 256 3847 2390 681
4095 2303 256 4039 2355 676
0 2559 256 1008 2789 755
256 2559 256 1046 2790 752
512 2559 256 1120 2792 750
768 2559 256 1250 2793 748
1024 2559 256 1432 2795 753
1280 2559 256 1633 2797 760
1536 2559 256 1858 2799 769
1792 2559 256 2091 2802 779
2048 2559 256 2331 2806 790
2303 2559 256 2574 2807 799
2559 2559 256 2808 2798 800
2815 2559 256 3028 2776 789
3071 2559 256 3240 2746 771
3327 2559 256 3448 2713 751
3583 2559 256 3653 2678 729
3839 2559 256 3851 2641 712
4095 2559 256 4045 2603 697
0 2815 256 1063 3026 783
256 2815 256 1098 3026 780
512 2815 256 1166 3027 777
768 2815 256 1286 3029 775
1024 2815 256 1458 3030 779
1280 2815 256 1648 3031 785
1536 2815 256 1865 3033 792
1792 2815 256 2091 3035 801
2048 2815 256 2324 3037 810
2303 2815 256 2564 3040 820
2559 2815 256 2804 3039 828
2815 2815 256 3042 3035 832
3071 2815 256 3253 3005 815
3327 2815 256 3457 2969 792
3583 2815 256 3659 2932 767
3839 2815 256 3857 2893 742
4095 2815 256 4052 2852 717
0 3071 256 1103 3250 801
256 3071 256 1135 3250 798
512 3071 256 1199 3251 795
768 3071 256 1311 3253 793
1024 3071 256 1474 3254 796
1280 3071 256 1657 3255 801
1536 3071 256 1866 3256 807
1792 3071 256 2086 3258 815
2048 3071 256 2313 3259 823
2303 3071 256 2549 3261 832
2559 3071 256 2787 3263 841
2815 3071 256 3027 3264 849
3071 3071 256 3252 3248 845
3327 3071 256 3468 3225 832
3583 3071 256 3667 3186 804
3839 3071 256 3863 3144 774
4095 3071 256 4058 3102 741
0 3327 256 1136 3469 814
256 3327 256 1166 3469 811
512 3327 256 1226 3470 809
768 3327 256 1331 3471 806
1024 3327 256 1487 3472 809
1280 3327 256 1662 3473 813
1536 3327 256 1864 3474 818
1792 3327 256 2078 3475 825
2048 3327 256 2299 3476 832
2303 3327 256 2530 3478 840
2559 3327 256 2765 3480 849
2815 3327 256 3003 3482 858
3071 3327 256 3242 3482 865
3327 3327 256 3473 3473 866
3583 3327 256 3674 3437 839
3839 3327 256 3870 3396 808
4095 3327 256 4063 3352 774
0 3583 256 1157 3678 820
256 3583 256 1185 3679 817
512 3583 256 1241 3680 814
768 3583 256 1341 3681 811
1024 3583 256 1491 3682 813
1280 3583 256 1660 3682 816
1536 3583 256 1856 3683 821
1792 3583 256 2064 3684 826
2048 3583 256 2281 3686 832
2303 3583 256 2507 3687 839
2559 3583 256 2738 3689 847
2815 3583 256 2972 3690 855
3071 3583 256 3210 3691 863
3327 3583 256 3445 3690 868
3583 3583 256 3672 3678 865
3839 3583 256 3877 3646 852
4095 3583 256 4067 3599 834
0 3839 256 1187 3881 834
256 3839 256 1215 3881 832
512 3839 256 1270 3882 831
768 3839 256 1366 3882 830
1024 3839 256 1509 3883 831
1280 3839 256 1670 3884 833
1536 3839 256 1860 3885 838
1792 3839 256 2062 3886 844
2048 3839 256 2273 3886 851
2303 3839 256 2494 3888 858
2559 3839 256 2719 3889 866
2815 3839 256 2949 3891 874
3071 3839 256 3183 3892 885
3327 3839 256 3418 3894 896
3583 3839 256 3654 3893 906
3839 3839 256 3870 3874 913
4095 3839 256 4072 3841 918
0 4095 256 1225 4078 853
256 4095 256 1254 4078 854
512 4095 256 1308 4078 855
768 4095 256 1402 4079 857
1024 4095 256 1536 4079 858
1280 4095 256 1687 4080 859
1536 4095 256 1871 4081 866
1792 4095 256 2067 4081 874
2048 4095 256 2272 4082 883
2303 4095 256 2487 4083 890
2559 4095 256 2706 4085 899
2815 4095 256 2930 4086 909
3071 4095 256 3160 4087 925
3327 4095 256 3392 4089 942
3583 4095 256 3625 4091 958
3839 4095 256 3854 4086 985
4095 4095 256 4080 4078 1018
0 0 512 48 54 504
256 0 512 265 55 506
512 0 512 495 71 507
768 0 512 743 109 509
1024 0 512 984 165 517
1280 0 512 1225 219 525
1536 0 512 1476 250 531
1792 0 512 1725 283 540
2048 0 512 1974 319 549
2303 0 512 2286 440 600
2559 0 512 2586 545 644
2815 0 512 2869 625 678
3071 0 512 3120 667 694
3327 0 512 3358 695 703
3583 0 512 3578 701 705
3839 0 512 3789 691 702
4095 0 512 3993 671 697
0 256 512 89 275 508
256 256 512 283 275 514
512 256 512 491 287 523
768 256 512 718 316 536
1024 256 512 939 364 555
1280 256 512 1172 405 567
1536 256 512 1460 398 549
1792 256 512 1726 408 545
2048 256 512 1976 432 552
2303 256 512 2296 540 607
2559 256 512 2599 632 652
2815 256 512 2877 697 683
3071 256 512 3126 732 697
3327 256 512 3363 754 705
3583 256 512 3583 757 706
3839 256 512 3793 747 704
4095 256 512 3996 727 698
0 512 512 142 509 511
256 512 512 306 511 515
512 512 512 495 518 523
768 512 512 719 535 537
1024 512 512 935 570 559
1280 512 512 1164 597 575
1536 512 512 1452 580 560
1792 512 512 1728 587 562
2048 512 512 1997 611 575
2303 512 512 2317 698 626
2559 512 512 2619 769 667
2815 512 512 2892 816 691
3071 512 512 3138 841 702
3327 512 512 3373 856 709
3583 512 512 3592 855 709
3839 512 512 3799 843 706
4095 512 512 4000 824 700
0 768 512 213 765 516
256 768 512 336 769 505
512 768 512 510 772 500
768 768 512 759 774 503
1024 768 512 994 784 513
1280 768 512 1225 797 530
1536 768 512 1454 814 563
1792 768 512 1733 847 596
2048 768 512 2045 891 628
2303 768 512 2355 942 664
2559 768 512 2649 982 690
2815 768 512 2915 1006 705
3071 768 512 3157 1017 712
3327 768 512 3389 1022 716
3583 768 512 3606 1016 714
3839 768 512 3810 1001 710
4095 768 512 4005 982 705
0 1024 512 283 1020 527
256 1024 512 381 1024 513
512 1024 512 535 1027 503
768 1024 512 771 1028 499
1024 1024 512 1028 1044 515
1280 1024 512 1291 1067 539
1536 1024 512 1554 1099 580
1792 1024 512 1835 1134 621
2048 1024 512 2129 1172 663
2303 1024 512 2411 1202 691
2559 1024 512 2682 1224 712
2815 1024 512 2937 1235 722
3071 1024 512 3175 1236 725
3327 1024 512 3405 1233 726
3583 1024 512 3623 1219 720
3839 1024 512 3822 1203 716
4095 1024 512 4009 1186 714
0 1280 512 379 1297 559
256 1280 512 457 1301 546
512 1280 512 589 1305 535
768 1280 512 803 1309 526
1024 1280 512 1074 1335 546
1280 1280 512 1363 1367 574
1536 1280 512 1667 1402 611
1792 1280 512 1947 1431 651
2048 1280 512 2212 1455 693
2303 1280 512 2466 1467 714
2559 1280 512 2716 1475 729
2815 1280 512 2961 1476 736
3071 1280 512 3193 1469 737
3327 1280 512 3420 1458 735
3583 1280 512 3638 1437 726
3839 1280 512 3833 1419 724
4095 1280 512 4012 1403 726
0 1536 512 576 1665 668
256 1536 512 637 1669 657
512 1536 512 751 1675 648
768 1536 512 942 1683 640
1024 1536 512 1189 1698 649
1280 1536 512 1454 1715 664
1536 1536 512 1735 1732 688
1792 1536 512 2001 1741 708
2048 1536 512 2258 1743 725
2303 1536 512 2506 1740 732
2559 1536 512 2750 1734 737
2815 1536 512 2987 1725 738
3071 1536 512 3213 1712 739
3327 1536 512 3435 1696 738
3583 1536 512 3649 1672 730
3839 1536 512 3841 1652 731
4095 1536 512 4018 1635 738
0 1792 512 728 1989 747
256 1792 512 779 1993 739
512 1792 512 877 1998 731
768 1792 512 1047 2006 722
1024 1792 512 1273 2015 726
1280 1792 512 1518 2023 734
1536 1792 512 1781 2031 751
1792 1792 512 2039 2032 764
2048 1792 512 2293 2029 774
2303 1792 512 2533 2016 771
2559 1792 512 2770 2001 768
2815 1792 512 3001 1985 764
3071 1792 512 3224 1965 758
3327 1792 512 3443 1943 750
3583 1792 512 3656 1915 736
3839 1792 512 3848 1892 738
4095 1792 512 4025 1871 751
0 2048 512 851 2285 808
256 2048 512 894 2287 800
512 2048 512 979 2290 793
768 2048 512 1128 2295 784
1024 2048 512 1336 2299 786
1280 2048 512 1563 2304 792
1536 2048 512 1814 2308 806
1792 2048 512 2067 2312 820
2048 2048 512 2322 2315 833
2303 2048 512 2552 2295 825
2559 2048 512 2780 2274 816
2815 2048 512 3007 2252 804
3071 2048 512 3229 2226 788
3327 2048 512 3448 2197 769
3583 2048 512 3662 2163 745
3839 2048 512 3854 2135 746
4095 2048 512 4032 2111 763
0 2303 512 934 2541 843
256 2303 512 973 2543 837
512 2303 512 1050 2545 830
768 2303 512 1186 2549 823
1024 2303 512 1379 2552 823
1280 2303 512 1593 2555 828
1536 2303 512 1832 2558 839
1792 2303 512 2077 2561 850
2048 2303 512 2326 2564 862
2303 2303 512 2565 2557 864
2559 2303 512 2798 2542 859
2815 2303 512 3018 2515 843
3071 2303 512 3234 2486 824
3327 2303 512 3449 2455 804
3583 2303 512 3660 2420 778
3839 2303 512 3854 2387 773
4095 2303 512 4038 2356 780
0 2559 512 1006 2790 873
256 2559 512 1041 2791 867
512 2559 512 1112 2793 861
768 2559 512 1235 2796 854
1024 2559 512 1415 2798 853
1280 2559 512 1616 2801 856
1536 2559 512 1845 2803 865
1792 2559 512 2082 2805 875
2048 2559 512 2325 2808 885
2303 2559 512 2570 2808 893
2559 2559 512 2806 2799 893
2815 2559 512 3029 2777 881
3071 2559 512 3242 2746 862
3327 2559 512 3453 2713 839
3583 2559 512 3660 2677 812
3839 2559 512 3856 2640 799
4095 2559 512 4045 2603 797
0 2815 512 1062 3026 892
256 2815 512 1094 3027 887
512 2815 512 1158 3028 881
768 2815 512 1272 3031 874
1024 2815 512 1441 3033 872
1280 2815 512 1631 3035 874
1536 2815 512 1851 3036 881
1792 2815 512 2081 3038 889
2048 2815 512 2317 3040 898
2303 2815 512 2559 3042 907
2559 2815 512 2801 3041 914
2815 2815 512 3040 3036 917
3071 2815 512 3253 3006 899
3327 2815 512 3459 2969 874
3583 2815 512 3663 2931 845
3839 2815 512 3860 2892 825
4095 2815 512 4052 2852 812
0 3071 512 1102 3250 903
256 3071 512 1131 3251 899
512 3071 512 1192 3252 893
768 3071 512 1298 3254 886
1024 3071 512 1458 3256 884
1280 3071 512 1639 3258 884
1536 3071 512 1852 3259 890
1792 3071 512 2075 3260 897
2048 3071 512 2304 3262 905
2303 3071 512 2542 3264 914
2559 3071 512 2782 3265 922
2815 3071 512 3024 3265 929
3071 3071 512 3251 3249 924
3327 3071 512 3469 3226 910
3583 3071 512 3669 3186 878
3839 3071 512 3865 3144 851
4095 3071 512 4059 3102 829
0 3327 512 1135 3469 911
256 3327 512 1163 3470 906
512 3327 512 1219 3471 901
768 3327 512 1319 3473 893
1024 3327 512 1471 3474 891
1280 3327 512 1644 3476 890
1536 3327 512 1849 3477 895
1792 3327 512 2066 3478 901
2048 3327 512 2290 3479 908
2303 3327 512 2523 3480 916
2559 3327 512 2759 3482 924
2815 3327 512 2999 3484 933
3071 3327 512 3239 3483 939
3327 3327 512 3471 3474 938
3583 3327 512 3674 3438 908
3839 3327 512 3871 3396 880
4095 3327 512 4064 3352 853
0 3583 512 1156 3678 912
256 3583 512 1181 3679 907
512 3583 512 1234 3681 901
768 3583 512 1328 3682 893
1024 3583 512 1473 3684 889
1280 3583 512 1639 3685 887
1536 3583 512 1839 3686 892
1792 3583 512 2050 3687 896
2048 3583 512 2269 3688 902
2303 3583 512 2498 3690 909
2559 3583 512 2730 3691 915
2815 3583 512 2967 3692 923
3071 3583 512 3205 3693 930
3327 3583 512 3443 3691 934
3583 3583 512 3671 3679 929
3839 3583 512 3877 3647 918
4095 3583 512 4068 3600 903
0 3839 512 1188 3881 921
256 3839 512 1213 3881 918
512 3839 512 1265 3882 914
768 3839 512 1357 3884 909
1024 3839 512 1497 3885 907
1280 3839 512 1656 3886 907
1536 3839 512 1848 3887 911
1792 3839 512 2052 3887 916
2048 3839 512 2264 3888 923
2303 3839 512 2487 3889 929
2559 3839 512 2714 3891 936
2815 3839 512 2945 3892 944
3071 3839 512 3180 3894 954
3327 3839 512 3416 3895 964
3583 3839 512 3653 3894 973
3839 3839 512 3870 3874 979
4095 3839 512 4073 3841 985
0 4095 512 1226 4078 936
256 4095 512 1254 4078 936
512 4095 512 1307 4079 936
768 4095 512 1401 4079 937
1024 4095 512 1535 4079 938
1280 4095 512 1688 4080 940
1536 4095 512 1871 4081 946
1792 4095 512 2067 4081 953
2048 4095 512 2271 4082 961
2303 4095 512 2486 4083 968
2559 4095 512 2706 4085 976
2815 4095 512 2930 4086 986
3071 4095 512 3160 4087 1000
3327 4095 512 3391 4089 1014
3583 4095 512 3625 4091 1030
3839 4095 512 3853 4086 1056
4095 4095 512 4079 4078 1088
0 0 768 93 113 760
256 0 768 281 78 759
512 0 768 493 72 759
768 0 768 742 108 761
1024 0 768 990 146 763
1280 0 768 1238 184 766
1536 0 768 1487 218 770
1792 0 768 1734 258 775
2048 0 768 1980 300 780
2303 0 768 2291 437 834
2559 0 768 2590 551 878
2815 0 768 2869 633 908
3071 0 768 3119 675 918
3327 0 768 3357 702 921
3583 0 768 3577 707 915
3839 0 768 3788 697 904
4095 0 768 3992 677 891
0 256 768 107 296 760
256 256 768 283 282 780
512 256 768 493 277 791
768 256 768 755 287 787
1024 256 768 1002 307 782
1280 256 768 1247 328 777
1536 256 768 1500 345 773
1792 256 768 1745 375 775
2048 256 768 1985 415 781
2303 256 768 2301 538 840
2559 256 768 2601 639 887
2815 256 768 2876 706 913
3071 256 768 3124 740 921
3327 256 768 3361 762 923
3583 256 768 3581 764 916
3839 256 768 3791 753 905
4095 256 768 3995 732 892
0 512 768 144 509 762
256 512 768 299 507 787
512 512 768 498 505 800
768 512 768 764 501 794
1024 512 768 999 513 792
1280 512 768 1229 530 791
1536 512 768 1469 544 794
1792 512 768 1726 572 801
2048 512 768 1995 609 811
2303 512 768 2315 704 863
2559 512 768 2616 780 903
2815 512 768 2887 828 922
3071 512 768 3134 851 927
3327 512 768 3370 865 927
3583 512 768 3589 863 919
3839 512 768 3798 850 907
4095 512 768 3999 829 893
0 768 768 214 764 767
256 768 768 334 767 773
512 768 768 509 768 774
768 768 768 767 767 771
1024 768 768 973 788 787
1280 768 768 1168 816 810
1536 768 768 1372 854 840
1792 768 768 1663 890 865
2048 768 768 2013 925 886
2303 768 768 2336 967 912
2559 768 768 2638 1001 931
2815 768 768 2906 1022 938
3071 768 768 3150 1030 938
3327 768 768 3384 1033 933
3583 768 768 3603 1025 923
3839 768 768 3808 1008 911
4095 768 768 4004 986 896
0 1024 768 284 1019 772
256 1024 768 381 1023 769
512 1024 768 531 1027 761
768 1024 768 760 1030 747
1024 1024 768 1006 1057 766
1280 1024 768 1257 1090 793
1536 1024 768 1515 1126 826
1792 1024 768 1796 1165 879
2048 1024 768 2092 1207 943
2303 1024 768 2379 1235 963
2559 1024 768 2658 1253 972
2815 1024 768 2924 1257 964
3071 1024 768 3167 1253 954
3327 1024 768 3402 1245 943
3583 1024 768 3623 1226 926
3839 1024 768 3822 1207 913
4095 1024 768 4007 1189 903
0 1280 768 379 1298 797
256 1280 768 457 1301 789
512 1280 768 583 1307 775
768 1280 768 780 1315 750
1024 1280 768 1064 1344 764
1280 1280 768 1372 1376 787
1536 1280 768 1686 1403 817
1792 1280 768 1951 1438 885
2048 1280 768 2182 1479 978
2303 1280 768 2432 1499 995
2559 1280 768 2687 1508 998
2815 1280 768 2948 1499 980
3071 1280 768 3188 1487 965
3327 1280 768 3421 1470 950
3583 1280 768 3644 1440 927
3839 1280 768 3837 1421 915
4095 1280 768 4011 1407 911
0 1536 768 574 1667 900
256 1536 768 636 1671 893
512 1536 768 743 1678 880
768 1536 768 917 1690 858
1024 1536 768 1168 1707 854
1280 1536 768 1442 1724 860
1536 1536 768 1736 1737 883
1792 1536 768 2004 1745 911
2048 1536 768 2257 1750 943
2303 1536 768 2507 1747 945
2559 1536 768 2755 1741 946
2815 1536 768 2996 1729 944
3071 1536 768 3221 1718 946
3327 1536 768 3442 1703 944
3583 1536 768 3660 1672 921
3839 1536 768 3848 1652 915
4095 1536 768 4015 1639 922
0 1792 768 726 1991 970
256 1792 768 776 1994 964
512 1792 768 868 2001 952
768 1792 768 1023 2012 932
1024 1792 768 1248 2022 921
1280 1792 768 1496 2031 918
1536 1792 768 1771 2036 937
1792 1792 768 2038 2035 950
2048 1792 768 2299 2030 959
2303 1792 768 2544 2015 954
2559 1792 768 2784 1999 949
2815 1792 768 3016 1983 947
3071 1792 768 3237 1965 943
3327 1792 768 3456 1945 935
3583 1792 768 3674 1910 908
3839 1792 768 3859 1888 910
4095 1792 768 4022 1875 930
0 2048 768 847 2285 1018
256 2048 768 891 2287 1012
512 2048 768 972 2292 1002
768 2048 768 1109 2299 984
1024 2048 768 1312 2305 973
1280 2048 768 1538 2311 968
1536 2048 768 1798 2314 983
1792 2048 768 2058 2316 997
2048 2048 768 2319 2317 1010
2303 2048 768 2554 2297 1002
2559 2048 768 2787 2275 990
2815 2048 768 3017 2252 974
3071 2048 768 3243 2223 951
3327 2048 768 3466 2192 925
3583 2048 768 3686 2152 890
3839 2048 768 3870 2128 900
4095 2048 768 4030 2113 938
0 2303 768 931 2541 1042
256 2303 768 970 2543 1037
512 2303 768 1044 2546 1027
768 2303 768 1169 2552 1012
1024 2303 768 1356 2557 1000
1280 2303 768 1566 2562 994
1536 2303 768 1814 2564 1005
1792 2303 768 2065 2565 1017
2048 2303 768 2319 2567 1028
2303 2303 768 2563 2559 1029
2559 2303 768 2800 2543 1022
2815 2303 768 3023 2516 1003
3071 2303 768 3243 2485 980
3327 2303 768 3462 2452 954
3583 2303 768 3677 2413 918
3839 2303 768 3866 2383 920
4095 2303 768 4038 2357 949
0 2559 768 1004 2790 1059
256 2559 768 1039 2791 1055
512 2559 768 1106 2794 1046
768 2559 768 1220 2798 1032
1024 2559 768 1392 2803 1020
1280 2559 768 1589 2807 1012
1536 2559 768 1825 2808 1021
1792 2559 768 2068 2809 1030
2048 2559 768 2315 2811 1040
2303 2559 768 2564 2811 1047
2559 2559 768 2804 2801 1045
2815 2559 768 3030 2778 1031
3071 2559 768 3247 2747 1009
3327 2559 768 3460 2712 983
3583 2559 768 3672 2673 945
3839 2559 768 3864 2638 941
4095 2559 768 4045 2604 960
0 2815 768 1060 3026 1068
256 2815 768 1092 3027 1064
512 2815 768 1153 3029 1056
768 2815 768 1258 3033 1042
1024 2815 768 1418 3037 1028
1280 2815 768 1602 3041 1019
1536 2815 768 1829 3041 1026
1792 2815 768 2064 3043 1033
2048 2815 768 2305 3044 1042
2303 2815 768 2551 3045 1050
2559 2815 768 2796 3043 1056
2815 2815 768 3038 3037 1058
3071 2815 768 3254 3007 1038
3327 2815 768 3463 2970 1011
3583 2815 768 3670 2930 972
3839 2815 768 3865 2891 963
4095 2815 768 4052 2852 972
0 3071 768 1101 3250 1071
256 3071 768 1130 3251 1066
512 3071 768 1187 3253 1059
768 3071 768 1285 3256 1045
1024 3071 768 1435 3260 1031
1280 3071 768 1609 3263 1021
1536 3071 768 1828 3264 1027
1792 3071 768 2056 3265 1033
2048 3071 768 2291 3266 1040
2303 3071 768 2532 3267 1048
2559 3071 768 2775 3267 1056
2815 3071 768 3020 3267 1062
3071 3071 768 3249 3251 1055
3327 3071 768 3469 3227 1039
3583 3071 768 3673 3186 1000
3839 3071 768 3869 3144 982
4095 3071 768 4060 3102 978
0 3327 768 1134 3469 1070
256 3327 768 1162 3470 1066
512 3327 768 1215 3471 1058
768 3327 768 1306 3474 1045
1024 3327 768 1447 3478 1030
1280 3327 768 1612 3481 1019
1536 3327 768 1824 3482 1023
1792 3327 768 2045 3483 1029
2048 3327 768 2274 3483 1035
2303 3327 768 2510 3484 1042
2559 3327 768 2750 3485 1050
2815 3327 768 2993 3486 1057
3071 3327 768 3235 3485 1062
3327 3327 768 3469 3476 1059
3583 3327 768 3675 3439 1024
3839 3327 768 3873 3397 1002
4095 3327 768 4067 3352 987
0 3583 768 1156 3678 1064
256 3583 768 1181 3679 1059
512 3583 768 1230 3681 1051
768 3583 768 1314 3684 1036
1024 3583 768 1446 3688 1019
1280 3583 768 1603 3691 1006
1536 3583 768 1809 3692 1009
1792 3583 768 2025 3692 1014
2048 3583 768 2249 3693 1018
2303 3583 768 2481 3694 1024
2559 3583 768 2717 3695 1030
2815 3583 768 2957 3696 1037
3071 3583 768 3198 3696 1042
3327 3583 768 3438 3693 1045
3583 3583 768 3669 3681 1038
3839 3583 768 3877 3648 1029
4095 3583 768 4070 3601 1020
0 3839 768 1189 3881 1066
256 3839 768 1214 3881 1063
512 3839 768 1263 3883 1057
768 3839 768 1348 3885 1048
1024 3839 768 1479 3887 1037
1280 3839 768 1633 3889 1029
1536 3839 768 1828 3890 1032
1792 3839 768 2036 3891 1037
2048 3839 768 2251 3891 1042
2303 3839 768 2476 3892 1048
2559 3839 768 2705 3893 1054
2815 3839 768 2938 3894 1061
3071 3839 768 3175 3896 1069
3327 3839 768 3412 3896 1077
3583 3839 768 3651 3895 1084
3839 3839 768 3869 3875 1091
4095 3839 768 4074 3842 1098
0 4095 768 1229 4078 1074
256 4095 768 1256 4078 1073
512 4095 768 1309 4078 1073
768 4095 768 1400 4079 1072
1024 4095 768 1535 4080 1074
1280 4095 768 1688 4080 1076
1536 4095 768 1871 4081 1081
1792 4095 768 2067 4081 1086
2048 4095 768 2270 4082 1092
2303 4095 768 2486 4083 1099
2559 4095 768 2706 4085 1106
2815 4095 768 2931 4086 1115
3071 4095 768 3160 4088 1126
3327 4095 768 3391 4089 1138
3583 4095 768 3624 4091 1153
3839 4095 768 3853 4086 1176
4095 4095 768 4078 4076 1206
0 0 1024 107 113 1010
256 0 1024 286 79 1009
512 0 1024 493 72 1009
768 0 1024 741 107 1012
1024 0 1024 990 141 1014
1280 0 1024 1239 176 1016
1536 0 1024 1488 212 1018
1792 0 1024 1736 250 1021
2048 0 1024 1983 290 1025
2303 0 1024 2300 431 1083
2559 0 1024 2601 547 1127
2815 0 1024 2878 623 1152
3071 0 1024 3125 667 1158
3327 0 1024 3360 697 1157
3583 0 1024 3579 706 1147
3839 0 1024 3788 698 1132
4095 0 1024 3991 681 1114
0 256 1024 112 296 1011
256 256 1024 281 281 1032
512 256 1024 489 274 1046
768 256 1024 755 279 1048
1024 256 1024 1009 294 1038
1280 256 1024 1259 312 1027
1536 256 1024 1506 334 1024
1792 256 1024 1750 363 1024
2048 256 1024 1993 397 1026
2303 256 1024 2314 524 1088
2559 256 1024 2616 627 1134
2815 256 1024 2887 691 1156
3071 256 1024 3132 730 1161
3327 256 1024 3365 756 1159
3583 256 1024 3583 763 1148
3839 256 1024 3792 753 1133
4095 256 1024 3995 734 1114
0 512 1024 143 508 1013
256 512 1024 293 505 1042
512 512 1024 491 500 1062
768 512 1024 761 490 1068
1024 512 1024 1014 494 1057
1280 512 1024 1260 503 1045
1536 512 1024 1501 518 1041
1792 512 1024 1757 545 1045
2048 512 1024 2023 579 1054
2303 512 1024 2341 678 1108
2559 512 1024 2638 759 1147
2815 512 1024 2901 810 1163
3071 512 1024 3142 840 1166
3327 512 1024 3373 861 1163
3583 512 1024 3590 863 1151
3839 512 1024 3798 851 1135
4095 512 1024 3999 829 1115
0 768 1024 214 763 1019
256 768 1024 332 765 1032
512 768 1024 505 764 1047
768 768 1024 757 760 1064
1024 768 1024 997 766 1069
1280 768 1024 1232 776 1071
1536 768 1024 1461 795 1074
1792 768 1024 1752 830 1093
2048 768 1024 2084 876 1122
2303 768 1024 2387 924 1148
2559 768 1024 2671 968 1167
2815 768 1024 2922 1004 1176
3071 768 1024 3158 1022 1175
3327 768 1024 3386 1033 1169
3583 768 1024 3602 1029 1157
3839 768 1024 3806 1014 1139
4095 768 1024 4003 990 1117
0 1024 1024 284 1019 1023
256 1024 1024 381 1021 1027
512 1024 1024 528 1024 1031
768 1024 1024 751 1026 1035
1024 1024 1024 1020 1048 1053
1280 1024 1024 1294 1075 1075
1536 1024 1024 1542 1107 1099
1792 1024 1024 1806 1153 1145
2048 1024 1024 2082 1207 1206
2303 1024 1024 2371 1235 1220
2559 1024 1024 2652 1255 1224
2815 1024 1024 2919 1262 1212
3071 1024 1024 3163 1260 1199
3327 1024 1024 3397 1254 1184
3583 1024 1024 3619 1234 1162
3839 1024 1024 3820 1214 1142
4095 1024 1024 4006 1193 1123
0 1280 1024 380 1297 1047
256 1280 1024 458 1301 1045
512 1280 1024 582 1306 1039
768 1280 1024 774 1314 1028
1024 1280 1024 1066 1348 1050
1280 1280 1024 1373 1388 1082
1536 1280 1024 1646 1428 1123
1792 1280 1024 1883 1475 1187
2048 1280 1024 2097 1527 1264
2303 1280 1024 2365 1544 1279
2559 1280 1024 2637 1547 1277
2815 1280 1024 2914 1531 1250
3071 1280 1024 3167 1511 1224
3327 1280 1024 3410 1488 1197
3583 1280 1024 3637 1453 1166
3839 1280 1024 3833 1428 1144
4095 1280 1024 4009 1411 1130
0 1536 1024 578 1669 1154
256 1536 1024 639 1673 1150
512 1536 1024 744 1680 1143
768 1536 1024 913 1693 1128
1024 1536 1024 1162 1712 1125
1280 1536 1024 1435 1731 1130
1536 1536 1024 1723 1746 1155
1792 1536 1024 1989 1756 1177
2048 1536 1024 2241 1763 1199
2303 1536 1024 2459 1778 1249
2559 1536 1024 2686 1785 1279
2815 1536 1024 2924 1782 1275
3071 1536 1024 3177 1757 1241
3327 1536 1024 3427 1725 1201
3583 1536 1024 3650 1688 1166
3839 1536 1024 3842 1662 1147
4095 1536 1024 4013 1643 1139
0 1792 1024 729 1993 1220
256 1792 1024 780 1997 1216
512 1792 1024 870 2003 1208
768 1792 1024 1021 2015 1192
1024 1792 1024 1240 2026 1178
1280 1792 1024 1485 2036 1171
1536 1792 1024 1767 2040 1186
1792 1792 1024 2040 2037 1194
2048 1792 1024 2307 2031 1198
2303 1792 1024 2519 2032 1236
2559 1792 1024 2738 2029 1257
2815 1792 1024 2966 2021 1251
3071 1792 1024 3211 1993 1217
3327 1792 1024 3453 1959 1178
3583 1792 1024 3669 1923 1149
3839 1792 1024 3854 1898 1141
4095 1792 1024 4019 1879 1146
0 2048 1024 849 2286 1260
256 2048 1024 893 2288 1256
512 2048 1024 973 2292 1247
768 2048 1024 1109 2299 1232
1024 2048 1024 1305 2307 1217
1280 2048 1024 1527 2314 1207
1536 2048 1024 1790 2317 1217
1792 2048 1024 2054 2318 1229
2048 2048 1024 2319 2319 1242
2303 2048 1024 2557 2299 1234
2559 2048 1024 2794 2277 1219
2815 2048 1024 3029 2252 1194
3071 2048 1024 3259 2222 1166
3327 2048 1024 3483 2190 1139
3583 2048 1024 3690 2158 1121
3839 2048 1024 3868 2135 1129
4095 2048 1024 4027 2118 1153
0 2303 1024 932 2541 1275
256 2303 1024 971 2543 1271
512 2303 1024 1044 2546 1263
768 2303 1024 1168 2552 1249
1024 2303 1024 1349 2559 1234
1280 2303 1024 1554 2565 1222
1536 2303 1024 1801 2568 1225
1792 2303 1024 2055 2569 1233
2048 2303 1024 2315 2570 1244
2303 2303 1024 2563 2562 1246
2559 2303 1024 2803 2546 1237
2815 2303 1024 3031 2517 1213
3071 2303 1024 3256 2485 1182
3327 2303 1024 3478 2450 1150
3583 2303 1024 3692 2411 1115
3839 2303 1024 3875 2382 1122
4095 2303 1024 4036 2360 1157
0 2559 1024 1004 2790 1284
256 2559 1024 1039 2791 1281
512 2559 1024 1106 2794 1273
768 2559 1024 1219 2798 1260
1024 2559 1024 1385 2804 1244
1280 2559 1024 1575 2810 1230
1536 2559 1024 1807 2813 1227
1792 2559 1024 2052 2814 1232
2048 2559 1024 2306 2815 1242
2303 2559 1024 2559 2814 1249
2559 2559 1024 2804 2804 1247
2815 2559 1024 3033 2780 1230
3071 2559 1024 3255 2747 1200
3327 2559 1024 3473 2711 1165
3583 2559 1024 3690 2668 1119
3839 2559 1024 3877 2634 1124
4095 2559 1024 4044 2605 1164
0 2815 1024 1059 3026 1285
256 2815 1024 1091 3027 1281
512 2815 1024 1152 3029 1274
768 2815 1024 1256 3033 1261
1024 2815 1024 1410 3039 1243
1280 2815 1024 1587 3044 1227
1536 2815 1024 1807 3047 1220
1792 2815 1024 2043 3048 1223
2048 2815 1024 2291 3049 1231
2303 2815 1024 2541 3049 1239
2559 2815 1024 2791 3046 1244
2815 2815 1024 3037 3039 1244
3071 2815 1024 3257 3008 1219
3327 2815 1024 3470 2970 1185
3583 2815 1024 3682 2929 1140
3839 2815 1024 3873 2890 1141
4095 2815 1024 4051 2853 1173
0 3071 1024 1100 3250 1279
256 3071 1024 1130 3251 1276
512 3071 1024 1186 3253 1269
768 3071 1024 1283 3257 1256
1024 3071 1024 1427 3261 1238
1280 3071 1024 1594 3266 1220
1536 3071 1024 1801 3270 1210
1792 3071 1024 2029 3271 1209
2048 3071 1024 2271 3272 1216
2303 3071 1024 2517 3272 1224
2559 3071 1024 2765 3271 1230
2815 3071 1024 3014 3270 1235
3071 3071 1024 3247 3253 1225
3327 3071 1024 3472 3228 1204
3583 3071 1024 3679 3186 1161
3839 3071 1024 3874 3144 1156
4095 3071 1024 4060 3102 1176
0 3327 1024 1134 3469 1271
256 3327 1024 1161 3470 1268
512 3327 1024 1214 3472 1260
768 3327 1024 1304 3475 1247
1024 3327 1024 1439 3479 1229
1280 3327 1024 1596 3484 1210
1536 3327 1024 1792 3488 1196
1792 3327 1024 2012 3490 1193
2048 3327 1024 2248 3490 1199
2303 3327 1024 2490 3490 1205
2559 3327 1024 2735 3490 1211
2815 3327 1024 2983 3490 1218
3071 3327 1024 3228 3488 1221
3327 3327 1024 3467 3477 1216
3583 3327 1024 3676 3440 1179
3839 3327 1024 3875 3397 1169
4095 3327 1024 4068 3352 1178
0 3583 1024 1156 3679 1258
256 3583 1024 1181 3679 1254
512 3583 1024 1229 3681 1246
768 3583 1024 1311 3685 1232
1024 3583 1024 1437 3689 1211
1280 3583 1024 1585 3694 1190
1536 3583 1024 1774 3698 1174
1792 3583 1024 1988 3700 1170
2048 3583 1024 2219 3700 1174
2303 3583 1024 2458 3700 1179
2559 3583 1024 2699 3700 1184
2815 3583 1024 2943 3701 1189
3071 3583 1024 3189 3700 1194
3327 3583 1024 3432 3696 1196
3583 3583 1024 3666 3683 1186
3839 3583 1024 3877 3649 1184
4095 3583 1024 4073 3602 1186
0 3839 1024 1189 3881 1253
256 3839 1024 1214 3881 1251
512 3839 1024 1263 3883 1245
768 3839 1024 1346 3885 1235
1024 3839 1024 1473 3888 1222
1280 3839 1024 1621 3891 1209
1536 3839 1024 1806 3894 1200
1792 3839 1024 2011 3895 1199
2048 3839 1024 2231 3896 1203
2303 3839 1024 2460 3896 1208
2559 3839 1024 2693 3897 1213
2815 3839 1024 2929 3898 1219
3071 3839 1024 3168 3898 1226
3327 3839 1024 3408 3898 1232
3583 3839 1024 3648 3897 1238
3839 3839 1024 3868 3876 1246
4095 3839 1024 4075 3842 1256
0 4095 1024 1231 4078 1254
256 4095 1024 1257 4078 1253
512 4095 1024 1310 4079 1253
768 4095 1024 1400 4079 1252
1024 4095 1024 1535 4080 1253
1280 4095 1024 1689 4080 1255
1536 4095 1024 1872 4081 1259
1792 4095 1024 2067 4081 1264
2048 4095 1024 2271 4082 1268
2303 4095 1024 2486 4083 1274
2559 4095 1024 2706 4085 1281
2815 4095 1024 2931 4086 1288
3071 4095 1024 3160 4088 1297
3327 4095 1024 3391 4089 1308
3583 4095 1024 3625 4091 1320
3839 4095 1024 3852 4085 1341
4095 4095 1024 4076 4074 1368
0 0 1280 117 100 1259
256 0 1280 290 75 1258
512 0 1280 492 73 1260
768 0 1280 740 106 1264
1024 0 1280 989 141 1266
1280 0 1280 1238 176 1268
1536 0 1280 1487 212 1270
1792 0 1280 1736 247 1272
2048 0 1280 1985 283 1274
2303 0 1280 2308 429 1336
2559 0 1280 2613 544 1382
2815 0 1280 2887 613 1402
3071 0 1280 3131 657 1405
3327 0 1280 3364 690 1400
3583 0 1280 3582 700 1386
3839 0 1280 3790 695 1367
4095 0 1280 3992 680 1345
0 256 1280 115 291 1261
256 256 1280 279 278 1281
512 256 1280 482 272 1297
768 256 1280 746 277 1309
1024 256 1280 1002 292 1300
1280 256 1280 1255 311 1287
1536 256 1280 1504 333 1281
1792 256 1280 1752 358 1278
2048 256 1280 2000 384 1278
2303 256 1280 2327 514 1342
2559 256 1280 2632 616 1388
2815 256 1280 2900 675 1405
3071 256 1280 3140 716 1406
3327 256 1280 3370 747 1401
3583 256 1280 3586 756 1387
3839 256 1280 3794 749 1368
4095 256 1280 3997 730 1345
0 512 1280 142 508 1264
256 512 1280 289 504 1292
512 512 1280 483 497 1319
768 512 1280 747 487 1342
1024 512 1280 1013 486 1329
1280 512 1280 1277 489 1309
1536 512 1280 1528 498 1294
1792 512 1280 1788 521 1294
2048 512 1280 2053 553 1304
2303 512 1280 2369 654 1359
2559 512 1280 2661 736 1397
2815 512 1280 2918 789 1410
3071 512 1280 3153 825 1410
3327 512 1280 3379 851 1405
3583 512 1280 3594 857 1390
3839 512 1280 3800 847 1370
4095 512 1280 4001 826 1346
0 768 1280 213 762 1271
256 768 1280 331 763 1289
512 768 1280 499 761 1316
768 768 1280 743 755 1356
1024 768 1280 1022 743 1353
1280 768 1280 1304 731 1336
1536 768 1280 1564 727 1311
1792 768 1280 1853 762 1324
2048 768 1280 2162 822 1364
2303 768 1280 2444 878 1390
2559 768 1280 2708 931 1410
2815 768 1280 2944 979 1420
3071 768 1280 3171 1006 1418
3327 768 1280 3392 1024 1411
3583 768 1280 3605 1025 1396
3839 768 1280 3807 1013 1374
4095 768 1280 4003 990 1348
0 1024 1280 284 1018 1276
256 1024 1280 381 1020 1285
512 1024 1280 527 1022 1302
768 1024 1280 746 1024 1331
1024 1024 1280 1039 1037 1350
1280 1024 1280 1337 1055 1367
1536 1024 1280 1583 1080 1380
1792 1024 1280 1839 1128 1415
2048 1024 1280 2101 1191 1464
2303 1024 1280 2388 1218 1471
2559 1024 1280 2666 1239 1471
2815 1024 1280 2929 1251 1459
3071 1024 1280 3168 1254 1445
3327 1024 1280 3399 1252 1428
3583 1024 1280 3620 1235 1404
3839 1024 1280 3819 1216 1378
4095 1024 1280 4005 1195 1353
0 1280 1280 381 1297 1301
256 1280 1280 459 1300 1304
512 1280 1280 584 1306 1310
768 1280 1280 778 1316 1321
1024 1280 1280 1072 1353 1356
1280 1280 1280 1375 1398 1397
1536 1280 1280 1615 1448 1446
1792 1280 1280 1839 1499 1493
2048 1280 1280 2053 1551 1539
2303 1280 1280 2334 1562 1548
2559 1280 1280 2616 1562 1543
2815 1280 1280 2899 1543 1515
3071 1280 1280 3157 1521 1482
3327 1280 1280 3404 1496 1448
3583 1280 1280 3633 1460 1412
3839 1280 1280 3831 1434 1383
4095 1280 1280 4008 1413 1359
0 1536 1280 585 1672 1413
256 1536 1280 645 1675 1414
512 1536 1280 749 1682 1414
768 1536 1280 916 1695 1414
1024 1536 1280 1162 1716 1416
1280 1536 1280 1432 1737 1424
1536 1536 1280 1715 1753 1447
1792 1536 1280 1976 1766 1462
2048 1536 1280 2223 1775 1472
2303 1536 1280 2408 1807 1562
2559 1536 1280 2614 1829 1614
2815 1536 1280 2850 1834 1609
3071 1536 1280 3131 1795 1542
3327 1536 1280 3410 1747 1467
3583 1536 1280 3637 1706 1424
3839 1536 1280 3834 1673 1391
4095 1536 1280 4011 1647 1366
0 1792 1280 737 1996 1478
256 1792 1280 787 1999 1477
512 1792 1280 877 2005 1474
768 1792 1280 1026 2016 1467
1024 1792 1280 1239 2028 1456
1280 1792 1280 1480 2039 1447
1536 1792 1280 1767 2041 1458
1792 1792 1280 2040 2040 1464
2048 1792 1280 2302 2036 1467
2303 1792 1280 2482 2054 1541
2559 1792 1280 2678 2066 1583
2815 1792 1280 2899 2068 1578
3071 1792 1280 3168 2029 1515
3327 1792 1280 3436 1981 1446
3583 1792 1280 3654 1943 1413
3839 1792 1280 3844 1911 1390
4095 1792 1280 4017 1884 1373
0 2048 1280 856 2286 1512
256 2048 1280 900 2288 1509
512 2048 1280 981 2292 1504
768 2048 1280 1117 2299 1496
1024 2048 1280 1307 2308 1481
1280 2048 1280 1523 2316 1469
1536 2048 1280 1789 2318 1476
1792 2048 1280 2054 2319 1488
2048 2048 1280 2320 2320 1503
2303 2048 1280 2554 2303 1497
2559 2048 1280 2786 2284 1485
2815 2048 1280 3013 2264 1466
3071 2048 1280 3247 2235 1431
3327 2048 1280 3477 2203 1399
3583 2048 1280 3680 2174 1387
3839 2048 1280 3859 2147 1382
4095 2048 1280 4023 2123 1380
0 2303 1280 936 2541 1520
256 2303 1280 976 2543 1517
512 2303 1280 1049 2546 1512
768 2303 1280 1174 2552 1503
1024 2303 1280 1350 2559 1487
1280 2303 1280 1550 2567 1473
1536 2303 1280 1794 2570 1468
1792 2303 1280 2049 2572 1474
2048 2303 1280 2313 2572 1487
2303 2303 1280 2561 2565 1489
2559 2303 1280 2801 2550 1480
2815 2303 1280 3028 2523 1456
3071 2303 1280 3258 2490 1417
3327 2303 1280 3485 2454 1377
3583 2303 1280 3699 2415 1342
3839 2303 1280 3878 2385 1348
4095 2303 1280 4034 2363 1380
0 2559 1280 1006 2790 1522
256 2559 1280 1042 2791 1519
512 2559 1280 1109 2794 1514
768 2559 1280 1223 2798 1504
1024 2559 1280 1385 2805 1487
1280 2559 1280 1570 2811 1470
1536 2559 1280 1795 2816 1456
1792 2559 1280 2040 2818 1456
2048 2559 1280 2299 2818 1467
2303 2559 1280 2556 2817 1473
2559 2559 1280 2804 2807 1470
2815 2559 1280 3037 2782 1451
3071 2559 1280 3263 2748 1412
3327 2559 1280 3487 2710 1367
3583 2559 1280 3706 2665 1319
3839 2559 1280 3888 2631 1330
4095 2559 1280 4043 2606 1383
0 2815 1280 1060 3026 1516
256 2815 1280 1092 3027 1513
512 2815 1280 1153 3029 1507
768 2815 1280 1258 3033 1496
1024 2815 1280 1408 3039 1478
1280 2815 1280 1580 3045 1458
1536 2815 1280 1790 3051 1438
1792 2815 1280 2025 3054 1433
2048 2815 1280 2277 3053 1439
2303 2815 1280 2532 3053 1447
2559 2815 1280 2786 3049 1452
2815 2815 1280 3036 3042 1451
3071 2815 1280 3261 3010 1420
3327 2815 1280 3479 2971 1378
3583 2815 1280 3695 2927 1327
3839 2815 1280 3883 2888 1338
4095 2815 1280 4051 2854 1389
0 3071 1280 1100 3250 1503
256 3071 1280 1130 3251 1500
512 3071 1280 1187 3253 1494
768 3071 1280 1284 3256 1483
1024 3071 1280 1425 3262 1465
1280 3071 1280 1585 3268 1443
1536 3071 1280 1779 3275 1416
1792 3071 1280 2004 3278 1407
2048 3071 1280 2249 3278 1409
2303 3071 1280 2502 3277 1416
2559 3071 1280 2755 3276 1422
2815 3071 1280 3008 3273 1426
3071 3071 1280 3246 3255 1412
3327 3071 1280 3475 3229 1388
3583 3071 1280 3687 3186 1340
3839 3071 1280 3880 3143 1347
4095 3071 1280 4060 3102 1391
0 3327 1280 1134 3469 1488
256 3327 1280 1162 3470 1485
512 3327 1280 1214 3472 1479
768 3327 1280 1304 3475 1468
1024 3327 1280 1437 3480 1449
1280 3327 1280 1587 3486 1425
1536 3327 1280 1766 3493 1392
1792 3327 1280 1981 3497 1378
2048 3327 1280 2219 3497 1378
2303 3327 1280 2468 3497 1384
2559 3327 1280 2719 3496 1389
2815 3327 1280 2972 3495 1395
3071 3327 1280 3222 3491 1397
3327 3327 1280 3465 3480 1390
3583 3327 1280 3679 3441 1350
3839 3327 1280 3878 3398 1355
4095 3327 1280 4068 3352 1388
0 3583 1280 1156 3679 1469
256 3583 1280 1181 3680 1465
512 3583 1280 1229 3681 1458
768 3583 1280 1311 3685 1446
1024 3583 1280 1434 3690 1424
1280 3583 1280 1574 3696 1398
1536 3583 1280 1745 3703 1363
1792 3583 1280 1953 3707 1347
2048 3583 1280 2185 3708 1345
2303 3583 1280 2431 3707 1349
2559 3583 1280 2679 3707 1354
2815 3583 1280 2928 3706 1358
3071 3583 1280 3179 3704 1362
3327 3583 1280 3426 3700 1362
3583 3583 1280 3664 3685 1351
3839 3583 1280 3878 3651 1356
4095 3583 1280 4075 3603 1372
0 3839 1280 1189 3881 1457
256 3839 1280 1214 3882 1454
512 3839 1280 1263 3883 1449
768 3839 1280 1346 3885 1441
1024 3839 1280 1471 3888 1427
1280 3839 1280 1614 3892 1411
1536 3839 1280 1787 3897 1390
1792 3839 1280 1989 3900 1381
2048 3839 1280 2209 3901 1381
2303 3839 1280 2442 3901 1385
2559 3839 1280 2679 3901 1389
2815 3839 1280 2918 3901 1394
3071 3839 1280 3161 3901 1400
3327 3839 1280 3404 3901 1405
3583 3839 1280 3646 3898 1409
3839 3839 1280 3868 3877 1419
4095 3839 1280 4077 3842 1434
0 4095 1280 1231 4078 1450
256 4095 1280 1257 4078 1449
512 4095 1280 1310 4079 1448
768 4095 1280 1400 4079 1448
1024 4095 1280 1536 4080 1449
1280 4095 1280 1690 4080 1451
1536 4095 1280 1872 4081 1454
1792 4095 1280 2067 4081 1457
2048 4095 1280 2271 4082 1462
2303 4095 1280 2487 4083 1466
2559 4095 1280 2706 4085 1472
2815 4095 1280 2931 4086 1478
3071 4095 1280 3160 4088 1486
3327 4095 1280 3391 4089 1495
3583 4095 1280 3625 4091 1506
3839 4095 1280 3852 4084 1524
4095 4095 1280 4074 4072 1547
0 0 1536 148 97 1509
256 0 1536 301 72 1509
512 0 1536 491 71 1511
768 0 1536 739 105 1515
1024 0 1536 988 141 1518
1280 0 1536 1237 176 1520
1536 0 1536 1486 212 1522
1792 0 1536 1735 247 1523
2048 0 1536 1984 283 1525
2303 0 1536 2313 439 1596
2559 0 1536 2620 559 1645
2815 0 1536 2890 621 1661
3071 0 1536 3134 659 1660
3327 0 1536 3368 684 1651
3583 0 1536 3586 687 1633
3839 0 1536 3795 678 1610
4095 0 1536 3996 660 1584
0 256 1536 126 290 1511
256 256 1536 281 277 1529
512 256 1536 478 271 1546
768 256 1536 736 275 1564
1024 256 1536 994 291 1556
1280 256 1536 1250 311 1544
1536 256 1536 1500 333 1538
1792 256 1536 1752 361 1537
2048 256 1536 2007 394 1540
2303 256 1536 2334 526 1607
2559 256 1536 2637 627 1652
2815 256 1536 2903 681 1665
3071 256 1536 3144 714 1662
3327 256 1536 3376 737 1652
3583 256 1536 3593 739 1633
3839 256 1536 3800 731 1610
4095 256 1536 4000 715 1584
0 512 1536 141 507 1514
256 512 1536 287 503 1540
512 512 1536 476 496 1569
768 512 1536 733 484 1601
1024 512 1536 1000 483 1595
1280 512 1536 1267 487 1579
1536 512 1536 1521 496 1561
1792 512 1536 1788 526 1563
2048 512 1536 2063 568 1579
2303 512 1536 2376 666 1630
2559 512 1536 2667 743 1664
2815 512 1536 2925 787 1671
3071 512 1536 3161 814 1665
3327 512 1536 3389 832 1654
3583 512 1536 3604 834 1635
3839 512 1536 3807 827 1611
4095 512 1536 4003 814 1585
0 768 1536 213 762 1521
256 768 1536 330 761 1540
512 768 1536 494 758 1571
768 768 1536 727 751 1621
1024 768 1536 1005 737 1633
1280 768 1536 1288 725 1629
1536 768 1536 1552 723 1596
1792 768 1536 1849 764 1609
2048 768 1536 2168 834 1652
2303 768 1536 2449 884 1671
2559 768 1536 2716 928 1682
2815 768 1536 2959 961 1681
3071 768 1536 3189 979 1671
3327 768 1536 3412 990 1657
3583 768 1536 3621 992 1637
3839 768 1536 3818 988 1613
4095 768 1536 4007 980 1587
0 1024 1536 284 1017 1527
256 1024 1536 380 1018 1539
512 1024 1536 528 1023 1567
768 1024 1536 752 1034 1618
1024 1024 1536 1038 1042 1650
1280 1024 1536 1335 1051 1671
1536 1024 1536 1615 1064 1667
1792 1024 1536 1909 1095 1685
2048 1024 1536 2210 1140 1716
2303 1024 1536 2479 1164 1715
2559 1024 1536 2740 1184 1709
2815 1024 1536 2985 1196 1697
3071 1024 1536 3210 1206 1682
3327 1024 1536 3428 1211 1665
3583 1024 1536 3638 1204 1642
3839 1024 1536 3829 1196 1617
4095 1024 1536 4008 1189 1591
0 1280 1536 384 1297 1556
256 1280 1536 461 1299 1562
512 1280 1536 593 1311 1584
768 1280 1536 804 1337 1627
1024 1280 1536 1088 1367 1670
1280 1280 1536 1388 1398 1709
1536 1280 1536 1683 1424 1735
1792 1280 1536 1961 1442 1753
2048 1280 1536 2228 1456 1767
2303 1280 1536 2479 1468 1761
2559 1280 1536 2729 1473 1750
2815 1280 1536 2977 1470 1730
3071 1280 1536 3209 1466 1706
3327 1280 1536 3434 1459 1680
3583 1280 1536 3649 1438 1651
3839 1280 1536 3837 1424 1624
4095 1280 1536 4009 1412 1597
0 1536 1536 599 1675 1677
256 1536 1536 658 1678 1681
512 1536 1536 761 1686 1690
768 1536 1536 931 1702 1707
1024 1536 1536 1171 1720 1724
1280 1536 1536 1436 1737 1738
1536 1536 1536 1735 1746 1749
1792 1536 1536 1988 1760 1762
2048 1536 1536 2210 1776 1776
2303 1536 1536 2397 1807 1815
2559 1536 1536 2606 1827 1837
2815 1536 1536 2844 1833 1830
3071 1536 1536 3124 1798 1779
3327 1536 1536 3401 1753 1721
3583 1536 1536 3631 1711 1676
3839 1536 1536 3831 1677 1638
4095 1536 1536 4010 1649 1605
0 1792 1536 756 1998 1743
256 1792 1536 805 2001 1744
512 1792 1536 894 2007 1747
768 1792 1536 1042 2016 1750
1024 1792 1536 1250 2028 1751
1280 1792 1536 1486 2038 1753
1536 1792 1536 1776 2039 1762
1792 1792 1536 2025 2047 1778
2048 1792 1536 2246 2059 1799
2303 1792 1536 2427 2079 1833
2559 1792 1536 2619 2096 1861
2815 1792 1536 2828 2107 1878
3071 1792 1536 3103 2071 1824
3327 1792 1536 3385 2021 1754
3583 1792 1536 3626 1969 1693
3839 1792 1536 3832 1925 1648
4095 1792 1536 4014 1887 1613
0 2048 1536 874 2286 1772
256 2048 1536 919 2288 1772
512 2048 1536 1002 2291 1771
768 2048 1536 1142 2297 1769
1024 2048 1536 1326 2306 1761
1280 2048 1536 1536 2313 1758
1536 2048 1536 1808 2312 1774
1792 2048 1536 2068 2313 1799
2048 2048 1536 2319 2317 1830
2303 2048 1536 2530 2308 1827
2559 2048 1536 2724 2308 1844
2815 2048 1536 2888 2322 1892
3071 2048 1536 3125 2305 1851
3327 2048 1536 3380 2273 1784
3583 2048 1536 3629 2216 1706
3839 2048 1536 3838 2168 1654
4095 2048 1536 4019 2128 1620
0 2303 1536 949 2541 1776
256 2303 1536 989 2543 1775
512 2303 1536 1064 2545 1773
768 2303 1536 1191 2550 1768
1024 2303 1536 1365 2557 1760
1280 2303 1536 1563 2564 1752
1536 2303 1536 1807 2567 1752
1792 2303 1536 2059 2568 1764
2048 2303 1536 2316 2569 1784
2303 2303 1536 2554 2566 1782
2559 2303 1536 2778 2559 1782
2815 2303 1536 2982 2546 1784
3071 2303 1536 3215 2517 1738
3327 2303 1536 3453 2481 1682
3583 2303 1536 3678 2435 1635
3839 2303 1536 3866 2398 1618
4095 2303 1536 4029 2368 1622
0 2559 1536 1014 2789 1774
256 2559 1536 1050 2790 1772
512 2559 1536 1118 2793 1768
768 2559 1536 1233 2797 1762
1024 2559 1536 1396 2803 1752
1280 2559 1536 1581 2809 1740
1536 2559 1536 1802 2815 1727
1792 2559 1536 2044 2817 1726
2048 2559 1536 2300 2817 1734
2303 2559 1536 2556 2817 1736
2559 2559 1536 2803 2807 1729
2815 2559 1536 3038 2785 1711
3071 2559 1536 3269 2750 1665
3327 2559 1536 3495 2711 1616
3583 2559 1536 3708 2669 1580
3839 2559 1536 3885 2636 1587
4095 2559 1536 4040 2610 1623
0 2815 1536 1064 3025 1762
256 2815 1536 1097 3026 1760
512 2815 1536 1159 3029 1756
768 2815 1536 1264 3032 1748
1024 2815 1536 1415 3038 1734
1280 2815 1536 1586 3045 1718
1536 2815 1536 1790 3051 1698
1792 2815 1536 2019 3055 1685
2048 2815 1536 2264 3058 1677
2303 2815 1536 2525 3056 1685
2559 2815 1536 2783 3051 1690
2815 2815 1536 3037 3044 1690
3071 2815 1536 3266 3012 1654
3327 2815 1536 3488 2971 1608
3583 2815 1536 3708 2926 1553
3839 2815 1536 3891 2888 1565
4095 2815 1536 4050 2855 1623
0 3071 1536 1103 3249 1744
256 3071 1536 1133 3250 1742
512 3071 1536 1190 3252 1737
768 3071 1536 1288 3256 1729
1024 3071 1536 1429 3261 1714
1280 3071 1536 1589 3268 1695
1536 3071 1536 1778 3275 1668
1792 3071 1536 1994 3281 1647
2048 3071 1536 2226 3285 1630
2303 3071 1536 2486 3282 1637
2559 3071 1536 2746 3280 1643
2815 3071 1536 3005 3277 1648
3071 3071 1536 3247 3258 1632
3327 3071 1536 3482 3232 1605
3583 3071 1536 3699 3185 1550
3839 3071 1536 3888 3143 1564
4095 3071 1536 4059 3103 1624
0 3327 1536 1136 3469 1724
256 3327 1536 1164 3469 1721
512 3327 1536 1216 3471 1716
768 3327 1536 1307 3475 1707
1024 3327 1536 1439 3480 1690
1280 3327 1536 1588 3486 1669
1536 3327 1536 1764 3494 1638
1792 3327 1536 1967 3500 1610
2048 3327 1536 2187 3506 1586
2303 3327 1536 2444 3504 1591
2559 3327 1536 2703 3502 1596
2815 3327 1536 2962 3500 1601
3071 3327 1536 3219 3496 1603
3327 3327 1536 3467 3484 1596
3583 3327 1536 3685 3443 1551
3839 3327 1536 3883 3398 1566
4095 3327 1536 4068 3352 1620
0 3583 1536 1157 3679 1700
256 3583 1536 1182 3679 1697
512 3583 1536 1230 3681 1690
768 3583 1536 1313 3685 1679
1024 3583 1536 1435 3690 1660
1280 3583 1536 1575 3696 1637
1536 3583 1536 1744 3704 1604
1792 3583 1536 1937 3710 1573
2048 3583 1536 2147 3717 1544
2303 3583 1536 2401 3715 1547
2559 3583 1536 2656 3714 1551
2815 3583 1536 2913 3712 1555
3071 3583 1536 3169 3709 1558
3327 3583 1536 3422 3704 1557
3583 3583 1536 3665 3688 1544
3839 3583 1536 3880 3652 1559
4095 3583 1536 4078 3603 1594
0 3839 1536 1188 3881 1680
256 3839 1536 1213 3882 1678
512 3839 1536 1263 3883 1674
768 3839 1536 1347 3885 1667
1024 3839 1536 1472 3888 1655
1280 3839 1536 1615 3892 1640
1536 3839 1536 1787 3897 1620
1792 3839 1536 1979 3902 1601
2048 3839 1536 2183 3906 1583
2303 3839 1536 2422 3906 1586
2559 3839 1536 2663 3906 1590
2815 3839 1536 2907 3905 1594
3071 3839 1536 3153 3905 1599
3327 3839 1536 3399 3904 1603
3583 3839 1536 3645 3900 1606
3839 3839 1536 3869 3877 1622
4095 3839 1536 4078 3841 1646
0 4095 1536 1226 4079 1665
256 4095 1536 1253 4079 1665
512 4095 1536 1307 4079 1665
768 4095 1536 1400 4079 1665
1024 4095 1536 1536 4080 1666
1280 4095 1536 1691 4080 1668
1536 4095 1536 1873 4081 1670
1792 4095 1536 2068 4081 1673
2048 4095 1536 2271 4082 1677
2303 4095 1536 2487 4083 1681
2559 4095 1536 2707 4085 1685
2815 4095 1536 2932 4086 1691
3071 4095 1536 3161 4088 1697
3327 4095 1536 3392 4089 1705
3583 4095 1536 3625 4091 1714
3839 4095 1536 3851 4084 1730
4095 4095 1536 4071 4070 1750
0 0 1792 176 104 1759
256 0 1792 311 74 1760
512 0 1792 491 70 1762
768 0 1792 738 105 1766
1024 0 1792 986 141 1769
1280 0 1792 1235 176 1772
1536 0 1792 1484 211 1774
1792 0 1792 1740 259 1782
2048 0 1792 2000 315 1794
2303 0 1792 2325 462 1862
2559 0 1792 2627 574 1908
2815 0 1792 2893 632 1922
3071 0 1792 3136 664 1917
3327 0 1792 3370 685 1905
3583 0 1792 3588 685 1884
3839 0 1792 3797 672 1857
4095 0 1792 3998 650 1828
0 256 1792 136 292 1761
256 256 1792 283 277 1777
512 256 1792 474 270 1795
768 256 1792 729 274 1815
1024 256 1792 987 290 1810
1280 256 1792 1245 310 1800
1536 256 1792 1496 332 1794
1792 256 1792 1759 374 1801
2048 256 1792 2029 429 1819
2303 256 1792 2346 548 1878
2559 256 1792 2643 640 1918
2815 256 1792 2905 690 1927
3071 256 1792 3146 718 1920
3327 256 1792 3378 736 1907
3583 256 1792 3595 735 1884
3839 256 1792 3802 723 1857
4095 256 1792 4003 704 1828
0 512 1792 141 507 1765
256 512 1792 285 502 1788
512 512 1792 471 494 1817
768 512 1792 721 481 1854
1024 512 1792 987 480 1855
1280 512 1792 1256 485 1845
1536 512 1792 1517 498 1830
1792 512 1792 1795 539 1839
2048 512 1792 2083 598 1864
2303 512 1792 2386 684 1906
2559 512 1792 2672 752 1933
2815 512 1792 2928 791 1935
3071 512 1792 3165 813 1925
3327 512 1792 3393 828 1909
3583 512 1792 3608 826 1886
3839 512 1792 3811 817 1858
4095 512 1792 4007 803 1828
0 768 1792 213 761 1772
256 768 1792 329 760 1790
512 768 1792 489 756 1822
768 768 1792 715 748 1875
1024 768 1792 987 732 1904
1280 768 1792 1271 721 1916
1536 768 1792 1553 732 1890
1792 768 1792 1857 779 1903
2048 768 1792 2176 850 1942
2303 768 1792 2454 894 1953
2559 768 1792 2719 931 1956
2815 768 1792 2965 957 1948
3071 768 1792 3195 971 1932
3327 768 1792 3418 979 1912
3583 768 1792 3628 978 1888
3839 768 1792 3824 974 1860
4095 768 1792 4010 970 1830
0 1024 1792 302 1025 1788
256 1024 1792 397 1027 1803
512 1024 1792 542 1032 1835
768 1024 1792 760 1043 1893
1024 1024 1792 1035 1045 1940
1280 1024 1792 1326 1048 1975
1536 1024 1792 1629 1060 1971
1792 1024 1792 1939 1087 1980
2048 1024 1792 2253 1124 1997
2303 1024 1792 2515 1146 1987
2559 1024 1792 2767 1164 1975
2815 1024 1792 3006 1177 1958
3071 1024 1792 3227 1186 1939
3327 1024 1792 3443 1190 1917
3583 1024 1792 3651 1182 1891
3839 1024 1792 3838 1180 1863
4095 1024 1792 4012 1180 1833
0 1280 1792 416 1311 1826
256 1280 1792 493 1315 1837
512 1280 1792 622 1327 1866
768 1280 1792 830 1354 1921
1024 1280 1792 1097 1376 1976
1280 1280 1792 1387 1396 2023
1536 1280 1792 1704 1407 2038
1792 1280 1792 2006 1414 2042
2048 1280 1792 2297 1418 2038
2303 1280 1792 2543 1426 2020
2559 1280 1792 2785 1432 2000
2815 1280 1792 3019 1434 1978
3071 1280 1792 3241 1433 1954
3327 1280 1792 3459 1429 1928
3583 1280 1792 3667 1412 1898
3839 1280 1792 3848 1405 1868
4095 1280 1792 4012 1405 1838
0 1536 1792 618 1676 1939
256 1536 1792 676 1680 1946
512 1536 1792 777 1687 1961
768 1536 1792 945 1702 1987
1024 1536 1792 1175 1716 2016
1280 1536 1792 1433 1729 2038
1536 1536 1792 1738 1736 2028
1792 1536 1792 1997 1750 2031
2048 1536 1792 2226 1768 2043
2303 1536 1792 2449 1778 2056
2559 1536 1792 2680 1784 2058
2815 1536 1792 2919 1783 2043
3071 1536 1792 3180 1753 2003
3327 1536 1792 3437 1718 1957
3583 1536 1792 3653 1686 1917
3839 1536 1792 3842 1663 1879
4095 1536 1792 4013 1645 1845
0 1792 1792 781 1996 2002
256 1792 1792 829 1998 2005
512 1792 1792 915 2003 2011
768 1792 1792 1058 2011 2022
1024 1792 1792 1258 2021 2034
1280 1792 1792 1487 2031 2042
1536 1792 1792 1774 2034 2034
1792 1792 1792 2021 2045 2043
2048 1792 1792 2243 2062 2064
2303 1792 1792 2448 2069 2081
2559 1792 1792 2653 2077 2096
2815 1792 1792 2859 2085 2109
3071 1792 1792 3119 2056 2068
3327 1792 1792 3386 2015 2012
3583 1792 1792 3628 1964 1947
3839 1792 1792 3833 1922 1895
4095 1792 1792 4014 1887 1853
0 2048 1792 918 2285 2030
256 2048 1792 962 2286 2031
512 2048 1792 1041 2289 2032
768 2048 1792 1170 2295 2035
1024 2048 1792 1344 2304 2036
1280 2048 1792 1546 2311 2039
1536 2048 1792 1811 2311 2053
1792 2048 1792 2068 2313 2072
2048 2048 1792 2320 2318 2096
2303 2048 1792 2508 2320 2099
2559 2048 1792 2679 2331 2122
2815 2048 1792 2826 2357 2175
3071 2048 1792 3058 2348 2144
3327 2048 1792 3316 2319 2082
3583 2048 1792 3596 2244 1984
3839 2048 1792 3823 2183 1914
4095 2048 1792 4016 2132 1862
0 2303 1792 977 2540 2033
256 2303 1792 1017 2541 2032
512 2303 1792 1091 2544 2032
768 2303 1792 1216 2548 2032
1024 2303 1792 1388 2554 2031
1280 2303 1792 1582 2561 2029
1536 2303 1792 1817 2565 2029
1792 2303 1792 2069 2565 2044
2048 2303 1792 2332 2563 2068
2303 2303 1792 2551 2567 2070
2559 2303 1792 2758 2567 2075
2815 2303 1792 2946 2563 2081
3071 2303 1792 3163 2546 2054
3327 2303 1792 3391 2521 2014
3583 2303 1792 3629 2471 1955
3839 2303 1792 3837 2422 1907
4095 2303 1792 4024 2374 1868
0 2559 1792 1030 2788 2028
256 2559 1792 1067 2789 2027
512 2559 1792 1135 2791 2026
768 2559 1792 1252 2795 2023
1024 2559 1792 1418 2800 2018
1280 2559 1792 1602 2806 2012
1536 2559 1792 1814 2812 2002
1792 2559 1792 2057 2813 2007
2048 2559 1792 2320 2809 2022
2303 2559 1792 2564 2812 2028
2559 2559 1792 2800 2806 2025
2815 2559 1792 3024 2789 2008
3071 2559 1792 3237 2766 1981
3327 2559 1792 3449 2738 1949
3583 2559 1792 3665 2701 1907
3839 2559 1792 3857 2660 1883
4095 2559 1792 4034 2616 1869
0 2815 1792 1074 3025 2013
256 2815 1792 1107 3026 2012
512 2815 1792 1169 3028 2009
768 2815 1792 1275 3031 2004
1024 2815 1792 1427 3036 1995
1280 2815 1792 1598 3042 1984
1536 2815 1792 1800 3049 1968
1792 2815 1792 2027 3053 1957
2048 2815 1792 2271 3055 1950
2303 2815 1792 2533 3052 1965
2559 2815 1792 2789 3048 1973
2815 2815 1792 3037 3044 1968
3071 2815 1792 3262 3015 1935
3327 2815 1792 3481 2978 1892
3583 2815 1792 3702 2933 1833
3839 2815 1792 3887 2893 1830
4095 2815 1792 4047 2857 1865
0 3071 1792 1109 3249 1991
256 3071 1792 1140 3250 1990
512 3071 1792 1197 3252 1986
768 3071 1792 1295 3255 1980
1024 3071 1792 1437 3260 1969
1280 3071 1792 1596 3266 1954
1536 3071 1792 1784 3274 1932
1792 3071 1792 1996 3280 1910
2048 3071 1792 2223 3285 1888
2303 3071 1792 2484 3283 1896
2559 3071 1792 2745 3280 1902
2815 3071 1792 3004 3277 1904
3071 3071 1792 3248 3260 1888
3327 3071 1792 3483 3233 1860
3583 3071 1792 3703 3187 1801
3839 3071 1792 3891 3144 1810
4095 3071 1792 4057 3104 1865
0 3327 1792 1140 3468 1967
256 3327 1792 1168 3469 1965
512 3327 1792 1221 3471 1961
768 3327 1792 1312 3474 1953
1024 3327 1792 1444 3479 1940
1280 3327 1792 1592 3485 1922
1536 3327 1792 1767 3493 1894
1792 3327 1792 1964 3501 1864
2048 3327 1792 2175 3509 1832
2303 3327 1792 2432 3508 1829
2559 3327 1792 2692 3506 1829
2815 3327 1792 2956 3502 1835
3071 3327 1792 3217 3498 1837
3327 3327 1792 3470 3485 1829
3583 3327 1792 3691 3443 1779
3839 3327 1792 3888 3399 1797
4095 3327 1792 4067 3352 1861
0 3583 1792 1160 3678 1938
256 3583 1792 1185 3679 1935
512 3583 1792 1233 3681 1930
768 3583 1792 1316 3684 1921
1024 3583 1792 1438 3689 1904
1280 3583 1792 1577 3696 1884
1536 3583 1792 1745 3703 1855
1792 3583 1792 1932 3712 1821
2048 3583 1792 2133 3720 1783
2303 3583 1792 2381 3721 1773
2559 3583 1792 2635 3720 1769
2815 3583 1792 2899 3717 1772
3071 3583 1792 3161 3714 1775
3327 3583 1792 3419 3707 1774
3583 3583 1792 3667 3690 1758
3839 3583 1792 3883 3653 1785
4095 3583 1792 4078 3603 1839
0 3839 1792 1189 3881 1913
256 3839 1792 1215 3882 1911
512 3839 1792 1264 3883 1908
768 3839 1792 1348 3885 1901
1024 3839 1792 1473 3888 1891
1280 3839 1792 1616 3892 1878
1536 3839 1792 1787 3897 1860
1792 3839 1792 1975 3903 1839
2048 3839 1792 2174 3909 1815
2303 3839 1792 2408 3910 1809
2559 3839 1792 2648 3910 1806
2815 3839 1792 2897 3909 1809
3071 3839 1792 3147 3908 1813
3327 3839 1792 3396 3906 1816
3583 3839 1792 3645 3903 1819
3839 3839 1792 3871 3879 1842
4095 3839 1792 4081 3843 1880
0 4095 1792 1223 4079 1890
256 4095 1792 1252 4079 1890
512 4095 1792 1306 4079 1891
768 4095 1792 1400 4079 1891
1024 4095 1792 1537 4080 1892
1280 4095 1792 1691 4080 1894
1536 4095 1792 1873 4081 1896
1792 4095 1792 2068 4081 1898
2048 4095 1792 2272 4082 1901
2303 4095 1792 2487 4083 1904
2559 4095 1792 2707 4085 1908
2815 4095 1792 2932 4086 1913
3071 4095 1792 3161 4088 1918
3327 4095 1792 3392 4089 1924
3583 4095 1792 3625 4091 1933
3839 4095 1792 3854 4086 1946
4095 4095 1792 4078 4077 1963
0 0 2048 200 119 2008
256 0 2048 320 79 2010
512 0 2048 490 70 2012
768 0 2048 737 105 2016
1024 0 2048 985 141 2020
1280 0 2048 1234 176 2023
1536 0 2048 1483 211 2025
1792 0 2048 1750 279 2044
2048 0 2048 2028 368 2075
2303 0 2048 2341 494 2134
2559 0 2048 2634 591 2173
2815 0 2048 2896 643 2183
3071 0 2048 3137 672 2175
3327 0 2048 3370 691 2161
3583 0 2048 3588 690 2137
3839 0 2048 3797 673 2108
4095 0 2048 3999 646 2075
0 256 2048 145 298 2011
256 256 2048 286 279 2026
512 256 2048 471 269 2043
768 256 2048 721 273 2065
1024 256 2048 980 289 2063
1280 256 2048 1239 309 2054
1536 256 2048 1492 332 2048
1792 256 2048 1769 393 2069
2048 256 2048 2062 479 2108
2303 256 2048 2363 577 2154
2559 256 2048 2649 655 2184
2815 256 2048 2908 700 2189
3071 256 2048 3147 726 2179
3327 256 2048 3378 742 2164
3583 256 2048 3595 740 2139
3839 256 2048 3803 722 2108
4095 256 2048 4005 694 2075
0 512 2048 140 507 2015
256 512 2048 283 502 2036
512 512 2048 466 493 2064
768 512 2048 710 480 2103
1024 512 2048 975 478 2111
1280 512 2048 1246 483 2109
1536 512 2048 1515 503 2099
1792 512 2048 1806 559 2118
2048 512 2048 2111 638 2158
2303 512 2048 2400 707 2186
2559 512 2048 2675 763 2202
2815 512 2048 2929 800 2200
3071 512 2048 3164 820 2186
3327 512 2048 3393 832 2168
3583 512 2048 3608 828 2141
3839 512 2048 3812 813 2110
4095 512 2048 4010 791 2075
0 768 2048 212 761 2022
256 768 2048 327 759 2039
512 768 2048 485 755 2070
768 768 2048 705 746 2124
1024 768 2048 970 728 2167
1280 768 2048 1253 719 2199
1536 768 2048 1561 751 2190
1792 768 2048 1872 802 2204
2048 768 2048 2185 867 2232
2303 768 2048 2457 906 2235
2559 768 2048 2719 939 2232
2815 768 2048 2964 964 2218
3071 768 2048 3194 976 2198
3327 768 2048 3417 982 2174
3583 768 2048 3629 975 2145
3839 768 2048 3826 968 2112
4095 768 2048 4014 960 2076
0 1024 2048 331 1039 2056
256 1024 2048 425 1042 2073
512 1024 2048 564 1046 2105
768 1024 2048 770 1051 2162
1024 1024 2048 1029 1047 2225
1280 1024 2048 1311 1046 2278
1536 1024 2048 1629 1066 2286
1792 1024 2048 1942 1095 2292
2048 1024 2048 2252 1131 2298
2303 1024 2048 2513 1152 2279
2559 1024 2048 2765 1169 2258
2815 1024 2048 3003 1182 2235
3071 1024 2048 3229 1185 2208
3327 1024 2048 3449 1182 2180
3583 1024 2048 3660 1168 2148
3839 1024 2048 3846 1165 2113
4095 1024 2048 4016 1170 2078
0 1280 2048 469 1335 2107
256 1280 2048 544 1342 2124
512 1280 2048 665 1352 2154
768 1280 2048 856 1368 2206
1024 1280 2048 1104 1381 2275
1280 1280 2048 1377 1392 2338
1536 1280 2048 1695 1396 2351
1792 1280 2048 2001 1405 2350
2048 1280 2048 2297 1417 2338
2303 1280 2048 2554 1420 2308
2559 1280 2048 2803 1422 2278
2815 1280 2048 3037 1422 2248
3071 1280 2048 3261 1414 2217
3327 1280 2048 3480 1403 2184
3583 1280 2048 3687 1382 2149
3839 1280 2048 3863 1382 2115
4095 1280 2048 4018 1394 2080
0 1536 2048 641 1677 2201
256 1536 2048 697 1681 2210
512 1536 2048 796 1687 2228
768 1536 2048 958 1697 2258
1024 1536 2048 1177 1707 2299
1280 1536 2048 1425 1716 2327
1536 1536 2048 1729 1724 2292
1792 1536 2048 2004 1738 2280
2048 1536 2048 2261 1756 2284
2303 1536 2048 2543 1732 2287
2559 1536 2048 2808 1713 2278
2815 1536 2048 3048 1700 2250
3071 1536 2048 3279 1678 2217
3327 1536 2048 3501 1655 2184
3583 1536 2048 3692 1641 2150
3839 1536 2048 3862 1636 2117
4095 1536 2048 4017 1637 2086
0 1792 2048 811 1989 2256
256 1792 2048 857 1991 2261
512 1792 2048 939 1996 2270
768 1792 2048 1074 2003 2286
1024 1792 2048 1266 2011 2308
1280 1792 2048 1486 2020 2320
1536 1792 2048 1765 2027 2287
1792 1792 2048 2026 2038 2278
2048 1792 2048 2275 2053 2285
2303 1792 2048 2518 2037 2299
2559 1792 2048 2749 2026 2304
2815 1792 2048 2959 2023 2293
3071 1792 2048 3189 2004 2269
3327 1792 2048 3422 1978 2236
3583 1792 2048 3649 1939 2182
3839 1792 2048 3843 1909 2136
4095 1792 2048 4016 1884 2095
0 2048 2048 979 2282 2285
256 2048 2048 1021 2283 2287
512 2048 2048 1090 2287 2291
768 2048 2048 1201 2293 2298
1024 2048 2048 1364 2302 2307
1280 2048 2048 1554 2310 2316
1536 2048 2048 1803 2314 2318
1792 2048 2048 2060 2318 2320
2048 2048 2048 2322 2322 2322
2303 2048 2048 2486 2336 2333
2559 2048 2048 2647 2353 2347
2815 2048 2048 2805 2375 2364
3071 2048 2048 3027 2372 2353
3327 2048 2048 3276 2348 2322
3583 2048 2048 3574 2263 2235
3839 2048 2048 3813 2194 2165
4095 2048 2048 4013 2136 2106
0 2303 2048 1015 2538 2289
256 2303 2048 1055 2539 2290
512 2303 2048 1127 2541 2292
768 2303 2048 1246 2545 2296
1024 2303 2048 1416 2551 2301
1280 2303 2048 1605 2557 2304
1536 2303 2048 1824 2563 2302
1792 2303 2048 2079 2562 2317
2048 2303 2048 2356 2555 2343
2303 2303 2048 2550 2568 2354
2559 2303 2048 2738 2575 2360
2815 2303 2048 2916 2575 2357
3071 2303 2048 3104 2576 2367
3327 2303 2048 3308 2567 2363
3583 2303 2048 3563 2518 2293
3839 2303 2048 3797 2454 2209
4095 2303 2048 4018 2380 2117
0 2559 2048 1050 2787 2285
256 2559 2048 1088 2788 2285
512 2559 2048 1159 2789 2285
768 2559 2048 1278 2792 2285
1024 2559 2048 1446 2796 2286
1280 2559 2048 1630 2801 2285
1536 2559 2048 1831 2809 2279
1792 2559 2048 2077 2806 2294
2048 2559 2048 2352 2797 2324
2303 2559 2048 2578 2804 2340
2559 2559 2048 2796 2804 2344
2815 2559 2048 2998 2794 2330
3071 2559 2048 3180 2790 2338
3327 2559 2048 3366 2782 2337
3583 2559 2048 3592 2750 2277
3839 2559 2048 3812 2695 2203
4095 2559 2048 4028 2623 2120
0 2815 2048 1087 3024 2267
256 2815 2048 1120 3025 2267
512 2815 2048 1183 3026 2265
768 2815 2048 1290 3029 2263
1024 2815 2048 1443 3034 2259
1280 2815 2048 1615 3040 2254
1536 2815 2048 1815 3046 2244
1792 2815 2048 2043 3049 2242
2048 2815 2048 2291 3049 2244
2303 2815 2048 2551 3044 2273
2559 2815 2048 2801 3042 2285
2815 2815 2048 3036 3042 2273
3071 2815 2048 3251 3019 2247
3327 2815 2048 3462 2988 2211
3583 2815 2048 3684 2947 2150
3839 2815 2048 3874 2904 2121
4095 2815 2048 4044 2861 2112
0 3071 2048 1118 3248 2242
256 3071 2048 1148 3249 2241
512 3071 2048 1206 3251 2239
768 3071 2048 1305 3254 2235
1024 3071 2048 1447 3259 2228
1280 3071 2048 1607 3265 2218
1536 3071 2048 1795 3272 2202
1792 3071 2048 2006 3278 2187
2048 3071 2048 2233 3282 2171
2303 3071 2048 2492 3280 2180
2559 3071 2048 2750 3277 2185
2815 3071 2048 3005 3276 2183
3071 3071 2048 3247 3260 2167
3327 3071 2048 3482 3235 2140
3583 3071 2048 3703 3189 2078
3839 3071 2048 3890 3147 2075
4095 3071 2048 4056 3105 2110
0 3327 2048 1146 3468 2214
256 3327 2048 1174 3468 2212
512 3327 2048 1227 3470 2209
768 3327 2048 1318 3473 2204
1024 3327 2048 1450 3478 2194
1280 3327 2048 1599 3484 2180
1536 3327 2048 1773 3492 2158
1792 3327 2048 1968 3500 2132
2048 3327 2048 2178 3508 2103
2303 3327 2048 2427 3510 2087
2559 3327 2048 2684 3509 2080
2815 3327 2048 2953 3504 2087
3071 3327 2048 3217 3498 2090
3327 3327 2048 3472 3485 2080
3583 3327 2048 3698 3443 2025
3839 3327 2048 3893 3399 2042
4095 3327 2048 4066 3352 2107
0 3583 2048 1165 3678 2181
256 3583 2048 1190 3679 2179
512 3583 2048 1238 3680 2175
768 3583 2048 1320 3684 2167
1024 3583 2048 1442 3689 2153
1280 3583 2048 1580 3695 2137
1536 3583 2048 1748 3703 2112
1792 3583 2048 1935 3711 2082
2048 3583 2048 2135 3720 2049
2303 3583 2048 2368 3725 2019
2559 3583 2048 2616 3726 2001
2815 3583 2048 2886 3722 2005
3071 3583 2048 3153 3717 2007
3327 3583 2048 3417 3710 2004
3583 3583 2048 3670 3693 1988
3839 3583 2048 3886 3654 2025
4095 3583 2048 4077 3602 2100
0 3839 2048 1191 3881 2151
256 3839 2048 1217 3881 2149
512 3839 2048 1266 3883 2146
768 3839 2048 1350 3885 2141
1024 3839 2048 1475 3888 2132
1280 3839 2048 1618 3892 2121
1536 3839 2048 1789 3897 2106
1792 3839 2048 1977 3903 2087
2048 3839 2048 2175 3908 2066
2303 3839 2048 2398 3913 2045
2559 3839 2048 2633 3915 2032
2815 3839 2048 2887 3913 2035
3071 3839 2048 3140 3911 2038
3327 3839 2048 3394 3908 2040
3583 3839 2048 3646 3905 2042
3839 3839 2048 3874 3882 2075
4095 3839 2048 4085 3848 2129
0 4095 2048 1223 4079 2122
256 4095 2048 1251 4079 2122
512 4095 2048 1306 4079 2122
768 4095 2048 1400 4079 2123
1024 4095 2048 1537 4080 2124
1280 4095 2048 1692 4080 2126
1536 4095 2048 1874 4081 2127
1792 4095 2048 2068 4081 2129
2048 4095 2048 2272 4082 2131
2303 4095 2048 2488 4083 2134
2559 4095 2048 2708 4085 2137
2815 4095 2048 2932 4086 2141
3071 4095 2048 3161 4087 2145
3327 4095 2048 3392 4089 2150
3583 4095 2048 3625 4091 2157
3839 4095 2048 3859 4092 2169
4095 4095 2048 4092 4091 2183
0 0 2303 225 133 2255
256 0 2303 331 90 2258
512 0 2303 492 77 2261
768 0 2303 737 106 2266
1024 0 2303 984 140 2270
1280 0 2303 1232 176 2273
1536 0 2303 1481 211 2276
1792 0 2303 1760 298 2307
2048 0 2303 2057 418 2357
2303 0 2303 2357 524 2405
2559 0 2303 2641 607 2437
2815 0 2303 2899 655 2443
3071 0 2303 3139 681 2433
3327 0 2303 3370 697 2417
3583 0 2303 3588 694 2391
3839 0 2303 3796 676 2359
4095 0 2303 3999 647 2324
0 256 2303 153 303 2259
256 256 2303 289 283 2273
512 256 2303 470 271 2290
768 256 2303 717 272 2313
1024 256 2303 975 288 2312
1280 256 2303 1235 309 2306
1536 256 2303 1488 331 2301
1792 256 2303 1774 405 2331
2048 256 2303 2082 514 2385
2303 256 2303 2375 600 2424
2559 256 2303 2654 669 2449
2815 256 2303 2910 711 2451
3071 256 2303 3148 734 2438
3327 256 2303 3378 748 2420
3583 256 2303 3594 744 2393
3839 256 2303 3802 725 2360
4095 256 2303 4005 695 2325
0 512 2303 139 507 2265
256 512 2303 282 501 2284
512 512 2303 463 492 2310
768 512 2303 703 478 2349
1024 512 2303 965 476 2361
1280 512 2303 1235 482 2365
1536 512 2303 1511 506 2360
1792 512 2303 1809 569 2386
2048 512 2303 2120 657 2432
2303 512 2303 2406 722 2456
2559 512 2303 2678 775 2469
2815 512 2303 2930 809 2464
3071 512 2303 3164 827 2447
3327 512 2303 3392 837 2426
3583 512 2303 3607 832 2397
3839 512 2303 3811 815 2363
4095 512 2303 4010 791 2326
0 768 2303 212 761 2271
256 768 2303 326 759 2287
512 768 2303 482 754 2317
768 768 2303 699 744 2368
1024 768 2303 955 725 2421
1280 768 2303 1234 717 2465
1536 768 2303 1561 763 2473
1792 768 2303 1875 815 2487
2048 768 2303 2179 871 2504
2303 768 2303 2454 913 2508
2559 768 2303 2718 947 2503
2815 768 2303 2962 970 2486
3071 768 2303 3192 981 2463
3327 768 2303 3416 986 2436
3583 768 2303 3628 978 2403
3839 768 2303 3826 969 2367
4095 768 2303 4014 959 2327
0 1024 2303 359 1050 2319
256 1024 2303 448 1051 2335
512 1024 2303 581 1053 2365
768 1024 2303 778 1055 2418
1024 1024 2303 1025 1047 2485
1280 1024 2303 1296 1044 2547
1536 1024 2303 1620 1068 2574
1792 1024 2303 1931 1096 2581
2048 1024 2303 2234 1125 2575
2303 1024 2303 2503 1152 2558
2559 1024 2303 2761 1173 2537
2815 1024 2303 3000 1185 2509
3071 1024 2303 3226 1187 2478
3327 1024 2303 3447 1184 2446
3583 1024 2303 3658 1169 2410
3839 1024 2303 3845 1165 2370
4095 1024 2303 4016 1169 2328
0 1280 2303 521 1352 2381
256 1280 2303 588 1356 2395
512 1280 2303 699 1363 2423
768 1280 2303 878 1374 2471
1024 1280 2303 1111 1382 2540
1280 1280 2303 1369 1388 2607
1536 1280 2303 1674 1386 2644
1792 1280 2303 1975 1391 2646
2048 1280 2303 2274 1401 2624
2303 1280 2303 2542 1414 2596
2559 1280 2303 2798 1422 2565
2815 1280 2303 3034 1422 2528
3071 1280 2303 3258 1414 2492
3327 1280 2303 3477 1403 2455
3583 1280 2303 3685 1382 2415
3839 1280 2303 3862 1381 2373
4095 1280 2303 4018 1393 2330
0 1536 2303 667 1674 2453
256 1536 2303 721 1676 2462
512 1536 2303 816 1681 2479
768 1536 2303 972 1689 2508
1024 1536 2303 1183 1696 2552
1280 1536 2303 1419 1702 2592
1536 1536 2303 1704 1704 2604
1792 1536 2303 1985 1711 2601
2048 1536 2303 2263 1722 2588
2303 1536 2303 2543 1717 2583
2559 1536 2303 2808 1708 2567
2815 1536 2303 3049 1695 2533
3071 1536 2303 3280 1674 2496
3327 1536 2303 3501 1652 2458
3583 1536 2303 3695 1636 2416
3839 1536 2303 3865 1630 2374
4095 1536 2303 4020 1632 2333
0 1792 2303 829 1975 2492
256 1792 2303 872 1977 2497
512 1792 2303 952 1980 2508
768 1792 2303 1085 1986 2525
1024 1792 2303 1270 1993 2552
1280 1792 2303 1480 2000 2577
1536 1792 2303 1741 2004 2583
1792 1792 2303 2007 2011 2573
2048 1792 2303 2276 2020 2554
2303 1792 2303 2528 2019 2561
2559 1792 2303 2773 2012 2558
2815 1792 2303 3007 1996 2542
3071 1792 2303 3242 1970 2513
3327 1792 2303 3472 1941 2477
3583 1792 2303 3679 1911 2427
3839 1792 2303 3859 1891 2381
4095 1792 2303 4021 1877 2338
0 2048 2303 1001 2262 2509
256 2048 2303 1037 2263 2511
512 2048 2303 1101 2266 2517
768 2048 2303 1208 2272 2528
1024 2048 2303 1366 2279 2544
1280 2048 2303 1549 2287 2560
1536 2048 2303 1782 2292 2574
1792 2048 2303 2036 2297 2558
2048 2048 2303 2305 2303 2521
2303 2048 2303 2503 2320 2533
2559 2048 2303 2709 2326 2544
2815 2048 2303 2927 2314 2554
3071 2048 2303 3165 2290 2537
3327 2048 2303 3407 2256 2506
3583 2048 2303 3647 2201 2446
3839 2048 2303 3848 2158 2392
4095 2048 2303 4022 2124 2344
0 2303 2303 1051 2529 2530
256 2303 2303 1090 2530 2531
512 2303 2303 1163 2531 2533
768 2303 2303 1286 2534 2538
1024 2303 2303 1442 2540 2547
1280 2303 2303 1614 2547 2556
1536 2303 2303 1821 2554 2564
1792 2303 2303 2072 2554 2561
2048 2303 2303 2352 2550 2553
2303 2303 2303 2559 2564 2564
2559 2303 2303 2757 2570 2572
2815 2303 2303 2944 2565 2573
3071 2303 2303 3140 2557 2571
3327 2303 2303 3343 2545 2561
3583 2303 2303 3562 2517 2520
3839 2303 2303 3788 2458 2450
4095 2303 2303 4019 2379 2358
0 2559 2303 1090 2785 2537
256 2559 2303 1129 2786 2537
512 2559 2303 1203 2786 2537
768 2559 2303 1328 2788 2537
1024 2559 2303 1482 2792 2540
1280 2559 2303 1650 2798 2544
1536 2559 2303 1845 2806 2546
1792 2559 2303 2086 2805 2549
2048 2559 2303 2358 2798 2555
2303 2559 2303 2586 2804 2572
2559 2559 2303 2796 2808 2582
2815 2559 2303 2977 2808 2579
3071 2559 2303 3155 2806 2579
3327 2559 2303 3338 2800 2574
3583 2559 2303 3542 2786 2546
3839 2559 2303 3771 2725 2476
4095 2559 2303 4016 2635 2377
0 2815 2303 1110 3022 2521
256 2815 2303 1144 3023 2521
512 2815 2303 1209 3024 2521
768 2815 2303 1318 3027 2520
1024 2815 2303 1471 3031 2520
1280 2815 2303 1642 3035 2519
1536 2815 2303 1844 3041 2517
1792 2815 2303 2066 3044 2514
2048 2815 2303 2300 3046 2512
2303 2815 2303 2570 3037 2544
2559 2815 2303 2818 3034 2565
2815 2815 2303 3034 3040 2566
3071 2815 2303 3230 3024 2547
3327 2815 2303 3423 3002 2523
3583 2815 2303 3622 2982 2497
3839 2815 2303 3819 2942 2455
4095 2815 2303 4014 2889 2402
0 3071 2303 1134 3247 2495
256 3071 2303 1165 3248 2494
512 3071 2303 1223 3249 2493
768 3071 2303 1323 3252 2492
1024 3071 2303 1467 3256 2488
1280 3071 2303 1629 3261 2483
1536 3071 2303 1818 3267 2474
1792 3071 2303 2026 3273 2464
2048 3071 2303 2246 3278 2453
2303 3071 2303 2517 3271 2473
2559 3071 2303 2780 3265 2497
2815 3071 2303 3031 3262 2527
3071 3071 2303 3251 3253 2511
3327 3071 2303 3461 3239 2479
3583 3071 2303 3664 3208 2437
3839 3071 2303 3854 3169 2408
4095 3071 2303 4035 3124 2390
0 3327 2303 1156 3467 2465
256 3327 2303 1184 3467 2464
512 3327 2303 1238 3469 2462
768 3327 2303 1330 3472 2459
1024 3327 2303 1462 3476 2452
1280 3327 2303 1612 3482 2443
1536 3327 2303 1786 3490 2427
1792 3327 2303 1982 3497 2409
2048 3327 2303 2194 3504 2390
2303 3327 2303 2452 3502 2389
2559 3327 2303 2719 3496 2409
2815 3327 2303 2997 3483 2461
3071 3327 2303 3241 3484 2452
3327 3327 2303 3472 3480 2422
3583 3327 2303 3688 3444 2369
3839 3327 2303 3881 3403 2356
4095 3327 2303 4060 3357 2369
0 3583 2303 1172 3677 2429
256 3583 2303 1197 3678 2428
512 3583 2303 1245 3680 2425
768 3583 2303 1327 3683 2419
1024 3583 2303 1449 3688 2409
1280 3583 2303 1588 3694 2396
1536 3583 2303 1755 3701 2376
1792 3583 2303 1942 3709 2353
2048 3583 2303 2142 3717 2327
2303 3583 2303 2378 3721 2305
2559 3583 2303 2628 3721 2296
2815 3583 2303 2899 3716 2307
3071 3583 2303 3162 3713 2306
3327 3583 2303 3420 3707 2299
3583 3583 2303 3670 3692 2283
3839 3583 2303 3884 3654 2306
4095 3583 2303 4074 3603 2354
0 3839 2303 1197 3880 2396
256 3839 2303 1222 3881 2394
512 3839 2303 1271 3882 2392
768 3839 2303 1354 3884 2388
1024 3839 2303 1479 3888 2381
1280 3839 2303 1621 3891 2372
1536 3839 2303 1792 3896 2359
1792 3839 2303 1979 3902 2344
2048 3839 2303 2178 3908 2327
2303 3839 2303 2401 3912 2308
2559 3839 2303 2635 3914 2296
2815 3839 2303 2887 3913 2295
3071 3839 2303 3142 3910 2297
3327 3839 2303 3397 3907 2300
3583 3839 2303 3649 3903 2301
3839 3839 2303 3875 3881 2328
4095 3839 2303 4083 3846 2372
0 4095 2303 1229 4078 2363
256 4095 2303 1256 4078 2363
512 4095 2303 1309 4079 2362
768 4095 2303 1401 4079 2362
1024 4095 2303 1537 4080 2363
1280 4095 2303 1691 4080 2364
1536 4095 2303 1873 4081 2365
1792 4095 2303 2069 4081 2367
2048 4095 2303 2272 4082 2369
2303 4095 2303 2488 4083 2371
2559 4095 2303 2708 4085 2373
2815 4095 2303 2932 4086 2376
3071 4095 2303 3161 4087 2380
3327 4095 2303 3392 4089 2384
3583 4095 2303 3626 4091 2390
3839 4095 2303 3857 4090 2400
4095 4095 2303 4088 4088 2412
0 0 2559 250 148 2503
256 0 2559 345 106 2506
512 0 2559 497 89 2511
768 0 2559 737 108 2516
1024 0 2559 983 140 2520
1280 0 2559 1232 178 2525
1536 0 2559 1486 225 2533
1792 0 2559 1772 323 2573
2048 0 2559 2078 457 2633
2303 0 2559 2366 544 2670
2559 0 2559 2642 617 2696
2815 0 2559 2901 665 2703
3071 0 2559 3140 690 2692
3327 0 2559 3370 704 2674
3583 0 2559 3587 699 2645
3839 0 2559 3796 678 2612
4095 0 2559 3998 648 2575
0 256 2559 163 309 2509
256 256 2559 294 289 2522
512 256 2559 470 275 2538
768 256 2559 713 272 2561
1024 256 2559 970 288 2562
1280 256 2559 1232 311 2559
1536 256 2559 1494 346 2563
1792 256 2559 1785 427 2600
2048 256 2559 2096 540 2658
2303 256 2559 2380 614 2689
2559 256 2559 2654 677 2708
2815 256 2559 2911 720 2711
3071 256 2559 3148 742 2698
3327 256 2559 3378 753 2678
3583 256 2559 3594 748 2648
3839 256 2559 3802 727 2614
4095 256 2559 4004 696 2576
0 512 2559 139 507 2515
256 512 2559 281 501 2532
512 512 2559 461 492 2558
768 512 2559 696 477 2595
1024 512 2559 959 477 2613
1280 512 2559 1232 487 2625
1536 512 2559 1517 521 2631
1792 512 2559 1816 586 2659
2048 512 2559 2125 671 2701
2303 512 2559 2405 730 2721
2559 512 2559 2675 780 2731
2815 512 2559 2929 816 2727
3071 512 2559 3164 834 2709
3327 512 2559 3391 842 2685
3583 512 2559 3606 835 2654
3839 512 2559 3811 817 2617
4095 512 2559 4009 791 2577
0 768 2559 211 760 2521
256 768 2559 326 758 2536
512 768 2559 480 753 2564
768 768 2559 693 743 2613
1024 768 2559 951 729 2680
1280 768 2559 1233 728 2741
1536 768 2559 1565 777 2755
1792 768 2559 1875 825 2765
2048 768 2559 2170 872 2772
2303 768 2559 2445 914 2774
2559 768 2559 2710 949 2769
2815 768 2559 2959 975 2753
3071 768 2559 3190 986 2728
3327 768 2559 3414 989 2698
3583 768 2559 3626 980 2663
3839 768 2559 3825 970 2623
4095 768 2559 4014 958 2579
0 1024 2559 383 1057 2580
256 1024 2559 469 1058 2594
512 1024 2559 596 1058 2622
768 1024 2559 785 1057 2672
1024 1024 2559 1025 1050 2746
1280 1024 2559 1291 1049 2817
1536 1024 2559 1610 1071 2852
1792 1024 2559 1916 1094 2858
2048 1024 2559 2213 1118 2846
2303 1024 2559 2487 1147 2830
2559 1024 2559 2750 1171 2809
2815 1024 2559 2995 1187 2782
3071 1024 2559 3223 1189 2748
3327 1024 2559 3444 1186 2713
3583 1024 2559 3655 1170 2674
3839 1024 2559 3844 1165 2629
4095 1024 2559 4016 1168 2580
0 1280 2559 565 1364 2649
256 1280 2559 625 1367 2662
512 1280 2559 728 1371 2687
768 1280 2559 895 1377 2732
1024 1280 2559 1115 1381 2799
1280 1280 2559 1360 1382 2868
1536 1280 2559 1652 1376 2918
1792 1280 2559 1948 1378 2925
2048 1280 2559 2247 1384 2902
2303 1280 2559 2522 1402 2874
2559 1280 2559 2785 1415 2843
2815 1280 2559 3028 1420 2807
3071 1280 2559 3255 1413 2768
3327 1280 2559 3475 1402 2726
3583 1280 2559 3683 1381 2683
3839 1280 2559 3861 1380 2634
4095 1280 2559 4019 1392 2581
0 1536 2559 686 1668 2703
256 1536 2559 738 1670 2712
512 1536 2559 829 1673 2729
768 1536 2559 980 1678 2758
1024 1536 2559 1182 1683 2803
1280 1536 2559 1408 1686 2851
1536 1536 2559 1679 1685 2892
1792 1536 2559 1962 1687 2897
2048 1536 2559 2252 1691 2879
2303 1536 2559 2531 1696 2869
2559 1536 2559 2798 1696 2849
2815 1536 2559 3047 1688 2817
3071 1536 2559 3279 1669 2777
3327 1536 2559 3500 1648 2734
3583 1536 2559 3696 1630 2685
3839 1536 2559 3867 1626 2634
4095 1536 2559 4021 1629 2582
0 1792 2559 831 1959 2730
256 1792 2559 875 1960 2736
512 1792 2559 954 1963 2746
768 1792 2559 1086 1968 2764
1024 1792 2559 1268 1974 2795
1280 1792 2559 1472 1979 2827
1536 1792 2559 1718 1981 2859
1792 1792 2559 1985 1984 2856
2048 1792 2559 2264 1989 2830
2303 1792 2559 2525 1994 2830
2559 1792 2559 2784 1990 2823
2815 1792 2559 3036 1973 2805
3071 1792 2559 3276 1944 2773
3327 1792 2559 3504 1914 2734
3583 1792 2559 3698 1891 2683
3839 1792 2559 3869 1878 2634
4095 1792 2559 4025 1871 2584
0 2048 2559 992 2241 2739
256 2048 2559 1028 2242 2742
512 2048 2559 1094 2245 2748
768 2048 2559 1207 2250 2759
1024 2048 2559 1366 2256 2777
1280 2048 2559 1546 2263 2798
1536 2048 2559 1765 2268 2822
1792 2048 2559 2013 2274 2806
2048 2048 2559 2282 2280 2762
2303 2048 2559 2511 2295 2769
2559 2048 2559 2750 2294 2775
2815 2048 2559 3006 2270 2780
3071 2048 2559 3254 2233 2759
3327 2048 2559 3492 2194 2728
3583 2048 2559 3694 2160 2680
3839 2048 2559 3869 2135 2633
4095 2048 2559 4028 2116 2587
0 2303 2559 1067 2513 2765
256 2303 2559 1107 2514 2766
512 2303 2559 1183 2515 2768
768 2303 2559 1309 2517 2771
1024 2303 2559 1456 2523 2783
1280 2303 2559 1618 2530 2797
1536 2303 2559 1815 2537 2814
1792 2303 2559 2056 2539 2808
2048 2303 2559 2327 2538 2788
2303 2303 2559 2552 2550 2787
2559 2303 2559 2768 2555 2789
2815 2303 2559 2970 2551 2794
3071 2303 2559 3183 2533 2786
3327 2303 2559 3396 2512 2772
3583 2303 2559 3591 2494 2743
3839 2303 2559 3802 2445 2682
4095 2303 2559 4023 2375 2600
0 2559 2559 1119 2775 2778
256 2559 2559 1160 2775 2778
512 2559 2559 1236 2776 2778
768 2559 2559 1365 2776 2777
1024 2559 2559 1509 2781 2783
1280 2559 2559 1664 2788 2791
1536 2559 2559 1851 2795 2801
1792 2559 2559 2081 2796 2802
2048 2559 2559 2339 2793 2797
2303 2559 2559 2578 2797 2799
2559 2559 2559 2793 2803 2803
2815 2559 2559 2973 2812 2810
3071 2559 2559 3162 2804 2807
3327 2559 2559 3354 2792 2799
3583 2559 2559 3544 2784 2784
3839 2559 2559 3765 2730 2723
4095 2559 2559 4004 2645 2632
0 2815 2559 1136 3019 2773
256 2815 2559 1171 3020 2773
512 2815 2559 1236 3021 2773
768 2815 2559 1348 3023 2774
1024 2815 2559 1502 3026 2776
1280 2815 2559 1673 3030 2778
1536 2815 2559 1868 3035 2782
1792 2815 2559 2079 3039 2782
2048 2815 2559 2301 3043 2779
2303 2815 2559 2579 3032 2801
2559 2815 2559 2829 3029 2818
2815 2815 2559 3034 3039 2827
3071 2815 2559 3216 3029 2816
3327 2815 2559 3394 3015 2802
3583 2815 2559 3583 3005 2792
3839 2815 2559 3774 2975 2752
4095 2815 2559 3968 2931 2692
0 3071 2559 1153 3246 2748
256 3071 2559 1184 3246 2748
512 3071 2559 1244 3248 2748
768 3071 2559 1345 3250 2748
1024 3071 2559 1492 3253 2747
1280 3071 2559 1655 3257 2746
1536 3071 2559 1842 3263 2743
1792 3071 2559 2046 3268 2738
2048 3071 2559 2262 3274 2733
2303 3071 2559 2536 3265 2751
2559 3071 2559 2800 3258 2779
2815 3071 2559 3047 3254 2822
3071 3071 2559 3249 3251 2811
3327 3071 2559 3442 3245 2783
3583 3071 2559 3638 3222 2745
3839 3071 2559 3821 3193 2714
4095 3071 2559 3995 3159 2686
0 3327 2559 1170 3466 2717
256 3327 2559 1198 3466 2717
512 3327 2559 1252 3468 2716
768 3327 2559 1344 3470 2714
1024 3327 2559 1478 3474 2711
1280 3327 2559 1629 3479 2706
1536 3327 2559 1804 3486 2697
1792 3327 2559 2003 3492 2687
2048 3327 2559 2218 3498 2676
2303 3327 2559 2476 3495 2682
2559 3327 2559 2744 3487 2712
2815 3327 2559 3027 3470 2780
3071 3327 2559 3258 3474 2773
3327 3327 2559 3474 3476 2741
3583 3327 2559 3684 3444 2683
3839 3327 2559 3869 3411 2661
4095 3327 2559 4035 3376 2662
0 3583 2559 1182 3676 2680
256 3583 2559 1206 3677 2679
512 3583 2559 1254 3679 2677
768 3583 2559 1337 3682 2673
1024 3583 2559 1459 3686 2666
1280 3583 2559 1598 3692 2657
1536 3583 2559 1765 3699 2643
1792 3583 2559 1953 3707 2626
2048 3583 2559 2155 3714 2607
2303 3583 2559 2391 3717 2592
2559 3583 2559 2646 3716 2592
2815 3583 2559 2925 3707 2615
3071 3583 2559 3185 3702 2626
3327 3583 2559 3437 3698 2629
3583 3583 2559 3675 3686 2612
3839 3583 2559 3880 3655 2617
4095 3583 2559 4063 3610 2635
0 3839 2559 1202 3880 2642
256 3839 2559 1227 3880 2641
512 3839 2559 1276 3881 2640
768 3839 2559 1359 3883 2637
1024 3839 2559 1483 3887 2631
1280 3839 2559 1625 3891 2625
1536 3839 2559 1796 3895 2616
1792 3839 2559 1984 3901 2604
2048 3839 2559 2183 3906 2591
2303 3839 2559 2406 3910 2576
2559 3839 2559 2644 3911 2569
2815 3839 2559 2902 3908 2573
3071 3839 2559 3158 3904 2586
3327 3839 2559 3411 3900 2598
3583 3839 2559 3654 3898 2600
3839 3839 2559 3874 3879 2612
4095 3839 2559 4078 3847 2631
0 4095 2559 1229 4078 2605
256 4095 2559 1256 4078 2605
512 4095 2559 1309 4078 2605
768 4095 2559 1400 4079 2604
1024 4095 2559 1536 4079 2604
1280 4095 2559 1690 4080 2605
1536 4095 2559 1873 4081 2606
1792 4095 2559 2068 4081 2607
2048 4095 2559 2272 4082 2609
2303 4095 2559 2488 4083 2611
2559 4095 2559 2708 4084 2613
2815 4095 2559 2932 4086 2615
3071 4095 2559 3161 4087 2618
3327 4095 2559 3392 4089 2622
3583 4095 2559 3626 4091 2626
3839 4095 2559 3856 4089 2634
4095 4095 2559 4086 4085 2644
0 0 2815 275 163 2750
256 0 2815 363 129 2755
512 0 2815 508 109 2760
768 0 2815 738 111 2766
1024 0 2815 982 140 2771
1280 0 2815 1234 183 2778
1536 0 2815 1501 258 2800
1792 0 2815 1788 359 2842
2048 0 2815 2088 477 2897
2303 0 2815 2364 549 2924
2559 0 2815 2636 615 2946
2815 0 2815 2901 673 2960
3071 0 2815 3141 698 2950
3327 0 2815 3371 710 2930
3583 0 2815 3587 703 2900
3839 0 2815 3795 681 2865
4095 0 2815 3998 649 2826
0 256 2815 172 314 2759
256 256 2815 300 297 2771
512 256 2815 472 283 2787
768 256 2815 710 273 2808
1024 256 2815 966 287 2810
1280 256 2815 1232 316 2814
1536 256 2815 1515 383 2840
1792 256 2815 1806 463 2877
2048 256 2815 2101 554 2920
2303 256 2815 2375 616 2942
2559 256 2815 2646 674 2959
2815 256 2815 2910 727 2970
3071 256 2815 3149 749 2957
3327 256 2815 3377 759 2935
3583 256 2815 3593 752 2904
3839 256 2815 3801 729 2868
4095 256 2815 4003 696 2828
0 512 2815 139 506 2766
256 512 2815 280 501 2781
512 512 2815 459 491 2805
768 512 2815 692 477 2840
1024 512 2815 959 481 2867
1280 512 2815 1239 500 2891
1536 512 2815 1538 554 2913
1792 512 2815 1832 614 2937
2048 512 2815 2123 677 2962
2303 512 2815 2395 727 2974
2559 512 2815 2664 776 2983
2815 512 2815 2926 821 2987
3071 512 2815 3163 840 2970
3327 512 2815 3390 847 2945
3583 512 2815 3605 838 2911
3839 512 2815 3810 819 2872
4095 512 2815 4009 791 2830
0 768 2815 211 760 2771
256 768 2815 325 758 2785
512 768 2815 478 752 2812
768 768 2815 688 742 2857
1024 768 2815 963 746 2948
1280 768 2815 1258 759 3030
1536 768 2815 1572 795 3034
1792 768 2815 1870 832 3034
2048 768 2815 2157 869 3032
2303 768 2815 2427 906 3027
2559 768 2815 2693 942 3022
2815 768 2815 2953 978 3016
3071 768 2815 3187 990 2991
3327 768 2815 3412 993 2960
3583 768 2815 3624 982 2923
3839 768 2815 3824 970 2879
4095 768 2815 4014 956 2832
0 1024 2815 401 1061 2836
256 1024 2815 484 1060 2849
512 1024 2815 607 1059 2875
768 1024 2815 790 1056 2921
1024 1024 2815 1034 1058 3007
1280 1024 2815 1301 1063 3088
1536 1024 2815 1602 1076 3112
1792 1024 2815 1897 1091 3116
2048 1024 2815 2188 1107 3108
2303 1024 2815 2460 1133 3087
2559 1024 2815 2728 1159 3068
2815 1024 2815 2987 1186 3051
3071 1024 2815 3219 1191 3017
3327 1024 2815 3441 1187 2979
3583 1024 2815 3653 1171 2937
3839 1024 2815 3842 1165 2888
4095 1024 2815 4017 1166 2833
0 1280 2815 597 1368 2908
256 1280 2815 652 1370 2920
512 1280 2815 749 1372 2943
768 1280 2815 906 1376 2985
1024 1280 2815 1115 1376 3049
1280 1280 2815 1349 1374 3115
1536 1280 2815 1629 1368 3161
1792 1280 2815 1919 1366 3175
2048 1280 2815 2214 1367 3167
2303 1280 2815 2489 1382 3137
2559 1280 2815 2759 1398 3108
2815 1280 2815 3019 1415 3083
3071 1280 2815 3250 1412 3042
3327 1280 2815 3471 1401 2998
3583 1280 2815 3681 1379 2951
3839 1280 2815 3860 1378 2895
4095 1280 2815 4019 1390 2833
0 1536 2815 697 1658 2949
256 1536 2815 745 1660 2957
512 1536 2815 832 1662 2974
768 1536 2815 977 1665 3004
1024 1536 2815 1173 1668 3050
1280 1536 2815 1392 1669 3099
1536 1536 2815 1654 1667 3143
1792 1536 2815 1932 1666 3156
2048 1536 2815 2220 1666 3149
2303 1536 2815 2500 1668 3137
2559 1536 2815 2775 1672 3122
2815 1536 2815 3041 1677 3100
3071 1536 2815 3277 1662 3059
3327 1536 2815 3499 1642 3012
3583 1536 2815 3696 1625 2956
3839 1536 2815 3868 1622 2896
4095 1536 2815 4022 1628 2834
0 1792 2815 812 1941 2970
256 1792 2815 857 1942 2975
512 1792 2815 939 1944 2985
768 1792 2815 1075 1948 3003
1024 1792 2815 1258 1953 3033
1280 1792 2815 1460 1956 3067
1536 1792 2815 1698 1957 3106
1792 1792 2815 1958 1958 3118
2048 1792 2815 2232 1960 3113
2303 1792 2815 2504 1960 3109
2559 1792 2815 2773 1959 3101
2815 1792 2815 3039 1958 3088
3071 1792 2815 3281 1933 3055
3327 1792 2815 3509 1904 3013
3583 1792 2815 3702 1884 2955
3839 1792 2815 3871 1874 2895
4095 1792 2815 4025 1870 2835
0 2048 2815 937 2219 2979
256 2048 2815 981 2220 2980
512 2048 2815 1060 2222 2983
768 2048 2815 1191 2226 2988
1024 2048 2815 1360 2232 3004
1280 2048 2815 1544 2238 3024
1536 2048 2815 1754 2243 3056
1792 2048 2815 1992 2246 3067
2048 2048 2815 2248 2249 3065
2303 2048 2815 2503 2254 3061
2559 2048 2815 2760 2256 3058
2815 2048 2815 3020 2252 3058
3071 2048 2815 3270 2217 3037
3327 2048 2815 3506 2178 3005
3583 2048 2815 3701 2151 2949
3839 2048 2815 3872 2131 2893
4095 2048 2815 4029 2115 2837
0 2303 2815 1051 2486 2990
256 2303 2815 1096 2487 2989
512 2303 2815 1176 2488 2989
768 2303 2815 1308 2491 2989
1024 2303 2815 1454 2496 3002
1280 2303 2815 1612 2503 3020
1536 2303 2815 1802 2509 3045
1792 2303 2815 2025 2512 3056
2048 2303 2815 2270 2514 3059
2303 2303 2815 2523 2520 3029
2559 2303 2815 2766 2527 3014
2815 2303 2815 2993 2534 3020
3071 2303 2815 3237 2501 3016
3327 2303 2815 3475 2462 3001
3583 2303 2815 3666 2440 2956
3839 2303 2815 3850 2406 2902
4095 2303 2815 4030 2366 2842
0 2559 2815 1132 2752 3003
256 2559 2815 1175 2752 3002
512 2559 2815 1252 2753 3000
768 2559 2815 1380 2755 2998
1024 2559 2815 1519 2759 3008
1280 2559 2815 1668 2765 3021
1536 2559 2815 1846 2772 3037
1792 2559 2815 2055 2776 3047
2048 2559 2815 2285 2778 3053
2303 2559 2815 2546 2780 3017
2559 2559 2815 2787 2787 2999
2815 2559 2815 2994 2799 3010
3071 2559 2815 3216 2776 3013
3327 2559 2815 3435 2745 3007
3583 2559 2815 3626 2727 2973
3839 2559 2815 3812 2694 2931
4095 2559 2815 3993 2653 2883
0 2815 2815 1164 3014 3020
256 2815 2815 1199 3014 3020
512 2815 2815 1267 3015 3020
768 2815 2815 1381 3016 3021
1024 2815 2815 1538 3019 3023
1280 2815 2815 1707 3022 3027
1536 2815 2815 1883 3028 3035
1792 2815 2815 2080 3034 3041
2048 2815 2815 2290 3039 3046
2303 2815 2815 2575 3030 3033
2559 2815 2815 2831 3029 3030
2815 2815 2815 3039 3040 3040
3071 2815 2815 3213 3035 3038
3327 2815 2815 3383 3025 3030
3583 2815 2815 3580 3009 3009
3839 2815 2815 3748 2999 2992
4095 2815 2815 3897 2993 2978
0 3071 2815 1178 3244 3001
256 3071 2815 1209 3245 3001
512 3071 2815 1270 3246 3001
768 3071 2815 1374 3247 3002
1024 3071 2815 1523 3250 3003
1280 3071 2815 1687 3253 3004
1536 3071 2815 1865 3259 3006
1792 3071 2815 2066 3264 3007
2048 3071 2815 2282 3268 3009
2303 3071 2815 2547 3262 3006
2559 3071 2815 2805 3258 3014
2815 3071 2815 3049 3256 3040
3071 3071 2815 3242 3258 3043
3327 3071 2815 3427 3255 3031
3583 3071 2815 3632 3229 2977
3839 3071 2815 3793 3219 2974
4095 3071 2815 3924 3219 3005
0 3327 2815 1187 3464 2970
256 3327 2815 1215 3465 2970
512 3327 2815 1270 3466 2970
768 3327 2815 1364 3468 2970
1024 3327 2815 1499 3472 2970
1280 3327 2815 1652 3476 2969
1536 3327 2815 1829 3482 2966
1792 3327 2815 2034 3486 2963
2048 3327 2815 2256 3489 2960
2303 3327 2815 2496 3489 2959
2559 3327 2815 2753 3483 2975
2815 3327 2815 3036 3469 3017
3071 3327 2815 3265 3471 3032
3327 3327 2815 3480 3471 3024
3583 3327 2815 3692 3440 2948
3839 3327 2815 3854 3424 2949
4095 3327 2815 3982 3418 3001
0 3583 2815 1195 3675 2932
256 3583 2815 1220 3676 2931
512 3583 2815 1268 3677 2930
768 3583 2815 1350 3680 2928
1024 3583 2815 1472 3684 2924
1280 3583 2815 1612 3690 2919
1536 3583 2815 1780 3696 2911
1792 3583 2815 1969 3703 2901
2048 3583 2815 2174 3709 2890
2303 3583 2815 2408 3712 2879
2559 3583 2815 2670 3708 2889
2815 3583 2815 2970 3693 2929
3071 3583 2815 3231 3684 2975
3327 3583 2815 3474 3677 3009
3583 3583 2815 3688 3673 2992
3839 3583 2815 3873 3655 2973
4095 3583 2815 4038 3627 2952
0 3839 2815 1207 3879 2891
256 3839 2815 1232 3880 2890
512 3839 2815 1281 3881 2889
768 3839 2815 1364 3883 2888
1024 3839 2815 1489 3886 2884
1280 3839 2815 1631 3889 2881
1536 3839 2815 1802 3894 2875
1792 3839 2815 1990 3899 2867
2048 3839 2815 2190 3904 2858
2303 3839 2815 2416 3907 2850
2559 3839 2815 2663 3905 2855
2815 3839 2815 2939 3896 2880
3071 3839 2815 3196 3888 2917
3327 3839 2815 3442 3883 2950
3583 3839 2815 3664 3888 2956
3839 3839 2815 3871 3875 2941
4095 3839 2815 4070 3851 2912
0 4095 2815 1221 4078 2848
256 4095 2815 1249 4079 2848
512 4095 2815 1304 4079 2848
768 4095 2815 1397 4079 2848
1024 4095 2815 1535 4079 2849
1280 4095 2815 1690 4080 2849
1536 4095 2815 1872 4081 2850
1792 4095 2815 2067 4081 2851
2048 4095 2815 2271 4082 2852
2303 4095 2815 2487 4083 2853
2559 4095 2815 2707 4084 2855
2815 4095 2815 2932 4086 2857
3071 4095 2815 3162 4087 2860
3327 4095 2815 3392 4089 2862
3583 4095 2815 3626 4091 2867
3839 4095 2815 3856 4089 2872
4095 4095 2815 4085 4085 2879
0 0 3071 299 177 2997
256 0 3071 382 148 3003
512 0 3071 519 126 3009
768 0 3071 740 114 3017
1024 0 3071 982 140 3021
1280 0 3071 1236 190 3033
1536 0 3071 1521 297 3072
1792 0 3071 1804 393 3111
2048 0 3071 2087 481 3149
2303 0 3071 2353 541 3168
2559 0 3071 2619 599 3184
2815 0 3071 2881 653 3196
3071 0 3071 3129 689 3195
3327 0 3071 3368 713 3184
3583 0 3071 3586 707 3155
3839 0 3071 3794 683 3118
4095 0 3071 3997 649 3078
0 256 3071 180 319 3008
256 256 3071 307 304 3019
512 256 3071 476 289 3034
768 256 3071 709 275 3055
1024 256 3071 972 297 3066
1280 256 3071 1246 337 3079
1536 256 3071 1534 415 3113
1792 256 3071 1817 486 3143
2048 256 3071 2096 554 3171
2303 256 3071 2362 606 3186
2559 256 3071 2627 657 3198
2815 256 3071 2889 707 3206
3071 256 3071 3136 740 3202
3327 256 3071 3375 762 3190
3583 256 3071 3592 755 3159
3839 256 3071 3800 731 3122
4095 256 3071 4002 696 3081
0 512 3071 160 511 3022
256 512 3071 298 505 3037
512 512 3071 473 497 3060
768 512 3071 704 484 3094
1024 512 3071 974 498 3128
1280 512 3071 1256 525 3160
1536 512 3071 1549 575 3182
1792 512 3071 1834 624 3198
2048 512 3071 2112 672 3212
2303 512 3071 2377 716 3217
2559 512 3071 2642 759 3222
2815 512 3071 2903 802 3225
3071 512 3071 3149 830 3217
3327 512 3071 3387 849 3201
3583 512 3071 3603 841 3167
3839 512 3071 3809 820 3127
4095 512 3071 4008 790 3083
0 768 3071 288 776 3042
256 768 3071 390 775 3057
512 768 3071 532 772 3085
768 768 3071 735 766 3134
1024 768 3071 992 767 3217
1280 768 3071 1268 775 3291
1536 768 3071 1568 800 3293
1792 768 3071 1856 829 3288
2048 768 3071 2136 858 3280
2303 768 3071 2402 891 3271
2559 768 3071 2667 924 3263
2815 768 3071 2927 958 3256
3071 768 3071 3172 980 3241
3327 768 3071 3408 993 3219
3583 768 3071 3622 983 3181
3839 768 3071 3822 969 3136
4095 768 3071 4014 953 3086
0 1024 3071 454 1068 3098
256 1024 3071 528 1069 3111
512 1024 3071 643 1068 3137
768 1024 3071 818 1067 3183
1024 1024 3071 1046 1064 3262
1280 1024 3071 1298 1064 3334
1536 1024 3071 1588 1073 3347
1792 1024 3071 1874 1085 3348
2048 1024 3071 2157 1098 3340
2303 1024 3071 2428 1118 3325
2559 1024 3071 2695 1139 3310
2815 1024 3071 2956 1164 3295
3071 1024 3071 3201 1179 3271
3327 1024 3071 3435 1186 3242
3583 1024 3071 3649 1170 3200
3839 1024 3071 3841 1163 3147
4095 1024 3071 4017 1163 3087
0 1280 3071 611 1364 3155
256 1280 3071 663 1365 3166
512 1280 3071 755 1366 3188
768 1280 3071 907 1367 3227
1024 1280 3071 1108 1365 3288
1280 1280 3071 1333 1362 3347
1536 1280 3071 1608 1359 3376
1792 1280 3071 1890 1358 3386
2048 1280 3071 2175 1359 3383
2303 1280 3071 2450 1366 3367
2559 1280 3071 2720 1376 3350
2815 1280 3071 2985 1391 3330
3071 1280 3071 3230 1397 3301
3327 1280 3071 3465 1397 3266
3583 1280 3071 3677 1376 3218
3839 1280 3071 3858 1375 3157
4095 1280 3071 4019 1388 3087
0 1536 3071 694 1643 3185
256 1536 3071 741 1644 3194
512 1536 3071 826 1646 3210
768 1536 3071 967 1648 3239
1024 1536 3071 1158 1649 3285
1280 1536 3071 1372 1649 3331
1536 1536 3071 1632 1647 3363
1792 1536 3071 1903 1647 3374
2048 1536 3071 2183 1647 3371
2303 1536 3071 2458 1648 3365
2559 1536 3071 2732 1650 3356
2815 1536 3071 3001 1653 3344
3071 1536 3071 3254 1646 3321
3327 1536 3071 3494 1634 3288
3583 1536 3071 3696 1618 3228
3839 1536 3071 3869 1617 3161
4095 1536 3071 4022 1626 3087
0 1792 3071 787 1919 3202
256 1792 3071 832 1920 3208
512 1792 3071 913 1921 3218
768 1792 3071 1048 1924 3237
1024 1792 3071 1229 1927 3269
1280 1792 3071 1431 1930 3303
1536 1792 3071 1669 1931 3335
1792 1792 3071 1927 1932 3348
2048 1792 3071 2196 1932 3346
2303 1792 3071 2465 1931 3345
2559 1792 3071 2735 1930 3342
2815 1792 3071 3004 1929 3337
3071 1792 3071 3262 1912 3320
3327 1792 3071 3506 1892 3293
3583 1792 3071 3704 1874 3229
3839 1792 3071 3874 1867 3160
4095 1792 3071 4026 1868 3088
0 2048 3071 888 2191 3211
256 2048 3071 932 2192 3213
512 2048 3071 1011 2194 3218
768 2048 3071 1143 2198 3226
1024 2048 3071 1315 2203 3244
1280 2048 3071 1503 2208 3266
1536 2048 3071 1717 2211 3298
1792 2048 3071 1956 2214 3312
2048 2048 3071 2212 2216 3314
2303 2048 3071 2471 2216 3313
2559 2048 3071 2733 2216 3313
2815 2048 3071 2997 2213 3315
3071 2048 3071 3259 2190 3307
3327 2048 3071 3507 2163 3286
3583 2048 3071 3704 2140 3224
3839 2048 3071 3875 2124 3157
4095 2048 3071 4029 2113 3089
0 2303 3071 1005 2456 3215
256 2303 3071 1048 2457 3215
512 2303 3071 1127 2458 3216
768 2303 3071 1257 2461 3219
1024 2303 3071 1414 2467 3231
1280 2303 3071 1584 2472 3247
1536 2303 3071 1778 2477 3273
1792 2303 3071 1998 2481 3288
2048 2303 3071 2235 2483 3296
2303 2303 3071 2489 2485 3280
2559 2303 3071 2740 2488 3272
2815 2303 3071 2984 2492 3277
3071 2303 3071 3242 2471 3277
3327 2303 3071 3490 2444 3265
3583 2303 3071 3689 2416 3213
3839 2303 3071 3868 2389 3154
4095 2303 3071 4033 2362 3090
0 2559 3071 1097 2720 3223
256 2559 3071 1139 2721 3223
512 2559 3071 1214 2722 3222
768 2559 3071 1340 2725 3221
1024 2559 3071 1491 2729 3228
1280 2559 3071 1653 2734 3239
1536 2559 3071 1831 2741 3258
1792 2559 3071 2034 2745 3272
2048 2559 3071 2254 2749 3285
2303 2559 3071 2508 2750 3264
2559 2559 3071 2754 2753 3254
2815 2559 3071 2986 2760 3259
3071 2559 3071 3227 2746 3260
3327 2559 3071 3462 2725 3252
3583 2559 3071 3665 2695 3212
3839 2559 3071 3845 2667 3166
4095 2559 3071 4008 2639 3114
0 2815 3071 1153 2983 3239
256 2815 3071 1189 2983 3239
512 2815 3071 1258 2984 3239
768 2815 3071 1374 2986 3240
1024 2815 3071 1535 2989 3241
1280 2815 3071 1706 2992 3245
1536 2815 3071 1874 2998 3258
1792 2815 3071 2063 3004 3270
2048 2815 3071 2266 3009 3282
2303 2815 3071 2529 3005 3274
2559 2815 3071 2780 3005 3270
2815 2815 3071 3010 3010 3272
3071 2815 3071 3216 3011 3264
3327 2815 3071 3418 3005 3250
3583 2815 3071 3628 2977 3225
3839 2815 3071 3797 2962 3199
4095 2815 3071 3940 2957 3171
0 3071 3071 1186 3228 3236
256 3071 3071 1218 3228 3236
512 3071 3071 1280 3229 3236
768 3071 3071 1386 3231 3237
1024 3071 3071 1538 3233 3238
1280 3071 3071 1704 3236 3240
1536 3071 3071 1879 3242 3246
1792 3071 3071 2072 3247 3253
2048 3071 3071 2277 3251 3260
2303 3071 3071 2524 3249 3258
2559 3071 3071 2775 3247 3258
2815 3071 3071 3033 3243 3264
3071 3071 3071 3244 3247 3264
3327 3071 3071 3443 3247 3254
3583 3071 3071 3643 3221 3216
3839 3071 3071 3804 3209 3204
4095 3071 3071 3939 3208 3211
0 3327 3071 1208 3463 3221
256 3327 3071 1237 3463 3222
512 3327 3071 1292 3464 3222
768 3327 3071 1387 3466 3223
1024 3327 3071 1526 3469 3223
1280 3327 3071 1681 3472 3224
1536 3327 3071 1864 3476 3224
1792 3327 3071 2062 3481 3225
2048 3327 3071 2270 3485 3227
2303 3327 3071 2502 3486 3227
2559 3327 3071 2755 3482 3231
2815 3327 3071 3040 3469 3243
3071 3327 3071 3268 3472 3257
3327 3327 3071 3478 3474 3258
3583 3327 3071 3670 3453 3211
3839 3327 3071 3828 3441 3207
4095 3327 3071 3965 3435 3230
0 3583 3071 1212 3674 3183
256 3583 3071 1237 3674 3183
512 3583 3071 1286 3676 3183
768 3583 3071 1368 3678 3182
1024 3583 3071 1491 3682 3181
1280 3583 3071 1631 3687 3179
1536 3583 3071 1801 3692 3176
1792 3583 3071 1992 3698 3171
2048 3583 3071 2195 3704 3167
2303 3583 3071 2438 3705 3163
2559 3583 3071 2699 3701 3169
2815 3583 3071 2986 3688 3191
3071 3583 3071 3242 3681 3226
3327 3583 3071 3481 3676 3256
3583 3583 3071 3684 3676 3249
3839 3583 3071 3864 3660 3224
4095 3583 3071 4031 3634 3189
0 3839 3071 1218 3878 3141
256 3839 3071 1243 3879 3141
512 3839 3071 1291 3880 3140
768 3839 3071 1374 3882 3139
1024 3839 3071 1498 3884 3138
1280 3839 3071 1640 3888 3137
1536 3839 3071 1812 3892 3134
1792 3839 3071 2002 3896 3130
2048 3839 3071 2205 3900 3126
2303 3839 3071 2440 3901 3123
2559 3839 3071 2688 3899 3128
2815 3839 3071 2953 3892 3144
3071 3839 3071 3212 3884 3179
3327 3839 3071 3460 3878 3212
3583 3839 3071 3673 3885 3219
3839 3839 3071 3875 3875 3202
4095 3839 3071 4069 3853 3168
0 4095 3071 1224 4078 3096
256 4095 3071 1252 4078 3096
512 4095 3071 1305 4078 3096
768 4095 3071 1396 4079 3096
1024 4095 3071 1533 4079 3096
1280 4095 3071 1688 4080 3096
1536 4095 3071 1871 4080 3097
1792 4095 3071 2066 4081 3097
2048 4095 3071 2271 4082 3098
2303 4095 3071 2487 4083 3099
2559 4095 3071 2707 4084 3101
2815 4095 3071 2933 4086 3102
3071 4095 3071 3178 4083 3121
3327 4095 3071 3423 4082 3140
3583 4095 3071 3646 4085 3145
3839 4095 3071 3867 4087 3152
4095 4095 3071 4088 4087 3160
0 0 3327 324 192 3244
256 0 3327 401 167 3250
512 0 3327 533 145 3258
768 0 3327 748 129 3271
1024 0 3327 989 155 3278
1280 0 3327 1246 210 3292
1536 0 3327 1540 333 3342
1792 0 3327 1816 418 3374
2048 0 3327 2080 476 3394
2303 0 3327 2338 525 3407
2559 0 3327 2597 574 3417
2815 0 3327 2854 622 3425
3071 0 3327 3110 669 3432
3327 0 3327 3359 706 3431
3583 0 3327 3582 705 3406
3839 0 3327 3793 684 3371
4095 0 3327 3996 649 3330
0 256 3327 203 327 3259
256 256 3327 324 314 3270
512 256 3327 488 300 3286
768 256 3327 718 286 3307
1024 256 3327 986 315 3326
1280 256 3327 1264 363 3347
1536 256 3327 1549 440 3380
1792 256 3327 1821 499 3401
2048 256 3327 2086 547 3415
2303 256 3327 2345 590 3424
2559 256 3327 2603 634 3431
2815 256 3327 2860 677 3436
3071 256 3327 3116 720 3440
3327 256 3327 3365 754 3438
3583 256 3327 3587 753 3411
3839 256 3327 3798 732 3375
4095 256 3327 4001 696 3333
0 512 3327 201 518 3282
256 512 3327 331 514 3297
512 512 3327 499 507 3319
768 512 3327 725 498 3352
1024 512 3327 994 519 3390
1280 512 3327 1274 550 3424
1536 512 3327 1556 589 3440
1792 512 3327 1829 627 3449
2048 512 3327 2096 662 3454
2303 512 3327 2356 699 3455
2559 512 3327 2615 736 3455
2815 512 3327 2873 773 3455
3071 512 3327 3128 811 3455
3327 512 3327 3376 841 3450
3583 512 3327 3598 839 3420
3839 512 3327 3807 820 3382
4095 512 3327 4007 789 3337
0 768 3327 375 793 3315
256 768 3327 463 794 3331
512 768 3327 593 793 3361
768 768 3327 786 791 3410
1024 768 3327 1020 787 3477
1280 768 3327 1273 786 3534
1536 768 3327 1560 803 3536
1792 768 3327 1838 823 3530
2048 768 3327 2112 846 3518
2303 768 3327 2374 872 3507
2559 768 3327 2635 900 3497
2815 768 3327 2893 930 3488
3071 768 3327 3148 961 3482
3327 768 3327 3395 985 3470
3583 768 3327 3616 981 3436
3839 768 3327 3820 968 3392
4095 768 3327 4014 949 3341
0 1024 3327 504 1075 3357
256 1024 3327 570 1075 3370
512 1024 3327 676 1076 3397
768 1024 3327 844 1075 3442
1024 1024 3327 1057 1068 3506
1280 1024 3327 1292 1063 3562
1536 1024 3327 1572 1069 3567
1792 1024 3327 1849 1078 3564
2048 1024 3327 2124 1090 3557
2303 1024 3327 2391 1102 3550
2559 1024 3327 2657 1118 3540
2815 1024 3327 2917 1137 3526
3071 1024 3327 3173 1160 3514
3327 1024 3327 3421 1177 3496
3583 1024 3327 3642 1166 3459
3839 1024 3327 3838 1161 3406
4095 1024 3327 4017 1159 3342
0 1280 3327 613 1355 3396
256 1280 3327 664 1355 3407
512 1280 3327 753 1355 3427
768 1280 3327 900 1355 3463
1024 1280 3327 1097 1351 3517
1280 1280 3327 1318 1348 3566
1536 1280 3327 1589 1348 3578
1792 1280 3327 1861 1350 3582
2048 1280 3327 2135 1352 3581
2303 1280 3327 2406 1352 3580
2559 1280 3327 2676 1356 3574
2815 1280 3327 2940 1366 3559
3071 1280 3327 3198 1379 3544
3327 1280 3327 3448 1388 3523
3583 1280 3327 3669 1371 3481
3839 1280 3327 3855 1372 3418
4095 1280 3327 4020 1385 3342
0 1536 3327 682 1625 3417
256 1536 3327 729 1626 3425
512 1536 3327 813 1627 3441
768 1536 3327 951 1628 3469
1024 1536 3327 1140 1627 3512
1280 1536 3327 1352 1627 3552
1536 1536 3327 1610 1627 3569
1792 1536 3327 1875 1628 3575
2048 1536 3327 2145 1629 3574
2303 1536 3327 2413 1629 3574
2559 1536 3327 2682 1629 3572
2815 1536 3327 2950 1629 3568
3071 1536 3327 3218 1628 3563
3327 1536 3327 3475 1624 3548
3583 1536 3327 3688 1610 3494
3839 1536 3327 3867 1612 3423
4095 1536 3327 4023 1623 3341
0 1792 3327 758 1894 3430
256 1792 3327 803 1894 3436
512 1792 3327 882 1896 3448
768 1792 3327 1016 1898 3468
1024 1792 3327 1196 1900 3500
1280 1792 3327 1399 1902 3532
1536 1792 3327 1640 1903 3553
1792 1792 3327 1895 1904 3561
2048 1792 3327 2158 1905 3560
2303 1792 3327 2422 1904 3561
2559 1792 3327 2688 1902 3563
2815 1792 3327 2956 1898 3565
3071 1792 3327 3228 1890 3566
3327 1792 3327 3488 1880 3555
3583 1792 3327 3698 1865 3497
3839 1792 3327 3873 1861 3424
4095 1792 3327 4026 1866 3341
0 2048 3327 839 2161 3439
256 2048 3327 882 2162 3442
512 2048 3327 959 2164 3449
768 2048 3327 1088 2167 3461
1024 2048 3327 1261 2171 3482
1280 2048 3327 1453 2175 3506
1536 2048 3327 1676 2177 3533
1792 2048 3327 1918 2179 3543
2048 2048 3327 2175 2180 3541
2303 2048 3327 2432 2179 3545
2559 2048 3327 2694 2177 3549
2815 2048 3327 2959 2171 3555
3071 2048 3327 3231 2161 3559
3327 2048 3327 3492 2149 3551
3583 2048 3327 3700 2129 3492
3839 2048 3327 3876 2118 3421
4095 2048 3327 4030 2111 3342
0 2303 3327 949 2423 3438
256 2303 3327 990 2424 3440
512 2303 3327 1066 2426 3443
768 2303 3327 1192 2430 3449
1024 2303 3327 1359 2434 3461
1280 2303 3327 1542 2439 3476
1536 2303 3327 1745 2443 3498
1792 2303 3327 1967 2446 3512
2048 2303 3327 2203 2448 3519
2303 2303 3327 2452 2448 3522
2559 2303 3327 2704 2448 3525
2815 2303 3327 2961 2446 3529
3071 2303 3327 3224 2440 3533
3327 2303 3327 3478 2429 3526
3583 2303 3327 3693 2400 3478
3839 2303 3327 3875 2378 3415
4095 2303 3327 4034 2360 3342
0 2559 3327 1046 2685 3442
256 2559 3327 1086 2686 3442
512 2559 3327 1159 2688 3443
768 2559 3327 1281 2691 3444
1024 2559 3327 1444 2695 3450
1280 2559 3327 1620 2700 3458
1536 2559 3327 1805 2706 3476
1792 2559 3327 2010 2710 3491
2048 2559 3327 2227 2713 3505
2303 2559 3327 2469 2714 3508
2559 2559 3327 2714 2714 3509
2815 2559 3327 2965 2714 3510
3071 2559 3327 3218 2714 3508
3327 2559 3327 3464 2706 3499
3583 2559 3327 3685 2672 3463
3839 2559 3327 3868 2644 3410
4095 2559 3327 4027 2622 3346
0 2815 3327 1124 2945 3451
256 2815 3327 1162 2945 3451
512 2815 3327 1231 2947 3451
768 2815 3327 1348 2949 3452
1024 2815 3327 1510 2952 3453
1280 2815 3327 1682 2956 3458
1536 2815 3327 1851 2962 3473
1792 2815 3327 2041 2967 3487
2048 2815 3327 2243 2972 3502
2303 2815 3327 2481 2973 3505
2559 2815 3327 2724 2973 3505
2815 2815 3327 2973 2973 3501
3071 2815 3327 3213 2978 3487
3327 2815 3327 3449 2976 3470
3583 2815 3327 3673 2941 3447
3839 2815 3327 3853 2918 3407
4095 2815 3327 4004 2903 3355
0 3071 3327 1180 3203 3462
256 3071 3327 1213 3204 3462
512 3071 3327 1276 3205 3462
768 3071 3327 1383 3206 3463
1024 3071 3327 1535 3209 3465
1280 3071 3327 1702 3212 3468
1536 3071 3327 1881 3217 3476
1792 3071 3327 2071 3222 3485
2048 3071 3327 2266 3227 3495
2303 3071 3327 2496 3229 3498
2559 3071 3327 2740 3228 3496
2815 3071 3327 3006 3222 3487
3071 3071 3327 3238 3228 3481
3327 3071 3327 3456 3230 3473
3583 3071 3327 3657 3206 3455
3839 3071 3327 3827 3189 3428
4095 3071 3327 3976 3178 3395
0 3327 3327 1221 3453 3464
256 3327 3327 1250 3453 3464
512 3327 3327 1306 3454 3465
768 3327 3327 1402 3456 3466
1024 3327 3327 1541 3458 3468
1280 3327 3327 1699 3461 3470
1536 3327 3327 1889 3464 3472
1792 3327 3327 2081 3469 3476
2048 3327 3327 2275 3474 3481
2303 3327 3327 2501 3477 3483
2559 3327 3327 2749 3474 3479
2815 3327 3327 3029 3464 3469
3071 3327 3327 3259 3467 3474
3327 3327 3327 3469 3471 3480
3583 3327 3327 3649 3460 3468
3839 3327 3327 3813 3449 3450
4095 3327 3327 3966 3438 3429
0 3583 3327 1228 3670 3432
256 3583 3327 1253 3670 3432
512 3583 3327 1302 3672 3432
768 3583 3327 1384 3674 3433
1024 3583 3327 1507 3677 3434
1280 3583 3327 1649 3681 3435
1536 3583 3327 1822 3686 3436
1792 3583 3327 2015 3691 3436
2048 3583 3327 2220 3696 3436
2303 3583 3327 2466 3695 3438
2559 3583 3327 2721 3692 3439
2815 3583 3327 2987 3685 3439
3071 3583 3327 3240 3679 3455
3327 3583 3327 3479 3676 3470
3583 3583 3327 3678 3679 3473
3839 3583 3327 3859 3665 3449
4095 3583 3327 4028 3638 3409
0 3839 3327 1230 3877 3391
256 3839 3327 1255 3877 3391
512 3839 3327 1302 3878 3391
768 3839 3327 1383 3880 3391
1024 3839 3327 1507 3883 3392
1280 3839 3327 1650 3886 3392
1536 3839 3327 1823 3890 3392
1792 3839 3327 2017 3893 3392
2048 3839 3327 2225 3896 3391
2303 3839 3327 2465 3895 3393
2559 3839 3327 2710 3894 3395
2815 3839 3327 2960 3890 3399
3071 3839 3327 3221 3882 3422
3327 3839 3327 3472 3877 3447
3583 3839 3327 3681 3884 3454
3839 3839 3327 3878 3876 3441
4095 3839 3327 4067 3858 3415
0 4095 3327 1228 4077 3345
256 4095 3327 1254 4078 3344
512 4095 3327 1306 4078 3344
768 4095 3327 1394 4079 3344
1024 4095 3327 1530 4079 3344
1280 4095 3327 1685 4080 3344
1536 4095 3327 1869 4080 3345
1792 4095 3327 2065 4081 3345
2048 4095 3327 2270 4082 3346
2303 4095 3327 2487 4083 3346
2559 4095 3327 2711 4084 3348
2815 4095 3327 2945 4083 3351
3071 4095 3327 3201 4079 3382
3327 4095 3327 3454 4075 3414
3583 4095 3327 3666 4080 3420
3839 4095 3327 3879 4084 3428
4095 4095 3327 4092 4089 3438
0 0 3583 349 206 3490
256 0 3583 421 184 3496
512 0 3583 555 177 3512
768 0 3583 782 194 3541
1024 0 3583 1029 235 3558
1280 0 3583 1283 286 3574
1536 0 3583 1546 351 3597
1792 0 3583 1805 405 3613
2048 0 3583 2060 449 3626
2303 0 3583 2313 492 3633
2559 0 3583 2566 534 3640
2815 0 3583 2820 577 3645
3071 0 3583 3072 619 3649
3327 0 3583 3323 658 3651
3583 0 3583 3566 687 3645
3839 0 3583 3788 679 3620
4095 0 3583 3995 648 3582
0 256 3583 286 344 3518
256 256 3583 386 334 3531
512 256 3583 537 330 3550
768 256 3583 765 335 3580
1024 256 3583 1020 363 3598
1280 256 3583 1283 399 3614
1536 256 3583 1547 444 3628
1792 256 3583 1807 485 3638
2048 256 3583 2063 521 3646
2303 256 3583 2317 559 3650
2559 256 3583 2572 596 3653
2815 256 3583 2825 634 3656
3071 256 3583 3078 673 3658
3327 256 3583 3329 709 3658
3583 256 3583 3571 735 3651
3839 256 3583 3793 728 3625
4095 256 3583 4000 697 3586
0 512 3583 300 534 3547
256 512 3583 404 532 3563
512 512 3583 552 530 3585
768 512 3583 767 527 3619
1024 512 3583 1019 541 3644
1280 512 3583 1281 561 3664
1536 512 3583 1547 587 3672
1792 512 3583 1809 614 3676
2048 512 3583 2069 641 3679
2303 512 3583 2325 670 3679
2559 512 3583 2581 701 3678
2815 512 3583 2836 733 3676
3071 512 3583 3088 767 3674
3327 512 3583 3339 799 3671
3583 512 3583 3581 822 3662
3839 512 3583 3801 815 3633
4095 512 3583 4006 789 3590
0 768 3583 428 803 3577
256 768 3583 502 802 3590
512 768 3583 618 800 3616
768 768 3583 796 795 3659
1024 768 3583 1027 793 3698
1280 768 3583 1276 794 3730
1536 768 3583 1546 805 3734
1792 768 3583 1813 817 3733
2048 768 3583 2078 831 3731
2303 768 3583 2338 849 3726
2559 768 3583 2597 869 3719
2815 768 3583 2853 893 3710
3071 768 3583 3106 920 3702
3327 768 3583 3356 946 3693
3583 768 3583 3598 964 3680
3839 768 3583 3815 962 3645
4095 768 3583 4014 945 3596
0 1024 3583 514 1071 3603
256 1024 3583 574 1070 3614
512 1024 3583 674 1069 3637
768 1024 3583 834 1065 3677
1024 1024 3583 1051 1061 3716
1280 1024 3583 1290 1059 3748
1536 1024 3583 1557 1064 3750
1792 1024 3583 1822 1071 3750
2048 1024 3583 2087 1079 3748
2303 1024 3583 2348 1088 3745
2559 1024 3583 2609 1099 3740
2815 1024 3583 2867 1113 3733
3071 1024 3583 3123 1129 3726
3327 1024 3583 3377 1144 3718
3583 1024 3583 3622 1150 3705
3839 1024 3583 3832 1153 3661
4095 1024 3583 4018 1155 3597
0 1280 3583 587 1337 3625
256 1280 3583 638 1337 3635
512 1280 3583 728 1336 3654
768 1280 3583 875 1335 3687
1024 1280 3583 1081 1333 3722
1280 1280 3583 1309 1332 3751
1536 1280 3583 1571 1334 3754
1792 1280 3583 1833 1338 3755
2048 1280 3583 2096 1341 3754
2303 1280 3583 2358 1345 3754
2559 1280 3583 2619 1348 3753
2815 1280 3583 2880 1354 3749
3071 1280 3583 3139 1359 3745
3327 1280 3583 3396 1362 3740
3583 1280 3583 3646 1356 3727
3839 1280 3583 3848 1364 3676
4095 1280 3583 4020 1382 3597
0 1536 3583 647 1601 3639
256 1536 3583 695 1601 3647
512 1536 3583 780 1601 3662
768 1536 3583 920 1601 3689
1024 1536 3583 1116 1601 3719
1280 1536 3583 1335 1601 3745
1536 1536 3583 1590 1604 3750
1792 1536 3583 1847 1606 3751
2048 1536 3583 2107 1608 3751
2303 1536 3583 2366 1611 3751
2559 1536 3583 2626 1612 3751
2815 1536 3583 2887 1614 3750
3071 1536 3583 3149 1614 3750
3327 1536 3583 3408 1612 3747
3583 1536 3583 3656 1605 3733
3839 1536 3583 3856 1609 3678
4095 1536 3583 4023 1621 3597
0 1792 3583 715 1864 3648
256 1792 3583 761 1864 3654
512 1792 3583 842 1865 3666
768 1792 3583 976 1867 3687
1024 1792 3583 1162 1868 3713
1280 1792 3583 1369 1870 3736
1536 1792 3583 1614 1871 3742
1792 1792 3583 1865 1873 3744
2048 1792 3583 2120 1875 3744
2303 1792 3583 2376 1876 3745
2559 1792 3583 2634 1877 3747
2815 1792 3583 2893 1877 3748
3071 1792 3583 3156 1873 3751
3327 1792 3583 3415 1869 3749
3583 1792 3583 3663 1860 3734
3839 1792 3583 3861 1860 3679
4095 1792 3583 4027 1863 3596
0 2048 3583 789 2126 3655
256 2048 3583 832 2127 3659
512 2048 3583 909 2128 3667
768 2048 3583 1039 2131 3681
1024 2048 3583 1213 2134 3703
1280 2048 3583 1408 2136 3724
1536 2048 3583 1643 2138 3732
1792 2048 3583 1887 2140 3735
2048 2048 3583 2136 2142 3735
2303 2048 3583 2387 2142 3738
2559 2048 3583 2642 2142 3741
2815 2048 3583 2899 2140 3744
3071 2048 3583 3161 2136 3748
3327 2048 3583 3421 2130 3748
3583 2048 3583 3668 2120 3733
3839 2048 3583 3866 2114 3678
4095 2048 3583 4031 2109 3596
0 2303 3583 884 2386 3655
256 2303 3583 925 2387 3658
512 2303 3583 1000 2388 3663
768 2303 3583 1125 2392 3672
1024 2303 3583 1287 2395 3690
1280 2303 3583 1468 2398 3708
1536 2303 3583 1689 2401 3716
1792 2303 3583 1921 2403 3720
2048 2303 3583 2161 2405 3722
2303 2303 3583 2407 2406 3724
2559 2303 3583 2656 2407 3727
2815 2303 3583 2907 2406 3731
3071 2303 3583 3164 2403 3735
3327 2303 3583 3421 2397 3737
3583 2303 3583 3670 2384 3726
3839 2303 3583 3869 2370 3674
4095 2303 3583 4035 2357 3595
0 2559 3583 977 2645 3657
256 2559 3583 1016 2646 3658
512 2559 3583 1088 2648 3661
768 2559 3583 1208 2651 3666
1024 2559 3583 1361 2655 3679
1280 2559 3583 1532 2659 3693
1536 2559 3583 1741 2663 3700
1792 2559 3583 1964 2666 3705
2048 2559 3583 2195 2668 3707
2303 2559 3583 2433 2670 3709
2559 2559 3583 2674 2671 3712
2815 2559 3583 2920 2672 3715
3071 2559 3583 3170 2670 3718
3327 2559 3583 3420 2666 3720
3583 2559 3583 3667 2653 3713
3839 2559 3583 3868 2633 3667
4095 2559 3583 4036 2611 3596
0 2815 3583 1067 2903 3660
256 2815 3583 1104 2904 3661
512 2815 3583 1172 2906 3662
768 2815 3583 1286 2908 3665
1024 2815 3583 1436 2912 3673
1280 2815 3583 1602 2916 3681
1536 2815 3583 1802 2922 3687
1792 2815 3583 2017 2926 3689
2048 2815 3583 2241 2930 3688
2303 2815 3583 2469 2932 3692
2559 2815 3583 2701 2934 3694
2815 2815 3583 2938 2935 3696
3071 2815 3583 3178 2938 3696
3327 2815 3583 3417 2938 3694
3583 2815 3583 3659 2928 3691
3839 2815 3583 3859 2904 3655
4095 2815 3583 4032 2872 3597
0 3071 3583 1136 3160 3668
256 3071 3583 1170 3160 3668
512 3071 3583 1232 3161 3669
768 3071 3583 1336 3164 3672
1024 3071 3583 1479 3167 3677
1280 3071 3583 1641 3171 3683
1536 3071 3583 1843 3175 3686
1792 3071 3583 2050 3180 3689
2048 3071 3583 2259 3184 3692
2303 3071 3583 2483 3186 3695
2559 3071 3583 2714 3187 3696
2815 3071 3583 2955 3187 3696
3071 3071 3583 3191 3190 3697
3327 3071 3583 3426 3191 3697
3583 3071 3583 3661 3183 3693
3839 3071 3583 3853 3165 3660
4095 3071 3583 4018 3141 3608
0 3327 3583 1194 3413 3673
256 3327 3583 1224 3414 3674
512 3327 3583 1280 3415 3675
768 3327 3583 1373 3416 3677
1024 3327 3583 1507 3420 3682
1280 3327 3583 1663 3423 3686
1536 3327 3583 1865 3427 3686
1792 3327 3583 2066 3431 3690
2048 3327 3583 2266 3435 3696
2303 3327 3583 2487 3437 3699
2559 3327 3583 2720 3437 3699
2815 3327 3583 2966 3435 3698
3071 3327 3583 3206 3435 3699
3327 3327 3583 3442 3435 3701
3583 3327 3583 3668 3432 3698
3839 3327 3583 3851 3421 3669
4095 3327 3583 4007 3405 3622
0 3583 3583 1232 3657 3669
256 3583 3583 1258 3657 3670
512 3583 3583 1306 3658 3671
768 3583 3583 1388 3661 3673
1024 3583 3583 1510 3664 3676
1280 3583 3583 1652 3668 3679
1536 3583 3583 1832 3672 3681
1792 3583 3583 2035 3676 3683
2048 3583 3583 2253 3678 3684
2303 3583 3583 2477 3680 3687
2559 3583 3583 2710 3681 3688
2815 3583 3583 2956 3678 3687
3071 3583 3583 3218 3672 3685
3327 3583 3583 3473 3667 3685
3583 3583 3583 3685 3673 3690
3839 3583 3583 3864 3663 3672
4095 3583 3583 4023 3643 3639
0 3839 3583 1237 3875 3640
256 3839 3583 1262 3876 3640
512 3839 3583 1310 3877 3641
768 3839 3583 1393 3878 3642
1024 3839 3583 1518 3881 3644
1280 3839 3583 1661 3883 3646
1536 3839 3583 1837 3887 3648
1792 3839 3583 2038 3889 3648
2048 3839 3583 2256 3890 3647
2303 3839 3583 2478 3892 3649
2559 3839 3583 2714 3891 3652
2815 3839 3583 2971 3888 3655
3071 3839 3583 3227 3882 3659
3327 3839 3583 3474 3879 3662
3583 3839 3583 3682 3886 3669
3839 3839 3583 3873 3882 3664
4095 3839 3583 4053 3871 3649
0 4095 3583 1220 4077 3594
256 4095 3583 1247 4078 3594
512 4095 3583 1300 4078 3594
768 4095 3583 1392 4079 3594
1024 4095 3583 1528 4079 3594
1280 4095 3583 1683 4080 3594
1536 4095 3583 1866 4080 3594
1792 4095 3583 2063 4081 3594
2048 4095 3583 2268 4082 3595
2303 4095 3583 2487 4083 3595
2559 4095 3583 2728 4081 3600
2815 4095 3583 3001 4074 3611
3071 4095 3583 3234 4074 3624
3327 4095 3583 3454 4076 3636
3583 4095 3583 3666 4081 3641
3839 4095 3583 3878 4086 3648
4095 4095 3583 4092 4090 3656
0 0 3839 400 237 3743
256 0 3839 465 219 3750
512 0 3839 585 207 3765
768 0 3839 789 207 3793
1024 0 3839 1030 242 3808
1280 0 3839 1279 285 3819
1536 0 3839 1528 324 3828
1792 0 3839 1778 363 3836
2048 0 3839 2028 401 3842
2303 0 3839 2277 439 3847
2559 0 3839 2527 477 3851
2815 0 3839 2777 518 3853
3071 0 3839 3027 557 3856
3327 0 3839 3277 596 3858
3583 0 3839 3527 634 3860
3839 0 3839 3761 647 3848
4095 0 3839 3985 643 3825
0 256 3839 331 359 3771
256 256 3839 418 350 3782
512 256 3839 557 345 3799
768 256 3839 776 347 3823
1024 256 3839 1022 369 3835
1280 256 3839 1274 396 3844
1536 256 3839 1526 425 3849
1792 256 3839 1778 455 3853
2048 256 3839 2030 485 3857
2303 256 3839 2280 518 3859
2559 256 3839 2530 551 3860
2815 256 3839 2781 586 3861
3071 256 3839 3031 620 3862
3327 256 3839 3281 655 3863
3583 256 3839 3531 691 3864
3839 256 3839 3765 702 3851
4095 256 3839 3988 696 3828
0 512 3839 322 536 3795
256 512 3839 416 533 3808
512 512 3839 558 532 3826
768 512 3839 775 533 3849
1024 512 3839 1019 543 3862
1280 512 3839 1271 557 3871
1536 512 3839 1526 576 3874
1792 512 3839 1780 596 3876
2048 512 3839 2033 618 3877
2303 512 3839 2285 643 3877
2559 512 3839 2537 669 3876
2815 512 3839 2788 697 3875
3071 512 3839 3038 727 3873
3327 512 3839 3288 757 3872
3583 512 3839 3537 788 3872
3839 512 3839 3770 797 3856
4095 512 3839 3992 793 3831
0 768 3839 403 795 3815
256 768 3839 480 794 3825
512 768 3839 602 792 3842
768 768 3839 791 788 3869
1024 768 3839 1024 790 3888
1280 768 3839 1270 793 3902
1536 768 3839 1526 802 3904
1792 768 3839 1783 812 3906
2048 768 3839 2039 823 3907
2303 768 3839 2293 838 3905
2559 768 3839 2547 854 3902
2815 768 3839 2799 874 3897
3071 768 3839 3050 897 3892
3327 768 3839 3299 920 3887
3583 768 3839 3549 945 3884
3839 768 3839 3780 954 3865
4095 768 3839 3999 952 3836
0 1024 3839 464 1054 3829
256 1024 3839 532 1053 3838
512 1024 3839 643 1051 3853
768 1024 3839 819 1049 3878
1024 1024 3839 1043 1049 3896
1280 1024 3839 1282 1050 3910
1536 1024 3839 1536 1055 3911
1792 1024 3839 1791 1062 3912
2048 1024 3839 2046 1069 3912
2303 1024 3839 2300 1078 3911
2559 1024 3839 2554 1088 3910
2815 1024 3839 2807 1101 3907
3071 1024 3839 3060 1114 3905
3327 1024 3839 3313 1128 3902
3583 1024 3839 3565 1142 3900
3839 1024 3839 3792 1152 3876
4095 1024 3839 4002 1160 3837
0 1280 3839 520 1312 3841
256 1280 3839 581 1311 3848
512 1280 3839 685 1311 3861
768 1280 3839 852 1310 3882
1024 1280 3839 1067 1310 3899
1280 1280 3839 1299 1312 3912
1536 1280 3839 1550 1316 3912
1792 1280 3839 1802 1320 3912
2048 1280 3839 2055 1325 3912
2303 1280 3839 2307 1331 3912
2559 1280 3839 2561 1337 3913
2815 1280 3839 2815 1343 3913
3071 1280 3839 3070 1348 3914
3327 1280 3839 3325 1352 3915
3583 1280 3839 3580 1356 3915
3839 1280 3839 3803 1368 3886
4095 1280 3839 4005 1385 3837
0 1536 3839 583 1570 3849
256 1536 3839 639 1570 3855
512 1536 3839 735 1570 3865
768 1536 3839 893 1571 3882
1024 1536 3839 1099 1572 3898
1280 1536 3839 1322 1573 3911
1536 1536 3839 1568 1576 3911
1792 1536 3839 1817 1580 3911
2048 1536 3839 2067 1584 3911
2303 1536 3839 2317 1588 3911
2559 1536 3839 2569 1592 3912
2815 1536 3839 2822 1597 3913
3071 1536 3839 3076 1600 3914
3327 1536 3839 3330 1602 3916
3583 1536 3839 3586 1604 3917
3839 1536 3839 3809 1611 3887
4095 1536 3839 4009 1622 3837
0 1792 3839 651 1828 3855
256 1792 3839 703 1829 3860
512 1792 3839 794 1830 3868
768 1792 3839 943 1831 3881
1024 1792 3839 1137 1832 3896
1280 1792 3839 1350 1834 3908
1536 1792 3839 1591 1836 3908
1792 1792 3839 1835 1839 3908
2048 1792 3839 2081 1842 3909
2303 1792 3839 2329 1846 3910
2559 1792 3839 2579 1849 3911
2815 1792 3839 2830 1852 3912
3071 1792 3839 3083 1853 3914
3327 1792 3839 3337 1855 3916
3583 1792 3839 3593 1854 3918
3839 1792 3839 3815 1858 3888
4095 1792 3839 4013 1863 3837
0 2048 3839 724 2087 3860
256 2048 3839 772 2087 3863
512 2048 3839 857 2088 3869
768 2048 3839 997 2090 3878
1024 2048 3839 1180 2092 3892
1280 2048 3839 1382 2094 3905
1536 2048 3839 1616 2097 3905
1792 2048 3839 1855 2099 3905
2048 2048 3839 2097 2101 3906
2303 2048 3839 2342 2103 3908
2559 2048 3839 2589 2105 3910
2815 2048 3839 2839 2107 3912
3071 2048 3839 3091 2108 3914
3327 2048 3839 3344 2109 3916
3583 2048 3839 3600 2108 3918
3839 2048 3839 3821 2107 3889
4095 2048 3839 4018 2108 3837
0 2303 3839 809 2343 3861
256 2303 3839 854 2344 3863
512 2303 3839 934 2345 3867
768 2303 3839 1067 2347 3874
1024 2303 3839 1237 2350 3886
1280 2303 3839 1425 2352 3898
1536 2303 3839 1650 2354 3900
1792 2303 3839 1883 2357 3901
2048 2303 3839 2120 2359 3901
2303 2303 3839 2361 2361 3902
2559 2303 3839 2605 2363 3904
2815 2303 3839 2851 2365 3907
3071 2303 3839 3100 2365 3910
3327 2303 3839 3351 2365 3914
3583 2303 3839 3607 2363 3917
3839 2303 3839 3827 2359 3888
4095 2303 3839 4025 2354 3837
0 2559 3839 897 2600 3863
256 2559 3839 938 2601 3864
512 2559 3839 1013 2602 3866
768 2559 3839 1138 2605 3870
1024 2559 3839 1298 2607 3880
1280 2559 3839 1476 2610 3891
1536 2559 3839 1693 2613 3893
1792 2559 3839 1920 2615 3893
2048 2559 3839 2153 2618 3891
2303 2559 3839 2388 2620 3893
2559 2559 3839 2626 2623 3895
2815 2559 3839 2866 2624 3898
3071 2559 3839 3112 2625 3902
3327 2559 3839 3359 2625 3906
3583 2559 3839 3611 2624 3910
3839 2559 3839 3831 2616 3884
4095 2559 3839 4031 2604 3837
0 2815 3839 987 2856 3865
256 2815 3839 1025 2857 3865
512 2815 3839 1095 2858 3866
768 2815 3839 1213 2860 3868
1024 2815 3839 1367 2863 3875
1280 2815 3839 1539 2866 3881
1536 2815 3839 1749 2870 3883
1792 2815 3839 1971 2873 3880
2048 2815 3839 2200 2876 3876
2303 2815 3839 2425 2879 3879
2559 2815 3839 2655 2882 3881
2815 2815 3839 2888 2885 3884
3071 2815 3839 3126 2888 3888
3327 2815 3839 3366 2890 3891
3583 2815 3839 3611 2891 3895
3839 2815 3839 3832 2878 3874
4095 2815 3839 4036 2855 3837
0 3071 3839 1062 3111 3870
256 3071 3839 1098 3111 3870
512 3071 3839 1162 3112 3871
768 3071 3839 1271 3114 3873
1024 3071 3839 1418 3117 3877
1280 3071 3839 1585 3120 3881
1536 3071 3839 1793 3123 3881
1792 3071 3839 2009 3127 3880
2048 3071 3839 2230 3131 3878
2303 3071 3839 2460 3135 3875
2559 3071 3839 2689 3138 3875
2815 3071 3839 2916 3141 3878
3071 3071 3839 3148 3144 3881
3327 3071 3839 3383 3147 3884
3583 3071 3839 3624 3149 3887
3839 3071 3839 3836 3140 3866
4095 3071 3839 4029 3124 3830
0 3327 3839 1132 3365 3875
256 3327 3839 1164 3365 3876
512 3327 3839 1222 3366 3877
768 3327 3839 1321 3368 3878
1024 3327 3839 1461 3370 3881
1280 3327 3839 1623 3373 3884
1536 3327 3839 1827 3376 3884
1792 3327 3839 2038 3379 3884
2048 3327 3839 2255 3383 3884
2303 3327 3839 2490 3388 3876
2559 3327 3839 2721 3392 3872
2815 3327 3839 2943 3395 3875
3071 3327 3839 3174 3397 3877
3327 3327 3839 3407 3399 3879
3583 3327 3839 3640 3402 3881
3839 3327 3839 3841 3399 3862
4095 3327 3839 4021 3391 3829
0 3583 3839 1191 3619 3882
256 3583 3839 1218 3619 3882
512 3583 3839 1271 3620 3883
768 3583 3839 1361 3621 3884
1024 3583 3839 1492 3624 3887
1280 3583 3839 1642 3626 3889
1536 3583 3839 1828 3630 3891
1792 3583 3839 2041 3632 3890
2048 3583 3839 2271 3634 3888
2303 3583 3839 2504 3638 3882
2559 3583 3839 2734 3641 3879
2815 3583 3839 2958 3643 3879
3071 3583 3839 3201 3641 3876
3327 3583 3839 3443 3640 3873
3583 3583 3839 3658 3647 3879
3839 3583 3839 3851 3645 3871
4095 3583 3839 4029 3637 3855
0 3839 3839 1222 3853 3868
256 3839 3839 1248 3853 3868
512 3839 3839 1300 3854 3869
768 3839 3839 1388 3855 3870
1024 3839 3839 1518 3857 3871
1280 3839 3839 1667 3859 3873
1536 3839 3839 1847 3861 3874
1792 3839 3839 2053 3863 3874
2048 3839 3839 2276 3864 3872
2303 3839 3839 2505 3866 3868
2559 3839 3839 2741 3866 3867
2815 3839 3839 2988 3865 3869
3071 3839 3839 3227 3863 3867
3327 3839 3839 3457 3864 3866
3583 3839 3839 3666 3871 3872
3839 3839 3839 3864 3872 3872
4095 3839 3839 4055 3870 3869
0 4095 3839 1234 4075 3841
256 4095 3839 1262 4075 3841
512 4095 3839 1315 4075 3841
768 4095 3839 1407 4075 3841
1024 4095 3839 1542 4076 3841
1280 4095 3839 1694 4077 3841
1536 4095 3839 1876 4077 3841
1792 4095 3839 2071 4078 3842
2048 4095 3839 2275 4079 3842
2303 4095 3839 2497 4080 3842
2559 4095 3839 2745 4077 3844
2815 4095 3839 3030 4069 3849
3071 4095 3839 3251 4072 3854
3327 4095 3839 3457 4076 3858
3583 4095 3839 3668 4082 3863
3839 4095 3839 3880 4087 3868
4095 4095 3839 4093 4092 3875
0 0 4095 470 279 4002
256 0 4095 525 265 4008
512 0 4095 621 236 4017
768 0 4095 779 186 4033
1024 0 4095 1005 201 4038
1280 0 4095 1249 234 4040
1536 0 4095 1494 267 4043
1792 0 4095 1740 302 4046
2048 0 4095 1987 338 4049
2303 0 4095 2234 372 4051
2559 0 4095 2481 409 4053
2815 0 4095 2729 450 4054
3071 0 4095 2977 487 4055
3327 0 4095 3225 524 4057
3583 0 4095 3473 560 4059
3839 0 4095 3720 597 4060
4095 0 4095 3968 634 4062
0 256 4095 352 373 4020
256 256 4095 431 363 4028
512 256 4095 560 351 4036
768 256 4095 763 334 4046
1024 256 4095 1000 346 4049
1280 256 4095 1246 366 4050
1536 256 4095 1493 389 4052
1792 256 4095 1741 415 4053
2048 256 4095 1988 442 4054
2303 256 4095 2235 470 4055
2559 256 4095 2483 500 4056
2815 256 4095 2731 533 4056
3071 256 4095 2978 564 4058
3327 256 4095 3226 596 4059
3583 256 4095 3474 628 4060
3839 256 4095 3722 661 4061
4095 256 4095 3969 695 4062
0 512 4095 294 528 4032
256 512 4095 387 523 4041
512 512 4095 533 521 4048
768 512 4095 760 523 4054
1024 512 4095 1002 532 4055
1280 512 4095 1248 543 4056
1536 512 4095 1495 558 4057
1792 512 4095 1743 575 4057
2048 512 4095 1991 594 4057
2303 512 4095 2237 616 4058
2559 512 4095 2485 639 4058
2815 512 4095 2733 664 4058
3071 512 4095 2980 689 4059
3327 512 4095 3228 715 4060
3583 512 4095 3476 742 4061
3839 512 4095 3723 770 4062
4095 512 4095 3970 798 4063
0 768 4095 328 775 4036
256 768 4095 418 774 4043
512 768 4095 559 773 4049
768 768 4095 776 774 4055
1024 768 4095 1013 780 4056
1280 768 4095 1256 787 4057
1536 768 4095 1502 796 4057
1792 768 4095 1749 807 4057
2048 768 4095 1995 819 4058
2303 768 4095 2242 834 4058
2559 768 4095 2489 849 4058
2815 768 4095 2736 866 4059
3071 768 4095 2983 885 4060
3327 768 4095 3230 904 4061
3583 768 4095 3478 924 4062
3839 768 4095 3725 945 4063
4095 768 4095 3973 966 4064
0 1024 4095 373 1027 4042
256 1024 4095 458 1027 4048
512 1024 4095 592 1027 4052
768 1024 4095 800 1028 4056
1024 1024 4095 1032 1032 4057
1280 1024 4095 1271 1037 4057
1536 1024 4095 1514 1043 4057
1792 1024 4095 1758 1051 4058
2048 1024 4095 2003 1060 4058
2303 1024 4095 2248 1071 4058
2559 1024 4095 2494 1083 4059
2815 1024 4095 2741 1095 4060
3071 1024 4095 2988 1109 4060
3327 1024 4095 3234 1124 4061
3583 1024 4095 3481 1139 4062
3839 1024 4095 3729 1156 4064
4095 1024 4095 3976 1172 4065
0 1280 4095 426 1280 4048
256 1280 4095 504 1280 4052
512 1280 4095 630 1281 4055
768 1280 4095 829 1282 4057
1024 1280 4095 1055 1285 4058
1280 1280 4095 1288 1289 4058
1536 1280 4095 1528 1294 4058
1792 1280 4095 1769 1300 4058
2048 1280 4095 2013 1306 4058
2303 1280 4095 2256 1314 4059
2559 1280 4095 2502 1323 4060
2815 1280 4095 2747 1332 4060
3071 1280 4095 2993 1343 4061
3327 1280 4095 3239 1354 4062
3583 1280 4095 3486 1366 4063
3839 1280 4095 3733 1379 4064
4095 1280 4095 3979 1392 4066
0 1536 4095 498 1535 4052
256 1536 4095 567 1535 4055
512 1536 4095 683 1536 4057
768 1536 4095 868 1537 4058
1024 1536 4095 1084 1540 4058
1280 1536 4095 1310 1542 4058
1536 1536 4095 1546 1546 4059
1792 1536 4095 1785 1551 4059
2048 1536 4095 2025 1556 4059
2303 1536 4095 2268 1563 4060
2559 1536 4095 2511 1570 4060
2815 1536 4095 2756 1577 4061
3071 1536 4095 3001 1586 4062
3327 1536 4095 3246 1595 4063
3583 1536 4095 3492 1605 4064
3839 1536 4095 3738 1615 4066
4095 1536 4095 3984 1626 4067
0 1792 4095 573 1790 4055
256 1792 4095 635 1790 4057
512 1792 4095 741 1791 4058
768 1792 4095 913 1792 4059
1024 1792 4095 1119 1794 4059
1280 1792 4095 1338 1796 4059
1536 1792 4095 1568 1799 4059
1792 1792 4095 1803 1803 4060
2048 1792 4095 2041 1807 4060
2303 1792 4095 2281 1813 4061
2559 1792 4095 2523 1818 4062
2815 1792 4095 2766 1825 4062
3071 1792 4095 3010 1832 4063
3327 1792 4095 3254 1839 4065
3583 1792 4095 3499 1847 4066
3839 1792 4095 3745 1856 4067
4095 1792 4095 3990 1865 4068
0 2048 4095 650 2045 4058
256 2048 4095 706 2045 4059
512 2048 4095 802 2045 4059
768 2048 4095 961 2046 4060
1024 2048 4095 1158 2048 4060
1280 2048 4095 1368 2050 4060
1536 2048 4095 1593 2053 4060
1792 2048 4095 1824 2056 4061
2048 2048 4095 2058 2059 4061
2303 2048 4095 2296 2064 4062
2559 2048 4095 2536 2068 4063
2815 2048 4095 2777 2073 4064
3071 2048 4095 3020 2079 4065
3327 2048 4095 3263 2085 4066
3583 2048 4095 3507 2092 4067
3839 2048 4095 3752 2099 4069
4095 2048 4095 3997 2107 4070
0 2303 4095 729 2298 4060
256 2303 4095 780 2298 4061
512 2303 4095 869 2299 4061
768 2303 4095 1015 2299 4061
1024 2303 4095 1202 2301 4061
1280 2303 4095 1404 2303 4062
1536 2303 4095 1623 2305 4062
1792 2303 4095 1849 2308 4062
2048 2303 4095 2080 2311 4063
2303 2303 4095 2315 2314 4064
2559 2303 4095 2552 2318 4065
2815 2303 4095 2792 2323 4066
3071 2303 4095 3033 2328 4067
3327 2303 4095 3275 2333 4068
3583 2303 4095 3518 2339 4069
3839 2303 4095 3761 2346 4071
4095 2303 4095 4005 2352 4072
0 2559 4095 810 2552 4063
256 2559 4095 855 2552 4063
512 2559 4095 937 2552 4063
768 2559 4095 1072 2553 4063
1024 2559 4095 1250 2554 4063
1280 2559 4095 1443 2556 4063
1536 2559 4095 1657 2558 4064
1792 2559 4095 1878 2560 4064
2048 2559 4095 2104 2563 4064
2303 2559 4095 2336 2567 4065
2559 2559 4095 2571 2570 4066
2815 2559 4095 2808 2574 4067
3071 2559 4095 3047 2579 4068
3327 2559 4095 3287 2583 4069
3583 2559 4095 3529 2588 4071
3839 2559 4095 3771 2594 4073
4095 2559 4095 4015 2599 4074
0 2815 4095 891 2805 4065
256 2815 4095 932 2806 4065
512 2815 4095 1007 2806 4065
768 2815 4095 1132 2807 4065
1024 2815 4095 1301 2808 4065
1280 2815 4095 1486 2809 4065
1536 2815 4095 1694 2811 4065
1792 2815 4095 1910 2813 4065
2048 2815 4095 2133 2816 4065
2303 2815 4095 2362 2819 4066
2559 2815 4095 2593 2823 4066
2815 2815 4095 2827 2826 4067
3071 2815 4095 3064 2830 4069
3327 2815 4095 3301 2834 4071
3583 2815 4095 3541 2839 4073
3839 2815 4095 3783 2843 4074
4095 2815 4095 4025 2848 4076
0 3071 4095 969 3059 4069
256 3071 4095 1007 3059 4069
512 3071 4095 1076 3059 4069
768 3071 4095 1193 3060 4069
1024 3071 4095 1354 3061 4068
1280 3071 4095 1533 3062 4068
1536 3071 4095 1736 3064 4067
1792 3071 4095 1956 3067 4064
2048 3071 4095 2187 3070 4058
2303 3071 4095 2431 3077 4045
2559 3071 4095 2666 3084 4038
2815 3071 4095 2885 3089 4041
3071 3071 4095 3108 3094 4044
3327 3071 4095 3332 3100 4047
3583 3071 4095 3560 3106 4051
3839 3071 4095 3789 3113 4055
4095 3071 4095 4019 3120 4059
0 3327 4095 1046 3312 4073
256 3327 4095 1080 3312 4072
512 3327 4095 1144 3312 4072
768 3327 4095 1254 3313 4072
1024 3327 4095 1408 3313 4072
1280 3327 4095 1579 3315 4072
1536 3327 4095 1778 3316 4070
1792 3327 4095 2002 3320 4063
2048 3327 4095 2243 3324 4052
2303 3327 4095 2504 3334 4027
2559 3327 4095 2743 3342 4013
2815 3327 4095 2946 3348 4017
3071 3327 4095 3155 3355 4022
3327 3327 4095 3366 3362 4027
3583 3327 4095 3581 3371 4033
3839 3327 4095 3799 3380 4039
4095 3327 4095 4017 3389 4045
0 3583 4095 1118 3564 4077
256 3583 4095 1150 3564 4077
512 3583 4095 1210 3565 4077
768 3583 4095 1312 3565 4077
1024 3583 4095 1459 3566 4077
1280 3583 4095 1623 3567 4077
1536 3583 4095 1816 3568 4076
1792 3583 4095 2037 3570 4071
2048 3583 4095 2277 3572 4062
2303 3583 4095 2541 3577 4042
2559 3583 4095 2780 3582 4031
2815 3583 4095 2981 3587 4035
3071 3583 4095 3187 3593 4040
3327 3583 4095 3396 3600 4045
3583 3583 4095 3609 3607 4050
3839 3583 4095 3825 3615 4055
4095 3583 4095 4042 3624 4061
0 3839 4095 1191 3817 4082
256 3839 4095 1220 3817 4082
512 3839 4095 1276 3817 4082
768 3839 4095 1373 3818 4082
1024 3839 4095 1512 3818 4082
1280 3839 4095 1669 3819 4082
1536 3839 4095 1854 3820 4082
1792 3839 4095 2064 3821 4079
2048 3839 4095 2289 3823 4074
2303 3839 4095 2540 3825 4062
2559 3839 4095 2783 3826 4055
2815 3839 4095 3012 3827 4055
3071 3839 4095 3221 3832 4058
3327 3839 4095 3428 3838 4062
3583 3839 4095 3639 3844 4067
3839 3839 4095 3853 3851 4073
4095 3839 4095 4068 3859 4078
0 4095 4095 1264 4069 4087
256 4095 4095 1291 4070 4087
512 4095 4095 1344 4070 4087
768 4095 4095 1434 4070 4087
1024 4095 4095 1566 4071 4087
1280 4095 4095 1716 4071 4087
1536 4095 4095 1894 4072 4087
1792 4095 4095 2086 4073 4087
2048 4095 4095 2287 4075 4088
2303 4095 4095 2515 4075 4086
2559 4095 4095 2763 4073 4082
2815 4095 4095 3040 4068 4074
3071 4095 4095 3258 4071 4076
3327 4095 4095 3461 4076 4080
3583 4095 4095 3670 4082 4085
3839 4095 4095 3882 4088 4090
4095 4095 4095 4095 4095 4095
