0 0 0 0 0 0
256 0 0 239 40 40
512 0 0 476 88 86
768 0 0 710 148 142
1024 0 0 969 116 116
1280 0 0 1229 75 81
1536 0 0 1474 91 86
1792 0 0 1719 107 92
2048 0 0 1964 123 96
2303 0 0 2250 241 182
2559 0 0 2538 346 251
2815 0 0 2826 433 292
3071 0 0 3072 464 295
3327 0 0 3305 470 282
3583 0 0 3518 431 247
3839 0 0 3716 366 195
4095 0 0 3904 284 133
0 256 0 90 257 0
256 256 0 283 271 15
512 256 0 489 292 62
768 256 0 714 321 158
1024 256 0 970 305 103
1280 256 0 1230 284 30
1536 256 0 1475 290 32
1792 256 0 1720 296 34
2048 256 0 1964 302 36
2303 256 0 2261 390 161
2559 256 0 2552 467 250
2815 256 0 2833 528 284
3071 256 0 3078 546 282
3327 256 0 3310 544 265
3583 256 0 3523 509 227
3839 256 0 3721 462 176
4095 256 0 3909 407 117
0 512 0 178 515 0
256 512 0 332 513 0
512 512 0 511 515 36
768 512 0 731 523 126
1024 512 0 981 519 72
1280 512 0 1235 512 0
1536 512 0 1479 512 0
1792 512 0 1728 516 11
2048 512 0 1981 523 29
2303 512 0 2282 588 162
2559 512 0 2573 641 252
2815 512 0 2844 678 274
3071 512 0 3085 684 266
3327 512 0 3315 677 245
3583 512 0 3528 644 201
3839 512 0 3724 610 145
4095 512 0 3910 574 80
0 768 0 266 775 0
256 768 0 386 770 0
512 768 0 547 769 6
768 768 0 768 770 21
1024 768 0 1004 769 12
1280 768 0 1245 768 0
1536 768 0 1487 768 0
1792 768 0 1748 783 38
2048 768 0 2021 807 101
2303 768 0 2321 858 196
2559 768 0 2604 894 256
2815 768 0 2860 910 263
3071 768 0 3095 907 247
3327 768 0 3321 895 219
3583 768 0 3532 866 165
3839 768 0 3725 837 95
4095 768 0 3907 807 13
0 1024 0 351 1029 0
256 1024 0 449 1026 0
512 1024 0 592 1024 0
768 1024 0 801 1024 0
1024 1024 0 1039 1035 0
1280 1024 0 1289 1050 10
1536 1024 0 1554 1072 60
1792 1024 0 1824 1095 113
2048 1024 0 2097 1118 166
2303 1024 0 2372 1145 211
2559 1024 0 2636 1161 235
2815 1024 0 2880 1164 228
3071 1024 0 3109 1154 196
3327 1024 0 3330 1137 154
3583 1024 0 3538 1109 92
3839 1024 0 3730 1080 42
4095 1024 0 3910 1050 0
0 1280 0 459 1305 0
256 1280 0 539 1304 0
512 1280 0 664 1303 0
768 1280 0 858 1304 0
1024 1280 0 1098 1324 6
1280 1280 0 1356 1351 31
1536 1280 0 1640 1390 122
1792 1280 0 1912 1415 175
2048 1280 0 2176 1431 202
2303 1280 0 2424 1434 197
2559 1280 0 2668 1433 187
2815 1280 0 2901 1425 170
3071 1280 0 3124 1408 131
3327 1280 0 3340 1388 83
3583 1280 0 3546 1359 24
3839 1280 0 3736 1328 0
4095 1280 0 3916 1295 0
0 1536 0 662 1673 0
256 1536 0 726 1673 0
512 1536 0 837 1675 0
768 1536 0 1017 1680 0
1024 1536 0 1241 1691 37
1280 1536 0 1480 1705 84
1536 1536 0 1739 1723 131
1792 1536 0 1988 1728 143
2048 1536 0 2230 1725 132
2303 1536 0 2465 1717 84
2559 1536 0 2697 1707 53
2815 1536 0 2923 1691 49
3071 1536 0 3140 1670 37
3327 1536 0 3353 1645 24
3583 1536 0 3556 1614 7
3839 1536 0 3744 1580 0
4095 1536 0 3922 1545 0
0 1792 0 828 1998 0
256 1792 0 879 1998 0
512 1792 0 974 2000 0
768 1792 0 1136 2005 0
1024 1792 0 1344 2011 31
1280 1792 0 1567 2017 65
1536 1792 0 1808 2025 83
1792 1792 0 2046 2024 81
2048 1792 0 2282 2018 65
2303 1792 0 2505 1999 24
2559 1792 0 2727 1980 0
2815 1792 0 2946 1958 0
3071 1792 0 3158 1933 0
3327 1792 0 3366 1904 0
3583 1792 0 3567 1871 0
3839 1792 0 3754 1835 0
4095 1792 0 3933 1796 0
0 2048 0 971 2293 0
256 2048 0 1008 2294 0
512 2048 0 1086 2295 0
768 2048 0 1230 2296 0
1024 2048 0 1420 2298 0
1280 2048 0 1627 2301 0
1536 2048 0 1858 2305 0
1792 2048 0 2094 2308 0
2048 2048 0 2335 2309 0
2303 2048 0 2545 2280 0
2559 2048 0 2757 2253 0
2815 2048 0 2969 2226 0
3071 2048 0 3177 2196 0
3327 2048 0 3381 2165 0
3583 2048 0 3579 2129 0
3839 2048 0 3767 2090 0
4095 2048 0 3948 2048 0
0 2303 0 1062 2548 0
256 2303 0 1095 2550 0
512 2303 0 1166 2551 0
768 2303 0 1295 2552 0
1024 2303 0 1472 2553 0
1280 2303 0 1667 2555 0
1536 2303 0 1887 2557 0
1792 2303 0 2116 2559 0
2048 2303 0 2351 2561 0
2303 2303 0 2576 2548 0
2559 2303 0 2792 2527 0
2815 2303 0 2996 2493 0
3071 2303 0 3198 2459 0
3327 2303 0 3399 2425 0
3583 2303 0 3594 2387 0
3839 2303 0 3777 2344 0
4095 2303 0 3952 2298 0
0 2559 0 1146 2795 0
256 2559 0 1173 2798 0
512 2559 0 1237 2800 0
768 2559 0 1354 2800 0
1024 2559 0 1519 2801 0
1280 2559 0 1703 2802 0
1536 2559 0 1913 2803 0
1792 2559 0 2134 2804 0
2048 2559 0 2362 2806 0
2303 2559 0 2594 2804 0
2559 2559 0 2817 2791 0
2815 2559 0 3023 2760 0
3071 2559 0 3221 2724 0
3327 2559 0 3418 2686 0
3583 2559 0 3610 2645 0
3839 2559 0 3790 2600 0
4095 2559 0 3960 2550 0
0 2815 0 1217 3029 0
256 2815 0 1238 3033 0
512 2815 0 1294 3036 0
768 2815 0 1403 3036 0
1024 2815 0 1558 3037 0
1280 2815 0 1731 3037 0
1536 2815 0 1932 3038 0
1792 2815 0 2144 3038 0
2048 2815 0 2365 3039 0
2303 2815 0 2595 3039 0
2559 2815 0 2824 3035 0
2815 2815 0 3050 3025 0
3071 2815 0 3247 2989 0
3327 2815 0 3438 2946 0
3583 2815 0 3627 2904 0
3839 2815 0 3805 2855 0
4095 2815 0 3975 2803 0
0 3071 0 1263 3254 0
256 3071 0 1285 3258 0
512 3071 0 1339 3261 0
768 3071 0 1441 3261 0
1024 3071 0 1587 3261 0
1280 3071 0 1751 3261 0
1536 3071 0 1944 3261 0
1792 3071 0 2149 3262 0
2048 3071 0 2363 3262 0
2303 3071 0 2589 3262 0
2559 3071 0 2816 3261 0
2815 3071 0 3046 3259 0
3071 3071 0 3258 3238 0
3327 3071 0 3461 3208 0
3583 3071 0 3646 3161 0
3839 3071 0 3820 3109 0
4095 3071 0 3988 3053 0
0 3327 0 1301 3476 0
256 3327 0 1326 3478 0
512 3327 0 1378 3480 0
768 3327 0 1473 3480 0
1024 3327 0 1612 3480 0
1280 3327 0 1768 3480 0
1536 3327 0 1953 3480 0
1792 3327 0 2152 3480 0
2048 3327 0 2359 3480 0
2303 3327 0 2579 3480 0
2559 3327 0 2803 3480 0
2815 3327 0 3032 3481 0
3071 3327 0 3259 3475 0
3327 3327 0 3477 3461 0
3583 3327 0 3663 3417 0
3839 3327 0 3836 3362 0
4095 3327 0 4001 3302 0
0 3583 0 1330 3688 0
256 3583 0 1355 3689 0
512 3583 0 1406 3689 0
768 3583 0 1496 3690 0
1024 3583 0 1628 3690 0
1280 3583 0 1778 3690 0
1536 3583 0 1957 3690 0
1792 3583 0 2149 3690 0
2048 3583 0 2351 3690 0
2303 3583 0 2565 3690 0
2559 3583 0 2785 3690 0
2815 3583 0 3009 3690 0
3071 3583 0 3236 3688 0
3327 3583 0 3461 3683 0
3583 3583 0 3675 3664 0
3839 3583 0 3855 3616 0
4095 3583 0 4013 3547 0
0 3839 0 1356 3891 0
256 3839 0 1380 3892 0
512 3839 0 1429 3891 0
768 3839 0 1515 3889 0
1024 3839 0 1643 3886 0
1280 3839 0 1788 3884 0
1536 3839 0 1959 3887 0
1792 3839 0 2144 3889 0
2048 3839 0 2340 3891 0
2303 3839 0 2549 3891 0
2559 3839 0 2763 3890 0
2815 3839 0 2983 3887 0
3071 3839 0 3206 3884 0
3327 3839 0 3430 3881 0
3583 3839 0 3657 3879 0
3839 3839 0 3852 3845 0
4095 3839 0 4027 3790 0
0 4095 0 1381 4088 0
256 4095 0 1403 4089 0
512 4095 0 1449 4087 0
768 4095 0 1533 4082 0
1024 4095 0 1658 4073 0
1280 4095 0 1799 4067 0
1536 4095 0 1960 4076 0
1792 4095 0 2138 4082 0
2048 4095 0 2326 4087 0
2303 4095 0 2531 4087 0
2559 4095 0 2740 4083 0
2815 4095 0 2953 4077 0
3071 4095 0 3170 4069 0
3327 4095 0 3390 4065 0
3583 4095 0 3618 4071 0
3839 4095 0 3834 4058 0
4095 4095 0 4042 4032 0
0 0 256 20 20 260
256 0 256 250 22 275
512 0 256 485 42 292
768 0 256 727 87 314
1024 0 256 977 63 304
1280 0 256 1227 31 290
1536 0 256 1473 37 292
1792 0 256 1718 44 294
2048 0 256 1963 51 296
2303 0 256 2251 204 345
2559 0 256 2540 332 387
2815 0 256 2828 420 415
3071 0 256 3076 446 416
3327 0 256 3309 446 406
3583 0 256 3522 404 382
3839 0 256 3719 345 352
4095 0 256 3905 274 317
0 256 256 95 264 258
256 256 256 287 265 263
512 256 256 497 272 281
768 256 256 734 291 316
1024 256 256 974 288 300
1280 256 256 1219 278 276
1536 256 256 1475 267 269
1792 256 256 1725 262 266
2048 256 256 1970 262 266
2303 256 256 2268 365 334
2559 256 256 2559 452 385
2815 256 256 2839 514 408
3071 256 256 3084 529 406
3327 256 256 3316 525 395
3583 256 256 3529 487 370
3839 256 256 3726 439 339
4095 256 256 3913 382 305
0 512 256 174 513 253
256 512 256 326 513 248
512 512 256 512 514 258
768 512 256 746 515 290
1024 512 256 983 521 276
1280 512 256 1225 524 253
1536 512 256 1483 506 245
1792 512 256 1738 502 248
2048 512 256 1993 505 259
2303 512 256 2295 571 332
2559 512 256 2586 624 382
2815 512 256 2856 661 398
3071 512 256 3098 665 392
3327 512 256 3327 656 378
3583 512 256 3539 621 350
3839 512 256 3734 584 319
4095 512 256 3918 544 284
0 768 256 261 771 245
256 768 256 372 772 227
512 768 256 532 772 218
768 768 256 767 770 223
1024 768 256 1009 768 220
1280 768 256 1253 765 217
1536 768 256 1498 760 221
1792 768 256 1762 772 246
2048 768 256 2039 795 286
2303 768 256 2340 842 342
2559 768 256 2624 875 377
2815 768 256 2881 887 382
3071 768 256 3117 880 371
3327 768 256 3343 864 352
3583 768 256 3554 831 319
3839 768 256 3744 805 285
4095 768 256 3920 784 249
0 1024 256 347 1026 229
256 1024 256 434 1027 211
512 1024 256 573 1028 198
768 1024 256 792 1027 191
1024 1024 256 1039 1036 198
1280 1024 256 1296 1049 214
1536 1024 256 1564 1068 248
1792 1024 256 1838 1088 282
2048 1024 256 2114 1110 316
2303 1024 256 2391 1133 343
2559 1024 256 2656 1146 358
2815 1024 256 2901 1146 354
3071 1024 256 3131 1132 336
3327 1024 256 3353 1112 310
3583 1024 256 3562 1080 274
3839 1024 256 3750 1054 248
4095 1024 256 3924 1034 229
0 1280 256 456 1304 221
256 1280 256 525 1305 206
512 1280 256 646 1307 192
768 1280 256 843 1308 180
1024 1280 256 1091 1328 196
1280 1280 256 1357 1356 226
1536 1280 256 1645 1392 282
1792 1280 256 1921 1414 315
2048 1280 256 2189 1427 333
2303 1280 256 2440 1427 331
2559 1280 256 2685 1423 326
2815 1280 256 2920 1413 316
3071 1280 256 3143 1394 292
3327 1280 256 3361 1371 263
3583 1280 256 3567 1339 226
3839 1280 256 3755 1311 210
4095 1280 256 3929 1286 208
0 1536 256 661 1673 252
256 1536 256 718 1675 241
512 1536 256 822 1679 229
768 1536 256 999 1684 217
1024 1536 256 1228 1696 237
1280 1536 256 1474 1709 265
1536 1536 256 1738 1725 293
1792 1536 256 1991 1729 302
2048 1536 256 2237 1724 297
2303 1536 256 2475 1714 274
2559 1536 256 2710 1701 256
2815 1536 256 2938 1684 245
3071 1536 256 3156 1660 228
3327 1536 256 3370 1633 208
3583 1536 256 3574 1600 183
3839 1536 256 3761 1569 174
4095 1536 256 3936 1540 175
0 1792 256 825 1998 255
256 1792 256 871 2000 245
512 1792 256 960 2004 233
768 1792 256 1115 2009 216
1024 1792 256 1326 2015 229
1280 1792 256 1555 2021 247
1536 1792 256 1801 2028 260
1792 1792 256 2044 2026 261
2048 1792 256 2284 2019 253
2303 1792 256 2510 1999 227
2559 1792 256 2735 1978 204
2815 1792 256 2956 1955 189
3071 1792 256 3170 1927 167
3327 1792 256 3380 1897 142
3583 1792 256 3583 1861 111
3839 1792 256 3769 1827 100
4095 1792 256 3945 1794 101
0 2048 256 961 2293 239
256 2048 256 997 2295 229
512 2048 256 1072 2297 214
768 2048 256 1205 2301 190
1024 2048 256 1397 2303 189
1280 2048 256 1611 2306 193
1536 2048 256 1846 2309 198
1792 2048 256 2087 2310 202
2048 2048 256 2331 2311 205
2303 2048 256 2545 2282 186
2559 2048 256 2760 2253 165
2815 2048 256 2976 2225 143
3071 2048 256 3185 2194 109
3327 2048 256 3392 2160 70
3583 2048 256 3592 2123 20
3839 2048 256 3778 2085 0
4095 2048 256 3956 2048 0
0 2303 256 1051 2549 179
256 2303 256 1084 2551 164
512 2303 256 1150 2553 134
768 2303 256 1268 2556 81
1024 2303 256 1447 2558 71
1280 2303 256 1647 2559 73
1536 2303 256 1872 2561 75
1792 2303 256 2105 2562 76
2048 2303 256 2343 2563 77
2303 2303 256 2572 2551 70
2559 2303 256 2793 2529 62
2815 2303 256 2998 2494 54
3071 2303 256 3203 2458 41
3327 2303 256 3406 2422 26
3583 2303 256 3603 2383 8
3839 2303 256 3788 2342 0
4095 2303 256 3965 2301 0
0 2559 256 1133 2798 107
256 2559 256 1162 2800 94
512 2559 256 1221 2802 65
768 2559 256 1326 2805 11
1024 2559 256 1492 2806 0
1280 2559 256 1680 2806 0
1536 2559 256 1894 2807 0
1792 2559 256 2119 2808 0
2048 2559 256 2351 2809 0
2303 2559 256 2588 2807 0
2559 2559 256 2814 2793 0
2815 2559 256 3022 2762 0
3071 2559 256 3223 2725 0
3327 2559 256 3422 2685 0
3583 2559 256 3616 2644 0
3839 2559 256 3800 2600 0
4095 2559 256 3976 2556 0
0 2815 256 1202 3033 18
256 2815 256 1226 3036 16
512 2815 256 1279 3038 11
768 2815 256 1375 3040 2
1024 2815 256 1529 3041 0
1280 2815 256 1705 3042 0
1536 2815 256 1911 3042 0
1792 2815 256 2127 3042 0
2048 2815 256 2352 3042 0
2303 2815 256 2585 3042 0
2559 2815 256 2818 3039 0
2815 2815 256 3048 3030 0
3071 2815 256 3248 2992 0
3327 2815 256 3439 2948 0
3583 2815 256 3631 2904 0
3839 2815 256 3813 2858 0
4095 2815 256 3990 2810 0
0 3071 256 1252 3258 0
256 3071 256 1275 3260 0
512 3071 256 1324 3262 0
768 3071 256 1413 3264 0
1024 3071 256 1558 3265 0
1280 3071 256 1724 3265 0
1536 3071 256 1921 3266 0
1792 3071 256 2130 3266 0
2048 3071 256 2348 3266 0
2303 3071 256 2576 3266 0
2559 3071 256 2807 3265 0
2815 3071 256 3041 3262 0
3071 3071 256 3256 3242 0
3327 3071 256 3462 3212 0
3583 3071 256 3649 3164 0
3839 3071 256 3828 3114 0
4095 3071 256 4002 3061 0
0 3327 256 1295 3478 0
256 3327 256 1318 3480 0
512 3327 256 1364 3481 0
768 3327 256 1446 3483 0
1024 3327 256 1582 3484 0
1280 3327 256 1740 3484 0
1536 3327 256 1929 3484 0
1792 3327 256 2131 3484 0
2048 3327 256 2342 3484 0
2303 3327 256 2565 3484 0
2559 3327 256 2792 3484 0
2815 3327 256 3023 3483 0
3071 3327 256 3255 3480 0
3327 3327 256 3478 3467 0
3583 3327 256 3665 3422 0
3839 3327 256 3843 3369 0
4095 3327 256 4013 3311 0
0 3583 256 1327 3689 0
256 3583 256 1349 3690 0
512 3583 256 1393 3691 0
768 3583 256 1470 3693 0
1024 3583 256 1599 3693 0
1280 3583 256 1749 3694 0
1536 3583 256 1932 3694 0
1792 3583 256 2128 3694 0
2048 3583 256 2333 3694 0
2303 3583 256 2550 3693 0
2559 3583 256 2772 3693 0
2815 3583 256 2999 3693 0
3071 3583 256 3229 3691 0
3327 3583 256 3458 3687 0
3583 3583 256 3675 3670 0
3839 3583 256 3859 3622 0
4095 3583 256 4021 3553 0
0 3839 256 1353 3893 0
256 3839 256 1375 3893 0
512 3839 256 1419 3894 0
768 3839 256 1497 3894 0
1024 3839 256 1623 3893 0
1280 3839 256 1768 3892 0
1536 3839 256 1942 3893 0
1792 3839 256 2130 3895 0
2048 3839 256 2328 3895 0
2303 3839 256 2539 3895 0
2559 3839 256 2756 3894 0
2815 3839 256 2977 3893 0
3071 3839 256 3203 3891 0
3327 3839 256 3430 3889 0
3583 3839 256 3659 3886 0
3839 3839 256 3857 3852 0
4095 3839 256 4033 3797 0
0 4095 256 1375 4092 0
256 4095 256 1398 4092 0
512 4095 256 1445 4092 0
768 4095 256 1527 4090 0
1024 4095 256 1651 4085 0
1280 4095 256 1792 4081 0
1536 4095 256 1956 4086 0
1792 4095 256 2136 4090 0
2048 4095 256 2326 4092 0
2303 4095 256 2531 4092 0
2559 4095 256 2741 4090 0
2815 4095 256 2956 4087 0
3071 4095 256 3175 4082 0
3327 4095 256 3397 4079 0
3583 4095 256 3625 4081 0
3839 4095 256 3841 4067 0
4095 4095 256 4049 4041 0
0 0 512 46 52 521
256 0 512 263 23 520
512 0 512 491 17 520
768 0 512 737 49 522
1024 0 512 982 29 521
1280 0 512 1226 3 519
1536 0 512 1472 4 519
1792 0 512 1717 5 519
2048 0 512 1962 6 519
2303 0 512 2253 186 549
2559 0 512 2543 329 575
2815 0 512 2830 415 596
3071 0 512 3078 438 595
3327 0 512 3311 434 587
3583 0 512 3525 389 569
3839 0 512 3721 334 550
4095 0 512 3905 273 530
0 256 512 105 276 517
256 256 512 289 264 523
512 256 512 499 259 525
768 256 512 749 267 523
1024 256 512 984 267 525
1280 256 512 1222 263 526
1536 256 512 1479 246 515
1792 256 512 1729 238 510
2048 256 512 1974 236 509
2303 256 512 2273 352 545
2559 256 512 2565 447 574
2815 256 512 2844 508 591
3071 256 512 3088 522 589
3327 256 512 3320 516 580
3583 256 512 3532 476 562
3839 256 512 3729 425 542
4095 256 512 3915 367 522
0 512 512 174 513 511
256 512 512 321 513 512
512 512 512 509 510 511
768 512 512 759 504 506
1024 512 512 994 512 510
1280 512 512 1230 516 512
1536 512 512 1490 495 500
1792 512 512 1747 489 499
2048 512 512 2002 492 506
2303 512 512 2306 561 543
2559 512 512 2596 616 570
2815 512 512 2865 652 582
3071 512 512 3106 656 577
3327 512 512 3335 645 567
3583 512 512 3546 609 548
3839 512 512 3740 567 530
4095 512 512 3923 522 511
0 768 512 260 770 500
256 768 512 363 772 480
512 768 512 523 773 467
768 768 512 768 769 464
1024 768 512 1013 766 464
1280 768 512 1259 762 465
1536 768 512 1503 757 469
1792 768 512 1771 767 486
2048 768 512 2055 789 511
2303 768 512 2356 832 543
2559 768 512 2640 862 562
2815 768 512 2897 873 565
3071 768 512 3133 864 557
3327 768 512 3358 846 543
3583 768 512 3569 810 523
3839 768 512 3756 786 509
4095 768 512 3928 770 498
0 1024 512 345 1025 478
256 1024 512 425 1028 456
512 1024 512 562 1030 437
768 1024 512 782 1030 425
1024 1024 512 1037 1039 434
1280 1024 512 1302 1052 450
1536 1024 512 1574 1067 471
1792 1024 512 1851 1085 495
2048 1024 512 2133 1104 519
2303 1024 512 2411 1123 535
2559 1024 512 2677 1133 544
2815 1024 512 2924 1129 541
3071 1024 512 3153 1113 529
3327 1024 512 3375 1091 514
3583 1024 512 3582 1057 493
3839 1024 512 3765 1036 482
4095 1024 512 3932 1024 477
0 1280 512 454 1303 471
256 1280 512 518 1306 450
512 1280 512 633 1309 429
768 1280 512 825 1313 406
1024 1280 512 1083 1335 423
1280 1280 512 1361 1363 450
1536 1280 512 1657 1393 482
1792 1280 512 1938 1411 505
2048 1280 512 2208 1421 522
2303 1280 512 2461 1419 523
2559 1280 512 2709 1411 520
2815 1280 512 2947 1397 512
3071 1280 512 3171 1375 497
3327 1280 512 3388 1350 480
3583 1280 512 3593 1316 457
3839 1280 512 3773 1294 449
4095 1280 512 3937 1280 449
0 1536 512 661 1673 527
256 1536 512 712 1677 511
512 1536 512 810 1682 493
768 1536 512 979 1690 471
1024 1536 512 1211 1702 472
1280 1536 512 1463 1716 481
1536 1536 512 1736 1729 498
1792 1536 512 1996 1730 504
2048 1536 512 2249 1723 504
2303 1536 512 2492 1710 497
2559 1536 512 2730 1693 486
2815 1536 512 2962 1672 471
3071 1536 512 3182 1646 452
3327 1536 512 3397 1616 431
3583 1536 512 3600 1581 404
3839 1536 512 3780 1555 399
4095 1536 512 3944 1536 406
0 1792 512 821 1998 539
256 1792 512 863 2002 525
512 1792 512 948 2007 506
768 1792 512 1094 2014 479
1024 1792 512 1303 2022 471
1280 1792 512 1534 2028 470
1536 1792 512 1790 2033 479
1792 1792 512 2040 2029 481
2048 1792 512 2288 2020 479
2303 1792 512 2520 1998 461
2559 1792 512 2749 1974 442
2815 1792 512 2975 1948 418
3071 1792 512 3192 1917 387
3327 1792 512 3404 1884 352
3583 1792 512 3606 1846 309
3839 1792 512 3787 1816 300
4095 1792 512 3952 1792 312
0 2048 512 951 2294 521
256 2048 512 987 2296 507
512 2048 512 1058 2299 485
768 2048 512 1183 2305 449
1024 2048 512 1371 2309 436
1280 2048 512 1583 2313 431
1536 2048 512 1827 2315 438
1792 2048 512 2075 2315 444
2048 2048 512 2326 2314 448
2303 2048 512 2546 2284 421
2559 2048 512 2767 2254 391
2815 2048 512 2987 2223 358
3071 2048 512 3200 2189 310
3327 2048 512 3410 2153 255
3583 2048 512 3613 2112 187
3839 2048 512 3795 2078 169
4095 2048 512 3962 2048 185
0 2303 512 1042 2550 441
256 2303 512 1074 2552 422
512 2303 512 1137 2555 382
768 2303 512 1247 2560 310
1024 2303 512 1421 2563 288
1280 2303 512 1618 2566 279
1536 2303 512 1849 2567 280
1792 2303 512 2088 2567 281
2048 2303 512 2332 2567 284
2303 2303 512 2567 2554 273
2559 2303 512 2793 2531 260
2815 2303 512 3004 2494 243
3071 2303 512 3212 2457 220
3327 2303 512 3419 2418 194
3583 2303 512 3619 2376 161
3839 2303 512 3802 2338 159
4095 2303 512 3973 2303 177
0 2559 512 1123 2800 344
256 2559 512 1152 2801 327
512 2559 512 1208 2803 288
768 2559 512 1305 2808 217
1024 2559 512 1465 2810 193
1280 2559 512 1649 2812 182
1536 2559 512 1868 2813 177
1792 2559 512 2097 2814 176
2048 2559 512 2335 2814 177
2303 2559 512 2577 2811 177
2559 2559 512 2808 2797 174
2815 2559 512 3022 2765 168
3071 2559 512 3227 2726 160
3327 2559 512 3429 2684 151
3583 2559 512 3627 2641 140
3839 2559 512 3811 2599 148
4095 2559 512 3986 2559 167
0 2815 512 1190 3036 224
256 2815 512 1216 3037 219
512 2815 512 1267 3039 210
768 2815 512 1355 3043 193
1024 2815 512 1502 3045 179
1280 2815 512 1674 3047 168
1536 2815 512 1881 3048 160
1792 2815 512 2102 3048 157
2048 2815 512 2332 3048 158
2303 2815 512 2570 3047 158
2559 2815 512 2808 3043 158
2815 2815 512 3044 3034 157
3071 2815 512 3247 2995 148
3327 2815 512 3442 2949 138
3583 2815 512 3637 2904 126
3839 2815 512 3822 2859 134
4095 2815 512 3999 2814 156
0 3071 512 1243 3260 184
256 3071 512 1267 3261 182
512 3071 512 1313 3263 178
768 3071 512 1394 3267 172
1024 3071 512 1532 3269 160
1280 3071 512 1693 3271 147
1536 3071 512 1889 3272 135
1792 3071 512 2102 3272 130
2048 3071 512 2325 3271 131
2303 3071 512 2558 3271 132
2559 3071 512 2794 3269 132
2815 3071 512 3032 3267 132
3071 3071 512 3252 3245 128
3327 3071 512 3462 3215 120
3583 3071 512 3652 3166 105
3839 3071 512 3834 3117 114
4095 3071 512 4012 3068 140
0 3327 512 1289 3479 162
256 3327 512 1311 3480 160
512 3327 512 1354 3482 156
768 3327 512 1428 3485 149
1024 3327 512 1557 3487 136
1280 3327 512 1709 3489 120
1536 3327 512 1896 3490 101
1792 3327 512 2100 3490 94
2048 3327 512 2317 3490 95
2303 3327 512 2544 3489 95
2559 3327 512 2775 3488 96
2815 3327 512 3010 3488 96
3071 3327 512 3247 3484 96
3327 3327 512 3475 3472 92
3583 3327 512 3666 3426 76
3839 3327 512 3848 3374 85
4095 3327 512 4023 3319 111
0 3583 512 1323 3689 132
256 3583 512 1344 3690 130
512 3583 512 1384 3692 125
768 3583 512 1453 3695 116
1024 3583 512 1575 3697 99
1280 3583 512 1719 3698 76
1536 3583 512 1898 3700 41
1792 3583 512 2095 3700 27
2048 3583 512 2305 3699 27
2303 3583 512 2527 3699 27
2559 3583 512 2753 3698 27
2815 3583 512 2984 3697 27
3071 3583 512 3218 3696 27
3327 3583 512 3451 3691 26
3583 3583 512 3673 3675 22
3839 3583 512 3863 3630 24
4095 3583 512 4032 3565 32
0 3839 512 1350 3893 75
256 3839 512 1371 3894 73
512 3839 512 1413 3895 70
768 3839 512 1486 3897 65
1024 3839 512 1607 3897 52
1280 3839 512 1747 3898 36
1536 3839 512 1919 3900 10
1792 3839 512 2108 3900 0
2048 3839 512 2310 3900 0
2303 3839 512 2525 3900 0
2559 3839 512 2743 3899 0
2815 3839 512 2968 3898 0
3071 3839 512 3196 3897 0
3327 3839 512 3426 3895 0
3583 3839 512 3658 3893 0
3839 3839 512 3861 3861 0
4095 3839 512 4045 3810 0
0 4095 512 1372 4093 0
256 4095 512 1396 4094 0
512 4095 512 1442 4094 0
768 4095 512 1523 4095 0
1024 4095 512 1647 4093 0
1280 4095 512 1787 4091 0
1536 4095 512 1953 4093 0
1792 4095 512 2134 4095 0
2048 4095 512 2325 4095 0
2303 4095 512 2531 4095 0
2559 4095 512 2742 4094 0
2815 4095 512 2958 4093 0
3071 4095 512 3179 4091 0
3327 4095 512 3402 4089 0
3583 4095 512 3629 4089 0
3839 4095 512 3848 4077 0
4095 4095 512 4061 4056 0
0 0 768 82 102 784
256 0 768 276 49 781
512 0 768 491 24 779
768 0 768 737 43 780
1024 0 768 982 23 780
1280 0 768 1226 1 779
1536 0 768 1472 1 779
1792 0 768 1717 1 779
2048 0 768 1962 1 779
2303 0 768 2257 195 813
2559 0 768 2548 343 842
2815 0 768 2831 424 864
3071 0 768 3078 444 862
3327 0 768 3311 439 853
3583 0 768 3525 393 832
3839 0 768 3720 340 811
4095 0 768 3904 283 789
0 256 768 122 296 781
256 256 768 288 272 800
512 256 768 493 256 808
768 256 768 756 252 802
1024 256 768 1003 242 792
1280 256 768 1246 232 783
1536 256 768 1491 228 777
1792 256 768 1734 227 774
2048 256 768 1976 229 773
2303 256 768 2277 357 813
2559 256 768 2569 457 844
2815 256 768 2845 516 862
3071 256 768 3089 528 859
3327 256 768 3320 521 848
3583 256 768 3532 480 828
3839 256 768 3730 426 805
4095 256 768 3916 363 781
0 512 768 180 516 776
256 512 768 315 511 799
512 512 768 503 502 810
768 512 768 768 489 801
1024 512 768 1015 484 789
1280 512 768 1258 481 777
1536 512 768 1501 477 771
1792 512 768 1752 480 772
2048 512 768 2008 488 777
2303 512 768 2312 563 816
2559 512 768 2601 621 845
2815 512 768 2868 656 856
3071 512 768 3107 660 851
3327 512 768 3336 649 839
3583 512 768 3547 612 818
3839 512 768 3741 566 796
4095 512 768 3925 514 774
0 768 768 263 771 769
256 768 768 363 772 771
512 768 768 522 770 771
768 768 768 770 765 766
1024 768 768 1015 761 762
1280 768 768 1259 758 759
1536 768 768 1497 758 760
1792 768 768 1771 771 774
2048 768 768 2067 793 796
2303 768 768 2367 832 825
2559 768 768 2650 860 843
2815 768 768 2905 870 845
3071 768 768 3139 861 836
3327 768 768 3363 845 821
3583 768 768 3571 810 800
3839 768 768 3757 786 782
4095 768 768 3928 768 767
0 1024 768 348 1026 758
256 1024 768 427 1028 751
512 1024 768 559 1030 740
768 1024 768 771 1032 722
1024 1024 768 1032 1044 725
1280 1024 768 1306 1058 734
1536 1024 768 1582 1070 748
1792 1024 768 1865 1086 772
2048 1024 768 2153 1104 802
2303 1024 768 2432 1118 818
2559 1024 768 2699 1124 824
2815 1024 768 2948 1117 818
3071 1024 768 3177 1099 805
3327 1024 768 3396 1076 790
3583 1024 768 3599 1043 770
3839 1024 768 3775 1028 759
4095 1024 768 3932 1024 755
0 1280 768 456 1305 762
256 1280 768 519 1307 751
512 1280 768 627 1311 732
768 1280 768 803 1319 701
1024 1280 768 1073 1345 704
1280 1280 768 1369 1374 719
1536 1280 768 1678 1394 743
1792 1280 768 1964 1407 770
2048 1280 768 2234 1415 800
2303 1280 768 2490 1409 802
2559 1280 768 2742 1398 798
2815 1280 768 2986 1376 784
3071 1280 768 3210 1350 769
3327 1280 768 3426 1322 753
3583 1280 768 3625 1290 735
3839 1280 768 3792 1278 732
4095 1280 768 3937 1280 741
0 1536 768 659 1676 837
256 1536 768 709 1679 827
512 1536 768 802 1685 809
768 1536 768 957 1696 780
1024 1536 768 1188 1712 760
1280 1536 768 1446 1727 750
1536 1536 768 1733 1735 764
1792 1536 768 2005 1731 772
2048 1536 768 2267 1721 777
2303 1536 768 2517 1704 769
2559 1536 768 2762 1682 757
2815 1536 768 3000 1655 741
3071 1536 768 3222 1624 726
3327 1536 768 3437 1592 710
3583 1536 768 3635 1557 693
3839 1536 768 3801 1540 699
4095 1536 768 3944 1536 720
0 1792 768 816 2000 867
256 1792 768 858 2003 857
512 1792 768 938 2009 840
768 1792 768 1073 2019 811
1024 1792 768 1273 2030 778
1280 1792 768 1500 2039 752
1536 1792 768 1771 2041 761
1792 1792 768 2035 2034 763
2048 1792 768 2294 2022 761
2303 1792 768 2535 1996 745
2559 1792 768 2773 1968 728
2815 1792 768 3005 1936 708
3071 1792 768 3226 1902 686
3327 1792 768 3441 1865 664
3583 1792 768 3643 1825 638
3839 1792 768 3810 1802 650
4095 1792 768 3953 1792 687
0 2048 768 943 2294 867
256 2048 768 979 2297 858
512 2048 768 1047 2301 840
768 2048 768 1166 2307 811
1024 2048 768 1339 2316 769
1280 2048 768 1539 2324 735
1536 2048 768 1796 2324 741
1792 2048 768 2056 2322 745
2048 2048 768 2317 2318 750
2303 2048 768 2548 2287 728
2559 2048 768 2778 2255 706
2815 2048 768 3005 2221 681
3071 2048 768 3224 2182 650
3327 2048 768 3440 2141 615
3583 2048 768 3649 2094 573
3839 2048 768 3818 2065 590
4095 2048 768 3962 2048 646
0 2303 768 1033 2551 827
256 2303 768 1065 2553 818
512 2303 768 1127 2556 798
768 2303 768 1233 2561 764
1024 2303 768 1391 2569 722
1280 2303 768 1575 2575 686
1536 2303 768 1814 2576 680
1792 2303 768 2062 2575 680
2048 2303 768 2316 2573 684
2303 2303 768 2560 2558 676
2559 2303 768 2794 2534 660
2815 2303 768 3013 2495 634
3071 2303 768 3227 2454 605
3327 2303 768 3439 2412 573
3583 2303 768 3645 2365 534
3839 2303 768 3820 2330 556
4095 2303 768 3973 2303 618
0 2559 768 1115 2800 777
256 2559 768 1144 2801 768
512 2559 768 1199 2804 750
768 2559 768 1295 2808 716
1024 2559 768 1439 2815 675
1280 2559 768 1608 2820 637
1536 2559 768 1828 2822 620
1792 2559 768 2065 2822 615
2048 2559 768 2312 2821 617
2303 2559 768 2561 2816 618
2559 2559 768 2800 2801 610
2815 2559 768 3022 2768 589
3071 2559 768 3234 2727 561
3327 2559 768 3441 2683 529
3583 2559 768 3645 2635 490
3839 2559 768 3824 2595 516
4095 2559 768 3986 2559 585
0 2815 768 1183 3036 711
256 2815 768 1209 3037 705
512 2815 768 1259 3040 691
768 2815 768 1346 3043 667
1024 2815 768 1479 3049 628
1280 2815 768 1635 3054 587
1536 2815 768 1838 3057 559
1792 2815 768 2063 3057 549
2048 2815 768 2303 3056 551
2303 2815 768 2548 3054 553
2559 2815 768 2793 3048 552
2815 2815 768 3035 3038 548
3071 2815 768 3245 2998 519
3327 2815 768 3447 2950 482
3583 2815 768 3647 2902 439
3839 2815 768 3830 2857 468
4095 2815 768 4000 2815 546
0 3071 768 1237 3260 643
256 3071 768 1261 3261 636
512 3071 768 1307 3264 623
768 3071 768 1387 3267 600
1024 3071 768 1511 3272 559
1280 3071 768 1656 3277 514
1536 3071 768 1845 3280 472
1792 3071 768 2059 3281 456
2048 3071 768 2291 3280 458
2303 3071 768 2531 3278 460
2559 3071 768 2774 3276 461
2815 3071 768 3018 3272 462
3071 3071 768 3244 3249 446
3327 3071 768 3460 3218 420
3583 3071 768 3656 3168 366
3839 3071 768 3840 3119 399
4095 3071 768 4016 3071 491
0 3327 768 1285 3479 566
256 3327 768 1307 3480 559
512 3327 768 1349 3482 545
768 3327 768 1424 3485 520
1024 3327 768 1539 3490 474
1280 3327 768 1675 3494 420
1536 3327 768 1849 3498 354
1792 3327 768 2054 3500 329
2048 3327 768 2279 3498 331
2303 3327 768 2513 3497 332
2559 3327 768 2751 3495 334
2815 3327 768 2992 3494 336
3071 3327 768 3234 3489 334
3327 3327 768 3467 3476 322
3583 3327 768 3664 3430 265
3839 3327 768 3852 3380 298
4095 3327 768 4033 3326 389
0 3583 768 1320 3689 461
256 3583 768 1341 3690 453
512 3583 768 1381 3692 437
768 3583 768 1451 3695 407
1024 3583 768 1560 3699 345
1280 3583 768 1687 3703 265
1536 3583 768 1849 3708 143
1792 3583 768 2045 3709 94
2048 3583 768 2263 3708 95
2303 3583 768 2492 3707 95
2559 3583 768 2725 3706 96
2815 3583 768 2961 3704 96
3071 3583 768 3201 3702 96
3327 3583 768 3438 3696 92
3583 3583 768 3666 3679 76
3839 3583 768 3867 3639 85
4095 3583 768 4050 3583 111
0 3839 768 1349 3892 262
256 3839 768 1371 3893 257
512 3839 768 1412 3894 246
768 3839 768 1485 3897 226
1024 3839 768 1597 3899 184
1280 3839 768 1727 3902 127
1536 3839 768 1888 3905 36
1792 3839 768 2076 3906 0
2048 3839 768 2283 3906 0
2303 3839 768 2502 3905 0
2559 3839 768 2725 3904 0
2815 3839 768 2953 3903 0
3071 3839 768 3185 3902 0
3327 3839 768 3418 3900 0
3583 3839 768 3654 3897 0
3839 3839 768 3867 3872 0
4095 3839 768 4066 3833 0
0 4095 768 1374 4091 0
256 4095 768 1398 4091 0
512 4095 768 1444 4092 0
768 4095 768 1525 4093 0
1024 4095 768 1646 4094 0
1280 4095 768 1785 4094 0
1536 4095 768 1952 4095 0
1792 4095 768 2134 4095 0
2048 4095 768 2325 4095 0
2303 4095 768 2531 4095 0
2559 4095 768 2742 4095 0
2815 4095 768 2958 4095 0
3071 4095 768 3180 4094 0
3327 4095 768 3404 4094 0
3583 4095 768 3632 4094 0
3839 4095 768 3858 4088 0
4095 4095 768 4081 4078 0
0 0 1024 100 103 1043
256 0 1024 283 56 1041
512 0 1024 491 26 1039
768 0 1024 737 23 1039
1024 0 1024 981 11 1039
1280 0 1024 1226 0 1039
1536 0 1024 1472 0 1039
1792 0 1024 1717 0 1039
2048 0 1024 1962 0 1039
2303 0 1024 2263 208 1080
2559 0 1024 2555 363 1113
2815 0 1024 2834 435 1134
3071 0 1024 3079 452 1131
3327 0 1024 3311 445 1120
3583 0 1024 3525 398 1097
3839 0 1024 3723 326 1072
4095 0 1024 3911 237 1045
0 256 1024 127 296 1040
256 256 1024 287 273 1061
512 256 1024 488 254 1074
768 256 1024 750 241 1075
1024 256 1024 1001 232 1063
1280 256 1024 1248 225 1049
1536 256 1024 1491 224 1043
1792 256 1024 1734 224 1039
2048 256 1024 1977 225 1037
2303 256 1024 2283 363 1083
2559 256 1024 2577 468 1117
2815 256 1024 2848 521 1133
3071 256 1024 3090 532 1129
3327 256 1024 3321 525 1117
3583 256 1024 3533 483 1094
3839 256 1024 3731 421 1068
4095 256 1024 3919 345 1040
0 512 1024 178 514 1036
256 512 1024 310 509 1065
512 512 1024 495 499 1084
768 512 1024 758 483 1091
1024 512 1024 1015 474 1076
1280 512 1024 1267 468 1057
1536 512 1024 1510 465 1046
1792 512 1024 1762 469 1045
2048 512 1024 2019 479 1049
2303 512 1024 2323 560 1091
2559 512 1024 2611 621 1120
2815 512 1024 2873 655 1130
3071 512 1024 3111 659 1123
3327 512 1024 3337 650 1110
3583 512 1024 3547 614 1087
3839 512 1024 3742 567 1061
4095 512 1024 3926 512 1035
0 768 1024 264 771 1032
256 768 1024 362 770 1044
512 768 1024 518 767 1059
768 768 1024 758 759 1078
1024 768 1024 1019 748 1073
1280 768 1024 1281 737 1061
1536 768 1024 1527 731 1047
1792 768 1024 1804 747 1057
2048 768 1024 2100 778 1082
2303 768 1024 2391 818 1107
2559 768 1024 2666 848 1123
2815 768 1024 2914 862 1124
3071 768 1024 3144 858 1113
3327 768 1024 3365 844 1097
3583 768 1024 3572 812 1074
3839 768 1024 3758 787 1051
4095 768 1024 3928 768 1030
0 1024 1024 349 1026 1024
256 1024 1024 427 1027 1027
512 1024 1024 556 1028 1030
768 1024 1024 762 1028 1034
1024 1024 1024 1037 1040 1043
1280 1024 1024 1323 1053 1054
1536 1024 1024 1588 1065 1062
1792 1024 1024 1872 1081 1080
2048 1024 1024 2170 1101 1103
2303 1024 1024 2443 1115 1114
2559 1024 1024 2706 1121 1117
2815 1024 1024 2953 1115 1108
3071 1024 1024 3181 1099 1092
3327 1024 1024 3399 1077 1074
3583 1024 1024 3602 1044 1050
3839 1024 1024 3776 1028 1034
4095 1024 1024 3932 1024 1022
0 1280 1024 458 1305 1035
256 1280 1024 519 1307 1031
512 1280 1024 625 1311 1023
768 1280 1024 797 1318 1009
1024 1280 1024 1075 1350 1025
1280 1280 1024 1375 1385 1049
1536 1280 1024 1659 1412 1078
1792 1280 1024 1945 1423 1097
2048 1280 1024 2232 1424 1110
2303 1280 1024 2489 1418 1111
2559 1280 1024 2742 1406 1104
2815 1280 1024 2988 1383 1087
3071 1280 1024 3215 1354 1066
3327 1280 1024 3432 1323 1045
3583 1280 1024 3629 1290 1023
3839 1280 1024 3794 1278 1014
4095 1280 1024 3937 1280 1013
0 1536 1024 662 1679 1124
256 1536 1024 712 1681 1119
512 1536 1024 802 1688 1108
768 1536 1024 952 1699 1090
1024 1536 1024 1182 1717 1075
1280 1536 1024 1439 1735 1066
1536 1536 1024 1727 1743 1080
1792 1536 1024 2006 1737 1081
2048 1536 1024 2280 1723 1074
2303 1536 1024 2526 1707 1076
2559 1536 1024 2769 1687 1071
2815 1536 1024 3008 1660 1054
3071 1536 1024 3234 1626 1030
3327 1536 1024 3451 1590 1007
3583 1536 1024 3642 1558 992
3839 1536 1024 3803 1542 991
4095 1536 1024 3944 1536 1000
0 1792 1024 817 2003 1164
256 1792 1024 859 2006 1158
512 1792 1024 937 2012 1146
768 1792 1024 1069 2022 1125
1024 1792 1024 1265 2034 1093
1280 1792 1024 1489 2044 1066
1536 1792 1024 1764 2045 1066
1792 1792 1024 2036 2037 1061
2048 1792 1024 2305 2022 1053
2303 1792 1024 2546 1997 1046
2559 1792 1024 2786 1970 1033
2815 1792 1024 3021 1938 1012
3071 1792 1024 3247 1899 984
3327 1792 1024 3464 1858 959
3583 1792 1024 3653 1824 947
3839 1792 1024 3813 1803 958
4095 1792 1024 3953 1792 983
0 2048 1024 939 2295 1171
256 2048 1024 975 2298 1164
512 2048 1024 1043 2302 1151
768 2048 1024 1161 2309 1129
1024 2048 1024 1331 2318 1091
1280 2048 1024 1528 2327 1054
1536 2048 1024 1780 2330 1040
1792 2048 1024 2045 2328 1037
2048 2048 1024 2316 2322 1041
2303 2048 1024 2557 2289 1018
2559 2048 1024 2795 2254 994
2815 2048 1024 3028 2216 966
3071 2048 1024 3255 2172 932
3327 2048 1024 3473 2128 903
3583 2048 1024 3665 2089 895
3839 2048 1024 3824 2064 919
4095 2048 1024 3962 2048 965
0 2303 1024 1028 2551 1144
256 2303 1024 1060 2553 1138
512 2303 1024 1122 2557 1125
768 2303 1024 1228 2562 1103
1024 2303 1024 1383 2571 1066
1280 2303 1024 1563 2578 1027
1536 2303 1024 1793 2583 1002
1792 2303 1024 2042 2582 991
2048 2303 1024 2305 2579 991
2303 2303 1024 2557 2562 982
2559 2303 1024 2800 2535 965
2815 2303 1024 3027 2495 935
3071 2303 1024 3249 2450 900
3327 2303 1024 3465 2404 866
3583 2303 1024 3666 2358 841
3839 2303 1024 3832 2326 872
4095 2303 1024 3973 2303 940
0 2559 1024 1109 2800 1108
256 2559 1024 1138 2801 1102
512 2559 1024 1193 2804 1090
768 2559 1024 1289 2809 1068
1024 2559 1024 1431 2816 1031
1280 2559 1024 1595 2823 991
1536 2559 1024 1805 2828 956
1792 2559 1024 2040 2830 939
2048 2559 1024 2292 2828 933
2303 2559 1024 2549 2822 933
2559 2559 1024 2797 2804 923
2815 2559 1024 3027 2771 899
3071 2559 1024 3246 2727 864
3327 2559 1024 3459 2679 826
3583 2559 1024 3666 2629 788
3839 2559 1024 3838 2590 825
4095 2559 1024 3986 2559 912
0 2815 1024 1177 3036 1060
256 2815 1024 1203 3037 1054
512 2815 1024 1254 3040 1042
768 2815 1024 1341 3044 1020
1024 2815 1024 1471 3050 983
1280 2815 1024 1623 3056 942
1536 2815 1024 1816 3062 901
1792 2815 1024 2036 3064 876
2048 2815 1024 2275 3064 863
2303 2815 1024 2529 3061 865
2559 2815 1024 2781 3054 863
2815 2815 1024 3030 3041 857
3071 2815 1024 3248 3000 824
3327 2815 1024 3457 2951 782
3583 2815 1024 3663 2900 736
3839 2815 1024 3841 2855 777
4095 2815 1024 4001 2815 878
0 3071 1024 1232 3260 996
256 3071 1024 1256 3261 990
512 3071 1024 1302 3264 978
768 3071 1024 1383 3267 956
1024 3071 1024 1504 3273 918
1280 3071 1024 1645 3279 874
1536 3071 1024 1824 3285 825
1792 3071 1024 2031 3288 793
2048 3071 1024 2257 3289 772
2303 3071 1024 2505 3286 774
2559 3071 1024 2755 3282 775
2815 3071 1024 3006 3277 774
3071 3071 1024 3239 3253 757
3327 3071 1024 3462 3220 728
3583 3071 1024 3664 3168 674
3839 3071 1024 3847 3119 720
4095 3071 1024 4017 3071 833
0 3327 1024 1281 3479 923
256 3327 1024 1302 3480 917
512 3327 1024 1345 3482 904
768 3327 1024 1420 3485 881
1024 3327 1024 1533 3490 841
1280 3327 1024 1665 3496 792
1536 3327 1024 1831 3502 729
1792 3327 1024 2025 3506 687
2048 3327 1024 2238 3508 659
2303 3327 1024 2480 3506 661
2559 3327 1024 2726 3503 662
2815 3327 1024 2974 3500 663
3071 3327 1024 3222 3494 661
3327 3327 1024 3460 3479 648
3583 3327 1024 3665 3432 596
3839 3327 1024 3855 3381 639
4095 3327 1024 4035 3328 745
0 3583 1024 1317 3689 828
256 3583 1024 1338 3690 821
512 3583 1024 1378 3692 807
768 3583 1024 1448 3695 782
1024 3583 1024 1555 3699 732
1280 3583 1024 1679 3705 669
1536 3583 1024 1833 3711 573
1792 3583 1024 2016 3715 514
2048 3583 1024 2218 3718 479
2303 3583 1024 2454 3717 479
2559 3583 1024 2694 3714 478
2815 3583 1024 2938 3712 479
3071 3583 1024 3183 3708 478
3327 3583 1024 3427 3701 474
3583 3583 1024 3660 3683 458
3839 3583 1024 3866 3643 468
4095 3583 1024 4056 3588 496
0 3839 1024 1349 3890 677
256 3839 1024 1370 3891 672
512 3839 1024 1412 3893 662
768 3839 1024 1485 3896 645
1024 3839 1024 1595 3899 612
1280 3839 1024 1722 3903 568
1536 3839 1024 1878 3907 500
1792 3839 1024 2058 3910 458
2048 3839 1024 2253 3912 435
2303 3839 1024 2477 3911 434
2559 3839 1024 2704 3910 434
2815 3839 1024 2937 3908 434
3071 3839 1024 3173 3907 434
3327 3839 1024 3410 3904 434
3583 3839 1024 3648 3900 433
3839 3839 1024 3866 3876 432
4095 3839 1024 4071 3838 431
0 4095 1024 1377 4086 487
256 4095 1024 1401 4087 486
512 4095 1024 1447 4088 486
768 4095 1024 1526 4091 485
1024 4095 1024 1647 4093 484
1280 4095 1024 1785 4095 483
1536 4095 1024 1952 4095 482
1792 4095 1024 2134 4095 482
2048 4095 1024 2325 4095 482
2303 4095 1024 2531 4095 482
2559 4095 1024 2742 4095 482
2815 4095 1024 2958 4095 482
3071 4095 1024 3180 4095 482
3327 4095 1024 3405 4095 482
3583 4095 1024 3633 4095 482
3839 4095 1024 3859 4090 484
4095 4095 1024 4082 4081 488
0 0 1280 118 95 1302
256 0 1280 290 55 1300
512 0 1280 492 23 1298
768 0 1280 736 4 1298
1024 0 1280 981 0 1298
1280 0 1280 1226 0 1298
1536 0 1280 1472 0 1298
1792 0 1280 1717 0 1298
2048 0 1280 1962 0 1298
2303 0 1280 2269 224 1348
2559 0 1280 2563 384 1385
2815 0 1280 2837 447 1404
3071 0 1280 3080 460 1399
3327 0 1280 3312 452 1387
3583 0 1280 3525 403 1362
3839 0 1280 3725 315 1333
4095 0 1280 3916 200 1301
0 256 1280 131 292 1299
256 256 1280 286 272 1318
512 256 1280 482 252 1334
768 256 1280 741 232 1344
1024 256 1280 994 227 1333
1280 256 1280 1245 225 1318
1536 256 1280 1489 224 1310
1792 256 1280 1734 223 1304
2048 256 1280 1978 222 1301
2303 256 1280 2290 371 1353
2559 256 1280 2585 479 1391
2815 256 1280 2852 526 1405
3071 256 1280 3093 536 1399
3327 256 1280 3321 528 1385
3583 256 1280 3533 486 1360
3839 256 1280 3732 418 1331
4095 256 1280 3921 332 1298
0 512 1280 175 513 1296
256 512 1280 305 507 1324
512 512 1280 487 496 1351
768 512 1280 744 479 1375
1024 512 1280 1007 469 1362
1280 512 1280 1268 461 1340
1536 512 1280 1516 456 1322
1792 512 1280 1770 461 1318
2048 512 1280 2028 472 1322
2303 512 1280 2334 558 1367
2559 512 1280 2621 623 1397
2815 512 1280 2879 654 1405
3071 512 1280 3114 659 1396
3327 512 1280 3339 650 1380
3583 512 1280 3548 615 1355
3839 512 1280 3742 567 1326
4095 512 1280 3925 513 1295
0 768 1280 264 770 1293
256 768 1280 362 768 1310
512 768 1280 513 763 1339
768 768 1280 743 754 1385
1024 768 1280 1018 735 1382
1280 768 1280 1299 716 1365
1536 768 1280 1555 703 1336
1792 768 1280 1836 723 1342
2048 768 1280 2133 765 1371
2303 768 1280 2414 806 1392
2559 768 1280 2680 838 1405
2815 768 1280 2922 856 1403
3071 768 1280 3148 854 1390
3327 768 1280 3367 842 1372
3583 768 1280 3573 811 1346
3839 768 1280 3758 787 1319
4095 768 1280 3928 768 1292
0 1024 1280 349 1026 1288
256 1024 1280 427 1026 1297
512 1024 1280 555 1026 1315
768 1024 1280 757 1027 1346
1024 1024 1280 1042 1036 1367
1280 1024 1280 1337 1046 1382
1536 1024 1280 1596 1057 1383
1792 1024 1280 1883 1074 1393
2048 1024 1280 2189 1096 1409
2303 1024 1280 2456 1110 1414
2559 1024 1280 2714 1117 1412
2815 1024 1280 2957 1113 1400
3071 1024 1280 3183 1098 1380
3327 1024 1280 3400 1077 1358
3583 1024 1280 3602 1045 1330
3839 1024 1280 3776 1029 1307
4095 1024 1280 3932 1024 1286
0 1280 1280 460 1306 1303
256 1280 1280 521 1307 1305
512 1280 1280 627 1312 1311
768 1280 1280 802 1322 1322
1024 1280 1280 1083 1356 1356
1280 1280 1280 1381 1395 1394
1536 1280 1280 1644 1426 1425
1792 1280 1280 1931 1434 1434
2048 1280 1280 2233 1428 1429
2303 1280 1280 2490 1422 1424
2559 1280 1280 2742 1410 1413
2815 1280 1280 2987 1387 1392
3071 1280 1280 3215 1358 1366
3327 1280 1280 3433 1326 1339
3583 1280 1280 3628 1294 1312
3839 1280 1280 3793 1281 1293
4095 1280 1280 3937 1280 1280
0 1536 1280 668 1682 1405
256 1536 1280 717 1685 1404
512 1536 1280 806 1691 1402
768 1536 1280 956 1702 1400
1024 1536 1280 1183 1722 1397
1280 1536 1280 1437 1741 1397
1536 1536 1280 1724 1748 1409
1792 1536 1280 2005 1742 1404
2048 1536 1280 2282 1726 1388
2303 1536 1280 2526 1713 1395
2559 1536 1280 2769 1695 1391
2815 1536 1280 3008 1670 1372
3071 1536 1280 3238 1632 1340
3327 1536 1280 3457 1593 1308
3583 1536 1280 3640 1564 1290
3839 1536 1280 3800 1546 1278
4095 1536 1280 3944 1536 1270
0 1792 1280 822 2007 1451
256 1792 1280 863 2009 1448
512 1792 1280 940 2015 1443
768 1792 1280 1071 2025 1433
1024 1792 1280 1263 2037 1411
1280 1792 1280 1484 2047 1390
1536 1792 1280 1761 2049 1382
1792 1792 1280 2036 2040 1373
2048 1792 1280 2308 2025 1363
2303 1792 1280 2549 2002 1360
2559 1792 1280 2789 1976 1349
2815 1792 1280 3026 1945 1326
3071 1792 1280 3258 1901 1289
3327 1792 1280 3478 1858 1256
3583 1792 1280 3655 1829 1252
3839 1792 1280 3811 1808 1254
4095 1792 1280 3952 1792 1259
0 2048 1280 939 2297 1462
256 2048 1280 975 2299 1457
512 2048 1280 1043 2303 1449
768 2048 1280 1161 2309 1435
1024 2048 1280 1330 2319 1408
1280 2048 1280 1525 2329 1377
1536 2048 1280 1771 2334 1346
1792 2048 1280 2037 2332 1340
2048 2048 1280 2318 2324 1350
2303 2048 1280 2562 2291 1322
2559 2048 1280 2805 2255 1292
2815 2048 1280 3042 2216 1261
3071 2048 1280 3275 2168 1221
3327 2048 1280 3496 2122 1190
3583 2048 1280 3671 2091 1205
3839 2048 1280 3824 2067 1224
4095 2048 1280 3962 2048 1246
0 2303 1280 1026 2552 1440
256 2303 1280 1058 2554 1435
512 2303 1280 1120 2557 1426
768 2303 1280 1226 2563 1411
1024 2303 1280 1382 2571 1383
1280 2303 1280 1559 2580 1350
1536 2303 1280 1780 2587 1308
1792 2303 1280 2029 2587 1290
2048 2303 1280 2297 2583 1288
2303 2303 1280 2556 2565 1276
2559 2303 1280 2805 2537 1256
2815 2303 1280 3038 2495 1223
3071 2303 1280 3267 2447 1183
3327 2303 1280 3488 2399 1147
3583 2303 1280 3681 2355 1138
3839 2303 1280 3839 2325 1170
4095 2303 1280 3973 2303 1229
0 2559 1280 1105 2800 1410
256 2559 1280 1134 2802 1405
512 2559 1280 1189 2805 1396
768 2559 1280 1286 2809 1380
1024 2559 1280 1428 2816 1352
1280 2559 1280 1591 2824 1317
1536 2559 1280 1790 2833 1269
1792 2559 1280 2021 2835 1240
2048 2559 1280 2275 2834 1224
2303 2559 1280 2540 2826 1222
2559 2559 1280 2795 2808 1211
2815 2559 1280 3033 2773 1185
3071 2559 1280 3259 2726 1146
3327 2559 1280 3479 2676 1106
3583 2559 1280 3685 2624 1078
3839 2559 1280 3850 2586 1120
4095 2559 1280 3986 2559 1210
0 2815 1280 1173 3036 1369
256 2815 1280 1198 3037 1364
512 2815 1280 1249 3040 1355
768 2815 1280 1337 3044 1338
1024 2815 1280 1468 3050 1310
1280 2815 1280 1618 3057 1275
1536 2815 1280 1802 3066 1226
1792 2815 1280 2016 3070 1188
2048 2815 1280 2250 3072 1157
2303 2815 1280 2512 3067 1156
2559 2815 1280 2772 3059 1153
2815 2815 1280 3028 3045 1146
3071 2815 1280 3253 3002 1111
3327 2815 1280 3469 2951 1070
3583 2815 1280 3679 2897 1026
3839 2815 1280 3852 2852 1076
4095 2815 1280 4000 2815 1189
0 3071 1280 1228 3260 1316
256 3071 1280 1251 3261 1312
512 3071 1280 1298 3264 1302
768 3071 1280 1379 3267 1286
1024 3071 1280 1501 3273 1257
1280 3071 1280 1641 3279 1223
1536 3071 1280 1813 3287 1174
1792 3071 1280 2011 3293 1128
2048 3071 1280 2226 3298 1084
2303 3071 1280 2481 3294 1081
2559 3071 1280 2738 3289 1079
2815 3071 1280 2996 3282 1077
3071 3071 1280 3236 3257 1059
3327 3071 1280 3465 3222 1032
3583 3071 1280 3674 3167 985
3839 3071 1280 3854 3118 1040
4095 3071 1280 4017 3071 1163
0 3327 1280 1277 3479 1258
256 3327 1280 1299 3480 1254
512 3327 1280 1342 3482 1244
768 3327 1280 1417 3486 1228
1024 3327 1280 1531 3491 1200
1280 3327 1280 1662 3497 1166
1536 3327 1280 1822 3504 1117
1792 3327 1280 2005 3511 1063
2048 3327 1280 2203 3517 1006
2303 3327 1280 2450 3515 1001
2559 3327 1280 2701 3512 998
2815 3327 1280 2957 3507 998
3071 3327 1280 3211 3499 995
3327 3327 1280 3456 3483 984
3583 3327 1280 3667 3434 943
3839 3327 1280 3858 3382 994
4095 3327 1280 4035 3328 1106
0 3583 1280 1315 3689 1190
256 3583 1280 1335 3690 1185
512 3583 1280 1376 3692 1176
768 3583 1280 1446 3695 1160
1024 3583 1280 1553 3700 1132
1280 3583 1280 1676 3705 1097
1536 3583 1280 1827 3712 1047
1792 3583 1280 1997 3720 986
2048 3583 1280 2180 3727 918
2303 3583 1280 2419 3726 910
2559 3583 1280 2664 3723 904
2815 3583 1280 2915 3720 904
3071 3583 1280 3167 3715 903
3327 3583 1280 3416 3706 899
3583 3583 1280 3655 3687 885
3839 3583 1280 3866 3645 898
4095 3583 1280 4058 3590 930
0 3839 1280 1349 3888 1115
256 3839 1280 1370 3889 1112
512 3839 1280 1412 3891 1106
768 3839 1280 1484 3895 1095
1024 3839 1280 1594 3899 1077
1280 3839 1280 1721 3903 1054
1536 3839 1280 1875 3908 1022
1792 3839 1280 2046 3913 982
2048 3839 1280 2229 3917 938
2303 3839 1280 2454 3917 931
2559 3839 1280 2684 3916 927
2815 3839 1280 2921 3914 927
3071 3839 1280 3161 3911 927
3327 3839 1280 3402 3908 926
3583 3839 1280 3644 3903 924
3839 3839 1280 3865 3877 924
4095 3839 1280 4072 3838 927
0 4095 1280 1382 4080 1037
256 4095 1280 1405 4082 1036
512 4095 1280 1450 4084 1035
768 4095 1280 1528 4088 1032
1024 4095 1280 1648 4092 1030
1280 4095 1280 1785 4095 1029
1536 4095 1280 1952 4095 1028
1792 4095 1280 2134 4095 1028
2048 4095 1280 2325 4095 1028
2303 4095 1280 2531 4095 1028
2559 4095 1280 2742 4095 1028
2815 4095 1280 2958 4095 1028
3071 4095 1280 3181 4095 1028
3327 4095 1280 3405 4095 1028
3583 4095 1280 3633 4095 1028
3839 4095 1280 3858 4089 1031
4095 4095 1280 4079 4078 1038
0 0 1536 154 98 1560
256 0 1536 303 42 1559
512 0 1536 491 6 1558
768 0 1536 736 1 1558
1024 0 1536 981 0 1558
1280 0 1536 1226 0 1558
1536 0 1536 1472 0 1558
1792 0 1536 1717 0 1558
2048 0 1536 1962 0 1558
2303 0 1536 2276 240 1617
2559 0 1536 2573 407 1658
2815 0 1536 2841 461 1673
3071 0 1536 3082 470 1667
3327 0 1536 3312 459 1653
3583 0 1536 3525 409 1626
3839 0 1536 3722 339 1595
4095 0 1536 3907 257 1560
0 256 1536 144 293 1558
256 256 1536 289 267 1575
512 256 1536 478 245 1592
768 256 1536 733 230 1607
1024 256 1536 987 225 1598
1280 256 1536 1240 224 1583
1536 256 1536 1487 223 1575
1792 256 1536 1732 222 1568
2048 256 1536 1976 222 1564
2303 256 1536 2295 384 1625
2559 256 1536 2592 497 1666
2815 256 1536 2856 538 1677
3071 256 1536 3094 544 1668
3327 256 1536 3322 533 1652
3583 256 1536 3534 488 1625
3839 256 1536 3730 428 1593
4095 256 1536 3917 356 1558
0 512 1536 174 513 1556
256 512 1536 303 506 1581
512 512 1536 481 495 1610
768 512 1536 730 476 1642
1024 512 1536 994 466 1636
1280 512 1536 1258 459 1619
1536 512 1536 1509 455 1598
1792 512 1536 1767 462 1593
2048 512 1536 2029 476 1597
2303 512 1536 2338 569 1646
2559 512 1536 2627 635 1677
2815 512 1536 2882 662 1680
3071 512 1536 3116 662 1668
3327 512 1536 3341 650 1650
3583 512 1536 3550 612 1621
3839 512 1536 3743 567 1590
4095 512 1536 3924 517 1556
0 768 1536 263 769 1553
256 768 1536 360 767 1571
512 768 1536 507 761 1604
768 768 1536 729 750 1657
1024 768 1536 1001 730 1672
1280 768 1536 1281 709 1670
1536 768 1536 1543 699 1633
1792 768 1536 1833 726 1638
2048 768 1536 2140 777 1671
2303 768 1536 2418 816 1687
2559 768 1536 2683 844 1693
2815 768 1536 2926 855 1686
3071 768 1536 3153 850 1668
3327 768 1536 3372 835 1645
3583 768 1536 3578 801 1615
3839 768 1536 3760 781 1584
4095 768 1536 3928 769 1553
0 1024 1536 349 1026 1549
256 1024 1536 427 1026 1561
512 1024 1536 558 1030 1591
768 1024 1536 766 1039 1645
1024 1024 1536 1042 1042 1683
1280 1024 1536 1332 1043 1707
1536 1024 1536 1615 1046 1695
1792 1024 1536 1913 1061 1700
2048 1024 1536 2221 1085 1716
2303 1024 1536 2483 1095 1711
2559 1024 1536 2737 1100 1700
2815 1024 1536 2974 1096 1683
3071 1024 1536 3196 1081 1660
3327 1024 1536 3410 1062 1634
3583 1024 1536 3608 1033 1603
3839 1024 1536 3779 1023 1575
4095 1024 1536 3932 1024 1548
0 1280 1536 462 1307 1568
256 1280 1536 524 1308 1575
512 1280 1536 638 1320 1598
768 1280 1536 832 1347 1645
1024 1280 1536 1100 1373 1693
1280 1280 1536 1389 1396 1735
1536 1280 1536 1689 1410 1750
1792 1280 1536 1984 1410 1752
2048 1280 1536 2275 1400 1744
2303 1280 1536 2529 1391 1726
2559 1280 1536 2776 1378 1704
2815 1280 1536 3013 1359 1679
3071 1280 1536 3233 1335 1650
3327 1280 1536 3444 1309 1620
3583 1280 1536 3634 1284 1590
3839 1280 1536 3795 1276 1565
4095 1280 1536 3937 1280 1543
0 1536 1536 681 1686 1680
256 1536 1536 729 1689 1683
512 1536 1536 818 1696 1692
768 1536 1536 972 1711 1710
1024 1536 1536 1192 1727 1726
1280 1536 1536 1441 1741 1740
1536 1536 1536 1738 1744 1744
1792 1536 1536 2005 1742 1743
2048 1536 1536 2252 1736 1737
2303 1536 1536 2509 1718 1721
2559 1536 1536 2763 1696 1701
2815 1536 1536 3008 1668 1675
3071 1536 1536 3238 1631 1640
3327 1536 1536 3455 1594 1605
3583 1536 1536 3639 1566 1578
3839 1536 1536 3799 1547 1555
4095 1536 1536 3944 1536 1535
0 1792 1536 835 2011 1732
256 1792 1536 874 2013 1732
512 1792 1536 951 2018 1733
768 1792 1536 1081 2026 1734
1024 1792 1536 1270 2037 1731
1280 1792 1536 1488 2047 1726
1536 1792 1536 1764 2048 1718
1792 1792 1536 2023 2045 1723
2048 1792 1536 2271 2039 1737
2303 1792 1536 2521 2015 1711
2559 1792 1536 2768 1988 1685
2815 1792 1536 3008 1958 1659
3071 1792 1536 3242 1915 1619
3327 1792 1536 3464 1872 1580
3583 1792 1536 3647 1839 1557
3839 1792 1536 3807 1813 1539
4095 1792 1536 3952 1792 1526
0 2048 1536 945 2298 1743
256 2048 1536 981 2300 1741
512 2048 1536 1051 2303 1738
768 2048 1536 1171 2309 1732
1024 2048 1536 1338 2319 1717
1280 2048 1536 1530 2328 1699
1536 2048 1536 1775 2332 1679
1792 2048 1536 2040 2328 1698
2048 2048 1536 2319 2319 1742
2303 2048 1536 2554 2292 1696
2559 2048 1536 2786 2264 1659
2815 2048 1536 3012 2234 1636
3071 2048 1536 3246 2191 1592
3327 2048 1536 3472 2147 1549
3583 2048 1536 3657 2106 1530
3839 2048 1536 3817 2074 1520
4095 2048 1536 3962 2048 1516
0 2303 1536 1028 2553 1723
256 2303 1536 1060 2554 1720
512 2303 1536 1123 2558 1715
768 2303 1536 1231 2563 1706
1024 2303 1536 1386 2571 1688
1280 2303 1536 1563 2579 1666
1536 2303 1536 1783 2586 1635
1792 2303 1536 2031 2586 1627
2048 2303 1536 2297 2582 1634
2303 2303 1536 2554 2566 1613
2559 2303 1536 2801 2541 1587
2815 2303 1536 3034 2502 1553
3071 2303 1536 3267 2454 1506
3327 2303 1536 3491 2406 1464
3583 2303 1536 3678 2362 1459
3839 2303 1536 3836 2329 1474
4095 2303 1536 3973 2303 1502
0 2559 1536 1105 2800 1695
256 2559 1536 1133 2802 1692
512 2559 1536 1190 2805 1686
768 2559 1536 1287 2809 1674
1024 2559 1536 1429 2816 1654
1280 2559 1536 1592 2824 1628
1536 2559 1536 1791 2832 1590
1792 2559 1536 2021 2836 1561
2048 2559 1536 2271 2836 1538
2303 2559 1536 2539 2828 1531
2559 2559 1536 2798 2810 1514
2815 2559 1536 3042 2774 1483
3071 2559 1536 3275 2724 1437
3327 2559 1536 3498 2672 1395
3583 2559 1536 3693 2624 1385
3839 2559 1536 3852 2587 1421
4095 2559 1536 3986 2559 1487
0 2815 1536 1171 3036 1657
256 2815 1536 1197 3038 1653
512 2815 1536 1248 3040 1646
768 2815 1536 1336 3044 1633
1024 2815 1536 1467 3050 1611
1280 2815 1536 1618 3057 1583
1536 2815 1536 1802 3066 1544
1792 2815 1536 2011 3072 1503
2048 2815 1536 2238 3076 1461
2303 2815 1536 2502 3072 1450
2559 2815 1536 2767 3063 1441
2815 2815 1536 3031 3048 1432
3071 2815 1536 3263 3003 1394
3327 2815 1536 3484 2950 1349
3583 2815 1536 3696 2894 1309
3839 2815 1536 3863 2850 1360
4095 2815 1536 4000 2815 1470
0 3071 1536 1225 3260 1608
256 3071 1536 1249 3262 1604
512 3071 1536 1296 3264 1597
768 3071 1536 1377 3267 1583
1024 3071 1536 1500 3273 1560
1280 3071 1536 1640 3280 1532
1536 3071 1536 1812 3287 1492
1792 3071 1536 2006 3295 1445
2048 3071 1536 2215 3301 1395
2303 3071 1536 2466 3299 1374
2559 3071 1536 2724 3295 1360
2815 3071 1536 2991 3287 1358
3071 3071 1536 3237 3260 1338
3327 3071 1536 3473 3223 1308
3583 3071 1536 3687 3166 1261
3839 3071 1536 3864 3116 1320
4095 3071 1536 4017 3071 1450
0 3327 1536 1274 3479 1554
256 3327 1536 1296 3480 1550
512 3327 1536 1339 3482 1543
768 3327 1536 1415 3486 1529
1024 3327 1536 1529 3491 1506
1280 3327 1536 1660 3497 1477
1536 3327 1536 1821 3504 1436
1792 3327 1536 2001 3512 1386
2048 3327 1536 2195 3520 1330
2303 3327 1536 2432 3521 1297
2559 3327 1536 2680 3519 1277
2815 3327 1536 2943 3514 1276
3071 3327 1536 3204 3504 1273
3327 3327 1536 3456 3485 1261
3583 3327 1536 3673 3435 1217
3839 3327 1536 3863 3382 1277
4095 3327 1536 4035 3328 1404
0 3583 1536 1313 3689 1492
256 3583 1536 1333 3690 1488
512 3583 1536 1374 3692 1480
768 3583 1536 1445 3695 1466
1024 3583 1536 1552 3700 1443
1280 3583 1536 1675 3705 1414
1536 3583 1536 1826 3713 1371
1792 3583 1536 1996 3720 1319
2048 3583 1536 2178 3728 1261
2303 3583 1536 2399 3732 1216
2559 3583 1536 2635 3732 1189
2815 3583 1536 2894 3728 1188
3071 3583 1536 3153 3721 1187
3327 3583 1536 3409 3711 1182
3583 3583 1536 3653 3689 1166
3839 3583 1536 3868 3646 1196
4095 3583 1536 4062 3589 1257
0 3839 1536 1350 3886 1425
256 3839 1536 1371 3887 1422
512 3839 1536 1412 3890 1417
768 3839 1536 1484 3894 1408
1024 3839 1536 1593 3899 1392
1280 3839 1536 1720 3904 1373
1536 3839 1536 1875 3908 1347
1792 3839 1536 2046 3913 1314
2048 3839 1536 2229 3918 1276
2303 3839 1536 2440 3921 1245
2559 3839 1536 2664 3922 1227
2815 3839 1536 2906 3919 1226
3071 3839 1536 3151 3916 1226
3327 3839 1536 3396 3912 1224
3583 3839 1536 3641 3905 1221
3839 3839 1536 3864 3878 1234
4095 3839 1536 4073 3836 1257
0 4095 1536 1386 4073 1355
256 4095 1536 1408 4076 1355
512 4095 1536 1452 4080 1353
768 4095 1536 1529 4086 1351
1024 4095 1536 1648 4091 1350
1280 4095 1536 1784 4095 1348
1536 4095 1536 1952 4095 1348
1792 4095 1536 2134 4095 1348
2048 4095 1536 2325 4095 1348
2303 4095 1536 2531 4095 1348
2559 4095 1536 2742 4095 1348
2815 4095 1536 2958 4095 1348
3071 4095 1536 3181 4095 1348
3327 4095 1536 3405 4095 1348
3583 4095 1536 3633 4095 1348
3839 4095 1536 3856 4087 1351
4095 4095 1536 4076 4074 1355
0 0 1792 184 109 1818
256 0 1792 314 41 1818
512 0 1792 490 0 1818
768 0 1792 736 0 1818
1024 0 1792 981 0 1818
1280 0 1792 1226 0 1818
1536 0 1792 1472 0 1817
1792 0 1792 1720 23 1820
2048 0 1792 1970 63 1825
2303 0 1792 2287 281 1889
2559 0 1792 2582 430 1932
2815 0 1792 2845 475 1943
3071 0 1792 3084 481 1935
3327 0 1792 3313 467 1918
3583 0 1792 3526 415 1890
3839 0 1792 3722 342 1856
4095 0 1792 3907 255 1818
0 256 1792 155 297 1817
256 256 1792 292 266 1833
512 256 1792 474 242 1849
768 256 1792 726 228 1867
1024 256 1792 981 225 1860
1280 256 1792 1236 224 1847
1536 256 1792 1484 223 1838
1792 256 1792 1737 240 1839
2048 256 1792 1994 269 1845
2303 256 1792 2308 415 1904
2559 256 1792 2600 516 1941
2815 256 1792 2859 550 1948
3071 256 1792 3096 552 1937
3327 256 1792 3323 539 1919
3583 256 1792 3534 492 1890
3839 256 1792 3730 430 1855
4095 256 1792 3916 358 1817
0 512 1792 173 512 1816
256 512 1792 301 505 1839
512 512 1792 476 494 1867
768 512 1792 719 474 1904
1024 512 1792 982 464 1904
1280 512 1792 1248 457 1894
1536 512 1792 1505 457 1875
1792 512 1792 1774 476 1876
2048 512 1792 2049 508 1890
2303 512 1792 2350 590 1932
2559 512 1792 2632 649 1957
2815 512 1792 2885 671 1956
3071 512 1792 3117 668 1941
3327 512 1792 3341 654 1919
3583 512 1792 3551 613 1889
3839 512 1792 3743 568 1853
4095 512 1792 3924 520 1816
0 768 1792 261 769 1813
256 768 1792 359 766 1831
512 768 1792 503 760 1864
768 768 1792 718 748 1920
1024 768 1792 984 725 1952
1280 768 1792 1263 706 1966
1536 768 1792 1542 708 1936
1792 768 1792 1840 741 1942
2048 768 1792 2150 795 1973
2303 768 1792 2423 829 1981
2559 768 1792 2684 852 1980
2815 768 1792 2927 860 1968
3071 768 1792 3154 851 1945
3327 768 1792 3373 834 1919
3583 768 1792 3579 799 1886
3839 768 1792 3761 779 1850
4095 768 1792 3928 769 1813
0 1024 1792 368 1037 1823
256 1024 1792 446 1037 1838
512 1024 1792 573 1041 1871
768 1024 1792 776 1049 1932
1024 1024 1792 1039 1046 1984
1280 1024 1792 1321 1041 2023
1536 1024 1792 1622 1045 2015
1792 1024 1792 1926 1061 2018
2048 1024 1792 2234 1086 2028
2303 1024 1792 2493 1094 2013
2559 1024 1792 2744 1097 1995
2815 1024 1792 2980 1092 1972
3071 1024 1792 3200 1076 1944
3327 1024 1792 3413 1056 1913
3583 1024 1792 3611 1027 1878
3839 1024 1792 3781 1019 1844
4095 1024 1792 3932 1024 1810
0 1280 1792 498 1326 1853
256 1280 1792 558 1329 1864
512 1280 1792 670 1340 1894
768 1280 1792 860 1366 1951
1024 1280 1792 1111 1382 2012
1280 1280 1792 1387 1395 2064
1536 1280 1792 1701 1398 2077
1792 1280 1792 2000 1396 2075
2048 1280 1792 2290 1389 2063
2303 1280 1792 2545 1377 2035
2559 1280 1792 2792 1363 2005
2815 1280 1792 3024 1346 1973
3071 1280 1792 3242 1323 1940
3327 1280 1792 3450 1299 1905
3583 1280 1792 3639 1275 1869
3839 1280 1792 3798 1271 1836
4095 1280 1792 3937 1280 1805
0 1536 1792 699 1690 1955
256 1536 1792 746 1692 1961
512 1536 1792 834 1699 1975
768 1536 1792 984 1712 2002
1024 1536 1792 1196 1723 2034
1280 1536 1792 1438 1733 2059
1536 1536 1792 1737 1734 2052
1792 1536 1792 2003 1736 2046
2048 1536 1792 2248 1738 2042
2303 1536 1792 2521 1709 2028
2559 1536 1792 2784 1679 2005
2815 1536 1792 3029 1650 1971
3071 1536 1792 3254 1615 1933
3327 1536 1792 3466 1581 1894
3583 1536 1792 3645 1556 1859
3839 1536 1792 3802 1543 1828
4095 1536 1792 3944 1536 1799
0 1792 1792 846 2010 2005
256 1792 1792 888 2011 2007
512 1792 1792 964 2015 2012
768 1792 1792 1092 2022 2022
1024 1792 1792 1275 2032 2034
1280 1792 1792 1487 2040 2041
1536 1792 1792 1761 2042 2028
1792 1792 1792 2018 2043 2031
2048 1792 1792 2265 2043 2043
2303 1792 1792 2522 2013 2023
2559 1792 1792 2774 1981 1998
2815 1792 1792 3018 1948 1966
3071 1792 1792 3248 1909 1925
3327 1792 1792 3465 1870 1883
3583 1792 1792 3647 1837 1847
3839 1792 1792 3807 1812 1817
4095 1792 1792 3952 1792 1791
0 2048 1792 956 2300 2022
256 2048 1792 1000 2301 2021
512 2048 1792 1073 2304 2021
768 2048 1792 1187 2309 2021
1024 2048 1792 1349 2318 2019
1280 2048 1792 1536 2326 2014
1536 2048 1792 1776 2331 2006
1792 2048 1792 2040 2327 2023
2048 2048 1792 2320 2319 2057
2303 2048 1792 2538 2299 2019
2559 2048 1792 2763 2275 1986
2815 2048 1792 2998 2244 1959
3071 2048 1792 3231 2204 1917
3327 2048 1792 3455 2162 1872
3583 2048 1792 3647 2116 1834
3839 2048 1792 3813 2079 1806
4095 2048 1792 3962 2048 1783
0 2303 1792 1035 2554 2002
256 2303 1792 1070 2555 2001
512 2303 1792 1135 2558 1999
768 2303 1792 1242 2562 1996
1024 2303 1792 1395 2570 1988
1280 2303 1792 1570 2577 1976
1536 2303 1792 1786 2584 1958
1792 2303 1792 2034 2584 1954
2048 2303 1792 2304 2579 1961
2303 2303 1792 2551 2566 1953
2559 2303 1792 2791 2545 1934
2815 2303 1792 3018 2509 1901
3071 2303 1792 3254 2463 1846
3327 2303 1792 3482 2417 1796
3583 2303 1792 3666 2374 1783
3839 2303 1792 3828 2337 1776
4095 2303 1792 3973 2303 1772
0 2559 1792 1107 2801 1976
256 2559 1792 1137 2802 1974
512 2559 1792 1194 2805 1971
768 2559 1792 1293 2809 1964
1024 2559 1792 1436 2815 1951
1280 2559 1792 1600 2822 1934
1536 2559 1792 1796 2831 1908
1792 2559 1792 2026 2833 1886
2048 2559 1792 2277 2833 1869
2303 2559 1792 2543 2825 1874
2559 2559 1792 2797 2808 1866
2815 2559 1792 3031 2777 1835
3071 2559 1792 3268 2729 1778
3327 2559 1792 3496 2679 1726
3583 2559 1792 3684 2634 1718
3839 2559 1792 3845 2594 1731
4095 2559 1792 3986 2559 1760
0 2815 1792 1171 3036 1939
256 2815 1792 1197 3038 1937
512 2815 1792 1249 3040 1932
768 2815 1792 1338 3044 1923
1024 2815 1792 1470 3050 1907
1280 2815 1792 1621 3057 1886
1536 2815 1792 1804 3065 1856
1792 2815 1792 2012 3071 1821
2048 2815 1792 2236 3076 1782
2303 2815 1792 2505 3070 1779
2559 2815 1792 2771 3061 1772
2815 2815 1792 3032 3048 1759
3071 2815 1792 3267 3004 1714
3327 2815 1792 3491 2951 1666
3583 2815 1792 3700 2895 1631
3839 2815 1792 3865 2851 1665
4095 2815 1792 4000 2815 1746
0 3071 1792 1225 3260 1892
256 3071 1792 1248 3262 1890
512 3071 1792 1295 3264 1884
768 3071 1792 1377 3267 1874
1024 3071 1792 1500 3273 1856
1280 3071 1792 1641 3279 1834
1536 3071 1792 1813 3287 1802
1792 3071 1792 2005 3295 1761
2048 3071 1792 2212 3302 1714
2303 3071 1792 2463 3300 1690
2559 3071 1792 2721 3296 1673
2815 3071 1792 2989 3289 1665
3071 3071 1792 3240 3261 1641
3327 3071 1792 3480 3224 1609
3583 3071 1792 3695 3166 1562
3839 3071 1792 3870 3116 1613
4095 3071 1792 4017 3071 1730
0 3327 1792 1273 3479 1841
256 3327 1792 1295 3480 1838
512 3327 1792 1338 3482 1832
768 3327 1792 1414 3486 1821
1024 3327 1792 1529 3491 1802
1280 3327 1792 1660 3497 1779
1536 3327 1792 1821 3504 1745
1792 3327 1792 2000 3512 1701
2048 3327 1792 2192 3521 1651
2303 3327 1792 2423 3524 1606
2559 3327 1792 2668 3524 1575
2815 3327 1792 2935 3518 1568
3071 3327 1792 3201 3507 1562
3327 3327 1792 3459 3488 1548
3583 3327 1792 3682 3435 1500
3839 3327 1792 3870 3382 1562
4095 3327 1792 4035 3328 1697
0 3583 1792 1312 3689 1782
256 3583 1792 1332 3690 1779
512 3583 1792 1373 3692 1773
768 3583 1792 1444 3695 1762
1024 3583 1792 1551 3700 1742
1280 3583 1792 1675 3705 1718
1536 3583 1792 1826 3713 1682
1792 3583 1792 1995 3721 1638
2048 3583 1792 2177 3729 1587
2303 3583 1792 2390 3735 1531
2559 3583 1792 2621 3737 1491
2815 3583 1792 2879 3734 1477
3071 3583 1792 3143 3727 1471
3327 3583 1792 3406 3715 1465
3583 3583 1792 3656 3692 1448
3839 3583 1792 3870 3647 1500
4095 3583 1792 4060 3587 1600
0 3839 1792 1350 3884 1719
256 3839 1792 1370 3886 1717
512 3839 1792 1411 3890 1713
768 3839 1792 1483 3895 1706
1024 3839 1792 1593 3899 1693
1280 3839 1792 1720 3904 1677
1536 3839 1792 1874 3908 1654
1792 3839 1792 2046 3913 1626
2048 3839 1792 2229 3918 1595
2303 3839 1792 2435 3923 1557
2559 3839 1792 2655 3925 1529
2815 3839 1792 2895 3923 1519
3071 3839 1792 3143 3919 1515
3327 3839 1792 3392 3915 1514
3583 3839 1792 3641 3908 1510
3839 3839 1792 3865 3878 1541
4095 3839 1792 4072 3834 1596
0 4095 1792 1389 4069 1654
256 4095 1792 1410 4073 1654
512 4095 1792 1452 4080 1653
768 4095 1792 1528 4088 1652
1024 4095 1792 1647 4093 1651
1280 4095 1792 1784 4095 1650
1536 4095 1792 1952 4095 1650
1792 4095 1792 2134 4095 1650
2048 4095 1792 2326 4095 1650
2303 4095 1792 2531 4095 1650
2559 4095 1792 2742 4095 1650
2815 4095 1792 2959 4095 1650
3071 4095 1792 3181 4095 1650
3327 4095 1792 3405 4095 1649
3583 4095 1792 3633 4095 1650
3839 4095 1792 3855 4086 1651
4095 4095 1792 4073 4072 1654
0 0 2048 210 124 2076
256 0 2048 324 47 2077
512 0 2048 490 0 2077
768 0 2048 736 0 2077
1024 0 2048 981 0 2077
1280 0 2048 1226 0 2077
1536 0 2048 1472 0 2077
1792 0 2048 1725 62 2085
2048 0 2048 1983 166 2097
2303 0 2048 2299 337 2163
2559 0 2048 2592 454 2205
2815 0 2048 2850 491 2213
3071 0 2048 3087 492 2202
3327 0 2048 3314 475 2183
3583 0 2048 3526 421 2154
3839 0 2048 3724 330 2117
4095 0 2048 3912 214 2076
0 256 2048 164 303 2076
256 256 2048 294 268 2090
512 256 2048 472 241 2107
768 256 2048 719 227 2126
1024 256 2048 976 224 2120
1280 256 2048 1232 223 2109
1536 256 2048 1481 222 2101
1792 256 2048 1747 269 2113
2048 256 2048 2024 348 2138
2303 256 2048 2325 458 2186
2559 256 2048 2609 535 2217
2815 256 2048 2863 563 2219
3071 256 2048 3098 562 2206
3327 256 2048 3324 546 2186
3583 256 2048 3534 498 2155
3839 256 2048 3731 428 2117
4095 256 2048 3918 345 2076
0 512 2048 171 512 2076
256 512 2048 300 505 2096
512 512 2048 472 493 2124
768 512 2048 709 473 2162
1024 512 2048 971 462 2169
1280 512 2048 1238 456 2165
1536 512 2048 1504 461 2152
1792 512 2048 1787 499 2165
2048 512 2048 2081 559 2195
2303 512 2048 2366 620 2222
2559 512 2048 2638 663 2236
2815 512 2048 2887 681 2231
3071 512 2048 3118 676 2213
3327 512 2048 3341 660 2189
3583 512 2048 3550 617 2156
3839 512 2048 3742 571 2117
4095 512 2048 3923 522 2075
0 768 2048 259 768 2074
256 768 2048 358 766 2091
512 768 2048 500 759 2123
768 768 2048 709 746 2177
1024 768 2048 967 721 2224
1280 768 2048 1244 703 2257
1536 768 2048 1548 725 2244
1792 768 2048 1854 764 2252
2048 768 2048 2160 816 2275
2303 768 2048 2428 843 2274
2559 768 2048 2686 861 2266
2815 768 2048 2927 867 2249
3071 768 2048 3153 857 2223
3327 768 2048 3372 838 2194
3583 768 2048 3578 802 2157
3839 768 2048 3761 780 2117
4095 768 2048 3928 770 2074
0 1024 2048 399 1055 2106
256 1024 2048 476 1056 2122
512 1024 2048 597 1057 2154
768 1024 2048 787 1058 2209
1024 1024 2048 1034 1048 2276
1280 1024 2048 1306 1040 2332
1536 1024 2048 1620 1050 2340
1792 1024 2048 1929 1069 2343
2048 1024 2048 2234 1095 2343
2303 1024 2048 2492 1101 2319
2559 1024 2048 2742 1102 2293
2815 1024 2048 2977 1096 2264
3071 1024 2048 3199 1079 2231
3327 1024 2048 3413 1057 2195
3583 1024 2048 3612 1025 2155
3839 1024 2048 3782 1017 2113
4095 1024 2048 3932 1024 2070
0 1280 2048 555 1358 2153
256 1280 2048 613 1362 2167
512 1280 2048 716 1369 2196
768 1280 2048 887 1380 2246
1024 1280 2048 1118 1388 2318
1280 1280 2048 1378 1392 2385
1536 1280 2048 1691 1388 2405
1792 1280 2048 1992 1388 2402
2048 1280 2048 2286 1391 2382
2303 1280 2048 2545 1376 2349
2559 1280 2048 2794 1361 2313
2815 1280 2048 3026 1343 2274
3071 1280 2048 3244 1319 2233
3327 1280 2048 3454 1293 2192
3583 1280 2048 3644 1266 2149
3839 1280 2048 3801 1265 2107
4095 1280 2048 3937 1280 2067
0 1536 2048 722 1693 2228
256 1536 2048 767 1695 2236
512 1536 2048 852 1700 2254
768 1536 2048 995 1708 2284
1024 1536 2048 1197 1714 2329
1280 1536 2048 1430 1719 2364
1536 1536 2048 1726 1720 2341
1792 1536 2048 2001 1726 2327
2048 1536 2048 2261 1735 2319
2303 1536 2048 2553 1690 2321
2559 1536 2048 2824 1651 2305
2815 1536 2048 3063 1620 2264
3071 1536 2048 3280 1588 2221
3327 1536 2048 3484 1559 2178
3583 1536 2048 3657 1540 2136
3839 1536 2048 3808 1534 2098
4095 1536 2048 3944 1536 2061
0 1792 2048 857 2005 2273
256 1792 2048 904 2006 2277
512 1792 2048 980 2009 2285
768 1792 2048 1102 2015 2302
1024 1792 2048 1279 2022 2327
1280 1792 2048 1485 2028 2344
1536 1792 2048 1753 2032 2321
1792 1792 2048 2017 2036 2309
2048 1792 2048 2278 2041 2305
2303 1792 2048 2541 2001 2309
2559 1792 2048 2799 1962 2296
2815 1792 2048 3047 1925 2255
3071 1792 2048 3269 1889 2214
3327 1792 2048 3476 1855 2172
3583 1792 2048 3654 1827 2129
3839 1792 2048 3811 1807 2090
4095 1792 2048 3952 1792 2055
0 2048 2048 970 2302 2298
256 2048 2048 1027 2301 2297
512 2048 2048 1104 2303 2300
768 2048 2048 1208 2309 2307
1024 2048 2048 1362 2317 2316
1280 2048 2048 1542 2325 2325
1536 2048 2048 1775 2329 2330
1792 2048 2048 2038 2328 2328
2048 2048 2048 2322 2322 2322
2303 2048 2048 2517 2310 2309
2559 2048 2048 2738 2287 2286
2815 2048 2048 2996 2248 2247
3071 2048 2048 3226 2211 2211
3327 2048 2048 3444 2172 2173
3583 2048 2048 3641 2123 2125
3839 2048 2048 3810 2082 2085
4095 2048 2048 3962 2048 2048
0 2303 2048 1043 2555 2279
256 2303 2048 1085 2556 2279
512 2303 2048 1151 2558 2280
768 2303 2048 1256 2562 2282
1024 2303 2048 1408 2568 2283
1280 2303 2048 1581 2575 2283
1536 2303 2048 1790 2582 2277
1792 2303 2048 2039 2581 2275
2048 2303 2048 2315 2575 2276
2303 2303 2048 2547 2566 2294
2559 2303 2048 2775 2548 2292
2815 2303 2048 2996 2515 2260
3071 2303 2048 3233 2473 2198
3327 2303 2048 3463 2431 2138
3583 2303 2048 3648 2390 2111
3839 2303 2048 3816 2347 2077
4095 2303 2048 3973 2303 2039
0 2559 2048 1112 2801 2254
256 2559 2048 1142 2803 2253
512 2559 2048 1201 2805 2252
768 2559 2048 1302 2808 2250
1024 2559 2048 1447 2814 2245
1280 2559 2048 1611 2820 2238
1536 2559 2048 1802 2828 2222
1792 2559 2048 2034 2829 2214
2048 2559 2048 2291 2826 2210
2303 2559 2048 2551 2819 2241
2559 2559 2048 2793 2805 2250
2815 2559 2048 3006 2781 2223
3071 2559 2048 3246 2738 2154
3327 2559 2048 3480 2691 2085
3583 2559 2048 3665 2650 2066
3839 2559 2048 3832 2606 2048
4095 2559 2048 3986 2559 2029
0 2815 2048 1173 3036 2218
256 2815 2048 1200 3038 2216
512 2815 2048 1251 3040 2214
768 2815 2048 1342 3044 2209
1024 2815 2048 1474 3049 2199
1280 2815 2048 1626 3056 2186
1536 2815 2048 1808 3063 2166
1792 2815 2048 2017 3069 2141
2048 2815 2048 2243 3074 2114
2303 2815 2048 2516 3064 2132
2559 2815 2048 2781 3055 2133
2815 2815 2048 3033 3046 2111
3071 2815 2048 3267 3004 2060
3327 2815 2048 3492 2953 2007
3583 2815 2048 3696 2900 1978
3839 2815 2048 3861 2855 1985
4095 2815 2048 4000 2815 2018
0 3071 2048 1225 3260 2172
256 3071 2048 1249 3262 2170
512 3071 2048 1296 3264 2167
768 3071 2048 1379 3267 2160
1024 3071 2048 1502 3272 2147
1280 3071 2048 1643 3279 2131
1536 3071 2048 1815 3286 2107
1792 3071 2048 2008 3294 2075
2048 3071 2048 2214 3301 2038
2303 3071 2048 2467 3298 2023
2559 3071 2048 2726 3294 2006
2815 3071 2048 2991 3288 1988
3071 3071 2048 3243 3261 1960
3327 3071 2048 3486 3225 1926
3583 3071 2048 3700 3166 1880
3839 3071 2048 3873 3116 1916
4095 3071 2048 4016 3071 2005
0 3327 2048 1272 3479 2122
256 3327 2048 1294 3480 2120
512 3327 2048 1338 3482 2116
768 3327 2048 1414 3486 2107
1024 3327 2048 1529 3491 2093
1280 3327 2048 1661 3496 2075
1536 3327 2048 1822 3504 2047
1792 3327 2048 2001 3512 2011
2048 3327 2048 2193 3521 1969
2303 3327 2048 2420 3525 1921
2559 3327 2048 2663 3526 1886
2815 3327 2048 2930 3520 1868
3071 3327 2048 3201 3510 1858
3327 3327 2048 3465 3490 1842
3583 3327 2048 3693 3435 1789
3839 3327 2048 3878 3381 1850
4095 3327 2048 4034 3327 1987
0 3583 2048 1311 3689 2065
256 3583 2048 1331 3690 2063
512 3583 2048 1372 3692 2058
768 3583 2048 1443 3695 2049
1024 3583 2048 1551 3700 2034
1280 3583 2048 1675 3705 2014
1536 3583 2048 1826 3713 1984
1792 3583 2048 1995 3721 1946
2048 3583 2048 2177 3729 1902
2303 3583 2048 2389 3736 1850
2559 3583 2048 2617 3740 1804
2815 3583 2048 2867 3739 1768
3071 3583 2048 3135 3731 1757
3327 3583 2048 3404 3719 1749
3583 3583 2048 3661 3696 1730
3839 3583 2048 3874 3648 1809
4095 3583 2048 4056 3585 1954
0 3839 2048 1350 3883 2004
256 3839 2048 1370 3886 2002
512 3839 2048 1410 3891 1999
768 3839 2048 1481 3897 1993
1024 3839 2048 1592 3900 1983
1280 3839 2048 1720 3904 1970
1536 3839 2048 1874 3908 1951
1792 3839 2048 2046 3913 1927
2048 3839 2048 2229 3919 1900
2303 3839 2048 2434 3923 1865
2559 3839 2048 2652 3926 1834
2815 3839 2048 2886 3927 1807
3071 3839 2048 3135 3923 1800
3327 3839 2048 3389 3918 1797
3583 3839 2048 3643 3911 1793
3839 3839 2048 3866 3879 1848
4095 3839 2048 4068 3831 1941
0 4095 2048 1390 4066 1940
256 4095 2048 1409 4074 1940
512 4095 2048 1450 4082 1940
768 4095 2048 1525 4093 1939
1024 4095 2048 1645 4095 1939
1280 4095 2048 1784 4095 1939
1536 4095 2048 1952 4095 1939
1792 4095 2048 2134 4095 1939
2048 4095 2048 2326 4095 1939
2303 4095 2048 2532 4095 1939
2559 4095 2048 2742 4095 1939
2815 4095 2048 2959 4095 1939
3071 4095 2048 3181 4095 1939
3327 4095 2048 3405 4095 1939
3583 4095 2048 3633 4095 1939
3839 4095 2048 3855 4086 1939
4095 4095 2048 4072 4071 1940
0 0 2303 236 140 2331
256 0 2303 339 82 2333
512 0 2303 497 35 2335
768 0 2303 737 6 2336
1024 0 2303 981 0 2336
1280 0 2303 1226 0 2336
1536 0 2303 1472 0 2336
1792 0 2303 1741 104 2359
2048 0 2303 2025 276 2399
2303 0 2303 2322 395 2447
2559 0 2303 2602 478 2478
2815 0 2303 2855 506 2481
3071 0 2303 3089 504 2468
3327 0 2303 3315 484 2447
3583 0 2303 3527 428 2416
3839 0 2303 3725 320 2377
4095 0 2303 3916 179 2334
0 256 2303 173 308 2334
256 256 2303 299 281 2347
512 256 2303 473 254 2363
768 256 2303 715 229 2382
1024 256 2303 971 223 2378
1280 256 2303 1228 223 2369
1536 256 2303 1478 222 2361
1792 256 2303 1756 293 2386
2048 256 2303 2054 412 2431
2303 256 2303 2343 495 2468
2559 256 2303 2617 555 2490
2815 256 2303 2867 577 2489
3071 256 2303 3100 572 2473
3327 256 2303 3324 553 2451
3583 256 2303 3535 503 2418
3839 256 2303 3732 425 2378
4095 256 2303 3920 329 2334
0 512 2303 171 512 2334
256 512 2303 299 505 2353
512 512 2303 469 492 2379
768 512 2303 703 471 2416
1024 512 2303 962 460 2427
1280 512 2303 1228 455 2429
1536 512 2303 1501 465 2422
1792 512 2303 1792 514 2443
2048 512 2303 2096 588 2481
2303 512 2303 2376 640 2503
2559 512 2303 2643 678 2512
2815 512 2303 2889 692 2504
3071 512 2303 3119 685 2483
3327 512 2303 3341 666 2456
3583 512 2303 3550 622 2421
3839 512 2303 3742 572 2380
4095 512 2303 3924 519 2334
0 768 2303 259 768 2333
256 768 2303 357 765 2349
512 768 2303 498 758 2379
768 768 2303 703 744 2430
1024 768 2303 952 718 2485
1280 768 2303 1225 702 2531
1536 768 2303 1550 739 2536
1792 768 2303 1860 780 2546
2048 768 2303 2158 825 2558
2303 768 2303 2428 853 2557
2559 768 2303 2687 871 2548
2815 768 2303 2927 874 2527
3071 768 2303 3152 863 2498
3327 768 2303 3371 843 2466
3583 768 2303 3577 804 2427
3839 768 2303 3760 782 2382
4095 768 2303 3928 769 2333
0 1024 2303 422 1064 2377
256 1024 2303 496 1064 2392
512 1024 2303 613 1063 2422
768 1024 2303 795 1061 2474
1024 1024 2303 1030 1048 2544
1280 1024 2303 1293 1038 2609
1536 1024 2303 1611 1053 2637
1792 1024 2303 1918 1071 2642
2048 1024 2303 2218 1091 2632
2303 1024 2303 2484 1103 2611
2559 1024 2303 2738 1107 2585
2815 1024 2303 2974 1100 2551
3071 1024 2303 3195 1083 2514
3327 1024 2303 3410 1059 2474
3583 1024 2303 3611 1025 2430
3839 1024 2303 3782 1016 2381
4095 1024 2303 3932 1024 2330
0 1280 2303 597 1372 2433
256 1280 2303 650 1374 2447
512 1280 2303 746 1378 2474
768 1280 2303 907 1386 2521
1024 1280 2303 1125 1389 2592
1280 1280 2303 1370 1388 2663
1536 1280 2303 1668 1377 2708
1792 1280 2303 1966 1373 2711
2048 1280 2303 2264 1373 2686
2303 1280 2303 2532 1371 2654
2559 1280 2303 2787 1362 2616
2815 1280 2303 3021 1345 2571
3071 1280 2303 3240 1320 2526
3327 1280 2303 3450 1293 2479
3583 1280 2303 3642 1265 2430
3839 1280 2303 3801 1263 2379
4095 1280 2303 3937 1280 2327
0 1536 2303 739 1689 2490
256 1536 2303 783 1690 2499
512 1536 2303 865 1693 2517
768 1536 2303 1004 1699 2547
1024 1536 2303 1198 1702 2596
1280 1536 2303 1420 1704 2643
1536 1536 2303 1697 1699 2669
1792 1536 2303 1978 1696 2672
2048 1536 2303 2263 1695 2660
2303 1536 2303 2550 1673 2648
2559 1536 2303 2819 1647 2622
2815 1536 2303 3058 1617 2574
3071 1536 2303 3277 1585 2524
3327 1536 2303 3483 1555 2473
3583 1536 2303 3657 1537 2421
3839 1536 2303 3808 1532 2371
4095 1536 2303 3944 1536 2322
0 1792 2303 872 1989 2522
256 1792 2303 912 1990 2527
512 1792 2303 984 1993 2538
768 1792 2303 1103 1997 2558
1024 1792 2303 1275 2002 2589
1280 1792 2303 1474 2006 2620
1536 1792 2303 1726 2005 2639
1792 1792 2303 1995 2004 2634
2048 1792 2303 2276 2002 2614
2303 1792 2303 2543 1983 2611
2559 1792 2303 2805 1955 2595
2815 1792 2303 3059 1912 2560
3071 1792 2303 3282 1874 2513
3327 1792 2303 3489 1840 2463
3583 1792 2303 3662 1817 2410
3839 1792 2303 3814 1802 2362
4095 1792 2303 3953 1792 2316
0 2048 2303 998 2279 2537
256 2048 2303 1038 2279 2539
512 2048 2303 1103 2281 2545
768 2048 2303 1204 2286 2557
1024 2048 2303 1355 2292 2574
1280 2048 2303 1531 2298 2594
1536 2048 2303 1754 2301 2614
1792 2048 2303 2014 2301 2597
2048 2048 2303 2300 2299 2553
2303 2048 2303 2518 2299 2552
2559 2048 2303 2760 2277 2547
2815 2048 2303 3035 2221 2535
3071 2048 2303 3266 2178 2496
3327 2048 2303 3478 2139 2449
3583 2048 2303 3660 2101 2399
3839 2048 2303 3819 2072 2353
4095 2048 2303 3962 2048 2310
0 2303 2303 1061 2547 2539
256 2303 2303 1098 2548 2540
512 2303 2303 1164 2549 2543
768 2303 2303 1274 2552 2548
1024 2303 2303 1420 2558 2556
1280 2303 2303 1585 2564 2565
1536 2303 2303 1786 2570 2573
1792 2303 2303 2029 2570 2566
2048 2303 2303 2298 2567 2551
2303 2303 2303 2545 2563 2556
2559 2303 2303 2782 2547 2552
2815 2303 2303 3004 2510 2532
3071 2303 2303 3241 2466 2482
3327 2303 2303 3470 2422 2429
3583 2303 2303 3645 2391 2397
3839 2303 2303 3812 2350 2353
4095 2303 2303 3973 2303 2302
0 2559 2303 1122 2802 2526
256 2559 2303 1155 2803 2527
512 2559 2303 1218 2805 2527
768 2559 2303 1327 2807 2526
1024 2559 2303 1467 2812 2527
1280 2559 2303 1623 2818 2528
1536 2559 2303 1810 2825 2525
1792 2559 2303 2034 2828 2521
2048 2559 2303 2282 2826 2516
2303 2559 2303 2553 2818 2531
2559 2559 2303 2798 2805 2532
2815 2559 2303 2999 2786 2512
3071 2559 2303 3233 2744 2461
3327 2559 2303 3463 2698 2407
3583 2559 2303 3645 2665 2377
3839 2559 2303 3819 2617 2338
4095 2559 2303 3986 2559 2294
0 2815 2303 1179 3037 2490
256 2815 2303 1206 3038 2490
512 2815 2303 1260 3040 2489
768 2815 2303 1353 3043 2487
1024 2815 2303 1486 3048 2483
1280 2815 2303 1637 3053 2477
1536 2815 2303 1820 3060 2467
1792 2815 2303 2025 3066 2452
2048 2815 2303 2244 3071 2434
2303 2815 2303 2535 3055 2461
2559 2815 2303 2803 3044 2475
2815 2815 2303 3035 3041 2467
3071 2815 2303 3248 3005 2429
3327 2815 2303 3458 2961 2382
3583 2815 2303 3669 2914 2329
3839 2815 2303 3846 2865 2299
4095 2815 2303 4000 2815 2284
0 3071 2303 1228 3260 2445
256 3071 2303 1253 3262 2444
512 3071 2303 1301 3264 2442
768 3071 2303 1385 3267 2438
1024 3071 2303 1509 3272 2431
1280 3071 2303 1651 3277 2421
1536 3071 2303 1824 3284 2406
1792 3071 2303 2015 3291 2384
2048 3071 2303 2218 3298 2357
2303 3071 2303 2482 3291 2355
2559 3071 2303 2747 3283 2363
2815 3071 2303 3013 3274 2386
3071 3071 2303 3246 3254 2359
3327 3071 2303 3469 3226 2313
3583 3071 2303 3688 3172 2243
3839 3071 2303 3866 3121 2237
4095 3071 2303 4016 3071 2273
0 3327 2303 1274 3479 2396
256 3327 2303 1296 3480 2394
512 3327 2303 1340 3482 2391
768 3327 2303 1417 3485 2386
1024 3327 2303 1532 3490 2376
1280 3327 2303 1665 3496 2363
1536 3327 2303 1826 3503 2342
1792 3327 2303 2005 3511 2315
2048 3327 2303 2196 3519 2283
2303 3327 2303 2426 3523 2247
2559 3327 2303 2679 3519 2241
2815 3327 2303 2966 3503 2281
3071 3327 2303 3224 3497 2263
3327 3327 2303 3469 3484 2222
3583 3327 2303 3695 3433 2148
3839 3327 2303 3879 3381 2171
4095 3327 2303 4034 3327 2259
0 3583 2303 1311 3689 2340
256 3583 2303 1332 3690 2338
512 3583 2303 1373 3692 2334
768 3583 2303 1445 3695 2328
1024 3583 2303 1553 3699 2316
1280 3583 2303 1677 3705 2300
1536 3583 2303 1828 3712 2276
1792 3583 2303 1997 3720 2246
2048 3583 2303 2178 3728 2211
2303 3583 2303 2391 3735 2167
2559 3583 2303 2622 3737 2133
2815 3583 2303 2878 3734 2115
3071 3583 2303 3143 3727 2100
3327 3583 2303 3408 3717 2083
3583 3583 2303 3666 3694 2055
3839 3583 2303 3876 3647 2116
4095 3583 2303 4054 3584 2238
0 3839 2303 1348 3886 2278
256 3839 2303 1368 3889 2277
512 3839 2303 1410 3892 2275
768 3839 2303 1482 3896 2271
1024 3839 2303 1593 3899 2263
1280 3839 2303 1721 3903 2253
1536 3839 2303 1875 3908 2237
1792 3839 2303 2046 3913 2217
2048 3839 2303 2229 3918 2194
2303 3839 2303 2435 3923 2165
2559 3839 2303 2652 3926 2137
2815 3839 2303 2886 3927 2111
3071 3839 2303 3137 3923 2102
3327 3839 2303 3391 3917 2098
3583 3839 2303 3646 3910 2091
3839 3839 2303 3869 3879 2140
4095 3839 2303 4070 3834 2224
0 4095 2303 1383 4076 2214
256 4095 2303 1405 4080 2214
512 4095 2303 1449 4084 2215
768 4095 2303 1526 4091 2215
1024 4095 2303 1646 4093 2215
1280 4095 2303 1785 4095 2216
1536 4095 2303 1952 4095 2216
1792 4095 2303 2134 4095 2216
2048 4095 2303 2326 4095 2216
2303 4095 2303 2531 4095 2216
2559 4095 2303 2742 4095 2216
2815 4095 2303 2958 4095 2215
3071 4095 2303 3181 4095 2215
3327 4095 2303 3405 4095 2215
3583 4095 2303 3633 4095 2215
3839 4095 2303 3858 4090 2215
4095 4095 2303 4082 4081 2215
0 0 2559 262 155 2587
256 0 2559 356 113 2591
512 0 2559 506 65 2593
768 0 2559 738 11 2595
1024 0 2559 981 0 2595
1280 0 2559 1228 7 2597
1536 0 2559 1479 41 2603
1792 0 2559 1758 168 2637
2048 0 2559 2056 355 2690
2303 0 2559 2338 434 2724
2559 0 2559 2608 493 2746
2815 0 2559 2860 521 2749
3071 0 2559 3092 516 2734
3327 0 2559 3317 493 2712
3583 0 2559 3527 434 2679
3839 0 2559 3726 320 2638
4095 0 2559 3917 169 2593
0 256 2559 183 314 2592
256 256 2559 305 292 2604
512 256 2559 474 265 2620
768 256 2559 712 230 2639
1024 256 2559 967 223 2637
1280 256 2559 1227 227 2631
1536 256 2559 1486 249 2633
1792 256 2559 1772 333 2665
2048 256 2559 2075 458 2717
2303 256 2559 2353 521 2744
2559 256 2559 2620 567 2760
2815 256 2559 2871 589 2759
3071 256 2559 3102 583 2741
3327 256 2559 3325 561 2716
3583 256 2559 3535 509 2682
3839 256 2559 3732 427 2640
4095 256 2559 3920 324 2593
0 512 2559 170 512 2594
256 512 2559 298 504 2611
512 512 2559 467 492 2636
768 512 2559 699 472 2673
1024 512 2559 958 462 2689
1280 512 2559 1226 460 2698
1536 512 2559 1509 482 2701
1792 512 2559 1803 535 2725
2048 512 2559 2105 608 2762
2303 512 2559 2379 653 2778
2559 512 2559 2643 687 2784
2815 512 2559 2891 702 2776
3071 512 2559 3120 693 2753
3327 512 2559 3341 672 2725
3583 512 2559 3550 626 2687
3839 512 2559 3742 574 2643
4095 512 2559 3924 518 2593
0 768 2559 258 768 2593
256 768 2559 356 765 2608
512 768 2559 498 758 2638
768 768 2559 706 747 2690
1024 768 2559 954 726 2757
1280 768 2559 1226 715 2816
1536 768 2559 1556 755 2828
1792 768 2559 1862 793 2834
2048 768 2559 2152 829 2836
2303 768 2559 2422 856 2833
2559 768 2559 2682 875 2824
2815 768 2559 2925 881 2804
3071 768 2559 3151 868 2773
3327 768 2559 3369 847 2738
3583 768 2559 3575 807 2697
3839 768 2559 3759 783 2647
4095 768 2559 3928 769 2593
0 1024 2559 442 1070 2646
256 1024 2559 513 1069 2660
512 1024 2559 628 1068 2689
768 1024 2559 806 1065 2741
1024 1024 2559 1034 1053 2815
1280 1024 2559 1289 1043 2887
1536 1024 2559 1603 1058 2923
1792 1024 2559 1904 1071 2929
2048 1024 2559 2198 1084 2915
2303 1024 2559 2468 1099 2895
2559 1024 2559 2728 1107 2870
2815 1024 2559 2969 1104 2837
3071 1024 2559 3192 1086 2796
3327 1024 2559 3407 1062 2753
3583 1024 2559 3609 1026 2706
3839 1024 2559 3781 1016 2651
4095 1024 2559 3932 1024 2590
0 1280 2559 632 1381 2708
256 1280 2559 682 1382 2721
512 1280 2559 772 1384 2746
768 1280 2559 923 1388 2791
1024 1280 2559 1129 1387 2860
1280 1280 2559 1361 1382 2932
1536 1280 2559 1645 1368 2990
1792 1280 2559 1938 1360 3000
2048 1280 2559 2236 1356 2979
2303 1280 2559 2511 1360 2947
2559 1280 2559 2772 1357 2911
2815 1280 2559 3013 1345 2867
3071 1280 2559 3235 1321 2817
3327 1280 2559 3447 1293 2766
3583 1280 2559 3641 1262 2712
3839 1280 2559 3801 1261 2651
4095 1280 2559 3937 1280 2587
0 1536 2559 753 1682 2749
256 1536 2559 795 1683 2758
512 1536 2559 874 1685 2776
768 1536 2559 1008 1688 2808
1024 1536 2559 1195 1689 2858
1280 1536 2559 1408 1688 2913
1536 1536 2559 1669 1678 2969
1792 1536 2559 1952 1670 2985
2048 1536 2559 2248 1662 2974
2303 1536 2559 2533 1653 2956
2559 1536 2559 2803 1638 2927
2815 1536 2559 3050 1613 2881
3071 1536 2559 3274 1581 2827
3327 1536 2559 3482 1551 2769
3583 1536 2559 3657 1534 2706
3839 1536 2559 3808 1530 2644
4095 1536 2559 3944 1536 2583
0 1792 2559 874 1972 2771
256 1792 2559 910 1973 2777
512 1792 2559 980 1975 2790
768 1792 2559 1099 1978 2811
1024 1792 2559 1268 1981 2846
1280 1792 2559 1461 1983 2887
1536 1792 2559 1699 1979 2934
1792 1792 2559 1969 1973 2940
2048 1792 2559 2259 1966 2919
2303 1792 2559 2531 1959 2912
2559 1792 2559 2800 1938 2897
2815 1792 2559 3063 1900 2869
3071 1792 2559 3290 1861 2817
3327 1792 2559 3498 1827 2758
3583 1792 2559 3666 1809 2695
3839 1792 2559 3816 1798 2635
4095 1792 2559 3953 1792 2579
0 2048 2559 995 2255 2781
256 2048 2559 1027 2256 2785
512 2048 2559 1088 2258 2792
768 2048 2559 1193 2262 2806
1024 2048 2559 1345 2266 2828
1280 2048 2559 1519 2270 2855
1536 2048 2559 1733 2272 2888
1792 2048 2559 1988 2272 2875
2048 2048 2559 2269 2270 2831
2303 2048 2559 2513 2273 2833
2559 2048 2559 2774 2253 2835
2815 2048 2559 3059 2199 2837
3071 2048 2559 3291 2154 2794
3327 2048 2559 3500 2115 2738
3583 2048 2559 3673 2086 2679
3839 2048 2559 3824 2064 2625
4095 2048 2559 3962 2048 2573
0 2303 2559 1059 2530 2793
256 2303 2559 1095 2531 2795
512 2303 2559 1163 2532 2798
768 2303 2559 1279 2534 2803
1024 2303 2559 1422 2539 2817
1280 2303 2559 1580 2544 2834
1536 2303 2559 1776 2549 2854
1792 2303 2559 2010 2550 2854
2048 2303 2559 2270 2548 2839
2303 2303 2559 2531 2545 2834
2559 2303 2559 2780 2532 2824
2815 2303 2559 3011 2503 2807
3071 2303 2559 3252 2456 2768
3327 2303 2559 3481 2409 2722
3583 2303 2559 3651 2383 2679
3839 2303 2559 3815 2346 2626
4095 2303 2559 3973 2303 2566
0 2559 2559 1122 2793 2789
256 2559 2559 1158 2794 2790
512 2559 2559 1226 2795 2790
768 2559 2559 1341 2796 2791
1024 2559 2559 1477 2801 2797
1280 2559 2559 1627 2807 2805
1536 2559 2559 1810 2813 2813
1792 2559 2559 2025 2816 2817
2048 2559 2559 2263 2816 2818
2303 2559 2559 2541 2807 2816
2559 2559 2559 2791 2797 2808
2815 2559 2559 2997 2787 2788
3071 2559 2559 3232 2743 2752
3327 2559 2559 3462 2695 2713
3583 2559 2559 3643 2665 2671
3839 2559 2559 3816 2619 2620
4095 2559 2559 3982 2563 2563
0 2815 2559 1185 3036 2761
256 2815 2559 1213 3037 2762
512 2815 2559 1269 3038 2762
768 2815 2559 1365 3041 2762
1024 2815 2559 1500 3045 2763
1280 2815 2559 1651 3049 2764
1536 2815 2559 1831 3056 2763
1792 2815 2559 2030 3061 2758
2048 2815 2559 2243 3066 2750
2303 2815 2559 2540 3049 2773
2559 2815 2559 2809 3038 2785
2815 2815 2559 3036 3038 2784
3071 2815 2559 3241 3006 2754
3327 2815 2559 3443 2965 2712
3583 2815 2559 3655 2922 2651
3839 2815 2559 3832 2877 2603
4095 2815 2559 3987 2830 2564
0 3071 2559 1233 3261 2718
256 3071 2559 1258 3262 2718
512 3071 2559 1307 3264 2717
768 3071 2559 1393 3266 2716
1024 3071 2559 1519 3270 2713
1280 3071 2559 1662 3275 2709
1536 3071 2559 1833 3282 2702
1792 3071 2559 2023 3288 2690
2048 3071 2559 2224 3295 2674
2303 3071 2559 2490 3287 2676
2559 3071 2559 2758 3277 2693
2815 3071 2559 3028 3266 2733
3071 3071 2559 3250 3249 2711
3327 3071 2559 3462 3226 2664
3583 3071 2559 3680 3176 2581
3839 3071 2559 3856 3129 2551
4095 3071 2559 4005 3084 2557
0 3327 2559 1276 3479 2669
256 3327 2559 1299 3480 2668
512 3327 2559 1343 3482 2667
768 3327 2559 1421 3485 2664
1024 3327 2559 1537 3489 2658
1280 3327 2559 1671 3494 2650
1536 3327 2559 1832 3501 2637
1792 3327 2559 2012 3508 2619
2048 3327 2559 2204 3516 2597
2303 3327 2559 2433 3519 2571
2559 3327 2559 2691 3512 2581
2815 3327 2559 2991 3491 2645
3071 3327 2559 3241 3487 2633
3327 3327 2559 3475 3478 2590
3583 3327 2559 3698 3430 2500
3839 3327 2559 3877 3382 2495
4095 3327 2559 4026 3334 2546
0 3583 2559 1312 3689 2613
256 3583 2559 1333 3690 2612
512 3583 2559 1375 3692 2610
768 3583 2559 1447 3695 2605
1024 3583 2559 1556 3699 2597
1280 3583 2559 1680 3704 2586
1536 3583 2559 1831 3711 2569
1792 3583 2559 2000 3719 2546
2048 3583 2559 2182 3727 2519
2303 3583 2559 2394 3733 2484
2559 3583 2559 2627 3734 2461
2815 3583 2559 2889 3729 2454
3071 3583 2559 3158 3720 2458
3327 3583 2559 3425 3708 2456
3583 3583 2559 3674 3687 2424
3839 3583 2559 3877 3644 2456
4095 3583 2559 4049 3586 2529
0 3839 2559 1348 3887 2551
256 3839 2559 1369 3889 2551
512 3839 2559 1410 3891 2550
768 3839 2559 1483 3895 2547
1024 3839 2559 1595 3899 2542
1280 3839 2559 1722 3903 2534
1536 3839 2559 1876 3907 2522
1792 3839 2559 2047 3912 2507
2048 3839 2559 2230 3918 2489
2303 3839 2559 2436 3922 2465
2559 3839 2559 2654 3925 2442
2815 3839 2559 2889 3926 2420
3071 3839 2559 3146 3919 2426
3327 3839 2559 3405 3910 2436
3583 3839 2559 3652 3905 2430
3839 3839 2559 3871 3878 2459
4095 3839 2559 4069 3837 2510
0 4095 2559 1382 4078 2486
256 4095 2559 1404 4080 2487
512 4095 2559 1449 4084 2488
768 4095 2559 1526 4090 2490
1024 4095 2559 1647 4093 2491
1280 4095 2559 1785 4095 2491
1536 4095 2559 1952 4095 2491
1792 4095 2559 2134 4095 2491
2048 4095 2559 2325 4095 2491
2303 4095 2559 2531 4095 2491
2559 4095 2559 2742 4095 2491
2815 4095 2559 2958 4095 2491
3071 4095 2559 3181 4095 2491
3327 4095 2559 3405 4095 2491
3583 4095 2559 3633 4095 2491
3839 4095 2559 3860 4092 2490
4095 4095 2559 4087 4087 2489
0 0 2815 288 170 2843
256 0 2815 375 136 2847
512 0 2815 517 86 2851
768 0 2815 740 14 2854
1024 0 2815 981 0 2855
1280 0 2815 1231 24 2859
1536 0 2815 1498 145 2881
1792 0 2815 1779 266 2918
2048 0 2815 2071 387 2965
2303 0 2815 2340 447 2989
2559 0 2815 2606 498 3007
2815 0 2815 2863 534 3016
3071 0 2815 3095 528 3000
3327 0 2815 3318 502 2976
3583 0 2815 3528 441 2941
3839 0 2815 3725 335 2899
4095 0 2815 3914 198 2850
0 256 2815 193 320 2850
256 256 2815 312 301 2862
512 256 2815 477 273 2876
768 256 2815 710 231 2895
1024 256 2815 964 222 2894
1280 256 2815 1228 238 2895
1536 256 2815 1511 316 2921
1792 256 2815 1796 397 2953
2048 256 2815 2084 479 2989
2303 256 2815 2352 527 3008
2559 256 2815 2616 569 3021
2815 256 2815 2873 600 3026
3071 256 2815 3104 593 3008
3327 256 2815 3326 569 2982
3583 256 2815 3535 514 2945
3839 256 2815 3731 435 2901
4095 256 2815 3919 338 2852
0 512 2815 171 512 2854
256 512 2815 297 504 2869
512 512 2815 467 492 2894
768 512 2815 701 475 2931
1024 512 2815 962 469 2954
1280 512 2815 1235 475 2973
1536 512 2815 1532 520 2993
1792 512 2815 1821 568 3013
2048 512 2815 2105 618 3032
2303 512 2815 2373 654 3041
2559 512 2815 2636 686 3046
2815 512 2815 2891 711 3046
3071 512 2815 3121 701 3023
3327 512 2815 3341 678 2992
3583 512 2815 3549 630 2953
3839 512 2815 3741 578 2906
4095 512 2815 3923 521 2853
0 768 2815 257 768 2853
256 768 2815 355 764 2866
512 768 2815 502 761 2899
768 768 2815 721 757 2958
1024 768 2815 980 750 3043
1280 768 2815 1257 749 3116
1536 768 2815 1566 775 3116
1792 768 2815 1859 801 3111
2048 768 2815 2140 827 3104
2303 768 2815 2406 850 3097
2559 768 2815 2668 870 3089
2815 768 2815 2922 886 3078
3071 768 2815 3149 874 3047
3327 768 2815 3367 851 3010
3583 768 2815 3574 810 2966
3839 768 2815 3758 785 2912
4095 768 2815 3928 770 2852
0 1024 2815 456 1072 2911
256 1024 2815 526 1071 2924
512 1024 2815 641 1070 2953
768 1024 2815 822 1070 3007
1024 1024 2815 1051 1064 3090
1280 1024 2815 1302 1059 3167
1536 1024 2815 1595 1063 3191
1792 1024 2815 1885 1068 3195
2048 1024 2815 2173 1073 3187
2303 1024 2815 2443 1086 3164
2559 1024 2815 2707 1097 3141
2815 1024 2815 2962 1106 3118
3071 1024 2815 3188 1089 3077
3327 1024 2815 3404 1064 3031
3583 1024 2815 3608 1025 2981
3839 1024 2815 3780 1015 2919
4095 1024 2815 3932 1024 2850
0 1280 2815 658 1383 2975
256 1280 2815 705 1384 2987
512 1280 2815 790 1384 3011
768 1280 2815 933 1385 3052
1024 1280 2815 1129 1381 3118
1280 1280 2815 1351 1373 3186
1536 1280 2815 1622 1360 3239
1792 1280 2815 1907 1348 3258
2048 1280 2815 2200 1338 3254
2303 1280 2815 2476 1340 3221
2559 1280 2815 2745 1342 3189
2815 1280 2815 3003 1343 3157
3071 1280 2815 3229 1321 3107
3327 1280 2815 3443 1292 3052
3583 1280 2815 3640 1258 2993
3839 1280 2815 3801 1258 2924
4095 1280 2815 3937 1280 2848
0 1536 2815 760 1671 3003
256 1536 2815 800 1672 3012
512 1536 2815 876 1673 3030
768 1536 2815 1006 1674 3062
1024 1536 2815 1187 1673 3113
1280 1536 2815 1392 1669 3169
1536 1536 2815 1643 1659 3227
1792 1536 2815 1918 1649 3248
2048 1536 2815 2209 1639 3245
2303 1536 2815 2493 1629 3232
2559 1536 2815 2771 1618 3213
2815 1536 2815 3038 1607 3183
3071 1536 2815 3268 1577 3129
3327 1536 2815 3480 1545 3065
3583 1536 2815 3656 1529 2992
3839 1536 2815 3808 1527 2918
4095 1536 2815 3944 1536 2844
0 1792 2815 855 1953 3020
256 1792 2815 893 1953 3026
512 1792 2815 964 1955 3039
768 1792 2815 1085 1957 3060
1024 1792 2815 1254 1958 3097
1280 1792 2815 1445 1958 3140
1536 1792 2815 1675 1953 3193
1792 1792 2815 1935 1945 3215
2048 1792 2815 2216 1937 3216
2303 1792 2815 2498 1924 3212
2559 1792 2815 2779 1909 3201
2815 1792 2815 3055 1889 3181
3071 1792 2815 3287 1854 3127
3327 1792 2815 3498 1818 3060
3583 1792 2815 3667 1803 2983
3839 1792 2815 3816 1795 2910
4095 1792 2815 3952 1792 2840
0 2048 2815 946 2230 3030
256 2048 2815 983 2231 3033
512 2048 2815 1053 2232 3040
768 2048 2815 1170 2235 3052
1024 2048 2815 1328 2239 3075
1280 2048 2815 1505 2242 3103
1536 2048 2815 1714 2242 3145
1792 2048 2815 1957 2238 3167
2048 2048 2815 2223 2232 3175
2303 2048 2815 2496 2223 3170
2559 2048 2815 2775 2208 3165
2815 2048 2815 3059 2183 3160
3071 2048 2815 3293 2144 3108
3327 2048 2815 3504 2104 3043
3583 2048 2815 3675 2080 2969
3839 2048 2815 3825 2062 2900
4095 2048 2815 3962 2048 2835
0 2303 2815 1027 2501 3035
256 2303 2815 1068 2502 3036
512 2303 2815 1142 2503 3038
768 2303 2815 1265 2505 3042
1024 2303 2815 1408 2509 3059
1280 2303 2815 1564 2513 3081
1536 2303 2815 1755 2516 3111
1792 2303 2815 1979 2515 3132
2048 2303 2815 2224 2512 3147
2303 2303 2815 2500 2504 3132
2559 2303 2815 2766 2498 3112
2815 2303 2815 3015 2491 3085
3071 2303 2815 3266 2443 3054
3327 2303 2815 3501 2389 3017
3583 2303 2815 3673 2361 2953
3839 2303 2815 3829 2332 2891
4095 2303 2815 3973 2303 2829
0 2559 2815 1108 2769 3035
256 2559 2815 1148 2770 3035
512 2559 2815 1219 2771 3035
768 2559 2815 1338 2772 3035
1024 2559 2815 1473 2776 3046
1280 2559 2815 1619 2781 3060
1536 2559 2815 1797 2786 3079
1792 2559 2815 2003 2788 3095
2048 2559 2815 2229 2789 3110
2303 2559 2815 2508 2780 3093
2559 2559 2815 2769 2777 3070
2815 2559 2815 3002 2780 3039
3071 2559 2815 3249 2732 3019
3327 2559 2815 3486 2676 2993
3583 2559 2815 3668 2642 2938
3839 2559 2815 3827 2608 2886
4095 2559 2815 3973 2574 2836
0 2815 2815 1190 3032 3028
256 2815 2815 1220 3033 3029
512 2815 2815 1278 3034 3030
768 2815 2815 1377 3036 3032
1024 2815 2815 1515 3039 3036
1280 2815 2815 1668 3043 3041
1536 2815 2815 1838 3049 3049
1792 2815 2815 2031 3054 3055
2048 2815 2815 2238 3058 3060
2303 2815 2815 2523 3047 3053
2559 2815 2815 2792 3040 3046
2815 2815 2815 3035 3039 3040
3071 2815 2815 3250 3005 3011
3327 2815 2815 3456 2964 2974
3583 2815 2815 3657 2921 2925
3839 2815 2815 3819 2890 2890
4095 2815 2815 3954 2867 2863
0 3071 2815 1240 3261 2989
256 3071 2815 1265 3262 2990
512 3071 2815 1316 3263 2990
768 3071 2815 1404 3266 2991
1024 3071 2815 1533 3269 2991
1280 3071 2815 1678 3273 2992
1536 3071 2815 1845 3279 2992
1792 3071 2815 2032 3285 2991
2048 3071 2815 2232 3290 2988
2303 3071 2815 2488 3286 2977
2559 3071 2815 2752 3278 2980
2815 3071 2815 3030 3265 3003
3071 3071 2815 3255 3249 2990
3327 3071 2815 3467 3225 2958
3583 3071 2815 3680 3176 2878
3839 3071 2815 3844 3141 2853
4095 3071 2815 3976 3114 2863
0 3327 2815 1280 3479 2940
256 3327 2815 1303 3480 2940
512 3327 2815 1348 3482 2940
768 3327 2815 1427 3484 2939
1024 3327 2815 1545 3488 2937
1280 3327 2815 1679 3493 2934
1536 3327 2815 1842 3499 2928
1792 3327 2815 2024 3505 2919
2048 3327 2815 2219 3511 2909
2303 3327 2815 2441 3515 2891
2559 3327 2815 2696 3509 2896
2815 3327 2815 2999 3487 2935
3071 3327 2815 3248 3482 2949
3327 3327 2815 3480 3471 2936
3583 3327 2815 3702 3425 2838
3839 3327 2815 3872 3386 2819
4095 3327 2815 4008 3352 2853
0 3583 2815 1314 3689 2884
256 3583 2815 1335 3690 2883
512 3583 2815 1377 3692 2882
768 3583 2815 1450 3694 2880
1024 3583 2815 1560 3698 2875
1280 3583 2815 1686 3703 2869
1536 3583 2815 1836 3710 2858
1792 3583 2815 2006 3717 2843
2048 3583 2815 2188 3724 2826
2303 3583 2815 2399 3730 2801
2559 3583 2815 2633 3731 2784
2815 3583 2815 2900 3724 2780
3071 3583 2815 3185 3706 2837
3327 3583 2815 3461 3687 2888
3583 3583 2815 3687 3674 2860
3839 3583 2815 3876 3640 2841
4095 3583 2815 4041 3593 2827
0 3839 2815 1351 3883 2820
256 3839 2815 1371 3885 2821
512 3839 2815 1412 3890 2821
768 3839 2815 1485 3896 2821
1024 3839 2815 1596 3899 2818
1280 3839 2815 1724 3903 2813
1536 3839 2815 1878 3907 2805
1792 3839 2815 2050 3911 2794
2048 3839 2815 2232 3916 2781
2303 3839 2815 2438 3921 2764
2559 3839 2815 2658 3923 2748
2815 3839 2815 2897 3922 2735
3071 3839 2815 3167 3908 2781
3327 3839 2815 3435 3894 2829
3583 3839 2815 3663 3894 2829
3839 3839 2815 3871 3873 2816
4095 3839 2815 4065 3838 2795
0 4095 2815 1389 4067 2751
256 4095 2815 1410 4072 2753
512 4095 2815 1452 4080 2757
768 4095 2815 1525 4092 2761
1024 4095 2815 1645 4095 2762
1280 4095 2815 1784 4095 2762
1536 4095 2815 1952 4095 2762
1792 4095 2815 2134 4095 2762
2048 4095 2815 2326 4095 2762
2303 4095 2815 2531 4095 2762
2559 4095 2815 2742 4095 2762
2815 4095 2815 2959 4095 2762
3071 4095 2815 3181 4095 2762
3327 4095 2815 3405 4095 2762
3583 4095 2815 3633 4095 2762
3839 4095 2815 3859 4091 2761
4095 4095 2815 4084 4084 2758
0 0 3071 313 186 3098
256 0 3071 395 156 3103
512 0 3071 529 104 3108
768 0 3071 742 17 3114
1024 0 3071 990 49 3123
1280 0 3071 1250 119 3137
1536 0 3071 1523 228 3165
1792 0 3071 1797 317 3194
2048 0 3071 2071 393 3225
2303 0 3071 2332 438 3241
2559 0 3071 2591 480 3254
2815 0 3071 2847 514 3263
3071 0 3071 3088 522 3256
3327 0 3071 3319 511 3240
3583 0 3071 3528 448 3204
3839 0 3071 3723 354 3158
4095 0 3071 3909 241 3105
0 256 3071 202 325 3108
256 256 3071 319 308 3119
512 256 3071 481 280 3133
768 256 3071 710 233 3151
1024 256 3071 976 253 3164
1280 256 3071 1253 297 3178
1536 256 3071 1533 367 3203
1792 256 3071 1808 427 3226
2048 256 3071 2080 480 3248
2303 256 3071 2341 517 3259
2559 256 3071 2600 552 3268
2815 256 3071 2856 581 3274
3071 256 3071 3096 588 3264
3327 256 3071 3327 577 3246
3583 256 3071 3535 520 3209
3839 256 3071 3730 445 3162
4095 256 3071 3916 357 3109
0 512 3071 194 518 3122
256 512 3071 318 510 3136
512 512 3071 484 499 3158
768 512 3071 711 481 3192
1024 512 3071 979 488 3225
1280 512 3071 1258 507 3254
1536 512 3071 1545 544 3270
1792 512 3071 1823 580 3282
2048 512 3071 2096 614 3290
2303 512 3071 2357 642 3293
2559 512 3071 2616 668 3294
2815 512 3071 2872 692 3294
3071 512 3071 3111 695 3280
3327 512 3071 3341 684 3259
3583 512 3071 3549 635 3218
3839 512 3071 3741 581 3168
4095 512 3071 3922 525 3111
0 768 3071 344 789 3140
256 768 3071 431 786 3154
512 768 3071 563 783 3184
768 768 3071 763 778 3238
1024 768 3071 1006 770 3317
1280 768 3071 1268 766 3384
1536 768 3071 1562 780 3381
1792 768 3071 1845 797 3372
2048 768 3071 2120 816 3360
2303 768 3071 2382 834 3349
2559 768 3071 2643 851 3338
2815 768 3071 2898 868 3329
3071 768 3071 3137 867 3308
3327 768 3071 3366 855 3280
3583 768 3071 3572 813 3234
3839 768 3071 3757 786 3177
4095 768 3071 3928 770 3112
0 1024 3071 511 1082 3185
256 1024 3071 574 1081 3198
512 1024 3071 679 1080 3225
768 1024 3071 846 1078 3274
1024 1024 3071 1061 1069 3350
1280 1024 3071 1298 1060 3419
1536 1024 3071 1581 1060 3433
1792 1024 3071 1862 1061 3433
2048 1024 3071 2141 1064 3425
2303 1024 3071 2409 1070 3409
2559 1024 3071 2674 1077 3392
2815 1024 3071 2933 1085 3373
3071 1024 3071 3172 1080 3343
3327 1024 3071 3400 1065 3307
3583 1024 3071 3605 1025 3255
3839 1024 3071 3779 1015 3188
4095 1024 3071 3932 1024 3111
0 1280 3071 665 1377 3230
256 1280 3071 711 1376 3241
512 1280 3071 793 1376 3263
768 1280 3071 931 1375 3302
1024 1280 3071 1120 1368 3364
1280 1280 3071 1334 1360 3425
1536 1280 3071 1601 1349 3460
1792 1280 3071 1877 1340 3474
2048 1280 3071 2160 1330 3474
2303 1280 3071 2434 1325 3458
2559 1280 3071 2704 1322 3439
2815 1280 3071 2967 1322 3415
3071 1280 3071 3208 1310 3378
3327 1280 3071 3437 1292 3334
3583 1280 3071 3637 1256 3273
3839 1280 3071 3799 1256 3196
4095 1280 3071 3937 1280 3108
0 1536 3071 753 1655 3248
256 1536 3071 793 1655 3257
512 1536 3071 868 1655 3274
768 1536 3071 994 1655 3305
1024 1536 3071 1170 1652 3355
1280 1536 3071 1371 1648 3407
1536 1536 3071 1620 1639 3451
1792 1536 3071 1888 1631 3468
2048 1536 3071 2168 1622 3467
2303 1536 3071 2445 1611 3461
2559 1536 3071 2721 1601 3451
2815 1536 3071 2992 1590 3435
3071 1536 3071 3242 1567 3403
3327 1536 3071 3473 1542 3357
3583 1536 3071 3654 1524 3276
3839 1536 3071 3808 1524 3192
4095 1536 3071 3944 1536 3105
0 1792 3071 836 1929 3259
256 1792 3071 873 1929 3265
512 1792 3071 944 1930 3278
768 1792 3071 1063 1931 3301
1024 1792 3071 1229 1931 3339
1280 1792 3071 1418 1930 3382
1536 1792 3071 1647 1925 3428
1792 1792 3071 1903 1918 3448
2048 1792 3071 2176 1910 3450
2303 1792 3071 2453 1899 3448
2559 1792 3071 2730 1885 3443
2815 1792 3071 3005 1870 3434
3071 1792 3071 3259 1841 3405
3327 1792 3071 3493 1813 3359
3583 1792 3071 3666 1797 3271
3839 1792 3071 3817 1791 3185
4095 1792 3071 3952 1792 3101
0 2048 3071 916 2200 3266
256 2048 3071 953 2201 3270
512 2048 3071 1021 2202 3278
768 2048 3071 1136 2205 3292
1024 2048 3071 1294 2207 3318
1280 2048 3071 1470 2208 3350
1536 2048 3071 1679 2207 3395
1792 2048 3071 1920 2203 3418
2048 2048 3071 2184 2196 3428
2303 2048 3071 2457 2187 3425
2559 2048 3071 2733 2174 3422
2815 2048 3071 3011 2158 3419
3071 2048 3071 3266 2127 3391
3327 2048 3071 3501 2096 3346
3583 2048 3071 3674 2073 3260
3839 2048 3071 3826 2058 3177
4095 2048 3071 3962 2048 3097
0 2303 3071 997 2467 3267
256 2303 3071 1035 2468 3269
512 2303 3071 1105 2469 3273
768 2303 3071 1223 2471 3281
1024 2303 3071 1370 2475 3299
1280 2303 3071 1533 2478 3323
1536 2303 3071 1726 2479 3357
1792 2303 3071 1948 2478 3381
2048 2303 3071 2190 2474 3400
2303 2303 3071 2461 2466 3391
2559 2303 3071 2729 2459 3379
2815 2303 3071 2991 2452 3364
3071 2303 3071 3254 2418 3349
3327 2303 3071 3501 2379 3321
3583 2303 3071 3679 2349 3242
3839 2303 3071 3834 2324 3166
4095 2303 3071 3973 2303 3091
0 2559 3071 1079 2734 3267
256 2559 3071 1116 2735 3268
512 2559 3071 1184 2736 3269
768 2559 3071 1298 2738 3272
1024 2559 3071 1439 2742 3284
1280 2559 3071 1593 2745 3300
1536 2559 3071 1772 2749 3323
1792 2559 3071 1977 2750 3346
2048 2559 3071 2199 2750 3367
2303 2559 3071 2467 2743 3357
2559 2559 3071 2730 2738 3344
2815 2559 3071 2984 2736 3326
3071 2559 3071 3246 2704 3315
3327 2559 3071 3494 2664 3293
3583 2559 3071 3679 2627 3224
3839 2559 3071 3837 2596 3157
4095 2559 3071 3978 2568 3093
0 2815 3071 1163 2999 3264
256 2815 3071 1194 3000 3265
512 2815 3071 1253 3001 3267
768 2815 3071 1355 3003 3269
1024 2815 3071 1497 3006 3275
1280 2815 3071 1651 3009 3283
1536 2815 3071 1818 3014 3298
1792 2815 3071 2007 3018 3313
2048 2815 3071 2210 3022 3328
2303 2815 3071 2476 3015 3326
2559 2815 3071 2739 3008 3322
2815 2815 3071 2999 3003 3314
3071 2815 3071 3242 2980 3293
3327 2815 3071 3474 2950 3262
3583 2815 3071 3673 2907 3205
3839 2815 3071 3835 2873 3154
4095 2815 3071 3974 2845 3106
0 3071 3071 1229 3245 3242
256 3071 3071 1256 3246 3243
512 3071 3071 1308 3247 3244
768 3071 3071 1399 3249 3246
1024 3071 3071 1530 3252 3248
1280 3071 3071 1677 3255 3252
1536 3071 3071 1843 3260 3259
1792 3071 3071 2027 3265 3266
2048 3071 3071 2222 3270 3273
2303 3071 3071 2464 3268 3270
2559 3071 3071 2724 3262 3269
2815 3071 3071 3011 3248 3271
3071 3071 3071 3252 3236 3262
3327 3071 3071 3476 3218 3238
3583 3071 3071 3684 3171 3171
3839 3071 3071 3848 3134 3132
4095 3071 3071 3983 3106 3113
0 3327 3071 1285 3479 3209
256 3327 3071 1308 3480 3209
512 3327 3071 1355 3482 3210
768 3327 3071 1435 3484 3211
1024 3327 3071 1555 3487 3212
1280 3327 3071 1692 3491 3212
1536 3327 3071 1857 3496 3212
1792 3327 3071 2036 3501 3211
2048 3327 3071 2226 3507 3209
2303 3327 3071 2444 3511 3202
2559 3327 3071 2697 3505 3201
2815 3327 3071 3002 3486 3208
3071 3327 3071 3250 3481 3219
3327 3327 3071 3480 3472 3214
3583 3327 3071 3695 3427 3143
3839 3327 3071 3864 3391 3114
4095 3327 3071 4001 3360 3113
0 3583 3071 1317 3689 3153
256 3583 3071 1338 3690 3153
512 3583 3071 1381 3692 3153
768 3583 3071 1456 3694 3152
1024 3583 3071 1567 3697 3151
1280 3583 3071 1693 3702 3148
1536 3583 3071 1845 3707 3143
1792 3583 3071 2014 3714 3136
2048 3583 3071 2196 3721 3127
2303 3583 3071 2411 3725 3113
2559 3583 3071 2645 3726 3101
2815 3583 3071 2907 3720 3092
3071 3583 3071 3192 3702 3137
3327 3583 3071 3468 3684 3179
3583 3583 3071 3687 3672 3160
3839 3583 3071 3874 3641 3129
4095 3583 3071 4038 3597 3091
0 3839 3071 1351 3885 3089
256 3839 3071 1372 3887 3089
512 3839 3071 1414 3890 3090
768 3839 3071 1487 3895 3091
1024 3839 3071 1600 3898 3090
1280 3839 3071 1728 3902 3088
1536 3839 3071 1882 3906 3084
1792 3839 3071 2054 3910 3078
2048 3839 3071 2237 3914 3071
2303 3839 3071 2447 3918 3060
2559 3839 3071 2668 3919 3050
2815 3839 3071 2903 3919 3041
3071 3839 3071 3173 3905 3077
3327 3839 3071 3442 3891 3116
3583 3839 3071 3667 3892 3121
3839 3839 3071 3873 3872 3102
4095 3839 3071 4066 3840 3068
0 4095 3071 1387 4071 3020
256 4095 3071 1408 4074 3021
512 4095 3071 1451 4080 3024
768 4095 3071 1527 4089 3028
1024 4095 3071 1646 4093 3030
1280 4095 3071 1784 4095 3031
1536 4095 3071 1952 4095 3031
1792 4095 3071 2134 4095 3031
2048 4095 3071 2325 4095 3031
2303 4095 3071 2531 4095 3031
2559 4095 3071 2742 4095 3031
2815 4095 3071 2959 4095 3031
3071 4095 3071 3181 4095 3031
3327 4095 3071 3406 4095 3033
3583 4095 3071 3638 4094 3043
3839 4095 3071 3865 4091 3046
4095 4095 3071 4088 4087 3045
0 0 3327 352 209 3357
256 0 3327 427 184 3362
512 0 3327 553 134 3369
768 0 3327 754 46 3378
1024 0 3327 1006 116 3395
1280 0 3327 1273 218 3416
1536 0 3327 1544 291 3444
1792 0 3327 1807 344 3464
2048 0 3327 2064 385 3478
2303 0 3327 2318 418 3487
2559 0 3327 2571 449 3495
2815 0 3327 2824 479 3501
3071 0 3327 3073 501 3503
3327 0 3327 3314 506 3497
3583 0 3327 3527 450 3464
3839 0 3327 3722 372 3417
4095 0 3327 3906 278 3361
0 256 3327 234 338 3371
256 256 3327 344 323 3381
512 256 3327 500 296 3395
768 256 3327 721 250 3413
1024 256 3327 995 294 3437
1280 256 3327 1279 357 3460
1536 256 3327 1549 403 3478
1792 256 3327 1812 440 3491
2048 256 3327 2070 471 3499
2303 256 3327 2324 497 3505
2559 256 3327 2578 524 3509
2815 256 3327 2831 548 3512
3071 256 3327 3080 568 3512
3327 256 3327 3321 572 3504
3583 256 3327 3533 522 3470
3839 256 3327 3729 453 3422
4095 256 3327 3915 372 3367
0 512 3327 242 528 3393
256 512 3327 357 521 3407
512 512 3327 513 510 3427
768 512 3327 731 494 3457
1024 512 3327 1000 511 3495
1280 512 3327 1279 536 3528
1536 512 3327 1552 559 3536
1792 512 3327 1818 581 3539
2048 512 3327 2080 602 3539
2303 512 3327 2335 622 3537
2559 512 3327 2591 642 3536
2815 512 3327 2844 662 3534
3071 512 3327 3093 677 3530
3327 512 3327 3334 680 3518
3583 512 3327 3546 636 3481
3839 512 3327 3740 584 3430
4095 512 3327 3922 526 3371
0 768 3327 438 811 3428
256 768 3327 511 809 3442
512 768 3327 626 805 3469
768 768 3327 802 796 3516
1024 768 3327 1027 785 3578
1280 768 3327 1272 776 3631
1536 768 3327 1553 782 3629
1792 768 3327 1826 790 3620
2048 768 3327 2095 801 3605
2303 768 3327 2354 813 3592
2559 768 3327 2612 826 3581
2815 768 3327 2866 840 3570
3071 768 3327 3116 850 3559
3327 768 3327 3357 851 3542
3583 768 3327 3568 813 3500
3839 768 3327 3755 788 3441
4095 768 3327 3928 770 3372
0 1024 3327 562 1090 3456
256 1024 3327 617 1089 3468
512 1024 3327 711 1086 3493
768 1024 3327 863 1081 3536
1024 1024 3327 1065 1069 3598
1280 1024 3327 1291 1056 3653
1536 1024 3327 1564 1054 3658
1792 1024 3327 1836 1054 3655
2048 1024 3327 2107 1054 3647
2303 1024 3327 2372 1054 3640
2559 1024 3327 2635 1055 3629
2815 1024 3327 2894 1060 3614
3071 1024 3327 3146 1065 3597
3327 1024 3327 3388 1061 3573
3583 1024 3327 3599 1024 3525
3839 1024 3327 3777 1015 3455
4095 1024 3327 3932 1024 3371
0 1280 3327 661 1366 3478
256 1280 3327 706 1365 3488
512 1280 3327 786 1364 3509
768 1280 3327 921 1361 3545
1024 1280 3327 1106 1353 3600
1280 1280 3327 1317 1344 3651
1536 1280 3327 1580 1338 3667
1792 1280 3327 1847 1331 3674
2048 1280 3327 2118 1324 3675
2303 1280 3327 2388 1312 3675
2559 1280 3327 2656 1303 3669
2815 1280 3327 2920 1299 3653
3071 1280 3327 3176 1296 3633
3327 1280 3327 3421 1288 3604
3583 1280 3327 3630 1253 3548
3839 1280 3327 3797 1254 3467
4095 1280 3327 3937 1280 3368
0 1536 3327 737 1635 3487
256 1536 3327 777 1635 3496
512 1536 3327 851 1634 3513
768 1536 3327 976 1633 3543
1024 1536 3327 1150 1629 3589
1280 1536 3327 1350 1624 3635
1536 1536 3327 1598 1618 3660
1792 1536 3327 1859 1612 3670
2048 1536 3327 2127 1605 3670
2303 1536 3327 2396 1595 3670
2559 1536 3327 2665 1584 3668
2815 1536 3327 2934 1573 3663
3071 1536 3327 3201 1557 3654
3327 1536 3327 3453 1540 3631
3583 1536 3327 3647 1520 3555
3839 1536 3327 3807 1521 3465
4095 1536 3327 3944 1536 3366
0 1792 3327 813 1903 3493
256 1792 3327 849 1903 3500
512 1792 3327 918 1903 3513
768 1792 3327 1035 1903 3537
1024 1792 3327 1200 1902 3575
1280 1792 3327 1388 1900 3615
1536 1792 3327 1620 1895 3648
1792 1792 3327 1872 1890 3661
2048 1792 3327 2137 1884 3661
2303 1792 3327 2404 1875 3661
2559 1792 3327 2673 1864 3661
2815 1792 3327 2944 1850 3660
3071 1792 3327 3216 1829 3657
3327 1792 3327 3471 1808 3637
3583 1792 3327 3659 1792 3553
3839 1792 3327 3816 1788 3460
4095 1792 3327 3952 1792 3362
0 2048 3327 888 2169 3495
256 2048 3327 922 2169 3501
512 2048 3327 987 2170 3511
768 2048 3327 1098 2172 3528
1024 2048 3327 1254 2173 3558
1280 2048 3327 1430 2173 3592
1536 2048 3327 1643 2171 3632
1792 2048 3327 1885 2167 3648
2048 2048 3327 2147 2162 3648
2303 2048 3327 2412 2153 3649
2559 2048 3327 2679 2143 3649
2815 2048 3327 2950 2130 3650
3071 2048 3327 3223 2110 3648
3327 2048 3327 3480 2088 3629
3583 2048 3327 3668 2067 3544
3839 2048 3327 3825 2054 3453
4095 2048 3327 3962 2048 3358
0 2303 3327 965 2432 3494
256 2303 3327 999 2433 3498
512 2303 3327 1064 2434 3505
768 2303 3327 1174 2436 3516
1024 2303 3327 1325 2438 3536
1280 2303 3327 1494 2440 3561
1536 2303 3327 1692 2441 3594
1792 2303 3327 1917 2439 3615
2048 2303 3327 2159 2435 3628
2303 2303 3327 2421 2428 3628
2559 2303 3327 2685 2419 3627
2815 2303 3327 2953 2408 3627
3071 2303 3327 3226 2390 3625
3327 2303 3327 3484 2369 3608
3583 2303 3327 3676 2340 3529
3839 2303 3327 3835 2319 3443
4095 2303 3327 3973 2303 3353
0 2559 3327 1044 2695 3493
256 2559 3327 1077 2696 3495
512 2559 3327 1140 2698 3499
768 2559 3327 1248 2700 3505
1024 2559 3327 1395 2703 3518
1280 2559 3327 1557 2706 3535
1536 2559 3327 1741 2709 3560
1792 2559 3327 1948 2709 3583
2048 2559 3327 2171 2708 3604
2303 2559 3327 2427 2702 3606
2559 2559 3327 2688 2695 3606
2815 2559 3327 2955 2685 3603
3071 2559 3327 3226 2670 3599
3327 2559 3327 3484 2651 3581
3583 2559 3327 3681 2615 3510
3839 2559 3327 3845 2585 3431
4095 2559 3327 3986 2559 3348
0 2815 3327 1125 2958 3489
256 2815 3327 1156 2959 3491
512 2815 3327 1216 2960 3493
768 2815 3327 1319 2962 3497
1024 2815 3327 1463 2965 3505
1280 2815 3327 1620 2968 3515
1536 2815 3327 1787 2972 3535
1792 2815 3327 1977 2975 3555
2048 2815 3327 2182 2977 3575
2303 2815 3327 2429 2973 3583
2559 2815 3327 2685 2967 3585
2815 2815 3327 2954 2958 3578
3071 2815 3327 3222 2948 3566
3327 2815 3327 3478 2931 3544
3583 2815 3327 3684 2889 3485
3839 2815 3327 3854 2851 3417
4095 2815 3327 4000 2815 3342
0 3071 3327 1207 3219 3484
256 3071 3327 1235 3220 3485
512 3071 3327 1289 3221 3487
768 3071 3327 1382 3223 3490
1024 3071 3327 1515 3226 3495
1280 3071 3327 1664 3229 3501
1536 3071 3327 1831 3233 3513
1792 3071 3327 2013 3237 3527
2048 3071 3327 2206 3241 3540
2303 3071 3327 2437 3240 3546
2559 3071 3327 2692 3235 3545
2815 3071 3327 2980 3222 3532
3071 3071 3327 3235 3216 3525
3327 3071 3327 3475 3204 3510
3583 3071 3327 3686 3161 3460
3839 3071 3327 3856 3124 3407
4095 3071 3327 3998 3090 3352
0 3327 3327 1281 3471 3469
256 3327 3327 1305 3472 3470
512 3327 3327 1352 3473 3471
768 3327 3327 1435 3475 3473
1024 3327 3327 1557 3478 3476
1280 3327 3327 1696 3481 3480
1536 3327 3327 1863 3485 3484
1792 3327 3327 2040 3490 3490
2048 3327 3327 2224 3495 3496
2303 3327 3327 2442 3498 3498
2559 3327 3327 2692 3494 3493
2815 3327 3327 2990 3478 3476
3071 3327 3327 3239 3474 3477
3327 3327 3327 3472 3465 3475
3583 3327 3327 3687 3427 3437
3839 3327 3327 3858 3393 3399
4095 3327 3327 4001 3362 3360
0 3583 3327 1318 3687 3419
256 3583 3327 1340 3688 3419
512 3583 3327 1383 3689 3420
768 3583 3327 1459 3691 3421
1024 3583 3327 1571 3694 3422
1280 3583 3327 1699 3698 3423
1536 3583 3327 1852 3703 3423
1792 3583 3327 2022 3709 3423
2048 3583 3327 2204 3714 3422
2303 3583 3327 2421 3718 3419
2559 3583 3327 2653 3718 3412
2815 3583 3327 2908 3714 3399
3071 3583 3327 3190 3699 3416
3327 3583 3327 3466 3683 3434
3583 3583 3327 3685 3673 3425
3839 3583 3327 3872 3643 3393
4095 3583 3327 4037 3599 3345
0 3839 3327 1351 3888 3358
256 3839 3327 1372 3889 3358
512 3839 3327 1416 3891 3359
768 3839 3327 1491 3893 3360
1024 3839 3327 1603 3897 3361
1280 3839 3327 1732 3901 3362
1536 3839 3327 1887 3904 3361
1792 3839 3327 2060 3908 3360
2048 3839 3327 2244 3912 3357
2303 3839 3327 2457 3914 3354
2559 3839 3327 2677 3915 3349
2815 3839 3327 2908 3915 3343
3071 3839 3327 3176 3903 3358
3327 3839 3327 3443 3891 3376
3583 3839 3327 3669 3892 3384
3839 3839 3327 3875 3874 3368
4095 3839 3327 4067 3843 3335
0 4095 3327 1381 4079 3289
256 4095 3327 1404 4081 3290
512 4095 3327 1450 4083 3292
768 4095 3327 1528 4087 3294
1024 4095 3327 1647 4092 3297
1280 4095 3327 1785 4095 3299
1536 4095 3327 1952 4095 3299
1792 4095 3327 2134 4095 3299
2048 4095 3327 2325 4095 3299
2303 4095 3327 2531 4095 3299
2559 4095 3327 2743 4095 3299
2815 4095 3327 2963 4094 3300
3071 4095 3327 3185 4094 3301
3327 4095 3327 3410 4094 3304
3583 4095 3327 3644 4092 3322
3839 4095 3327 3870 4091 3329
4095 4095 3327 4092 4091 3330
0 0 3583 442 263 3631
256 0 3583 507 248 3638
512 0 3583 620 222 3649
768 0 3583 804 179 3665
1024 0 3583 1040 209 3676
1280 0 3583 1290 255 3688
1536 0 3583 1543 291 3700
1792 0 3583 1793 321 3709
2048 0 3583 2043 347 3716
2303 0 3583 2291 370 3720
2559 0 3583 2541 392 3724
2815 0 3583 2790 414 3727
3071 0 3583 3038 433 3729
3327 0 3583 3283 446 3727
3583 0 3583 3517 434 3716
3839 0 3583 3723 373 3677
4095 0 3583 3910 278 3622
0 256 3583 362 377 3652
256 256 3583 445 367 3663
512 256 3583 576 351 3678
768 256 3583 779 328 3699
1024 256 3583 1027 345 3713
1280 256 3583 1285 372 3724
1536 256 3583 1541 397 3730
1792 256 3583 1795 418 3733
2048 256 3583 2047 437 3736
2303 256 3583 2296 455 3737
2559 256 3583 2546 474 3738
2815 256 3583 2795 491 3739
3071 256 3583 3044 507 3738
3327 256 3583 3289 518 3735
3583 256 3583 3523 508 3722
3839 256 3583 3730 451 3684
4095 256 3583 3918 363 3629
0 512 3583 358 551 3672
256 512 3583 443 545 3686
512 512 3583 575 537 3705
768 512 3583 776 526 3733
1024 512 3583 1022 530 3754
1280 512 3583 1280 540 3769
1536 512 3583 1539 552 3771
1792 512 3583 1797 563 3771
2048 512 3583 2052 575 3770
2303 512 3583 2304 587 3767
2559 512 3583 2556 599 3764
2815 512 3583 2806 612 3761
3071 512 3583 3055 625 3757
3327 512 3583 3301 633 3750
3583 512 3583 3535 624 3735
3839 512 3583 3740 581 3692
4095 512 3583 3925 516 3632
0 768 3583 468 815 3691
256 768 3583 533 812 3703
512 768 3583 638 807 3726
768 768 3583 805 796 3767
1024 768 3583 1029 788 3802
1280 768 3583 1273 781 3829
1536 768 3583 1537 782 3829
1792 768 3583 1799 783 3827
2048 768 3583 2060 784 3824
2303 768 3583 2316 786 3817
2559 768 3583 2572 790 3809
2815 768 3583 2825 798 3799
3071 768 3583 3075 806 3788
3327 768 3583 3321 811 3776
3583 768 3583 3556 803 3756
3839 768 3583 3754 788 3705
4095 768 3583 3928 768 3632
0 1024 3583 552 1080 3703
256 1024 3583 605 1079 3714
512 1024 3583 697 1075 3736
768 1024 3583 846 1068 3775
1024 1024 3583 1054 1059 3812
1280 1024 3583 1286 1051 3841
1536 1024 3583 1547 1048 3844
1792 1024 3583 1808 1045 3844
2048 1024 3583 2069 1042 3842
2303 1024 3583 2327 1039 3838
2559 1024 3583 2585 1036 3833
2815 1024 3583 2841 1036 3824
3071 1024 3583 3095 1035 3815
3327 1024 3583 3345 1031 3804
3583 1024 3583 3583 1016 3784
3839 1024 3583 3774 1015 3721
4095 1024 3583 3932 1024 3631
0 1280 3583 627 1345 3713
256 1280 3583 673 1344 3722
512 1280 3583 755 1342 3742
768 1280 3583 891 1338 3775
1024 1280 3583 1086 1332 3811
1280 1280 3583 1305 1326 3841
1536 1280 3583 1561 1323 3846
1792 1280 3583 1819 1318 3848
2048 1280 3583 2078 1314 3849
2303 1280 3583 2338 1306 3849
2559 1280 3583 2597 1299 3847
2815 1280 3583 2856 1291 3843
3071 1280 3583 3114 1282 3837
3327 1280 3583 3368 1270 3828
3583 1280 3583 3609 1247 3807
3839 1280 3583 3793 1254 3735
4095 1280 3583 3937 1280 3629
0 1536 3583 698 1608 3716
256 1536 3583 738 1608 3724
512 1536 3583 814 1607 3741
768 1536 3583 940 1605 3770
1024 1536 3583 1122 1601 3804
1280 1536 3583 1329 1597 3835
1536 1536 3583 1578 1594 3842
1792 1536 3583 1832 1590 3845
2048 1536 3583 2089 1586 3845
2303 1536 3583 2347 1579 3845
2559 1536 3583 2606 1572 3844
2815 1536 3583 2866 1563 3843
3071 1536 3583 3126 1551 3841
3327 1536 3583 3382 1537 3834
3583 1536 3583 3621 1518 3809
3839 1536 3583 3802 1520 3734
4095 1536 3583 3944 1536 3626
0 1792 3583 769 1871 3717
256 1792 3583 807 1871 3724
512 1792 3583 876 1871 3738
768 1792 3583 995 1870 3761
1024 1792 3583 1164 1868 3795
1280 1792 3583 1357 1866 3825
1536 1792 3583 1598 1863 3835
1792 1792 3583 1847 1860 3839
2048 1792 3583 2101 1856 3839
2303 1792 3583 2357 1850 3839
2559 1792 3583 2615 1843 3839
2815 1792 3583 2875 1834 3839
3071 1792 3583 3136 1821 3839
3327 1792 3583 3394 1807 3833
3583 1792 3583 3632 1790 3807
3839 1792 3583 3812 1786 3732
4095 1792 3583 3952 1792 3623
0 2048 3583 843 2133 3717
256 2048 3583 877 2133 3722
512 2048 3583 942 2133 3733
768 2048 3583 1054 2134 3752
1024 2048 3583 1209 2134 3783
1280 2048 3583 1388 2134 3813
1536 2048 3583 1619 2132 3826
1792 2048 3583 1862 2129 3831
2048 2048 3583 2114 2125 3831
2303 2048 3583 2368 2120 3832
2559 2048 3583 2624 2113 3832
2815 2048 3583 2883 2105 3833
3071 2048 3583 3145 2093 3832
3327 2048 3583 3403 2079 3827
3583 2048 3583 3642 2063 3802
3839 2048 3583 3822 2053 3727
4095 2048 3583 3962 2048 3619
0 2303 3583 919 2392 3714
256 2303 3583 952 2393 3719
512 2303 3583 1015 2394 3727
768 2303 3583 1123 2396 3740
1024 2303 3583 1271 2397 3765
1280 2303 3583 1441 2398 3789
1536 2303 3583 1654 2397 3806
1792 2303 3583 1886 2395 3815
2048 2303 3583 2129 2393 3819
2303 2303 3583 2381 2388 3819
2559 2303 3583 2635 2382 3819
2815 2303 3583 2892 2374 3820
3071 2303 3583 3153 2363 3820
3327 2303 3583 3411 2350 3815
3583 2303 3583 3652 2331 3792
3839 2303 3583 3832 2316 3720
4095 2303 3583 3973 2303 3615
0 2559 3583 997 2653 3711
256 2559 3583 1028 2654 3714
512 2559 3583 1089 2655 3720
768 2559 3583 1193 2657 3729
1024 2559 3583 1336 2660 3747
1280 2559 3583 1497 2662 3766
1536 2559 3583 1693 2663 3786
1792 2559 3583 1912 2662 3798
2048 2559 3583 2148 2660 3803
2303 2559 3583 2396 2656 3804
2559 2559 3583 2647 2651 3804
2815 2559 3583 2902 2645 3804
3071 2559 3583 3161 2635 3803
3327 2559 3583 3418 2623 3798
3583 2559 3583 3660 2602 3778
3839 2559 3583 3843 2581 3710
4095 2559 3583 3986 2559 3610
0 2815 3583 1076 2913 3707
256 2815 3583 1107 2914 3709
512 2815 3583 1165 2915 3713
768 2815 3583 1266 2917 3719
1024 2815 3583 1405 2920 3730
1280 2815 3583 1559 2923 3745
1536 2815 3583 1736 2926 3766
1792 2815 3583 1944 2928 3776
2048 2815 3583 2174 2928 3780
2303 2815 3583 2414 2925 3783
2559 2815 3583 2660 2921 3784
2815 2815 3583 2913 2915 3783
3071 2815 3583 3168 2908 3780
3327 2815 3583 3422 2897 3774
3583 2815 3583 3667 2875 3759
3839 2815 3583 3853 2847 3697
4095 2815 3583 4000 2815 3604
0 3071 3583 1158 3173 3702
256 3071 3583 1186 3173 3703
512 3071 3583 1240 3175 3706
768 3071 3583 1334 3177 3710
1024 3071 3583 1466 3179 3718
1280 3071 3583 1614 3183 3728
1536 3071 3583 1786 3186 3743
1792 3071 3583 1979 3189 3754
2048 3071 3583 2185 3192 3763
2303 3071 3583 2419 3190 3766
2559 3071 3583 2664 3186 3766
2815 3071 3583 2922 3179 3763
3071 3071 3583 3175 3173 3760
3327 3071 3583 3426 3164 3756
3583 3071 3583 3674 3143 3741
3839 3071 3583 3861 3115 3685
4095 3071 3583 4006 3083 3602
0 3327 3583 1238 3429 3693
256 3327 3583 1263 3430 3694
512 3327 3583 1312 3431 3696
768 3327 3583 1398 3433 3699
1024 3327 3583 1522 3436 3704
1280 3327 3583 1663 3439 3710
1536 3327 3583 1831 3443 3718
1792 3327 3583 2010 3447 3729
2048 3327 3583 2194 3451 3742
2303 3327 3583 2421 3451 3745
2559 3327 3583 2661 3448 3744
2815 3327 3583 2922 3441 3739
3071 3327 3583 3179 3435 3737
3327 3327 3583 3434 3426 3733
3583 3327 3583 3681 3407 3720
3839 3327 3583 3868 3381 3673
4095 3327 3583 4014 3350 3601
0 3583 3583 1307 3675 3673
256 3583 3583 1330 3676 3674
512 3583 3583 1374 3677 3675
768 3583 3583 1452 3678 3677
1024 3583 3583 1566 3681 3680
1280 3583 3583 1696 3684 3684
1536 3583 3583 1850 3689 3688
1792 3583 3583 2024 3694 3694
2048 3583 3583 2210 3698 3699
2303 3583 3583 2421 3701 3701
2559 3583 3583 2644 3702 3701
2815 3583 3583 2884 3701 3697
3071 3583 3583 3171 3686 3692
3327 3583 3583 3456 3672 3688
3583 3583 3583 3684 3668 3686
3839 3583 3583 3873 3642 3654
4095 3583 3583 4036 3601 3600
0 3839 3583 1350 3891 3626
256 3839 3583 1372 3892 3627
512 3839 3583 1416 3893 3628
768 3839 3583 1493 3895 3629
1024 3839 3583 1607 3897 3631
1280 3839 3583 1738 3900 3633
1536 3839 3583 1893 3903 3635
1792 3839 3583 2069 3906 3637
2048 3839 3583 2258 3909 3638
2303 3839 3583 2463 3911 3639
2559 3839 3583 2679 3912 3640
2815 3839 3583 2913 3912 3640
3071 3839 3583 3182 3901 3637
3327 3839 3583 3449 3891 3635
3583 3839 3583 3671 3892 3638
3839 3839 3583 3874 3876 3623
4095 3839 3583 4062 3848 3594
0 4095 3583 1374 4089 3561
256 4095 3583 1398 4090 3562
512 4095 3583 1445 4091 3562
768 4095 3583 1525 4093 3564
1024 4095 3583 1646 4094 3565
1280 4095 3583 1784 4095 3565
1536 4095 3583 1952 4095 3565
1792 4095 3583 2134 4095 3565
2048 4095 3583 2326 4095 3565
2303 4095 3583 2531 4095 3565
2559 4095 3583 2750 4094 3567
2815 4095 3583 2986 4091 3572
3071 4095 3583 3206 4091 3574
3327 4095 3583 3424 4091 3576
3583 4095 3583 3648 4092 3582
3839 4095 3583 3870 4092 3584
4095 4095 3583 4092 4092 3585
0 0 3839 475 283 3873
256 0 3839 538 273 3878
512 0 3839 643 250 3886
768 0 3839 809 209 3898
1024 0 3839 1038 226 3904
1280 0 3839 1281 249 3908
1536 0 3839 1519 234 3912
1792 0 3839 1763 252 3915
2048 0 3839 2010 290 3917
2303 0 3839 2254 302 3919
2559 0 3839 2499 318 3920
2815 0 3839 2746 339 3922
3071 0 3839 2991 351 3922
3327 0 3839 3235 361 3923
3583 0 3839 3478 373 3921
3839 0 3839 3699 348 3899
4095 0 3839 3907 297 3865
0 256 3839 414 390 3888
256 256 3839 479 380 3896
512 256 3839 595 366 3905
768 256 3839 787 345 3919
1024 256 3839 1023 352 3925
1280 256 3839 1270 363 3929
1536 256 3839 1516 362 3929
1792 256 3839 1763 373 3930
2048 256 3839 2011 392 3930
2303 256 3839 2256 403 3930
2559 256 3839 2503 414 3929
2815 256 3839 2750 425 3929
3071 256 3839 2996 436 3929
3327 256 3839 3241 445 3928
3583 256 3839 3484 455 3925
3839 256 3839 3705 432 3903
4095 256 3839 3913 389 3869
0 512 3839 401 555 3901
256 512 3839 464 547 3909
512 512 3839 581 538 3921
768 512 3839 780 529 3938
1024 512 3839 1016 528 3946
1280 512 3839 1263 530 3951
1536 512 3839 1514 535 3951
1792 512 3839 1764 540 3950
2048 512 3839 2013 544 3950
2303 512 3839 2261 552 3948
2559 512 3839 2509 558 3946
2815 512 3839 2757 563 3943
3071 512 3839 3004 571 3940
3327 512 3839 3250 579 3937
3583 512 3839 3494 585 3933
3839 512 3839 3714 570 3909
4095 512 3839 3917 540 3871
0 768 3839 460 806 3908
256 768 3839 516 801 3915
512 768 3839 619 795 3929
768 768 3839 795 786 3953
1024 768 3839 1021 781 3968
1280 768 3839 1262 778 3978
1536 768 3839 1514 777 3979
1792 768 3839 1766 775 3980
2048 768 3839 2018 773 3980
2303 768 3839 2269 773 3977
2559 768 3839 2520 773 3973
2815 768 3839 2769 776 3967
3071 768 3839 3017 781 3960
3327 768 3839 3264 785 3954
3583 768 3839 3508 788 3948
3839 768 3839 3724 787 3917
4095 768 3839 3921 782 3871
0 1024 3839 518 1061 3912
256 1024 3839 568 1058 3919
512 1024 3839 663 1054 3932
768 1024 3839 826 1048 3955
1024 1024 3839 1042 1043 3971
1280 1024 3839 1275 1039 3984
1536 1024 3839 1525 1038 3985
1792 1024 3839 1776 1035 3985
2048 1024 3839 2027 1032 3986
2303 1024 3839 2277 1030 3984
2559 1024 3839 2528 1027 3982
2815 1024 3839 2779 1025 3978
3071 1024 3839 3030 1023 3975
3327 1024 3839 3279 1021 3971
3583 1024 3839 3527 1017 3965
3839 1024 3839 3739 1021 3928
4095 1024 3839 3928 1030 3870
0 1280 3839 577 1318 3915
256 1280 3839 622 1316 3921
512 1280 3839 710 1314 3932
768 1280 3839 863 1311 3953
1024 1280 3839 1069 1307 3970
1280 1280 3839 1293 1304 3984
1536 1280 3839 1540 1303 3984
1792 1280 3839 1788 1301 3984
2048 1280 3839 2037 1298 3985
2303 1280 3839 2286 1295 3985
2559 1280 3839 2537 1291 3985
2815 1280 3839 2789 1285 3985
3071 1280 3839 3041 1278 3985
3327 1280 3839 3294 1269 3984
3583 1280 3839 3544 1258 3980
3839 1280 3839 3754 1264 3937
4095 1280 3839 3935 1281 3869
0 1536 3839 644 1576 3915
256 1536 3839 685 1575 3921
512 1536 3839 766 1574 3931
768 1536 3839 909 1572 3948
1024 1536 3839 1102 1570 3967
1280 1536 3839 1316 1567 3982
1536 1536 3839 1558 1566 3982
1792 1536 3839 1803 1564 3982
2048 1536 3839 2049 1562 3982
2303 1536 3839 2297 1559 3983
2559 1536 3839 2547 1555 3983
2815 1536 3839 2797 1550 3983
3071 1536 3839 3049 1544 3983
3327 1536 3839 3302 1536 3983
3583 1536 3839 3553 1524 3980
3839 1536 3839 3761 1527 3937
4095 1536 3839 3939 1538 3867
0 1792 3839 714 1834 3915
256 1792 3839 751 1833 3919
512 1792 3839 826 1833 3928
768 1792 3839 960 1833 3943
1024 1792 3839 1141 1831 3962
1280 1792 3839 1342 1830 3979
1536 1792 3839 1580 1829 3979
1792 1792 3839 1821 1827 3979
2048 1792 3839 2064 1825 3979
2303 1792 3839 2310 1822 3980
2559 1792 3839 2558 1819 3980
2815 1792 3839 2808 1814 3980
3071 1792 3839 3059 1808 3980
3327 1792 3839 3311 1801 3980
3583 1792 3839 3563 1790 3979
3839 1792 3839 3770 1789 3936
4095 1792 3839 3947 1794 3865
0 2048 3839 785 2091 3914
256 2048 3839 818 2092 3918
512 2048 3839 889 2092 3925
768 2048 3839 1015 2093 3936
1024 2048 3839 1183 2092 3957
1280 2048 3839 1372 2092 3974
1536 2048 3839 1603 2091 3975
1792 2048 3839 1840 2089 3976
2048 2048 3839 2081 2087 3976
2303 2048 3839 2325 2085 3976
2559 2048 3839 2571 2081 3976
2815 2048 3839 2819 2077 3977
3071 2048 3839 3070 2072 3977
3327 2048 3839 3321 2065 3977
3583 2048 3839 3574 2056 3976
3839 2048 3839 3781 2051 3934
4095 2048 3839 3957 2048 3863
0 2303 3839 862 2348 3912
256 2303 3839 895 2349 3915
512 2303 3839 961 2350 3920
768 2303 3839 1079 2351 3929
1024 2303 3839 1238 2351 3945
1280 2303 3839 1417 2352 3961
1536 2303 3839 1634 2351 3968
1792 2303 3839 1864 2350 3970
2048 2303 3839 2101 2348 3970
2303 2303 3839 2342 2346 3971
2559 2303 3839 2586 2343 3971
2815 2303 3839 2833 2339 3971
3071 2303 3839 3082 2334 3972
3327 2303 3839 3333 2328 3972
3583 2303 3839 3585 2318 3971
3839 2303 3839 3793 2310 3930
4095 2303 3839 3969 2303 3860
0 2559 3839 941 2605 3910
256 2559 3839 973 2607 3912
512 2559 3839 1035 2608 3916
768 2559 3839 1145 2609 3922
1024 2559 3839 1297 2611 3934
1280 2559 3839 1467 2612 3947
1536 2559 3839 1670 2612 3959
1792 2559 3839 1891 2612 3963
2048 2559 3839 2125 2611 3962
2303 2559 3839 2363 2608 3962
2559 2559 3839 2604 2606 3963
2815 2559 3839 2848 2603 3963
3071 2559 3839 3096 2598 3964
3327 2559 3839 3345 2592 3964
3583 2559 3839 3597 2583 3964
3839 2559 3839 3805 2571 3924
4095 2559 3839 3983 2558 3857
0 2815 3839 1023 2862 3907
256 2815 3839 1052 2864 3909
512 2815 3839 1112 2866 3911
768 2815 3839 1215 2868 3915
1024 2815 3839 1361 2870 3924
1280 2815 3839 1523 2871 3934
1536 2815 3839 1711 2873 3947
1792 2815 3839 1925 2874 3951
2048 2815 3839 2156 2873 3949
2303 2815 3839 2389 2871 3950
2559 2815 3839 2626 2869 3950
2815 2815 3839 2866 2867 3951
3071 2815 3839 3110 2863 3951
3327 2815 3839 3357 2858 3952
3583 2815 3839 3608 2849 3953
3839 2815 3839 3817 2834 3916
4095 2815 3839 3997 2814 3854
0 3071 3839 1107 3119 3903
256 3071 3839 1133 3120 3905
512 3071 3839 1188 3123 3907
768 3071 3839 1285 3125 3910
1024 3071 3839 1424 3127 3915
1280 3071 3839 1579 3129 3922
1536 3071 3839 1761 3131 3932
1792 3071 3839 1961 3133 3939
2048 3071 3839 2172 3134 3943
2303 3071 3839 2408 3134 3944
2559 3071 3839 2646 3132 3944
2815 3071 3839 2883 3130 3944
3071 3071 3839 3126 3126 3944
3327 3071 3839 3372 3122 3944
3583 3071 3839 3623 3114 3944
3839 3071 3839 3830 3098 3909
4095 3071 3839 4009 3075 3850
0 3327 3839 1190 3375 3899
256 3327 3839 1215 3377 3900
512 3327 3839 1265 3379 3902
768 3327 3839 1354 3382 3904
1024 3327 3839 1485 3384 3908
1280 3327 3839 1634 3386 3912
1536 3327 3839 1810 3389 3918
1792 3327 3839 1996 3391 3926
2048 3327 3839 2189 3394 3936
2303 3327 3839 2426 3395 3936
2559 3327 3839 2663 3395 3937
2815 3327 3839 2897 3393 3937
3071 3327 3839 3142 3388 3935
3327 3327 3839 3390 3383 3933
3583 3327 3839 3637 3378 3932
3839 3327 3839 3843 3361 3899
4095 3327 3839 4022 3338 3847
0 3583 3839 1274 3630 3891
256 3583 3839 1296 3632 3893
512 3583 3839 1342 3635 3896
768 3583 3839 1422 3639 3898
1024 3583 3839 1545 3641 3900
1280 3583 3839 1684 3643 3903
1536 3583 3839 1848 3646 3907
1792 3583 3839 2030 3648 3912
2048 3583 3839 2223 3651 3917
2303 3583 3839 2446 3653 3918
2559 3583 3839 2671 3655 3919
2815 3583 3839 2897 3655 3919
3071 3583 3839 3159 3647 3911
3327 3583 3839 3421 3638 3903
3583 3583 3839 3650 3638 3905
3839 3583 3839 3853 3623 3884
4095 3583 3839 4039 3597 3850
0 3839 3839 1335 3863 3861
256 3839 3839 1357 3865 3863
512 3839 3839 1401 3869 3866
768 3839 3839 1478 3873 3870
1024 3839 3839 1597 3875 3872
1280 3839 3839 1734 3876 3873
1536 3839 3839 1897 3878 3875
1792 3839 3839 2077 3880 3877
2048 3839 3839 2270 3881 3879
2303 3839 3839 2483 3883 3880
2559 3839 3839 2704 3884 3881
2815 3839 3839 2934 3883 3882
3071 3839 3839 3184 3877 3877
3327 3839 3839 3432 3872 3871
3583 3839 3839 3653 3873 3873
3839 3839 3839 3862 3864 3863
4095 3839 3839 4064 3848 3847
0 4095 3839 1381 4081 3817
256 4095 3839 1404 4083 3819
512 4095 3839 1448 4087 3822
768 4095 3839 1525 4093 3828
1024 4095 3839 1646 4094 3829
1280 4095 3839 1785 4094 3829
1536 4095 3839 1953 4094 3829
1792 4095 3839 2134 4093 3829
2048 4095 3839 2326 4093 3829
2303 4095 3839 2531 4094 3829
2559 4095 3839 2753 4093 3831
2815 4095 3839 2996 4089 3833
3071 4095 3839 3216 4089 3835
3327 4095 3839 3431 4090 3836
3583 4095 3839 3650 4091 3838
3839 4095 3839 3871 4092 3839
4095 4095 3839 4093 4093 3840
0 0 4095 470 279 4095
256 0 4095 536 272 4095
512 0 4095 635 240 4095
768 0 4095 784 171 4095
1024 0 4095 1012 193 4095
1280 0 4095 1255 214 4095
1536 0 4095 1482 139 4095
1792 0 4095 1721 150 4095
2048 0 4095 1969 219 4095
2303 0 4095 2209 221 4095
2559 0 4095 2451 232 4095
2815 0 4095 2697 259 4095
3071 0 4095 2937 260 4095
3327 0 4095 3177 260 4095
3583 0 4095 3418 282 4095
3839 0 4095 3659 305 4095
4095 0 4095 3899 329 4095
0 256 4095 416 387 4095
256 256 4095 468 374 4095
512 256 4095 575 353 4095
768 256 4095 763 321 4095
1024 256 4095 996 328 4095
1280 256 4095 1240 336 4095
1536 256 4095 1478 308 4095
1792 256 4095 1721 313 4095
2048 256 4095 1966 338 4095
2303 256 4095 2209 343 4095
2559 256 4095 2453 348 4095
2815 256 4095 2698 354 4095
3071 256 4095 2941 356 4095
3327 256 4095 3183 360 4095
3583 256 4095 3425 376 4095
3839 256 4095 3664 402 4095
4095 256 4095 3900 437 4095
0 512 4095 396 549 4095
256 512 4095 440 534 4095
512 512 4095 550 521 4095
768 512 4095 758 514 4095
1024 512 4095 993 512 4095
1280 512 4095 1235 512 4095
1536 512 4095 1479 512 4095
1792 512 4095 1723 512 4095
2048 512 4095 1967 512 4095
2303 512 4095 2211 517 4095
2559 512 4095 2455 518 4095
2815 512 4095 2700 513 4095
3071 512 4095 2945 515 4095
3327 512 4095 3189 520 4095
3583 512 4095 3432 529 4095
3839 512 4095 3670 553 4095
4095 512 4095 3904 589 4095
0 768 4095 427 789 4095
256 768 4095 473 781 4095
512 768 4095 579 774 4095
768 768 4095 776 769 4095
1024 768 4095 1006 768 4095
1280 768 4095 1245 768 4095
1536 768 4095 1487 768 4095
1792 768 4095 1729 768 4095
2048 768 4095 1973 768 4095
2303 768 4095 2216 769 4095
2559 768 4095 2460 769 4095
2815 768 4095 2704 768 4095
3071 768 4095 2949 769 4095
3327 768 4095 3193 769 4095
3583 768 4095 3438 771 4095
3839 768 4095 3676 785 4095
4095 768 4095 3909 807 4095
0 1024 4095 467 1036 4095
256 1024 4095 513 1031 4095
512 1024 4095 616 1027 4095
768 1024 4095 805 1025 4095
1024 1024 4095 1028 1024 4095
1280 1024 4095 1261 1024 4095
1536 1024 4095 1500 1024 4095
1792 1024 4095 1741 1024 4095
2048 1024 4095 1982 1024 4095
2303 1024 4095 2224 1024 4095
2559 1024 4095 2467 1024 4095
2815 1024 4095 2711 1024 4095
3071 1024 4095 2955 1024 4095
3327 1024 4095 3199 1024 4095
3583 1024 4095 3443 1024 4095
3839 1024 4095 3684 1030 4095
4095 1024 4095 3921 1041 4095
0 1280 4095 516 1286 4095
256 1280 4095 559 1284 4095
512 1280 4095 657 1281 4095
768 1280 4095 838 1280 4095
1024 1280 4095 1054 1280 4095
1280 1280 4095 1281 1280 4095
1536 1280 4095 1516 1280 4095
1792 1280 4095 1754 1280 4095
2048 1280 4095 1994 1280 4095
2303 1280 4095 2234 1280 4095
2559 1280 4095 2476 1280 4095
2815 1280 4095 2719 1280 4095
3071 1280 4095 2962 1280 4095
3327 1280 4095 3205 1280 4095
3583 1280 4095 3449 1280 4095
3839 1280 4095 3691 1281 4095
4095 1280 4095 3932 1283 4095
0 1536 4095 582 1539 4095
256 1536 4095 621 1538 4095
512 1536 4095 712 1537 4095
768 1536 4095 881 1536 4095
1024 1536 4095 1088 1536 4095
1280 1536 4095 1307 1536 4095
1536 1536 4095 1538 1536 4095
1792 1536 4095 1772 1536 4095
2048 1536 4095 2009 1536 4095
2303 1536 4095 2248 1536 4095
2559 1536 4095 2488 1536 4095
2815 1536 4095 2729 1536 4095
3071 1536 4095 2972 1536 4095
3327 1536 4095 3214 1536 4095
3583 1536 4095 3457 1536 4095
3839 1536 4095 3696 1538 4095
4095 1536 4095 3931 1541 4095
0 1792 4095 650 1793 4095
256 1792 4095 686 1793 4095
512 1792 4095 770 1792 4095
768 1792 4095 929 1792 4095
1024 1792 4095 1127 1792 4095
1280 1792 4095 1338 1792 4095
1536 1792 4095 1564 1792 4095
1792 1792 4095 1794 1792 4095
2048 1792 4095 2027 1792 4095
2303 1792 4095 2264 1792 4095
2559 1792 4095 2502 1792 4095
2815 1792 4095 2742 1792 4095
3071 1792 4095 2983 1792 4095
3327 1792 4095 3225 1792 4095
3583 1792 4095 3467 1792 4095
3839 1792 4095 3704 1794 4095
4095 1792 4095 3938 1796 4095
0 2048 4095 719 2047 4095
256 2048 4095 751 2048 4095
512 2048 4095 830 2048 4095
768 2048 4095 980 2048 4095
1024 2048 4095 1169 2048 4095
1280 2048 4095 1372 2048 4095
1536 2048 4095 1592 2048 4095
1792 2048 4095 1818 2048 4095
2048 2048 4095 2048 2048 4095
2303 2048 4095 2282 2048 4095
2559 2048 4095 2518 2048 4095
2815 2048 4095 2757 2048 4095
3071 2048 4095 2996 2048 4095
3327 2048 4095 3236 2048 4095
3583 2048 4095 3478 2048 4095
3839 2048 4095 3715 2048 4095
4095 2048 4095 3948 2049 4095
0 2303 4095 798 2300 4095
256 2303 4095 831 2301 4095
512 2303 4095 905 2302 4095
768 2303 4095 1040 2303 4095
1024 2303 4095 1219 2303 4095
1280 2303 4095 1413 2303 4095
1536 2303 4095 1627 2303 4095
1792 2303 4095 1848 2303 4095
2048 2303 4095 2073 2303 4095
2303 2303 4095 2305 2303 4095
2559 2303 4095 2538 2303 4095
2815 2303 4095 2775 2303 4095
3071 2303 4095 3012 2303 4095
3327 2303 4095 3251 2303 4095
3583 2303 4095 3491 2303 4095
3839 2303 4095 3728 2303 4095
4095 2303 4095 3962 2302 4095
0 2559 4095 881 2554 4095
256 2559 4095 913 2556 4095
512 2559 4095 980 2558 4095
768 2559 4095 1102 2559 4095
1024 2559 4095 1271 2559 4095
1280 2559 4095 1456 2559 4095
1536 2559 4095 1664 2559 4095
1792 2559 4095 1879 2559 4095
2048 2559 4095 2101 2559 4095
2303 2559 4095 2329 2559 4095
2559 2559 4095 2560 2559 4095
2815 2559 4095 2794 2559 4095
3071 2559 4095 3030 2559 4095
3327 2559 4095 3267 2559 4095
3583 2559 4095 3506 2559 4095
3839 2559 4095 3742 2558 4095
4095 2559 4095 3977 2557 4095
0 2815 4095 968 2807 4095
256 2815 4095 995 2810 4095
512 2815 4095 1056 2813 4095
768 2815 4095 1167 2815 4095
1024 2815 4095 1326 2815 4095
1280 2815 4095 1503 2815 4095
1536 2815 4095 1704 2815 4095
1792 2815 4095 1914 2815 4095
2048 2815 4095 2131 2815 4095
2303 2815 4095 2356 2815 4095
2559 2815 4095 2584 2815 4095
2815 2815 4095 2816 2815 4095
3071 2815 4095 3050 2815 4095
3327 2815 4095 3285 2815 4095
3583 2815 4095 3523 2815 4095
3839 2815 4095 3758 2814 4095
4095 2815 4095 3992 2812 4095
0 3071 4095 1054 3060 4094
256 3071 4095 1079 3063 4095
512 3071 4095 1134 3067 4095
768 3071 4095 1235 3070 4095
1024 3071 4095 1386 3071 4095
1280 3071 4095 1555 3071 4095
1536 3071 4095 1749 3071 4095
1792 3071 4095 1953 3071 4095
2048 3071 4095 2165 3071 4095
2303 3071 4095 2402 3074 4093
2559 3071 4095 2634 3076 4093
2815 3071 4095 2857 3076 4093
3071 3071 4095 3084 3077 4094
3327 3071 4095 3313 3078 4095
3583 3071 4095 3544 3079 4095
3839 3071 4095 3776 3075 4095
4095 3071 4095 4009 3067 4095
0 3327 4095 1139 3312 4092
256 3327 4095 1162 3316 4094
512 3327 4095 1213 3321 4095
768 3327 4095 1305 3326 4095
1024 3327 4095 1447 3327 4095
1280 3327 4095 1608 3327 4095
1536 3327 4095 1795 3327 4095
1792 3327 4095 1994 3327 4095
2048 3327 4095 2201 3327 4095
2303 3327 4095 2450 3332 4092
2559 3327 4095 2686 3335 4090
2815 3327 4095 2901 3336 4091
3071 3327 4095 3120 3338 4093
3327 3327 4095 3342 3339 4094
3583 3327 4095 3567 3341 4095
3839 3327 4095 3795 3336 4095
4095 3327 4095 4027 3325 4095
0 3583 4095 1224 3564 4084
256 3583 4095 1245 3569 4089
512 3583 4095 1292 3574 4093
768 3583 4095 1377 3582 4095
1024 3583 4095 1511 3583 4095
1280 3583 4095 1665 3583 4095
1536 3583 4095 1845 3583 4095
1792 3583 4095 2039 3583 4095
2048 3583 4095 2241 3583 4095
2303 3583 4095 2488 3585 4091
2559 3583 4095 2722 3586 4090
2815 3583 4095 2934 3587 4091
3071 3583 4095 3151 3588 4092
3327 3583 4095 3370 3590 4094
3583 3583 4095 3593 3591 4095
3839 3583 4095 3818 3591 4095
4095 3583 4095 4045 3589 4095
0 3839 4095 1310 3813 4073
256 3839 4095 1331 3818 4079
512 3839 4095 1374 3825 4085
768 3839 4095 1452 3836 4092
1024 3839 4095 1578 3838 4094
1280 3839 4095 1724 3838 4094
1536 3839 4095 1899 3838 4094
1792 3839 4095 2086 3837 4093
2048 3839 4095 2282 3837 4093
2303 3839 4095 2514 3838 4092
2559 3839 4095 2743 3839 4090
2815 3839 4095 2966 3837 4089
3071 3839 4095 3183 3838 4090
3327 3839 4095 3400 3840 4092
3583 3839 4095 3621 3841 4093
3839 3839 4095 3844 3843 4094
4095 3839 4095 4069 3845 4095
0 4095 4095 1397 4062 4061
256 4095 4095 1417 4066 4066
512 4095 4095 1457 4075 4074
768 4095 4095 1528 4089 4089
1024 4095 4095 1647 4092 4092
1280 4095 4095 1786 4092 4092
1536 4095 4095 1953 4091 4091
1792 4095 4095 2135 4091 4091
2048 4095 4095 2326 4090 4090
2303 4095 4095 2531 4092 4092
2559 4095 4095 2753 4092 4092
2815 4095 4095 2997 4087 4087
3071 4095 4095 3217 4088 4087
3327 4095 4095 3431 4090 4089
3583 4095 4095 3650 4091 4091
3839 4095 4095 3872 4093 4093
4095 4095 4095 4095 4095 4095
