0 0 0 3890 3890 3890
256 0 0 3010 3890 3890
512 0 0 2638 3890 3890
768 0 0 2348 3890 3890
1024 0 0 2100 3890 3890
1280 0 0 1877 3890 3890
1536 0 0 1672 3890 3890
1792 0 0 1479 3890 3890
2048 0 0 1296 3890 3890
2304 0 0 1121 3890 3890
2560 0 0 952 3890 3890
2816 0 0 787 3890 3890
3072 0 0 625 3890 3890
3328 0 0 467 3890 3890
3584 0 0 310 3890 3890
3840 0 0 154 3890 3890
4095 0 0 0 3890 3890
0 256 0 3890 3010 3890
256 256 0 3010 3010 3890
512 256 0 2638 3010 3890
768 256 0 2348 3010 3890
1024 256 0 2100 3010 3890
1280 256 0 1877 3010 3890
1536 256 0 1672 3010 3890
1792 256 0 1479 3010 3890
2048 256 0 1296 3010 3890
2304 256 0 1121 3010 3890
2560 256 0 952 3010 3890
2816 256 0 787 3010 3890
3072 256 0 625 3010 3890
3328 256 0 467 3010 3890
3584 256 0 310 3010 3890
3840 256 0 154 3010 3890
4095 256 0 0 3010 3890
0 512 0 3890 2638 3890
256 512 0 3010 2638 3890
512 512 0 2638 2638 3890
768 512 0 2348 2638 3890
1024 512 0 2100 2638 3890
1280 512 0 1877 2638 3890
1536 512 0 1672 2638 3890
1792 512 0 1479 2638 3890
2048 512 0 1296 2638 3890
2304 512 0 1121 2638 3890
2560 512 0 952 2638 3890
2816 512 0 787 2638 3890
3072 512 0 625 2638 3890
3328 512 0 467 2638 3890
3584 512 0 310 2638 3890
3840 512 0 154 2638 3890
4095 512 0 0 2638 3890
0 768 0 3890 2348 3890
256 768 0 3010 2348 3890
512 768 0 2638 2348 3890
768 768 0 2348 2348 3890
1024 768 0 2100 2348 3890
1280 768 0 1877 2348 3890
1536 768 0 1672 2348 3890
1792 768 0 1479 2348 3890
2048 768 0 1296 2348 3890
2304 768 0 1121 2348 3890
2560 768 0 952 2348 3890
2816 768 0 787 2348 3890
3072 768 0 625 2348 3890
3328 768 0 467 2348 3890
3584 768 0 310 2348 3890
3840 768 0 154 2348 3890
4095 768 0 0 2348 3890
0 1024 0 3890 2100 3890
256 1024 0 3010 2100 3890
512 1024 0 2638 2100 3890
768 1024 0 2348 2100 3890
1024 1024 0 2100 2100 3890
1280 1024 0 1877 2100 3890
1536 1024 0 1672 2100 3890
1792 1024 0 1479 2100 3890
2048 1024 0 1296 2100 3890
2304 1024 0 1121 2100 3890
2560 1024 0 952 2100 3890
2816 1024 0 787 2100 3890
3072 1024 0 625 2100 3890
3328 1024 0 467 2100 3890
3584 1024 0 310 2100 3890
3840 1024 0 154 2100 3890
4095 1024 0 0 2100 3890
0 1280 0 3890 1877 3890
256 1280 0 3010 1877 3890
512 1280 0 2638 1877 3890
768 1280 0 2348 1877 3890
1024 1280 0 2100 1877 3890
1280 1280 0 1877 1877 3890
1536 1280 0 1672 1877 3890
1792 1280 0 1479 1877 3890
2048 1280 0 1296 1877 3890
2304 1280 0 1121 1877 3890
2560 1280 0 952 1877 3890
2816 1280 0 787 1877 3890
3072 1280 0 625 1877 3890
3328 1280 0 467 1877 3890
3584 1280 0 310 1877 3890
3840 1280 0 154 1877 3890
4095 1280 0 0 1877 3890
0 1536 0 3890 1672 3890
256 1536 0 3010 1672 3890
512 1536 0 2638 1672 3890
768 1536 0 2348 1672 3890
1024 1536 0 2100 1672 3890
1280 1536 0 1877 1672 3890
1536 1536 0 1672 1672 3890
1792 1536 0 1479 1672 3890
2048 1536 0 1296 1672 3890
2304 1536 0 1121 1672 3890
2560 1536 0 952 1672 3890
2816 1536 0 787 1672 3890
3072 1536 0 625 1672 3890
3328 1536 0 467 1672 3890
3584 1536 0 310 1672 3890
3840 1536 0 154 1672 3890
4095 1536 0 0 1672 3890
0 1792 0 3890 1479 3890
256 1792 0 3010 1479 3890
512 1792 0 2638 1479 3890
768 1792 0 2348 1479 3890
1024 1792 0 2100 1479 3890
1280 1792 0 1877 1479 3890
1536 1792 0 1672 1479 3890
1792 1792 0 1479 1479 3890
2048 1792 0 1296 1479 3890
2304 1792 0 1121 1479 3890
2560 1792 0 952 1479 3890
2816 1792 0 787 1479 3890
3072 1792 0 625 1479 3890
3328 1792 0 467 1479 3890
3584 1792 0 310 1479 3890
3840 1792 0 154 1479 3890
4095 1792 0 0 1479 3890
0 2048 0 3890 1296 3890
256 2048 0 3010 1296 3890
512 2048 0 2638 1296 3890
768 2048 0 2348 1296 3890
1024 2048 0 2100 1296 3890
1280 2048 0 1877 1296 3890
1536 2048 0 1672 1296 3890
1792 2048 0 1479 1296 3890
2048 2048 0 1296 1296 3890
2304 2048 0 1121 1296 3890
2560 2048 0 952 1296 3890
2816 2048 0 787 1296 3890
3072 2048 0 625 1296 3890
3328 2048 0 467 1296 3890
3584 2048 0 310 1296 3890
3840 2048 0 154 1296 3890
4095 2048 0 0 1296 3890
0 2304 0 3890 1121 3890
256 2304 0 3010 1121 3890
512 2304 0 2638 1121 3890
768 2304 0 2348 1121 3890
1024 2304 0 2100 1121 3890
1280 2304 0 1877 1121 3890
1536 2304 0 1672 1121 3890
1792 2304 0 1479 1121 3890
2048 2304 0 1296 1121 3890
2304 2304 0 1121 1121 3890
2560 2304 0 952 1121 3890
2816 2304 0 787 1121 3890
3072 2304 0 625 1121 3890
3328 2304 0 467 1121 3890
3584 2304 0 310 1121 3890
3840 2304 0 154 1121 3890
4095 2304 0 0 1121 3890
0 2560 0 3890 952 3890
256 2560 0 3010 952 3890
512 2560 0 2638 952 3890
768 2560 0 2348 952 3890
1024 2560 0 2100 952 3890
1280 2560 0 1877 952 3890
1536 2560 0 1672 952 3890
1792 2560 0 1479 952 3890
2048 2560 0 1296 952 3890
2304 2560 0 1121 952 3890
2560 2560 0 952 952 3890
2816 2560 0 787 952 3890
3072 2560 0 625 952 3890
3328 2560 0 467 952 3890
3584 2560 0 310 952 3890
3840 2560 0 154 952 3890
4095 2560 0 0 952 3890
0 2816 0 3890 787 3890
256 2816 0 3010 787 3890
512 2816 0 2638 787 3890
768 2816 0 2348 787 3890
1024 2816 0 2100 787 3890
1280 2816 0 1877 787 3890
1536 2816 0 1672 787 3890
1792 2816 0 1479 787 3890
2048 2816 0 1296 787 3890
2304 2816 0 1121 787 3890
2560 2816 0 952 787 3890
2816 2816 0 787 787 3890
3072 2816 0 625 787 3890
3328 2816 0 467 787 3890
3584 2816 0 310 787 3890
3840 2816 0 154 787 3890
4095 2816 0 0 787 3890
0 3072 0 3890 625 3890
256 3072 0 3010 625 3890
512 3072 0 2638 625 3890
768 3072 0 2348 625 3890
1024 3072 0 2100 625 3890
1280 3072 0 1877 625 3890
1536 3072 0 1672 625 3890
1792 3072 0 1479 625 3890
2048 3072 0 1296 625 3890
2304 3072 0 1121 625 3890
2560 3072 0 952 625 3890
2816 3072 0 787 625 3890
3072 3072 0 625 625 3890
3328 3072 0 467 625 3890
3584 3072 0 310 625 3890
3840 3072 0 154 625 3890
4095 3072 0 0 625 3890
0 3328 0 3890 467 3890
256 3328 0 3010 467 3890
512 3328 0 2638 467 3890
768 3328 0 2348 467 3890
1024 3328 0 2100 467 3890
1280 3328 0 1877 467 3890
1536 3328 0 1672 467 3890
1792 3328 0 1479 467 3890
2048 3328 0 1296 467 3890
2304 3328 0 1121 467 3890
2560 3328 0 952 467 3890
2816 3328 0 787 467 3890
3072 3328 0 625 467 3890
3328 3328 0 467 467 3890
3584 3328 0 310 467 3890
3840 3328 0 154 467 3890
4095 3328 0 0 467 3890
0 3584 0 3890 310 3890
256 3584 0 3010 310 3890
512 3584 0 2638 310 3890
768 3584 0 2348 310 3890
1024 3584 0 2100 310 3890
1280 3584 0 1877 310 3890
1536 3584 0 1672 310 3890
1792 3584 0 1479 310 3890
2048 3584 0 1296 310 3890
2304 3584 0 1121 310 3890
2560 3584 0 952 310 3890
2816 3584 0 787 310 3890
3072 3584 0 625 310 3890
3328 3584 0 467 310 3890
3584 3584 0 310 310 3890
3840 3584 0 154 310 3890
4095 3584 0 0 310 3890
0 3840 0 3890 154 3890
256 3840 0 3010 154 3890
512 3840 0 2638 154 3890
768 3840 0 2348 154 3890
1024 3840 0 2100 154 3890
1280 3840 0 1877 154 3890
1536 3840 0 1672 154 3890
1792 3840 0 1479 154 3890
2048 3840 0 1296 154 3890
2304 3840 0 1121 154 3890
2560 3840 0 952 154 3890
2816 3840 0 787 154 3890
3072 3840 0 625 154 3890
3328 3840 0 467 154 3890
3584 3840 0 310 154 3890
3840 3840 0 154 154 3890
4095 3840 0 0 154 3890
0 4095 0 3890 0 3890
256 4095 0 3010 0 3890
512 4095 0 2638 0 3890
768 4095 0 2348 0 3890
1024 4095 0 2100 0 3890
1280 4095 0 1877 0 3890
1536 4095 0 1672 0 3890
1792 4095 0 1479 0 3890
2048 4095 0 1296 0 3890
2304 4095 0 1121 0 3890
2560 4095 0 952 0 3890
2816 4095 0 787 0 3890
3072 4095 0 625 0 3890
3328 4095 0 467 0 3890
3584 4095 0 310 0 3890
3840 4095 0 154 0 3890
4095 4095 0 0 0 3890
0 0 256 3890 3890 3010
256 0 256 3010 3890 3010
512 0 256 2638 3890 3010
768 0 256 2348 3890 3010
1024 0 256 2100 3890 3010
1280 0 256 1877 3890 3010
1536 0 256 1672 3890 3010
1792 0 256 1479 3890 3010
2048 0 256 1296 3890 3010
2304 0 256 1121 3890 3010
2560 0 256 952 3890 3010
2816 0 256 787 3890 3010
3072 0 256 625 3890 3010
3328 0 256 467 3890 3010
3584 0 256 310 3890 3010
3840 0 256 154 3890 3010
4095 0 256 0 3890 3010
0 256 256 3890 3010 3010
256 256 256 3010 3010 3010
512 256 256 2638 3010 3010
768 256 256 2348 3010 3010
1024 256 256 2100 3010 3010
1280 256 256 1877 3010 3010
1536 256 256 1672 3010 3010
1792 256 256 1479 3010 3010
2048 256 256 1296 3010 3010
2304 256 256 1121 3010 3010
2560 256 256 952 3010 3010
2816 256 256 787 3010 3010
3072 256 256 625 3010 3010
3328 256 256 467 3010 3010
3584 256 256 310 3010 3010
3840 256 256 154 3010 3010
4095 256 256 0 3010 3010
0 512 256 3890 2638 3010
256 512 256 3010 2638 3010
512 512 256 2638 2638 3010
768 512 256 2348 2638 3010
1024 512 256 2100 2638 3010
1280 512 256 1877 2638 3010
1536 512 256 1672 2638 3010
1792 512 256 1479 2638 3010
2048 512 256 1296 2638 3010
2304 512 256 1121 2638 3010
2560 512 256 952 2638 3010
2816 512 256 787 2638 3010
3072 512 256 625 2638 3010
3328 512 256 467 2638 3010
3584 512 256 310 2638 3010
3840 512 256 154 2638 3010
4095 512 256 0 2638 3010
0 768 256 3890 2348 3010
256 768 256 3010 2348 3010
512 768 256 2638 2348 3010
768 768 256 2348 2348 3010
1024 768 256 2100 2348 3010
1280 768 256 1877 2348 3010
1536 768 256 1672 2348 3010
1792 768 256 1479 2348 3010
2048 768 256 1296 2348 3010
2304 768 256 1121 2348 3010
2560 768 256 952 2348 3010
2816 768 256 787 2348 3010
3072 768 256 625 2348 3010
3328 768 256 467 2348 3010
3584 768 256 310 2348 3010
3840 768 256 154 2348 3010
4095 768 256 0 2348 3010
0 1024 256 3890 2100 3010
256 1024 256 3010 2100 3010
512 1024 256 2638 2100 3010
768 1024 256 2348 2100 3010
1024 1024 256 2100 2100 3010
1280 1024 256 1877 2100 3010
1536 1024 256 1672 2100 3010
1792 1024 256 1479 2100 3010
2048 1024 256 1296 2100 3010
2304 1024 256 1121 2100 3010
2560 1024 256 952 2100 3010
2816 1024 256 787 2100 3010
3072 1024 256 625 2100 3010
3328 1024 256 467 2100 3010
3584 1024 256 310 2100 3010
3840 1024 256 154 2100 3010
4095 1024 256 0 2100 3010
0 1280 256 3890 1877 3010
256 1280 256 3010 1877 3010
512 1280 256 2638 1877 3010
768 1280 256 2348 1877 3010
1024 1280 256 2100 1877 3010
1280 1280 256 1877 1877 3010
1536 1280 256 1672 1877 3010
1792 1280 256 1479 1877 3010
2048 1280 256 1296 1877 3010
2304 1280 256 1121 1877 3010
2560 1280 256 952 1877 3010
2816 1280 256 787 1877 3010
3072 1280 256 625 1877 3010
3328 1280 256 467 1877 3010
3584 1280 256 310 1877 3010
3840 1280 256 154 1877 3010
4095 1280 256 0 1877 3010
0 1536 256 3890 1672 3010
256 1536 256 3010 1672 3010
512 1536 256 2638 1672 3010
768 1536 256 2348 1672 3010
1024 1536 256 2100 1672 3010
1280 1536 256 1877 1672 3010
1536 1536 256 1672 1672 3010
1792 1536 256 1479 1672 3010
2048 1536 256 1296 1672 3010
2304 1536 256 1121 1672 3010
2560 1536 256 952 1672 3010
2816 1536 256 787 1672 3010
3072 1536 256 625 1672 3010
3328 1536 256 467 1672 3010
3584 1536 256 310 1672 3010
3840 1536 256 154 1672 3010
4095 1536 256 0 1672 3010
0 1792 256 3890 1479 3010
256 1792 256 3010 1479 3010
512 1792 256 2638 1479 3010
768 1792 256 2348 1479 3010
1024 1792 256 2100 1479 3010
1280 1792 256 1877 1479 3010
1536 1792 256 1672 1479 3010
1792 1792 256 1479 1479 3010
2048 1792 256 1296 1479 3010
2304 1792 256 1121 1479 3010
2560 1792 256 952 1479 3010
2816 1792 256 787 1479 3010
3072 1792 256 625 1479 3010
3328 1792 256 467 1479 3010
3584 1792 256 310 1479 3010
3840 1792 256 154 1479 3010
4095 1792 256 0 1479 3010
0 2048 256 3890 1296 3010
256 2048 256 3010 1296 3010
512 2048 256 2638 1296 3010
768 2048 256 2348 1296 3010
1024 2048 256 2100 1296 3010
1280 2048 256 1877 1296 3010
1536 2048 256 1672 1296 3010
1792 2048 256 1479 1296 3010
2048 2048 256 1296 1296 3010
2304 2048 256 1121 1296 3010
2560 2048 256 952 1296 3010
2816 2048 256 787 1296 3010
3072 2048 256 625 1296 3010
3328 2048 256 467 1296 3010
3584 2048 256 310 1296 3010
3840 2048 256 154 1296 3010
4095 2048 256 0 1296 3010
0 2304 256 3890 1121 3010
256 2304 256 3010 1121 3010
512 2304 256 2638 1121 3010
768 2304 256 2348 1121 3010
1024 2304 256 2100 1121 3010
1280 2304 256 1877 1121 3010
1536 2304 256 1672 1121 3010
1792 2304 256 1479 1121 3010
2048 2304 256 1296 1121 3010
2304 2304 256 1121 1121 3010
2560 2304 256 952 1121 3010
2816 2304 256 787 1121 3010
3072 2304 256 625 1121 3010
3328 2304 256 467 1121 3010
3584 2304 256 310 1121 3010
3840 2304 256 154 1121 3010
4095 2304 256 0 1121 3010
0 2560 256 3890 952 3010
256 2560 256 3010 952 3010
512 2560 256 2638 952 3010
768 2560 256 2348 952 3010
1024 2560 256 2100 952 3010
1280 2560 256 1877 952 3010
1536 2560 256 1672 952 3010
1792 2560 256 1479 952 3010
2048 2560 256 1296 952 3010
2304 2560 256 1121 952 3010
2560 2560 256 952 952 3010
2816 2560 256 787 952 3010
3072 2560 256 625 952 3010
3328 2560 256 467 952 3010
3584 2560 256 310 952 3010
3840 2560 256 154 952 3010
4095 2560 256 0 952 3010
0 2816 256 3890 787 3010
256 2816 256 3010 787 3010
512 2816 256 2638 787 3010
768 2816 256 2348 787 3010
1024 2816 256 2100 787 3010
1280 2816 256 1877 787 3010
1536 2816 256 1672 787 3010
1792 2816 256 1479 787 3010
2048 2816 256 1296 787 3010
2304 2816 256 1121 787 3010
2560 2816 256 952 787 3010
2816 2816 256 787 787 3010
3072 2816 256 625 787 3010
3328 2816 256 467 787 3010
3584 2816 256 310 787 3010
3840 2816 256 154 787 3010
4095 2816 256 0 787 3010
0 3072 256 3890 625 3010
256 3072 256 3010 625 3010
512 3072 256 2638 625 3010
768 3072 256 2348 625 3010
1024 3072 256 2100 625 3010
1280 3072 256 1877 625 3010
1536 3072 256 1672 625 3010
1792 3072 256 1479 625 3010
2048 3072 256 1296 625 3010
2304 3072 256 1121 625 3010
2560 3072 256 952 625 3010
2816 3072 256 787 625 3010
3072 3072 256 625 625 3010
3328 3072 256 467 625 3010
3584 3072 256 310 625 3010
3840 3072 256 154 625 3010
4095 3072 256 0 625 3010
0 3328 256 3890 467 3010
256 3328 256 3010 467 3010
512 3328 256 2638 467 3010
768 3328 256 2348 467 3010
1024 3328 256 2100 467 3010
1280 3328 256 1877 467 3010
1536 3328 256 1672 467 3010
1792 3328 256 1479 467 3010
2048 3328 256 1296 467 3010
2304 3328 256 1121 467 3010
2560 3328 256 952 467 3010
2816 3328 256 787 467 3010
3072 3328 256 625 467 3010
3328 3328 256 467 467 3010
3584 3328 256 310 467 3010
3840 3328 256 154 467 3010
4095 3328 256 0 467 3010
0 3584 256 3890 310 3010
256 3584 256 3010 310 3010
512 3584 256 2638 310 3010
768 3584 256 2348 310 3010
1024 3584 256 2100 310 3010
1280 3584 256 1877 310 3010
1536 3584 256 1672 310 3010
1792 3584 256 1479 310 3010
2048 3584 256 1296 310 3010
2304 3584 256 1121 310 3010
2560 3584 256 952 310 3010
2816 3584 256 787 310 3010
3072 3584 256 625 310 3010
3328 3584 256 467 310 3010
3584 3584 256 310 310 3010
3840 3584 256 154 310 3010
4095 3584 256 0 310 3010
0 3840 256 3890 154 3010
256 3840 256 3010 154 3010
512 3840 256 2638 154 3010
768 3840 256 2348 154 3010
1024 3840 256 2100 154 3010
1280 3840 256 1877 154 3010
1536 3840 256 1672 154 3010
1792 3840 256 1479 154 3010
2048 3840 256 1296 154 3010
2304 3840 256 1121 154 3010
2560 3840 256 952 154 3010
2816 3840 256 787 154 3010
3072 3840 256 625 154 3010
3328 3840 256 467 154 3010
3584 3840 256 310 154 3010
3840 3840 256 154 154 3010
4095 3840 256 0 154 3010
0 4095 256 3890 0 3010
256 4095 256 3010 0 3010
512 4095 256 2638 0 3010
768 4095 256 2348 0 3010
1024 4095 256 2100 0 3010
1280 4095 256 1877 0 3010
1536 4095 256 1672 0 3010
1792 4095 256 1479 0 3010
2048 4095 256 1296 0 3010
2304 4095 256 1121 0 3010
2560 4095 256 952 0 3010
2816 4095 256 787 0 3010
3072 4095 256 625 0 3010
3328 4095 256 467 0 3010
3584 4095 256 310 0 3010
3840 4095 256 154 0 3010
4095 4095 256 0 0 3010
0 0 512 3890 3890 2638
256 0 512 3010 3890 2638
512 0 512 2638 3890 2638
768 0 512 2348 3890 2638
1024 0 512 2100 3890 2638
1280 0 512 1877 3890 2638
1536 0 512 1672 3890 2638
1792 0 512 1479 3890 2638
2048 0 512 1296 3890 2638
2304 0 512 1121 3890 2638
2560 0 512 952 3890 2638
2816 0 512 787 3890 2638
3072 0 512 625 3890 2638
3328 0 512 467 3890 2638
3584 0 512 310 3890 2638
3840 0 512 154 3890 2638
4095 0 512 0 3890 2638
0 256 512 3890 3010 2638
256 256 512 3010 3010 2638
512 256 512 2638 3010 2638
768 256 512 2348 3010 2638
1024 256 512 2100 3010 2638
1280 256 512 1877 3010 2638
1536 256 512 1672 3010 2638
1792 256 512 1479 3010 2638
2048 256 512 1296 3010 2638
2304 256 512 1121 3010 2638
2560 256 512 952 3010 2638
2816 256 512 787 3010 2638
3072 256 512 625 3010 2638
3328 256 512 467 3010 2638
3584 256 512 310 3010 2638
3840 256 512 154 3010 2638
4095 256 512 0 3010 2638
0 512 512 3890 2638 2638
256 512 512 3010 2638 2638
512 512 512 2638 2638 2638
768 512 512 2348 2638 2638
1024 512 512 2100 2638 2638
1280 512 512 1877 2638 2638
1536 512 512 1672 2638 2638
1792 512 512 1479 2638 2638
2048 512 512 1296 2638 2638
2304 512 512 1121 2638 2638
2560 512 512 952 2638 2638
2816 512 512 787 2638 2638
3072 512 512 625 2638 2638
3328 512 512 467 2638 2638
3584 512 512 310 2638 2638
3840 512 512 154 2638 2638
4095 512 512 0 2638 2638
0 768 512 3890 2348 2638
256 768 512 3010 2348 2638
512 768 512 2638 2348 2638
768 768 512 2348 2348 2638
1024 768 512 2100 2348 2638
1280 768 512 1877 2348 2638
1536 768 512 1672 2348 2638
1792 768 512 1479 2348 2638
2048 768 512 1296 2348 2638
2304 768 512 1121 2348 2638
2560 768 512 952 2348 2638
2816 768 512 787 2348 2638
3072 768 512 625 2348 2638
3328 768 512 467 2348 2638
3584 768 512 310 2348 2638
3840 768 512 154 2348 2638
4095 768 512 0 2348 2638
0 1024 512 3890 2100 2638
256 1024 512 3010 2100 2638
512 1024 512 2638 2100 2638
768 1024 512 2348 2100 2638
1024 1024 512 2100 2100 2638
1280 1024 512 1877 2100 2638
1536 1024 512 1672 2100 2638
1792 1024 512 1479 2100 2638
2048 1024 512 1296 2100 2638
2304 1024 512 1121 2100 2638
2560 1024 512 952 2100 2638
2816 1024 512 787 2100 2638
3072 1024 512 625 2100 2638
3328 1024 512 467 2100 2638
3584 1024 512 310 2100 2638
3840 1024 512 154 2100 2638
4095 1024 512 0 2100 2638
0 1280 512 3890 1877 2638
256 1280 512 3010 1877 2638
512 1280 512 2638 1877 2638
768 1280 512 2348 1877 2638
1024 1280 512 2100 1877 2638
1280 1280 512 1877 1877 2638
1536 1280 512 1672 1877 2638
1792 1280 512 1479 1877 2638
2048 1280 512 1296 1877 2638
2304 1280 512 1121 1877 2638
2560 1280 512 952 1877 2638
2816 1280 512 787 1877 2638
3072 1280 512 625 1877 2638
3328 1280 512 467 1877 2638
3584 1280 512 310 1877 2638
3840 1280 512 154 1877 2638
4095 1280 512 0 1877 2638
0 1536 512 3890 1672 2638
256 1536 512 3010 1672 2638
512 1536 512 2638 1672 2638
768 1536 512 2348 1672 2638
1024 1536 512 2100 1672 2638
1280 1536 512 1877 1672 2638
1536 1536 512 1672 1672 2638
1792 1536 512 1479 1672 2638
2048 1536 512 1296 1672 2638
2304 1536 512 1121 1672 2638
2560 1536 512 952 1672 2638
2816 1536 512 787 1672 2638
3072 1536 512 625 1672 2638
3328 1536 512 467 1672 2638
3584 1536 512 310 1672 2638
3840 1536 512 154 1672 2638
4095 1536 512 0 1672 2638
0 1792 512 3890 1479 2638
256 1792 512 3010 1479 2638
512 1792 512 2638 1479 2638
768 1792 512 2348 1479 2638
1024 1792 512 2100 1479 2638
1280 1792 512 1877 1479 2638
1536 1792 512 1672 1479 2638
1792 1792 512 1479 1479 2638
2048 1792 512 1296 1479 2638
2304 1792 512 1121 1479 2638
2560 1792 512 952 1479 2638
2816 1792 512 787 1479 2638
3072 1792 512 625 1479 2638
3328 1792 512 467 1479 2638
3584 1792 512 310 1479 2638
3840 1792 512 154 1479 2638
4095 1792 512 0 1479 2638
0 2048 512 3890 1296 2638
256 2048 512 3010 1296 2638
512 2048 512 2638 1296 2638
768 2048 512 2348 1296 2638
1024 2048 512 2100 1296 2638
1280 2048 512 1877 1296 2638
1536 2048 512 1672 1296 2638
1792 2048 512 1479 1296 2638
2048 2048 512 1296 1296 2638
2304 2048 512 1121 1296 2638
2560 2048 512 952 1296 2638
2816 2048 512 787 1296 2638
3072 2048 512 625 1296 2638
3328 2048 512 467 1296 2638
3584 2048 512 310 1296 2638
3840 2048 512 154 1296 2638
4095 2048 512 0 1296 2638
0 2304 512 3890 1121 2638
256 2304 512 3010 1121 2638
512 2304 512 2638 1121 2638
768 2304 512 2348 1121 2638
1024 2304 512 2100 1121 2638
1280 2304 512 1877 1121 2638
1536 2304 512 1672 1121 2638
1792 2304 512 1479 1121 2638
2048 2304 512 1296 1121 2638
2304 2304 512 1121 1121 2638
2560 2304 512 952 1121 2638
2816 2304 512 787 1121 2638
3072 2304 512 625 1121 2638
3328 2304 512 467 1121 2638
3584 2304 512 310 1121 2638
3840 2304 512 154 1121 2638
4095 2304 512 0 1121 2638
0 2560 512 3890 952 2638
256 2560 512 3010 952 2638
512 2560 512 2638 952 2638
768 2560 512 2348 952 2638
1024 2560 512 2100 952 2638
1280 2560 512 1877 952 2638
1536 2560 512 1672 952 2638
1792 2560 512 1479 952 2638
2048 2560 512 1296 952 2638
2304 2560 512 1121 952 2638
2560 2560 512 952 952 2638
2816 2560 512 787 952 2638
3072 2560 512 625 952 2638
3328 2560 512 467 952 2638
3584 2560 512 310 952 2638
3840 2560 512 154 952 2638
4095 2560 512 0 952 2638
0 2816 512 3890 787 2638
256 2816 512 3010 787 2638
512 2816 512 2638 787 2638
768 2816 512 2348 787 2638
1024 2816 512 2100 787 2638
1280 2816 512 1877 787 2638
1536 2816 512 1672 787 2638
1792 2816 512 1479 787 2638
2048 2816 512 1296 787 2638
2304 2816 512 1121 787 2638
2560 2816 512 952 787 2638
2816 2816 512 787 787 2638
3072 2816 512 625 787 2638
3328 2816 512 467 787 2638
3584 2816 512 310 787 2638
3840 2816 512 154 787 2638
4095 2816 512 0 787 2638
0 3072 512 3890 625 2638
256 3072 512 3010 625 2638
512 3072 512 2638 625 2638
768 3072 512 2348 625 2638
1024 3072 512 2100 625 2638
1280 3072 512 1877 625 2638
1536 3072 512 1672 625 2638
1792 3072 512 1479 625 2638
2048 3072 512 1296 625 2638
2304 3072 512 1121 625 2638
2560 3072 512 952 625 2638
2816 3072 512 787 625 2638
3072 3072 512 625 625 2638
3328 3072 512 467 625 2638
3584 3072 512 310 625 2638
3840 3072 512 154 625 2638
4095 3072 512 0 625 2638
0 3328 512 3890 467 2638
256 3328 512 3010 467 2638
512 3328 512 2638 467 2638
768 3328 512 2348 467 2638
1024 3328 512 2100 467 2638
1280 3328 512 1877 467 2638
1536 3328 512 1672 467 2638
1792 3328 512 1479 467 2638
2048 3328 512 1296 467 2638
2304 3328 512 1121 467 2638
2560 3328 512 952 467 2638
2816 3328 512 787 467 2638
3072 3328 512 625 467 2638
3328 3328 512 467 467 2638
3584 3328 512 310 467 2638
3840 3328 512 154 467 2638
4095 3328 512 0 467 2638
0 3584 512 3890 310 2638
256 3584 512 3010 310 2638
512 3584 512 2638 310 2638
768 3584 512 2348 310 2638
1024 3584 512 2100 310 2638
1280 3584 512 1877 310 2638
1536 3584 512 1672 310 2638
1792 3584 512 1479 310 2638
2048 3584 512 1296 310 2638
2304 3584 512 1121 310 2638
2560 3584 512 952 310 2638
2816 3584 512 787 310 2638
3072 3584 512 625 310 2638
3328 3584 512 467 310 2638
3584 3584 512 310 310 2638
3840 3584 512 154 310 2638
4095 3584 512 0 310 2638
0 3840 512 3890 154 2638
256 3840 512 3010 154 2638
512 3840 512 2638 154 2638
768 3840 512 2348 154 2638
1024 3840 512 2100 154 2638
1280 3840 512 1877 154 2638
1536 3840 512 1672 154 2638
1792 3840 512 1479 154 2638
2048 3840 512 1296 154 2638
2304 3840 512 1121 154 2638
2560 3840 512 952 154 2638
2816 3840 512 787 154 2638
3072 3840 512 625 154 2638
3328 3840 512 467 154 2638
3584 3840 512 310 154 2638
3840 3840 512 154 154 2638
4095 3840 512 0 154 2638
0 4095 512 3890 0 2638
256 4095 512 3010 0 2638
512 4095 512 2638 0 2638
768 4095 512 2348 0 2638
1024 4095 512 2100 0 2638
1280 4095 512 1877 0 2638
1536 4095 512 1672 0 2638
1792 4095 512 1479 0 2638
2048 4095 512 1296 0 2638
2304 4095 512 1121 0 2638
2560 4095 512 952 0 2638
2816 4095 512 787 0 2638
3072 4095 512 625 0 2638
3328 4095 512 467 0 2638
3584 4095 512 310 0 2638
3840 4095 512 154 0 2638
4095 4095 512 0 0 2638
0 0 768 3890 3890 2348
256 0 768 3010 3890 2348
512 0 768 2638 3890 2348
768 0 768 2348 3890 2348
1024 0 768 2100 3890 2348
1280 0 768 1877 3890 2348
1536 0 768 1672 3890 2348
1792 0 768 1479 3890 2348
2048 0 768 1296 3890 2348
2304 0 768 1121 3890 2348
2560 0 768 952 3890 2348
2816 0 768 787 3890 2348
3072 0 768 625 3890 2348
3328 0 768 467 3890 2348
3584 0 768 310 3890 2348
3840 0 768 154 3890 2348
4095 0 768 0 3890 2348
0 256 768 3890 3010 2348
256 256 768 3010 3010 2348
512 256 768 2638 3010 2348
768 256 768 2348 3010 2348
1024 256 768 2100 3010 2348
1280 256 768 1877 3010 2348
1536 256 768 1672 3010 2348
1792 256 768 1479 3010 2348
2048 256 768 1296 3010 2348
2304 256 768 1121 3010 2348
2560 256 768 952 3010 2348
2816 256 768 787 3010 2348
3072 256 768 625 3010 2348
3328 256 768 467 3010 2348
3584 256 768 310 3010 2348
3840 256 768 154 3010 2348
4095 256 768 0 3010 2348
0 512 768 3890 2638 2348
256 512 768 3010 2638 2348
512 512 768 2638 2638 2348
768 512 768 2348 2638 2348
1024 512 768 2100 2638 2348
1280 512 768 1877 2638 2348
1536 512 768 1672 2638 2348
1792 512 768 1479 2638 2348
2048 512 768 1296 2638 2348
2304 512 768 1121 2638 2348
2560 512 768 952 2638 2348
2816 512 768 787 2638 2348
3072 512 768 625 2638 2348
3328 512 768 467 2638 2348
3584 512 768 310 2638 2348
3840 512 768 154 2638 2348
4095 512 768 0 2638 2348
0 768 768 3890 2348 2348
256 768 768 3010 2348 2348
512 768 768 2638 2348 2348
768 768 768 2348 2348 2348
1024 768 768 2100 2348 2348
1280 768 768 1877 2348 2348
1536 768 768 1672 2348 2348
1792 768 768 1479 2348 2348
2048 768 768 1296 2348 2348
2304 768 768 1121 2348 2348
2560 768 768 952 2348 2348
2816 768 768 787 2348 2348
3072 768 768 625 2348 2348
3328 768 768 467 2348 2348
3584 768 768 310 2348 2348
3840 768 768 154 2348 2348
4095 768 768 0 2348 2348
0 1024 768 3890 2100 2348
256 1024 768 3010 2100 2348
512 1024 768 2638 2100 2348
768 1024 768 2348 2100 2348
1024 1024 768 2100 2100 2348
1280 1024 768 1877 2100 2348
1536 1024 768 1672 2100 2348
1792 1024 768 1479 2100 2348
2048 1024 768 1296 2100 2348
2304 1024 768 1121 2100 2348
2560 1024 768 952 2100 2348
2816 1024 768 787 2100 2348
3072 1024 768 625 2100 2348
3328 1024 768 467 2100 2348
3584 1024 768 310 2100 2348
3840 1024 768 154 2100 2348
4095 1024 768 0 2100 2348
0 1280 768 3890 1877 2348
256 1280 768 3010 1877 2348
512 1280 768 2638 1877 2348
768 1280 768 2348 1877 2348
1024 1280 768 2100 1877 2348
1280 1280 768 1877 1877 2348
1536 1280 768 1672 1877 2348
1792 1280 768 1479 1877 2348
2048 1280 768 1296 1877 2348
2304 1280 768 1121 1877 2348
2560 1280 768 952 1877 2348
2816 1280 768 787 1877 2348
3072 1280 768 625 1877 2348
3328 1280 768 467 1877 2348
3584 1280 768 310 1877 2348
3840 1280 768 154 1877 2348
4095 1280 768 0 1877 2348
0 1536 768 3890 1672 2348
256 1536 768 3010 1672 2348
512 1536 768 2638 1672 2348
768 1536 768 2348 1672 2348
1024 1536 768 2100 1672 2348
1280 1536 768 1877 1672 2348
1536 1536 768 1672 1672 2348
1792 1536 768 1479 1672 2348
2048 1536 768 1296 1672 2348
2304 1536 768 1121 1672 2348
2560 1536 768 952 1672 2348
2816 1536 768 787 1672 2348
3072 1536 768 625 1672 2348
3328 1536 768 467 1672 2348
3584 1536 768 310 1672 2348
3840 1536 768 154 1672 2348
4095 1536 768 0 1672 2348
0 1792 768 3890 1479 2348
256 1792 768 3010 1479 2348
512 1792 768 2638 1479 2348
768 1792 768 2348 1479 2348
1024 1792 768 2100 1479 2348
1280 1792 768 1877 1479 2348
1536 1792 768 1672 1479 2348
1792 1792 768 1479 1479 2348
2048 1792 768 1296 1479 2348
2304 1792 768 1121 1479 2348
2560 1792 768 952 1479 2348
2816 1792 768 787 1479 2348
3072 1792 768 625 1479 2348
3328 1792 768 467 1479 2348
3584 1792 768 310 1479 2348
3840 1792 768 154 1479 2348
4095 1792 768 0 1479 2348
0 2048 768 3890 1296 2348
256 2048 768 3010 1296 2348
512 2048 768 2638 1296 2348
768 2048 768 2348 1296 2348
1024 2048 768 2100 1296 2348
1280 2048 768 1877 1296 2348
1536 2048 768 1672 1296 2348
1792 2048 768 1479 1296 2348
2048 2048 768 1296 1296 2348
2304 2048 768 1121 1296 2348
2560 2048 768 952 1296 2348
2816 2048 768 787 1296 2348
3072 2048 768 625 1296 2348
3328 2048 768 467 1296 2348
3584 2048 768 310 1296 2348
3840 2048 768 154 1296 2348
4095 2048 768 0 1296 2348
0 2304 768 3890 1121 2348
256 2304 768 3010 1121 2348
512 2304 768 2638 1121 2348
768 2304 768 2348 1121 2348
1024 2304 768 2100 1121 2348
1280 2304 768 1877 1121 2348
1536 2304 768 1672 1121 2348
1792 2304 768 1479 1121 2348
2048 2304 768 1296 1121 2348
2304 2304 768 1121 1121 2348
2560 2304 768 952 1121 2348
2816 2304 768 787 1121 2348
3072 2304 768 625 1121 2348
3328 2304 768 467 1121 2348
3584 2304 768 310 1121 2348
3840 2304 768 154 1121 2348
4095 2304 768 0 1121 2348
0 2560 768 3890 952 2348
256 2560 768 3010 952 2348
512 2560 768 2638 952 2348
768 2560 768 2348 952 2348
1024 2560 768 2100 952 2348
1280 2560 768 1877 952 2348
1536 2560 768 1672 952 2348
1792 2560 768 1479 952 2348
2048 2560 768 1296 952 2348
2304 2560 768 1121 952 2348
2560 2560 768 952 952 2348
2816 2560 768 787 952 2348
3072 2560 768 625 952 2348
3328 2560 768 467 952 2348
3584 2560 768 310 952 2348
3840 2560 768 154 952 2348
4095 2560 768 0 952 2348
0 2816 768 3890 787 2348
256 2816 768 3010 787 2348
512 2816 768 2638 787 2348
768 2816 768 2348 787 2348
1024 2816 768 2100 787 2348
1280 2816 768 1877 787 2348
1536 2816 768 1672 787 2348
1792 2816 768 1479 787 2348
2048 2816 768 1296 787 2348
2304 2816 768 1121 787 2348
2560 2816 768 952 787 2348
2816 2816 768 787 787 2348
3072 2816 768 625 787 2348
3328 2816 768 467 787 2348
3584 2816 768 310 787 2348
3840 2816 768 154 787 2348
4095 2816 768 0 787 2348
0 3072 768 3890 625 2348
256 3072 768 3010 625 2348
512 3072 768 2638 625 2348
768 3072 768 2348 625 2348
1024 3072 768 2100 625 2348
1280 3072 768 1877 625 2348
1536 3072 768 1672 625 2348
1792 3072 768 1479 625 2348
2048 3072 768 1296 625 2348
2304 3072 768 1121 625 2348
2560 3072 768 952 625 2348
2816 3072 768 787 625 2348
3072 3072 768 625 625 2348
3328 3072 768 467 625 2348
3584 3072 768 310 625 2348
3840 3072 768 154 625 2348
4095 3072 768 0 625 2348
0 3328 768 3890 467 2348
256 3328 768 3010 467 2348
512 3328 768 2638 467 2348
768 3328 768 2348 467 2348
1024 3328 768 2100 467 2348
1280 3328 768 1877 467 2348
1536 3328 768 1672 467 2348
1792 3328 768 1479 467 2348
2048 3328 768 1296 467 2348
2304 3328 768 1121 467 2348
2560 3328 768 952 467 2348
2816 3328 768 787 467 2348
3072 3328 768 625 467 2348
3328 3328 768 467 467 2348
3584 3328 768 310 467 2348
3840 3328 768 154 467 2348
4095 3328 768 0 467 2348
0 3584 768 3890 310 2348
256 3584 768 3010 310 2348
512 3584 768 2638 310 2348
768 3584 768 2348 310 2348
1024 3584 768 2100 310 2348
1280 3584 768 1877 310 2348
1536 3584 768 1672 310 2348
1792 3584 768 1479 310 2348
2048 3584 768 1296 310 2348
2304 3584 768 1121 310 2348
2560 3584 768 952 310 2348
2816 3584 768 787 310 2348
3072 3584 768 625 310 2348
3328 3584 768 467 310 2348
3584 3584 768 310 310 2348
3840 3584 768 154 310 2348
4095 3584 768 0 310 2348
0 3840 768 3890 154 2348
256 3840 768 3010 154 2348
512 3840 768 2638 154 2348
768 3840 768 2348 154 2348
1024 3840 768 2100 154 2348
1280 3840 768 1877 154 2348
1536 3840 768 1672 154 2348
1792 3840 768 1479 154 2348
2048 3840 768 1296 154 2348
2304 3840 768 1121 154 2348
2560 3840 768 952 154 2348
2816 3840 768 787 154 2348
3072 3840 768 625 154 2348
3328 3840 768 467 154 2348
3584 3840 768 310 154 2348
3840 3840 768 154 154 2348
4095 3840 768 0 154 2348
0 4095 768 3890 0 2348
256 4095 768 3010 0 2348
512 4095 768 2638 0 2348
768 4095 768 2348 0 2348
1024 4095 768 2100 0 2348
1280 4095 768 1877 0 2348
1536 4095 768 1672 0 2348
1792 4095 768 1479 0 2348
2048 4095 768 1296 0 2348
2304 4095 768 1121 0 2348
2560 4095 768 952 0 2348
2816 4095 768 787 0 2348
3072 4095 768 625 0 2348
3328 4095 768 467 0 2348
3584 4095 768 310 0 2348
3840 4095 768 154 0 2348
4095 4095 768 0 0 2348
0 0 1024 3890 3890 2100
256 0 1024 3010 3890 2100
512 0 1024 2638 3890 2100
768 0 1024 2348 3890 2100
1024 0 1024 2100 3890 2100
1280 0 1024 1877 3890 2100
1536 0 1024 1672 3890 2100
1792 0 1024 1479 3890 2100
2048 0 1024 1296 3890 2100
2304 0 1024 1121 3890 2100
2560 0 1024 952 3890 2100
2816 0 1024 787 3890 2100
3072 0 1024 625 3890 2100
3328 0 1024 467 3890 2100
3584 0 1024 310 3890 2100
3840 0 1024 154 3890 2100
4095 0 1024 0 3890 2100
0 256 1024 3890 3010 2100
256 256 1024 3010 3010 2100
512 256 1024 2638 3010 2100
768 256 1024 2348 3010 2100
1024 256 1024 2100 3010 2100
1280 256 1024 1877 3010 2100
1536 256 1024 1672 3010 2100
1792 256 1024 1479 3010 2100
2048 256 1024 1296 3010 2100
2304 256 1024 1121 3010 2100
2560 256 1024 952 3010 2100
2816 256 1024 787 3010 2100
3072 256 1024 625 3010 2100
3328 256 1024 467 3010 2100
3584 256 1024 310 3010 2100
3840 256 1024 154 3010 2100
4095 256 1024 0 3010 2100
0 512 1024 3890 2638 2100
256 512 1024 3010 2638 2100
512 512 1024 2638 2638 2100
768 512 1024 2348 2638 2100
1024 512 1024 2100 2638 2100
1280 512 1024 1877 2638 2100
1536 512 1024 1672 2638 2100
1792 512 1024 1479 2638 2100
2048 512 1024 1296 2638 2100
2304 512 1024 1121 2638 2100
2560 512 1024 952 2638 2100
2816 512 1024 787 2638 2100
3072 512 1024 625 2638 2100
3328 512 1024 467 2638 2100
3584 512 1024 310 2638 2100
3840 512 1024 154 2638 2100
4095 512 1024 0 2638 2100
0 768 1024 3890 2348 2100
256 768 1024 3010 2348 2100
512 768 1024 2638 2348 2100
768 768 1024 2348 2348 2100
1024 768 1024 2100 2348 2100
1280 768 1024 1877 2348 2100
1536 768 1024 1672 2348 2100
1792 768 1024 1479 2348 2100
2048 768 1024 1296 2348 2100
2304 768 1024 1121 2348 2100
2560 768 1024 952 2348 2100
2816 768 1024 787 2348 2100
3072 768 1024 625 2348 2100
3328 768 1024 467 2348 2100
3584 768 1024 310 2348 2100
3840 768 1024 154 2348 2100
4095 768 1024 0 2348 2100
0 1024 1024 3890 2100 2100
256 1024 1024 3010 2100 2100
512 1024 1024 2638 2100 2100
768 1024 1024 2348 2100 2100
1024 1024 1024 2100 2100 2100
1280 1024 1024 1877 2100 2100
1536 1024 1024 1672 2100 2100
1792 1024 1024 1479 2100 2100
2048 1024 1024 1296 2100 2100
2304 1024 1024 1121 2100 2100
2560 1024 1024 952 2100 2100
2816 1024 1024 787 2100 2100
3072 1024 1024 625 2100 2100
3328 1024 1024 467 2100 2100
3584 1024 1024 310 2100 2100
3840 1024 1024 154 2100 2100
4095 1024 1024 0 2100 2100
0 1280 1024 3890 1877 2100
256 1280 1024 3010 1877 2100
512 1280 1024 2638 1877 2100
768 1280 1024 2348 1877 2100
1024 1280 1024 2100 1877 2100
1280 1280 1024 1877 1877 2100
1536 1280 1024 1672 1877 2100
1792 1280 1024 1479 1877 2100
2048 1280 1024 1296 1877 2100
2304 1280 1024 1121 1877 2100
2560 1280 1024 952 1877 2100
2816 1280 1024 787 1877 2100
3072 1280 1024 625 1877 2100
3328 1280 1024 467 1877 2100
3584 1280 1024 310 1877 2100
3840 1280 1024 154 1877 2100
4095 1280 1024 0 1877 2100
0 1536 1024 3890 1672 2100
256 1536 1024 3010 1672 2100
512 1536 1024 2638 1672 2100
768 1536 1024 2348 1672 2100
1024 1536 1024 2100 1672 2100
1280 1536 1024 1877 1672 2100
1536 1536 1024 1672 1672 2100
1792 1536 1024 1479 1672 2100
2048 1536 1024 1296 1672 2100
2304 1536 1024 1121 1672 2100
2560 1536 1024 952 1672 2100
2816 1536 1024 787 1672 2100
3072 1536 1024 625 1672 2100
3328 1536 1024 467 1672 2100
3584 1536 1024 310 1672 2100
3840 1536 1024 154 1672 2100
4095 1536 1024 0 1672 2100
0 1792 1024 3890 1479 2100
256 1792 1024 3010 1479 2100
512 1792 1024 2638 1479 2100
768 1792 1024 2348 1479 2100
1024 1792 1024 2100 1479 2100
1280 1792 1024 1877 1479 2100
1536 1792 1024 1672 1479 2100
1792 1792 1024 1479 1479 2100
2048 1792 1024 1296 1479 2100
2304 1792 1024 1121 1479 2100
2560 1792 1024 952 1479 2100
2816 1792 1024 787 1479 2100
3072 1792 1024 625 1479 2100
3328 1792 1024 467 1479 2100
3584 1792 1024 310 1479 2100
3840 1792 1024 154 1479 2100
4095 1792 1024 0 1479 2100
0 2048 1024 3890 1296 2100
256 2048 1024 3010 1296 2100
512 2048 1024 2638 1296 2100
768 2048 1024 2348 1296 2100
1024 2048 1024 2100 1296 2100
1280 2048 1024 1877 1296 2100
1536 2048 1024 1672 1296 2100
1792 2048 1024 1479 1296 2100
2048 2048 1024 1296 1296 2100
2304 2048 1024 1121 1296 2100
2560 2048 1024 952 1296 2100
2816 2048 1024 787 1296 2100
3072 2048 1024 625 1296 2100
3328 2048 1024 467 1296 2100
3584 2048 1024 310 1296 2100
3840 2048 1024 154 1296 2100
4095 2048 1024 0 1296 2100
0 2304 1024 3890 1121 2100
256 2304 1024 3010 1121 2100
512 2304 1024 2638 1121 2100
768 2304 1024 2348 1121 2100
1024 2304 1024 2100 1121 2100
1280 2304 1024 1877 1121 2100
1536 2304 1024 1672 1121 2100
1792 2304 1024 1479 1121 2100
2048 2304 1024 1296 1121 2100
2304 2304 1024 1121 1121 2100
2560 2304 1024 952 1121 2100
2816 2304 1024 787 1121 2100
3072 2304 1024 625 1121 2100
3328 2304 1024 467 1121 2100
3584 2304 1024 310 1121 2100
3840 2304 1024 154 1121 2100
4095 2304 1024 0 1121 2100
0 2560 1024 3890 952 2100
256 2560 1024 3010 952 2100
512 2560 1024 2638 952 2100
768 2560 1024 2348 952 2100
1024 2560 1024 2100 952 2100
1280 2560 1024 1877 952 2100
1536 2560 1024 1672 952 2100
1792 2560 1024 1479 952 2100
2048 2560 1024 1296 952 2100
2304 2560 1024 1121 952 2100
2560 2560 1024 952 952 2100
2816 2560 1024 787 952 2100
3072 2560 1024 625 952 2100
3328 2560 1024 467 952 2100
3584 2560 1024 310 952 2100
3840 2560 1024 154 952 2100
4095 2560 1024 0 952 2100
0 2816 1024 3890 787 2100
256 2816 1024 3010 787 2100
512 2816 1024 2638 787 2100
768 2816 1024 2348 787 2100
1024 2816 1024 2100 787 2100
1280 2816 1024 1877 787 2100
1536 2816 1024 1672 787 2100
1792 2816 1024 1479 787 2100
2048 2816 1024 1296 787 2100
2304 2816 1024 1121 787 2100
2560 2816 1024 952 787 2100
2816 2816 1024 787 787 2100
3072 2816 1024 625 787 2100
3328 2816 1024 467 787 2100
3584 2816 1024 310 787 2100
3840 2816 1024 154 787 2100
4095 2816 1024 0 787 2100
0 3072 1024 3890 625 2100
256 3072 1024 3010 625 2100
512 3072 1024 2638 625 2100
768 3072 1024 2348 625 2100
1024 3072 1024 2100 625 2100
1280 3072 1024 1877 625 2100
1536 3072 1024 1672 625 2100
1792 3072 1024 1479 625 2100
2048 3072 1024 1296 625 2100
2304 3072 1024 1121 625 2100
2560 3072 1024 952 625 2100
2816 3072 1024 787 625 2100
3072 3072 1024 625 625 2100
3328 3072 1024 467 625 2100
3584 3072 1024 310 625 2100
3840 3072 1024 154 625 2100
4095 3072 1024 0 625 2100
0 3328 1024 3890 467 2100
256 3328 1024 3010 467 2100
512 3328 1024 2638 467 2100
768 3328 1024 2348 467 2100
1024 3328 1024 2100 467 2100
1280 3328 1024 1877 467 2100
1536 3328 1024 1672 467 2100
1792 3328 1024 1479 467 2100
2048 3328 1024 1296 467 2100
2304 3328 1024 1121 467 2100
2560 3328 1024 952 467 2100
2816 3328 1024 787 467 2100
3072 3328 1024 625 467 2100
3328 3328 1024 467 467 2100
3584 3328 1024 310 467 2100
3840 3328 1024 154 467 2100
4095 3328 1024 0 467 2100
0 3584 1024 3890 310 2100
256 3584 1024 3010 310 2100
512 3584 1024 2638 310 2100
768 3584 1024 2348 310 2100
1024 3584 1024 2100 310 2100
1280 3584 1024 1877 310 2100
1536 3584 1024 1672 310 2100
1792 3584 1024 1479 310 2100
2048 3584 1024 1296 310 2100
2304 3584 1024 1121 310 2100
2560 3584 1024 952 310 2100
2816 3584 1024 787 310 2100
3072 3584 1024 625 310 2100
3328 3584 1024 467 310 2100
3584 3584 1024 310 310 2100
3840 3584 1024 154 310 2100
4095 3584 1024 0 310 2100
0 3840 1024 3890 154 2100
256 3840 1024 3010 154 2100
512 3840 1024 2638 154 2100
768 3840 1024 2348 154 2100
1024 3840 1024 2100 154 2100
1280 3840 1024 1877 154 2100
1536 3840 1024 1672 154 2100
1792 3840 1024 1479 154 2100
2048 3840 1024 1296 154 2100
2304 3840 1024 1121 154 2100
2560 3840 1024 952 154 2100
2816 3840 1024 787 154 2100
3072 3840 1024 625 154 2100
3328 3840 1024 467 154 2100
3584 3840 1024 310 154 2100
3840 3840 1024 154 154 2100
4095 3840 1024 0 154 2100
0 4095 1024 3890 0 2100
256 4095 1024 3010 0 2100
512 4095 1024 2638 0 2100
768 4095 1024 2348 0 2100
1024 4095 1024 2100 0 2100
1280 4095 1024 1877 0 2100
1536 4095 1024 1672 0 2100
1792 4095 1024 1479 0 2100
2048 4095 1024 1296 0 2100
2304 4095 1024 1121 0 2100
2560 4095 1024 952 0 2100
2816 4095 1024 787 0 2100
3072 4095 1024 625 0 2100
3328 4095 1024 467 0 2100
3584 4095 1024 310 0 2100
3840 4095 1024 154 0 2100
4095 4095 1024 0 0 2100
0 0 1280 3890 3890 1877
256 0 1280 3010 3890 1877
512 0 1280 2638 3890 1877
768 0 1280 2348 3890 1877
1024 0 1280 2100 3890 1877
1280 0 1280 1877 3890 1877
1536 0 1280 1672 3890 1877
1792 0 1280 1479 3890 1877
2048 0 1280 1296 3890 1877
2304 0 1280 1121 3890 1877
2560 0 1280 952 3890 1877
2816 0 1280 787 3890 1877
3072 0 1280 625 3890 1877
3328 0 1280 467 3890 1877
3584 0 1280 310 3890 1877
3840 0 1280 154 3890 1877
4095 0 1280 0 3890 1877
0 256 1280 3890 3010 1877
256 256 1280 3010 3010 1877
512 256 1280 2638 3010 1877
768 256 1280 2348 3010 1877
1024 256 1280 2100 3010 1877
1280 256 1280 1877 3010 1877
1536 256 1280 1672 3010 1877
1792 256 1280 1479 3010 1877
2048 256 1280 1296 3010 1877
2304 256 1280 1121 3010 1877
2560 256 1280 952 3010 1877
2816 256 1280 787 3010 1877
3072 256 1280 625 3010 1877
3328 256 1280 467 3010 1877
3584 256 1280 310 3010 1877
3840 256 1280 154 3010 1877
4095 256 1280 0 3010 1877
0 512 1280 3890 2638 1877
256 512 1280 3010 2638 1877
512 512 1280 2638 2638 1877
768 512 1280 2348 2638 1877
1024 512 1280 2100 2638 1877
1280 512 1280 1877 2638 1877
1536 512 1280 1672 2638 1877
1792 512 1280 1479 2638 1877
2048 512 1280 1296 2638 1877
2304 512 1280 1121 2638 1877
2560 512 1280 952 2638 1877
2816 512 1280 787 2638 1877
3072 512 1280 625 2638 1877
3328 512 1280 467 2638 1877
3584 512 1280 310 2638 1877
3840 512 1280 154 2638 1877
4095 512 1280 0 2638 1877
0 768 1280 3890 2348 1877
256 768 1280 3010 2348 1877
512 768 1280 2638 2348 1877
768 768 1280 2348 2348 1877
1024 768 1280 2100 2348 1877
1280 768 1280 1877 2348 1877
1536 768 1280 1672 2348 1877
1792 768 1280 1479 2348 1877
2048 768 1280 1296 2348 1877
2304 768 1280 1121 2348 1877
2560 768 1280 952 2348 1877
2816 768 1280 787 2348 1877
3072 768 1280 625 2348 1877
3328 768 1280 467 2348 1877
3584 768 1280 310 2348 1877
3840 768 1280 154 2348 1877
4095 768 1280 0 2348 1877
0 1024 1280 3890 2100 1877
256 1024 1280 3010 2100 1877
512 1024 1280 2638 2100 1877
768 1024 1280 2348 2100 1877
1024 1024 1280 2100 2100 1877
1280 1024 1280 1877 2100 1877
1536 1024 1280 1672 2100 1877
1792 1024 1280 1479 2100 1877
2048 1024 1280 1296 2100 1877
2304 1024 1280 1121 2100 1877
2560 1024 1280 952 2100 1877
2816 1024 1280 787 2100 1877
3072 1024 1280 625 2100 1877
3328 1024 1280 467 2100 1877
3584 1024 1280 310 2100 1877
3840 1024 1280 154 2100 1877
4095 1024 1280 0 2100 1877
0 1280 1280 3890 1877 1877
256 1280 1280 3010 1877 1877
512 1280 1280 2638 1877 1877
768 1280 1280 2348 1877 1877
1024 1280 1280 2100 1877 1877
1280 1280 1280 1877 1877 1877
1536 1280 1280 1672 1877 1877
1792 1280 1280 1479 1877 1877
2048 1280 1280 1296 1877 1877
2304 1280 1280 1121 1877 1877
2560 1280 1280 952 1877 1877
2816 1280 1280 787 1877 1877
3072 1280 1280 625 1877 1877
3328 1280 1280 467 1877 1877
3584 1280 1280 310 1877 1877
3840 1280 1280 154 1877 1877
4095 1280 1280 0 1877 1877
0 1536 1280 3890 1672 1877
256 1536 1280 3010 1672 1877
512 1536 1280 2638 1672 1877
768 1536 1280 2348 1672 1877
1024 1536 1280 2100 1672 1877
1280 1536 1280 1877 1672 1877
1536 1536 1280 1672 1672 1877
1792 1536 1280 1479 1672 1877
2048 1536 1280 1296 1672 1877
2304 1536 1280 1121 1672 1877
2560 1536 1280 952 1672 1877
2816 1536 1280 787 1672 1877
3072 1536 1280 625 1672 1877
3328 1536 1280 467 1672 1877
3584 1536 1280 310 1672 1877
3840 1536 1280 154 1672 1877
4095 1536 1280 0 1672 1877
0 1792 1280 3890 1479 1877
256 1792 1280 3010 1479 1877
512 1792 1280 2638 1479 1877
768 1792 1280 2348 1479 1877
1024 1792 1280 2100 1479 1877
1280 1792 1280 1877 1479 1877
1536 1792 1280 1672 1479 1877
1792 1792 1280 1479 1479 1877
2048 1792 1280 1296 1479 1877
2304 1792 1280 1121 1479 1877
2560 1792 1280 952 1479 1877
2816 1792 1280 787 1479 1877
3072 1792 1280 625 1479 1877
3328 1792 1280 467 1479 1877
3584 1792 1280 310 1479 1877
3840 1792 1280 154 1479 1877
4095 1792 1280 0 1479 1877
0 2048 1280 3890 1296 1877
256 2048 1280 3010 1296 1877
512 2048 1280 2638 1296 1877
768 2048 1280 2348 1296 1877
1024 2048 1280 2100 1296 1877
1280 2048 1280 1877 1296 1877
1536 2048 1280 1672 1296 1877
1792 2048 1280 1479 1296 1877
2048 2048 1280 1296 1296 1877
2304 2048 1280 1121 1296 1877
2560 2048 1280 952 1296 1877
2816 2048 1280 787 1296 1877
3072 2048 1280 625 1296 1877
3328 2048 1280 467 1296 1877
3584 2048 1280 310 1296 1877
3840 2048 1280 154 1296 1877
4095 2048 1280 0 1296 1877
0 2304 1280 3890 1121 1877
256 2304 1280 3010 1121 1877
512 2304 1280 2638 1121 1877
768 2304 1280 2348 1121 1877
1024 2304 1280 2100 1121 1877
1280 2304 1280 1877 1121 1877
1536 2304 1280 1672 1121 1877
1792 2304 1280 1479 1121 1877
2048 2304 1280 1296 1121 1877
2304 2304 1280 1121 1121 1877
2560 2304 1280 952 1121 1877
2816 2304 1280 787 1121 1877
3072 2304 1280 625 1121 1877
3328 2304 1280 467 1121 1877
3584 2304 1280 310 1121 1877
3840 2304 1280 154 1121 1877
4095 2304 1280 0 1121 1877
0 2560 1280 3890 952 1877
256 2560 1280 3010 952 1877
512 2560 1280 2638 952 1877
768 2560 1280 2348 952 1877
1024 2560 1280 2100 952 1877
1280 2560 1280 1877 952 1877
1536 2560 1280 1672 952 1877
1792 2560 1280 1479 952 1877
2048 2560 1280 1296 952 1877
2304 2560 1280 1121 952 1877
2560 2560 1280 952 952 1877
2816 2560 1280 787 952 1877
3072 2560 1280 625 952 1877
3328 2560 1280 467 952 1877
3584 2560 1280 310 952 1877
3840 2560 1280 154 952 1877
4095 2560 1280 0 952 1877
0 2816 1280 3890 787 1877
256 2816 1280 3010 787 1877
512 2816 1280 2638 787 1877
768 2816 1280 2348 787 1877
1024 2816 1280 2100 787 1877
1280 2816 1280 1877 787 1877
1536 2816 1280 1672 787 1877
1792 2816 1280 1479 787 1877
2048 2816 1280 1296 787 1877
2304 2816 1280 1121 787 1877
2560 2816 1280 952 787 1877
2816 2816 1280 787 787 1877
3072 2816 1280 625 787 1877
3328 2816 1280 467 787 1877
3584 2816 1280 310 787 1877
3840 2816 1280 154 787 1877
4095 2816 1280 0 787 1877
0 3072 1280 3890 625 1877
256 3072 1280 3010 625 1877
512 3072 1280 2638 625 1877
768 3072 1280 2348 625 1877
1024 3072 1280 2100 625 1877
1280 3072 1280 1877 625 1877
1536 3072 1280 1672 625 1877
1792 3072 1280 1479 625 1877
2048 3072 1280 1296 625 1877
2304 3072 1280 1121 625 1877
2560 3072 1280 952 625 1877
2816 3072 1280 787 625 1877
3072 3072 1280 625 625 1877
3328 3072 1280 467 625 1877
3584 3072 1280 310 625 1877
3840 3072 1280 154 625 1877
4095 3072 1280 0 625 1877
0 3328 1280 3890 467 1877
256 3328 1280 3010 467 1877
512 3328 1280 2638 467 1877
768 3328 1280 2348 467 1877
1024 3328 1280 2100 467 1877
1280 3328 1280 1877 467 1877
1536 3328 1280 1672 467 1877
1792 3328 1280 1479 467 1877
2048 3328 1280 1296 467 1877
2304 3328 1280 1121 467 1877
2560 3328 1280 952 467 1877
2816 3328 1280 787 467 1877
3072 3328 1280 625 467 1877
3328 3328 1280 467 467 1877
3584 3328 1280 310 467 1877
3840 3328 1280 154 467 1877
4095 3328 1280 0 467 1877
0 3584 1280 3890 310 1877
256 3584 1280 3010 310 1877
512 3584 1280 2638 310 1877
768 3584 1280 2348 310 1877
1024 3584 1280 2100 310 1877
1280 3584 1280 1877 310 1877
1536 3584 1280 1672 310 1877
1792 3584 1280 1479 310 1877
2048 3584 1280 1296 310 1877
2304 3584 1280 1121 310 1877
2560 3584 1280 952 310 1877
2816 3584 1280 787 310 1877
3072 3584 1280 625 310 1877
3328 3584 1280 467 310 1877
3584 3584 1280 310 310 1877
3840 3584 1280 154 310 1877
4095 3584 1280 0 310 1877
0 3840 1280 3890 154 1877
256 3840 1280 3010 154 1877
512 3840 1280 2638 154 1877
768 3840 1280 2348 154 1877
1024 3840 1280 2100 154 1877
1280 3840 1280 1877 154 1877
1536 3840 1280 1672 154 1877
1792 3840 1280 1479 154 1877
2048 3840 1280 1296 154 1877
2304 3840 1280 1121 154 1877
2560 3840 1280 952 154 1877
2816 3840 1280 787 154 1877
3072 3840 1280 625 154 1877
3328 3840 1280 467 154 1877
3584 3840 1280 310 154 1877
3840 3840 1280 154 154 1877
4095 3840 1280 0 154 1877
0 4095 1280 3890 0 1877
256 4095 1280 3010 0 1877
512 4095 1280 2638 0 1877
768 4095 1280 2348 0 1877
1024 4095 1280 2100 0 1877
1280 4095 1280 1877 0 1877
1536 4095 1280 1672 0 1877
1792 4095 1280 1479 0 1877
2048 4095 1280 1296 0 1877
2304 4095 1280 1121 0 1877
2560 4095 1280 952 0 1877
2816 4095 1280 787 0 1877
3072 4095 1280 625 0 1877
3328 4095 1280 467 0 1877
3584 4095 1280 310 0 1877
3840 4095 1280 154 0 1877
4095 4095 1280 0 0 1877
0 0 1536 3890 3890 1672
256 0 1536 3010 3890 1672
512 0 1536 2638 3890 1672
768 0 1536 2348 3890 1672
1024 0 1536 2100 3890 1672
1280 0 1536 1877 3890 1672
1536 0 1536 1672 3890 1672
1792 0 1536 1479 3890 1672
2048 0 1536 1296 3890 1672
2304 0 1536 1121 3890 1672
2560 0 1536 952 3890 1672
2816 0 1536 787 3890 1672
3072 0 1536 625 3890 1672
3328 0 1536 467 3890 1672
3584 0 1536 310 3890 1672
3840 0 1536 154 3890 1672
4095 0 1536 0 3890 1672
0 256 1536 3890 3010 1672
256 256 1536 3010 3010 1672
512 256 1536 2638 3010 1672
768 256 1536 2348 3010 1672
1024 256 1536 2100 3010 1672
1280 256 1536 1877 3010 1672
1536 256 1536 1672 3010 1672
1792 256 1536 1479 3010 1672
2048 256 1536 1296 3010 1672
2304 256 1536 1121 3010 1672
2560 256 1536 952 3010 1672
2816 256 1536 787 3010 1672
3072 256 1536 625 3010 1672
3328 256 1536 467 3010 1672
3584 256 1536 310 3010 1672
3840 256 1536 154 3010 1672
4095 256 1536 0 3010 1672
0 512 1536 3890 2638 1672
256 512 1536 3010 2638 1672
512 512 1536 2638 2638 1672
768 512 1536 2348 2638 1672
1024 512 1536 2100 2638 1672
1280 512 1536 1877 2638 1672
1536 512 1536 1672 2638 1672
1792 512 1536 1479 2638 1672
2048 512 1536 1296 2638 1672
2304 512 1536 1121 2638 1672
2560 512 1536 952 2638 1672
2816 512 1536 787 2638 1672
3072 512 1536 625 2638 1672
3328 512 1536 467 2638 1672
3584 512 1536 310 2638 1672
3840 512 1536 154 2638 1672
4095 512 1536 0 2638 1672
0 768 1536 3890 2348 1672
256 768 1536 3010 2348 1672
512 768 1536 2638 2348 1672
768 768 1536 2348 2348 1672
1024 768 1536 2100 2348 1672
1280 768 1536 1877 2348 1672
1536 768 1536 1672 2348 1672
1792 768 1536 1479 2348 1672
2048 768 1536 1296 2348 1672
2304 768 1536 1121 2348 1672
2560 768 1536 952 2348 1672
2816 768 1536 787 2348 1672
3072 768 1536 625 2348 1672
3328 768 1536 467 2348 1672
3584 768 1536 310 2348 1672
3840 768 1536 154 2348 1672
4095 768 1536 0 2348 1672
0 1024 1536 3890 2100 1672
256 1024 1536 3010 2100 1672
512 1024 1536 2638 2100 1672
768 1024 1536 2348 2100 1672
1024 1024 1536 2100 2100 1672
1280 1024 1536 1877 2100 1672
1536 1024 1536 1672 2100 1672
1792 1024 1536 1479 2100 1672
2048 1024 1536 1296 2100 1672
2304 1024 1536 1121 2100 1672
2560 1024 1536 952 2100 1672
2816 1024 1536 787 2100 1672
3072 1024 1536 625 2100 1672
3328 1024 1536 467 2100 1672
3584 1024 1536 310 2100 1672
3840 1024 1536 154 2100 1672
4095 1024 1536 0 2100 1672
0 1280 1536 3890 1877 1672
256 1280 1536 3010 1877 1672
512 1280 1536 2638 1877 1672
768 1280 1536 2348 1877 1672
1024 1280 1536 2100 1877 1672
1280 1280 1536 1877 1877 1672
1536 1280 1536 1672 1877 1672
1792 1280 1536 1479 1877 1672
2048 1280 1536 1296 1877 1672
2304 1280 1536 1121 1877 1672
2560 1280 1536 952 1877 1672
2816 1280 1536 787 1877 1672
3072 1280 1536 625 1877 1672
3328 1280 1536 467 1877 1672
3584 1280 1536 310 1877 1672
3840 1280 1536 154 1877 1672
4095 1280 1536 0 1877 1672
0 1536 1536 3890 1672 1672
256 1536 1536 3010 1672 1672
512 1536 1536 2638 1672 1672
768 1536 1536 2348 1672 1672
1024 1536 1536 2100 1672 1672
1280 1536 1536 1877 1672 1672
1536 1536 1536 1672 1672 1672
1792 1536 1536 1479 1672 1672
2048 1536 1536 1296 1672 1672
2304 1536 1536 1121 1672 1672
2560 1536 1536 952 1672 1672
2816 1536 1536 787 1672 1672
3072 1536 1536 625 1672 1672
3328 1536 1536 467 1672 1672
3584 1536 1536 310 1672 1672
3840 1536 1536 154 1672 1672
4095 1536 1536 0 1672 1672
0 1792 1536 3890 1479 1672
256 1792 1536 3010 1479 1672
512 1792 1536 2638 1479 1672
768 1792 1536 2348 1479 1672
1024 1792 1536 2100 1479 1672
1280 1792 1536 1877 1479 1672
1536 1792 1536 1672 1479 1672
1792 1792 1536 1479 1479 1672
2048 1792 1536 1296 1479 1672
2304 1792 1536 1121 1479 1672
2560 1792 1536 952 1479 1672
2816 1792 1536 787 1479 1672
3072 1792 1536 625 1479 1672
3328 1792 1536 467 1479 1672
3584 1792 1536 310 1479 1672
3840 1792 1536 154 1479 1672
4095 1792 1536 0 1479 1672
0 2048 1536 3890 1296 1672
256 2048 1536 3010 1296 1672
512 2048 1536 2638 1296 1672
768 2048 1536 2348 1296 1672
1024 2048 1536 2100 1296 1672
1280 2048 1536 1877 1296 1672
1536 2048 1536 1672 1296 1672
1792 2048 1536 1479 1296 1672
2048 2048 1536 1296 1296 1672
2304 2048 1536 1121 1296 1672
2560 2048 1536 952 1296 1672
2816 2048 1536 787 1296 1672
3072 2048 1536 625 1296 1672
3328 2048 1536 467 1296 1672
3584 2048 1536 310 1296 1672
3840 2048 1536 154 1296 1672
4095 2048 1536 0 1296 1672
0 2304 1536 3890 1121 1672
256 2304 1536 3010 1121 1672
512 2304 1536 2638 1121 1672
768 2304 1536 2348 1121 1672
1024 2304 1536 2100 1121 1672
1280 2304 1536 1877 1121 1672
1536 2304 1536 1672 1121 1672
1792 2304 1536 1479 1121 1672
2048 2304 1536 1296 1121 1672
2304 2304 1536 1121 1121 1672
2560 2304 1536 952 1121 1672
2816 2304 1536 787 1121 1672
3072 2304 1536 625 1121 1672
3328 2304 1536 467 1121 1672
3584 2304 1536 310 1121 1672
3840 2304 1536 154 1121 1672
4095 2304 1536 0 1121 1672
0 2560 1536 3890 952 1672
256 2560 1536 3010 952 1672
512 2560 1536 2638 952 1672
768 2560 1536 2348 952 1672
1024 2560 1536 2100 952 1672
1280 2560 1536 1877 952 1672
1536 2560 1536 1672 952 1672
1792 2560 1536 1479 952 1672
2048 2560 1536 1296 952 1672
2304 2560 1536 1121 952 1672
2560 2560 1536 952 952 1672
2816 2560 1536 787 952 1672
3072 2560 1536 625 952 1672
3328 2560 1536 467 952 1672
3584 2560 1536 310 952 1672
3840 2560 1536 154 952 1672
4095 2560 1536 0 952 1672
0 2816 1536 3890 787 1672
256 2816 1536 3010 787 1672
512 2816 1536 2638 787 1672
768 2816 1536 2348 787 1672
1024 2816 1536 2100 787 1672
1280 2816 1536 1877 787 1672
1536 2816 1536 1672 787 1672
1792 2816 1536 1479 787 1672
2048 2816 1536 1296 787 1672
2304 2816 1536 1121 787 1672
2560 2816 1536 952 787 1672
2816 2816 1536 787 787 1672
3072 2816 1536 625 787 1672
3328 2816 1536 467 787 1672
3584 2816 1536 310 787 1672
3840 2816 1536 154 787 1672
4095 2816 1536 0 787 1672
0 3072 1536 3890 625 1672
256 3072 1536 3010 625 1672
512 3072 1536 2638 625 1672
768 3072 1536 2348 625 1672
1024 3072 1536 2100 625 1672
1280 3072 1536 1877 625 1672
1536 3072 1536 1672 625 1672
1792 3072 1536 1479 625 1672
2048 3072 1536 1296 625 1672
2304 3072 1536 1121 625 1672
2560 3072 1536 952 625 1672
2816 3072 1536 787 625 1672
3072 3072 1536 625 625 1672
3328 3072 1536 467 625 1672
3584 3072 1536 310 625 1672
3840 3072 1536 154 625 1672
4095 3072 1536 0 625 1672
0 3328 1536 3890 467 1672
256 3328 1536 3010 467 1672
512 3328 1536 2638 467 1672
768 3328 1536 2348 467 1672
1024 3328 1536 2100 467 1672
1280 3328 1536 1877 467 1672
1536 3328 1536 1672 467 1672
1792 3328 1536 1479 467 1672
2048 3328 1536 1296 467 1672
2304 3328 1536 1121 467 1672
2560 3328 1536 952 467 1672
2816 3328 1536 787 467 1672
3072 3328 1536 625 467 1672
3328 3328 1536 467 467 1672
3584 3328 1536 310 467 1672
3840 3328 1536 154 467 1672
4095 3328 1536 0 467 1672
0 3584 1536 3890 310 1672
256 3584 1536 3010 310 1672
512 3584 1536 2638 310 1672
768 3584 1536 2348 310 1672
1024 3584 1536 2100 310 1672
1280 3584 1536 1877 310 1672
1536 3584 1536 1672 310 1672
1792 3584 1536 1479 310 1672
2048 3584 1536 1296 310 1672
2304 3584 1536 1121 310 1672
2560 3584 1536 952 310 1672
2816 3584 1536 787 310 1672
3072 3584 1536 625 310 1672
3328 3584 1536 467 310 1672
3584 3584 1536 310 310 1672
3840 3584 1536 154 310 1672
4095 3584 1536 0 310 1672
0 3840 1536 3890 154 1672
256 3840 1536 3010 154 1672
512 3840 1536 2638 154 1672
768 3840 1536 2348 154 1672
1024 3840 1536 2100 154 1672
1280 3840 1536 1877 154 1672
1536 3840 1536 1672 154 1672
1792 3840 1536 1479 154 1672
2048 3840 1536 1296 154 1672
2304 3840 1536 1121 154 1672
2560 3840 1536 952 154 1672
2816 3840 1536 787 154 1672
3072 3840 1536 625 154 1672
3328 3840 1536 467 154 1672
3584 3840 1536 310 154 1672
3840 3840 1536 154 154 1672
4095 3840 1536 0 154 1672
0 4095 1536 3890 0 1672
256 4095 1536 3010 0 1672
512 4095 1536 2638 0 1672
768 4095 1536 2348 0 1672
1024 4095 1536 2100 0 1672
1280 4095 1536 1877 0 1672
1536 4095 1536 1672 0 1672
1792 4095 1536 1479 0 1672
2048 4095 1536 1296 0 1672
2304 4095 1536 1121 0 1672
2560 4095 1536 952 0 1672
2816 4095 1536 787 0 1672
3072 4095 1536 625 0 1672
3328 4095 1536 467 0 1672
3584 4095 1536 310 0 1672
3840 4095 1536 154 0 1672
4095 4095 1536 0 0 1672
0 0 1792 3890 3890 1479
256 0 1792 3010 3890 1479
512 0 1792 2638 3890 1479
768 0 1792 2348 3890 1479
1024 0 1792 2100 3890 1479
1280 0 1792 1877 3890 1479
1536 0 1792 1672 3890 1479
1792 0 1792 1479 3890 1479
2048 0 1792 1296 3890 1479
2304 0 1792 1121 3890 1479
2560 0 1792 952 3890 1479
2816 0 1792 787 3890 1479
3072 0 1792 625 3890 1479
3328 0 1792 467 3890 1479
3584 0 1792 310 3890 1479
3840 0 1792 154 3890 1479
4095 0 1792 0 3890 1479
0 256 1792 3890 3010 1479
256 256 1792 3010 3010 1479
512 256 1792 2638 3010 1479
768 256 1792 2348 3010 1479
1024 256 1792 2100 3010 1479
1280 256 1792 1877 3010 1479
1536 256 1792 1672 3010 1479
1792 256 1792 1479 3010 1479
2048 256 1792 1296 3010 1479
2304 256 1792 1121 3010 1479
2560 256 1792 952 3010 1479
2816 256 1792 787 3010 1479
3072 256 1792 625 3010 1479
3328 256 1792 467 3010 1479
3584 256 1792 310 3010 1479
3840 256 1792 154 3010 1479
4095 256 1792 0 3010 1479
0 512 1792 3890 2638 1479
256 512 1792 3010 2638 1479
512 512 1792 2638 2638 1479
768 512 1792 2348 2638 1479
1024 512 1792 2100 2638 1479
1280 512 1792 1877 2638 1479
1536 512 1792 1672 2638 1479
1792 512 1792 1479 2638 1479
2048 512 1792 1296 2638 1479
2304 512 1792 1121 2638 1479
2560 512 1792 952 2638 1479
2816 512 1792 787 2638 1479
3072 512 1792 625 2638 1479
3328 512 1792 467 2638 1479
3584 512 1792 310 2638 1479
3840 512 1792 154 2638 1479
4095 512 1792 0 2638 1479
0 768 1792 3890 2348 1479
256 768 1792 3010 2348 1479
512 768 1792 2638 2348 1479
768 768 1792 2348 2348 1479
1024 768 1792 2100 2348 1479
1280 768 1792 1877 2348 1479
1536 768 1792 1672 2348 1479
1792 768 1792 1479 2348 1479
2048 768 1792 1296 2348 1479
2304 768 1792 1121 2348 1479
2560 768 1792 952 2348 1479
2816 768 1792 787 2348 1479
3072 768 1792 625 2348 1479
3328 768 1792 467 2348 1479
3584 768 1792 310 2348 1479
3840 768 1792 154 2348 1479
4095 768 1792 0 2348 1479
0 1024 1792 3890 2100 1479
256 1024 1792 3010 2100 1479
512 1024 1792 2638 2100 1479
768 1024 1792 2348 2100 1479
1024 1024 1792 2100 2100 1479
1280 1024 1792 1877 2100 1479
1536 1024 1792 1672 2100 1479
1792 1024 1792 1479 2100 1479
2048 1024 1792 1296 2100 1479
2304 1024 1792 1121 2100 1479
2560 1024 1792 952 2100 1479
2816 1024 1792 787 2100 1479
3072 1024 1792 625 2100 1479
3328 1024 1792 467 2100 1479
3584 1024 1792 310 2100 1479
3840 1024 1792 154 2100 1479
4095 1024 1792 0 2100 1479
0 1280 1792 3890 1877 1479
256 1280 1792 3010 1877 1479
512 1280 1792 2638 1877 1479
768 1280 1792 2348 1877 1479
1024 1280 1792 2100 1877 1479
1280 1280 1792 1877 1877 1479
1536 1280 1792 1672 1877 1479
1792 1280 1792 1479 1877 1479
2048 1280 1792 1296 1877 1479
2304 1280 1792 1121 1877 1479
2560 1280 1792 952 1877 1479
2816 1280 1792 787 1877 1479
3072 1280 1792 625 1877 1479
3328 1280 1792 467 1877 1479
3584 1280 1792 310 1877 1479
3840 1280 1792 154 1877 1479
4095 1280 1792 0 1877 1479
0 1536 1792 3890 1672 1479
256 1536 1792 3010 1672 1479
512 1536 1792 2638 1672 1479
768 1536 1792 2348 1672 1479
1024 1536 1792 2100 1672 1479
1280 1536 1792 1877 1672 1479
1536 1536 1792 1672 1672 1479
1792 1536 1792 1479 1672 1479
2048 1536 1792 1296 1672 1479
2304 1536 1792 1121 1672 1479
2560 1536 1792 952 1672 1479
2816 1536 1792 787 1672 1479
3072 1536 1792 625 1672 1479
3328 1536 1792 467 1672 1479
3584 1536 1792 310 1672 1479
3840 1536 1792 154 1672 1479
4095 1536 1792 0 1672 1479
0 1792 1792 3890 1479 1479
256 1792 1792 3010 1479 1479
512 1792 1792 2638 1479 1479
768 1792 1792 2348 1479 1479
1024 1792 1792 2100 1479 1479
1280 1792 1792 1877 1479 1479
1536 1792 1792 1672 1479 1479
1792 1792 1792 1479 1479 1479
2048 1792 1792 1296 1479 1479
2304 1792 1792 1121 1479 1479
2560 1792 1792 952 1479 1479
2816 1792 1792 787 1479 1479
3072 1792 1792 625 1479 1479
3328 1792 1792 467 1479 1479
3584 1792 1792 310 1479 1479
3840 1792 1792 154 1479 1479
4095 1792 1792 0 1479 1479
0 2048 1792 3890 1296 1479
256 2048 1792 3010 1296 1479
512 2048 1792 2638 1296 1479
768 2048 1792 2348 1296 1479
1024 2048 1792 2100 1296 1479
1280 2048 1792 1877 1296 1479
1536 2048 1792 1672 1296 1479
1792 2048 1792 1479 1296 1479
2048 2048 1792 1296 1296 1479
2304 2048 1792 1121 1296 1479
2560 2048 1792 952 1296 1479
2816 2048 1792 787 1296 1479
3072 2048 1792 625 1296 1479
3328 2048 1792 467 1296 1479
3584 2048 1792 310 1296 1479
3840 2048 1792 154 1296 1479
4095 2048 1792 0 1296 1479
0 2304 1792 3890 1121 1479
256 2304 1792 3010 1121 1479
512 2304 1792 2638 1121 1479
768 2304 1792 2348 1121 1479
1024 2304 1792 2100 1121 1479
1280 2304 1792 1877 1121 1479
1536 2304 1792 1672 1121 1479
1792 2304 1792 1479 1121 1479
2048 2304 1792 1296 1121 1479
2304 2304 1792 1121 1121 1479
2560 2304 1792 952 1121 1479
2816 2304 1792 787 1121 1479
3072 2304 1792 625 1121 1479
3328 2304 1792 467 1121 1479
3584 2304 1792 310 1121 1479
3840 2304 1792 154 1121 1479
4095 2304 1792 0 1121 1479
0 2560 1792 3890 952 1479
256 2560 1792 3010 952 1479
512 2560 1792 2638 952 1479
768 2560 1792 2348 952 1479
1024 2560 1792 2100 952 1479
1280 2560 1792 1877 952 1479
1536 2560 1792 1672 952 1479
1792 2560 1792 1479 952 1479
2048 2560 1792 1296 952 1479
2304 2560 1792 1121 952 1479
2560 2560 1792 952 952 1479
2816 2560 1792 787 952 1479
3072 2560 1792 625 952 1479
3328 2560 1792 467 952 1479
3584 2560 1792 310 952 1479
3840 2560 1792 154 952 1479
4095 2560 1792 0 952 1479
0 2816 1792 3890 787 1479
256 2816 1792 3010 787 1479
512 2816 1792 2638 787 1479
768 2816 1792 2348 787 1479
1024 2816 1792 2100 787 1479
1280 2816 1792 1877 787 1479
1536 2816 1792 1672 787 1479
1792 2816 1792 1479 787 1479
2048 2816 1792 1296 787 1479
2304 2816 1792 1121 787 1479
2560 2816 1792 952 787 1479
2816 2816 1792 787 787 1479
3072 2816 1792 625 787 1479
3328 2816 1792 467 787 1479
3584 2816 1792 310 787 1479
3840 2816 1792 154 787 1479
4095 2816 1792 0 787 1479
0 3072 1792 3890 625 1479
256 3072 1792 3010 625 1479
512 3072 1792 2638 625 1479
768 3072 1792 2348 625 1479
1024 3072 1792 2100 625 1479
1280 3072 1792 1877 625 1479
1536 3072 1792 1672 625 1479
1792 3072 1792 1479 625 1479
2048 3072 1792 1296 625 1479
2304 3072 1792 1121 625 1479
2560 3072 1792 952 625 1479
2816 3072 1792 787 625 1479
3072 3072 1792 625 625 1479
3328 3072 1792 467 625 1479
3584 3072 1792 310 625 1479
3840 3072 1792 154 625 1479
4095 3072 1792 0 625 1479
0 3328 1792 3890 467 1479
256 3328 1792 3010 467 1479
512 3328 1792 2638 467 1479
768 3328 1792 2348 467 1479
1024 3328 1792 2100 467 1479
1280 3328 1792 1877 467 1479
1536 3328 1792 1672 467 1479
1792 3328 1792 1479 467 1479
2048 3328 1792 1296 467 1479
2304 3328 1792 1121 467 1479
2560 3328 1792 952 467 1479
2816 3328 1792 787 467 1479
3072 3328 1792 625 467 1479
3328 3328 1792 467 467 1479
3584 3328 1792 310 467 1479
3840 3328 1792 154 467 1479
4095 3328 1792 0 467 1479
0 3584 1792 3890 310 1479
256 3584 1792 3010 310 1479
512 3584 1792 2638 310 1479
768 3584 1792 2348 310 1479
1024 3584 1792 2100 310 1479
1280 3584 1792 1877 310 1479
1536 3584 1792 1672 310 1479
1792 3584 1792 1479 310 1479
2048 3584 1792 1296 310 1479
2304 3584 1792 1121 310 1479
2560 3584 1792 952 310 1479
2816 3584 1792 787 310 1479
3072 3584 1792 625 310 1479
3328 3584 1792 467 310 1479
3584 3584 1792 310 310 1479
3840 3584 1792 154 310 1479
4095 3584 1792 0 310 1479
0 3840 1792 3890 154 1479
256 3840 1792 3010 154 1479
512 3840 1792 2638 154 1479
768 3840 1792 2348 154 1479
1024 3840 1792 2100 154 1479
1280 3840 1792 1877 154 1479
1536 3840 1792 1672 154 1479
1792 3840 1792 1479 154 1479
2048 3840 1792 1296 154 1479
2304 3840 1792 1121 154 1479
2560 3840 1792 952 154 1479
2816 3840 1792 787 154 1479
3072 3840 1792 625 154 1479
3328 3840 1792 467 154 1479
3584 3840 1792 310 154 1479
3840 3840 1792 154 154 1479
4095 3840 1792 0 154 1479
0 4095 1792 3890 0 1479
256 4095 1792 3010 0 1479
512 4095 1792 2638 0 1479
768 4095 1792 2348 0 1479
1024 4095 1792 2100 0 1479
1280 4095 1792 1877 0 1479
1536 4095 1792 1672 0 1479
1792 4095 1792 1479 0 1479
2048 4095 1792 1296 0 1479
2304 4095 1792 1121 0 1479
2560 4095 1792 952 0 1479
2816 4095 1792 787 0 1479
3072 4095 1792 625 0 1479
3328 4095 1792 467 0 1479
3584 4095 1792 310 0 1479
3840 4095 1792 154 0 1479
4095 4095 1792 0 0 1479
0 0 2048 3890 3890 1296
256 0 2048 3010 3890 1296
512 0 2048 2638 3890 1296
768 0 2048 2348 3890 1296
1024 0 2048 2100 3890 1296
1280 0 2048 1877 3890 1296
1536 0 2048 1672 3890 1296
1792 0 2048 1479 3890 1296
2048 0 2048 1296 3890 1296
2304 0 2048 1121 3890 1296
2560 0 2048 952 3890 1296
2816 0 2048 787 3890 1296
3072 0 2048 625 3890 1296
3328 0 2048 467 3890 1296
3584 0 2048 310 3890 1296
3840 0 2048 154 3890 1296
4095 0 2048 0 3890 1296
0 256 2048 3890 3010 1296
256 256 2048 3010 3010 1296
512 256 2048 2638 3010 1296
768 256 2048 2348 3010 1296
1024 256 2048 2100 3010 1296
1280 256 2048 1877 3010 1296
1536 256 2048 1672 3010 1296
1792 256 2048 1479 3010 1296
2048 256 2048 1296 3010 1296
2304 256 2048 1121 3010 1296
2560 256 2048 952 3010 1296
2816 256 2048 787 3010 1296
3072 256 2048 625 3010 1296
3328 256 2048 467 3010 1296
3584 256 2048 310 3010 1296
3840 256 2048 154 3010 1296
4095 256 2048 0 3010 1296
0 512 2048 3890 2638 1296
256 512 2048 3010 2638 1296
512 512 2048 2638 2638 1296
768 512 2048 2348 2638 1296
1024 512 2048 2100 2638 1296
1280 512 2048 1877 2638 1296
1536 512 2048 1672 2638 1296
1792 512 2048 1479 2638 1296
2048 512 2048 1296 2638 1296
2304 512 2048 1121 2638 1296
2560 512 2048 952 2638 1296
2816 512 2048 787 2638 1296
3072 512 2048 625 2638 1296
3328 512 2048 467 2638 1296
3584 512 2048 310 2638 1296
3840 512 2048 154 2638 1296
4095 512 2048 0 2638 1296
0 768 2048 3890 2348 1296
256 768 2048 3010 2348 1296
512 768 2048 2638 2348 1296
768 768 2048 2348 2348 1296
1024 768 2048 2100 2348 1296
1280 768 2048 1877 2348 1296
1536 768 2048 1672 2348 1296
1792 768 2048 1479 2348 1296
2048 768 2048 1296 2348 1296
2304 768 2048 1121 2348 1296
2560 768 2048 952 2348 1296
2816 768 2048 787 2348 1296
3072 768 2048 625 2348 1296
3328 768 2048 467 2348 1296
3584 768 2048 310 2348 1296
3840 768 2048 154 2348 1296
4095 768 2048 0 2348 1296
0 1024 2048 3890 2100 1296
256 1024 2048 3010 2100 1296
512 1024 2048 2638 2100 1296
768 1024 2048 2348 2100 1296
1024 1024 2048 2100 2100 1296
1280 1024 2048 1877 2100 1296
1536 1024 2048 1672 2100 1296
1792 1024 2048 1479 2100 1296
2048 1024 2048 1296 2100 1296
2304 1024 2048 1121 2100 1296
2560 1024 2048 952 2100 1296
2816 1024 2048 787 2100 1296
3072 1024 2048 625 2100 1296
3328 1024 2048 467 2100 1296
3584 1024 2048 310 2100 1296
3840 1024 2048 154 2100 1296
4095 1024 2048 0 2100 1296
0 1280 2048 3890 1877 1296
256 1280 2048 3010 1877 1296
512 1280 2048 2638 1877 1296
768 1280 2048 2348 1877 1296
1024 1280 2048 2100 1877 1296
1280 1280 2048 1877 1877 1296
1536 1280 2048 1672 1877 1296
1792 1280 2048 1479 1877 1296
2048 1280 2048 1296 1877 1296
2304 1280 2048 1121 1877 1296
2560 1280 2048 952 1877 1296
2816 1280 2048 787 1877 1296
3072 1280 2048 625 1877 1296
3328 1280 2048 467 1877 1296
3584 1280 2048 310 1877 1296
3840 1280 2048 154 1877 1296
4095 1280 2048 0 1877 1296
0 1536 2048 3890 1672 1296
256 1536 2048 3010 1672 1296
512 1536 2048 2638 1672 1296
768 1536 2048 2348 1672 1296
1024 1536 2048 2100 1672 1296
1280 1536 2048 1877 1672 1296
1536 1536 2048 1672 1672 1296
1792 1536 2048 1479 1672 1296
2048 1536 2048 1296 1672 1296
2304 1536 2048 1121 1672 1296
2560 1536 2048 952 1672 1296
2816 1536 2048 787 1672 1296
3072 1536 2048 625 1672 1296
3328 1536 2048 467 1672 1296
3584 1536 2048 310 1672 1296
3840 1536 2048 154 1672 1296
4095 1536 2048 0 1672 1296
0 1792 2048 3890 1479 1296
256 1792 2048 3010 1479 1296
512 1792 2048 2638 1479 1296
768 1792 2048 2348 1479 1296
1024 1792 2048 2100 1479 1296
1280 1792 2048 1877 1479 1296
1536 1792 2048 1672 1479 1296
1792 1792 2048 1479 1479 1296
2048 1792 2048 1296 1479 1296
2304 1792 2048 1121 1479 1296
2560 1792 2048 952 1479 1296
2816 1792 2048 787 1479 1296
3072 1792 2048 625 1479 1296
3328 1792 2048 467 1479 1296
3584 1792 2048 310 1479 1296
3840 1792 2048 154 1479 1296
4095 1792 2048 0 1479 1296
0 2048 2048 3890 1296 1296
256 2048 2048 3010 1296 1296
512 2048 2048 2638 1296 1296
768 2048 2048 2348 1296 1296
1024 2048 2048 2100 1296 1296
1280 2048 2048 1877 1296 1296
1536 2048 2048 1672 1296 1296
1792 2048 2048 1479 1296 1296
2048 2048 2048 1296 1296 1296
2304 2048 2048 1121 1296 1296
2560 2048 2048 952 1296 1296
2816 2048 2048 787 1296 1296
3072 2048 2048 625 1296 1296
3328 2048 2048 467 1296 1296
3584 2048 2048 310 1296 1296
3840 2048 2048 154 1296 1296
4095 2048 2048 0 1296 1296
0 2304 2048 3890 1121 1296
256 2304 2048 3010 1121 1296
512 2304 2048 2638 1121 1296
768 2304 2048 2348 1121 1296
1024 2304 2048 2100 1121 1296
1280 2304 2048 1877 1121 1296
1536 2304 2048 1672 1121 1296
1792 2304 2048 1479 1121 1296
2048 2304 2048 1296 1121 1296
2304 2304 2048 1121 1121 1296
2560 2304 2048 952 1121 1296
2816 2304 2048 787 1121 1296
3072 2304 2048 625 1121 1296
3328 2304 2048 467 1121 1296
3584 2304 2048 310 1121 1296
3840 2304 2048 154 1121 1296
4095 2304 2048 0 1121 1296
0 2560 2048 3890 952 1296
256 2560 2048 3010 952 1296
512 2560 2048 2638 952 1296
768 2560 2048 2348 952 1296
1024 2560 2048 2100 952 1296
1280 2560 2048 1877 952 1296
1536 2560 2048 1672 952 1296
1792 2560 2048 1479 952 1296
2048 2560 2048 1296 952 1296
2304 2560 2048 1121 952 1296
2560 2560 2048 952 952 1296
2816 2560 2048 787 952 1296
3072 2560 2048 625 952 1296
3328 2560 2048 467 952 1296
3584 2560 2048 310 952 1296
3840 2560 2048 154 952 1296
4095 2560 2048 0 952 1296
0 2816 2048 3890 787 1296
256 2816 2048 3010 787 1296
512 2816 2048 2638 787 1296
768 2816 2048 2348 787 1296
1024 2816 2048 2100 787 1296
1280 2816 2048 1877 787 1296
1536 2816 2048 1672 787 1296
1792 2816 2048 1479 787 1296
2048 2816 2048 1296 787 1296
2304 2816 2048 1121 787 1296
2560 2816 2048 952 787 1296
2816 2816 2048 787 787 1296
3072 2816 2048 625 787 1296
3328 2816 2048 467 787 1296
3584 2816 2048 310 787 1296
3840 2816 2048 154 787 1296
4095 2816 2048 0 787 1296
0 3072 2048 3890 625 1296
256 3072 2048 3010 625 1296
512 3072 2048 2638 625 1296
768 3072 2048 2348 625 1296
1024 3072 2048 2100 625 1296
1280 3072 2048 1877 625 1296
1536 3072 2048 1672 625 1296
1792 3072 2048 1479 625 1296
2048 3072 2048 1296 625 1296
2304 3072 2048 1121 625 1296
2560 3072 2048 952 625 1296
2816 3072 2048 787 625 1296
3072 3072 2048 625 625 1296
3328 3072 2048 467 625 1296
3584 3072 2048 310 625 1296
3840 3072 2048 154 625 1296
4095 3072 2048 0 625 1296
0 3328 2048 3890 467 1296
256 3328 2048 3010 467 1296
512 3328 2048 2638 467 1296
768 3328 2048 2348 467 1296
1024 3328 2048 2100 467 1296
1280 3328 2048 1877 467 1296
1536 3328 2048 1672 467 1296
1792 3328 2048 1479 467 1296
2048 3328 2048 1296 467 1296
2304 3328 2048 1121 467 1296
2560 3328 2048 952 467 1296
2816 3328 2048 787 467 1296
3072 3328 2048 625 467 1296
3328 3328 2048 467 467 1296
3584 3328 2048 310 467 1296
3840 3328 2048 154 467 1296
4095 3328 2048 0 467 1296
0 3584 2048 3890 310 1296
256 3584 2048 3010 310 1296
512 3584 2048 2638 310 1296
768 3584 2048 2348 310 1296
1024 3584 2048 2100 310 1296
1280 3584 2048 1877 310 1296
1536 3584 2048 1672 310 1296
1792 3584 2048 1479 310 1296
2048 3584 2048 1296 310 1296
2304 3584 2048 1121 310 1296
2560 3584 2048 952 310 1296
2816 3584 2048 787 310 1296
3072 3584 2048 625 310 1296
3328 3584 2048 467 310 1296
3584 3584 2048 310 310 1296
3840 3584 2048 154 310 1296
4095 3584 2048 0 310 1296
0 3840 2048 3890 154 1296
256 3840 2048 3010 154 1296
512 3840 2048 2638 154 1296
768 3840 2048 2348 154 1296
1024 3840 2048 2100 154 1296
1280 3840 2048 1877 154 1296
1536 3840 2048 1672 154 1296
1792 3840 2048 1479 154 1296
2048 3840 2048 1296 154 1296
2304 3840 2048 1121 154 1296
2560 3840 2048 952 154 1296
2816 3840 2048 787 154 1296
3072 3840 2048 625 154 1296
3328 3840 2048 467 154 1296
3584 3840 2048 310 154 1296
3840 3840 2048 154 154 1296
4095 3840 2048 0 154 1296
0 4095 2048 3890 0 1296
256 4095 2048 3010 0 1296
512 4095 2048 2638 0 1296
768 4095 2048 2348 0 1296
1024 4095 2048 2100 0 1296
1280 4095 2048 1877 0 1296
1536 4095 2048 1672 0 1296
1792 4095 2048 1479 0 1296
2048 4095 2048 1296 0 1296
2304 4095 2048 1121 0 1296
2560 4095 2048 952 0 1296
2816 4095 2048 787 0 1296
3072 4095 2048 625 0 1296
3328 4095 2048 467 0 1296
3584 4095 2048 310 0 1296
3840 4095 2048 154 0 1296
4095 4095 2048 0 0 1296
0 0 2304 3890 3890 1121
256 0 2304 3010 3890 1121
512 0 2304 2638 3890 1121
768 0 2304 2348 3890 1121
1024 0 2304 2100 3890 1121
1280 0 2304 1877 3890 1121
1536 0 2304 1672 3890 1121
1792 0 2304 1479 3890 1121
2048 0 2304 1296 3890 1121
2304 0 2304 1121 3890 1121
2560 0 2304 952 3890 1121
2816 0 2304 787 3890 1121
3072 0 2304 625 3890 1121
3328 0 2304 467 3890 1121
3584 0 2304 310 3890 1121
3840 0 2304 154 3890 1121
4095 0 2304 0 3890 1121
0 256 2304 3890 3010 1121
256 256 2304 3010 3010 1121
512 256 2304 2638 3010 1121
768 256 2304 2348 3010 1121
1024 256 2304 2100 3010 1121
1280 256 2304 1877 3010 1121
1536 256 2304 1672 3010 1121
1792 256 2304 1479 3010 1121
2048 256 2304 1296 3010 1121
2304 256 2304 1121 3010 1121
2560 256 2304 952 3010 1121
2816 256 2304 787 3010 1121
3072 256 2304 625 3010 1121
3328 256 2304 467 3010 1121
3584 256 2304 310 3010 1121
3840 256 2304 154 3010 1121
4095 256 2304 0 3010 1121
0 512 2304 3890 2638 1121
256 512 2304 3010 2638 1121
512 512 2304 2638 2638 1121
768 512 2304 2348 2638 1121
1024 512 2304 2100 2638 1121
1280 512 2304 1877 2638 1121
1536 512 2304 1672 2638 1121
1792 512 2304 1479 2638 1121
2048 512 2304 1296 2638 1121
2304 512 2304 1121 2638 1121
2560 512 2304 952 2638 1121
2816 512 2304 787 2638 1121
3072 512 2304 625 2638 1121
3328 512 2304 467 2638 1121
3584 512 2304 310 2638 1121
3840 512 2304 154 2638 1121
4095 512 2304 0 2638 1121
0 768 2304 3890 2348 1121
256 768 2304 3010 2348 1121
512 768 2304 2638 2348 1121
768 768 2304 2348 2348 1121
1024 768 2304 2100 2348 1121
1280 768 2304 1877 2348 1121
1536 768 2304 1672 2348 1121
1792 768 2304 1479 2348 1121
2048 768 2304 1296 2348 1121
2304 768 2304 1121 2348 1121
2560 768 2304 952 2348 1121
2816 768 2304 787 2348 1121
3072 768 2304 625 2348 1121
3328 768 2304 467 2348 1121
3584 768 2304 310 2348 1121
3840 768 2304 154 2348 1121
4095 768 2304 0 2348 1121
0 1024 2304 3890 2100 1121
256 1024 2304 3010 2100 1121
512 1024 2304 2638 2100 1121
768 1024 2304 2348 2100 1121
1024 1024 2304 2100 2100 1121
1280 1024 2304 1877 2100 1121
1536 1024 2304 1672 2100 1121
1792 1024 2304 1479 2100 1121
2048 1024 2304 1296 2100 1121
2304 1024 2304 1121 2100 1121
2560 1024 2304 952 2100 1121
2816 1024 2304 787 2100 1121
3072 1024 2304 625 2100 1121
3328 1024 2304 467 2100 1121
3584 1024 2304 310 2100 1121
3840 1024 2304 154 2100 1121
4095 1024 2304 0 2100 1121
0 1280 2304 3890 1877 1121
256 1280 2304 3010 1877 1121
512 1280 2304 2638 1877 1121
768 1280 2304 2348 1877 1121
1024 1280 2304 2100 1877 1121
1280 1280 2304 1877 1877 1121
1536 1280 2304 1672 1877 1121
1792 1280 2304 1479 1877 1121
2048 1280 2304 1296 1877 1121
2304 1280 2304 1121 1877 1121
2560 1280 2304 952 1877 1121
2816 1280 2304 787 1877 1121
3072 1280 2304 625 1877 1121
3328 1280 2304 467 1877 1121
3584 1280 2304 310 1877 1121
3840 1280 2304 154 1877 1121
4095 1280 2304 0 1877 1121
0 1536 2304 3890 1672 1121
256 1536 2304 3010 1672 1121
512 1536 2304 2638 1672 1121
768 1536 2304 2348 1672 1121
1024 1536 2304 2100 1672 1121
1280 1536 2304 1877 1672 1121
1536 1536 2304 1672 1672 1121
1792 1536 2304 1479 1672 1121
2048 1536 2304 1296 1672 1121
2304 1536 2304 1121 1672 1121
2560 1536 2304 952 1672 1121
2816 1536 2304 787 1672 1121
3072 1536 2304 625 1672 1121
3328 1536 2304 467 1672 1121
3584 1536 2304 310 1672 1121
3840 1536 2304 154 1672 1121
4095 1536 2304 0 1672 1121
0 1792 2304 3890 1479 1121
256 1792 2304 3010 1479 1121
512 1792 2304 2638 1479 1121
768 1792 2304 2348 1479 1121
1024 1792 2304 2100 1479 1121
1280 1792 2304 1877 1479 1121
1536 1792 2304 1672 1479 1121
1792 1792 2304 1479 1479 1121
2048 1792 2304 1296 1479 1121
2304 1792 2304 1121 1479 1121
2560 1792 2304 952 1479 1121
2816 1792 2304 787 1479 1121
3072 1792 2304 625 1479 1121
3328 1792 2304 467 1479 1121
3584 1792 2304 310 1479 1121
3840 1792 2304 154 1479 1121
4095 1792 2304 0 1479 1121
0 2048 2304 3890 1296 1121
256 2048 2304 3010 1296 1121
512 2048 2304 2638 1296 1121
768 2048 2304 2348 1296 1121
1024 2048 2304 2100 1296 1121
1280 2048 2304 1877 1296 1121
1536 2048 2304 1672 1296 1121
1792 2048 2304 1479 1296 1121
2048 2048 2304 1296 1296 1121
2304 2048 2304 1121 1296 1121
2560 2048 2304 952 1296 1121
2816 2048 2304 787 1296 1121
3072 2048 2304 625 1296 1121
3328 2048 2304 467 1296 1121
3584 2048 2304 310 1296 1121
3840 2048 2304 154 1296 1121
4095 2048 2304 0 1296 1121
0 2304 2304 3890 1121 1121
256 2304 2304 3010 1121 1121
512 2304 2304 2638 1121 1121
768 2304 2304 2348 1121 1121
1024 2304 2304 2100 1121 1121
1280 2304 2304 1877 1121 1121
1536 2304 2304 1672 1121 1121
1792 2304 2304 1479 1121 1121
2048 2304 2304 1296 1121 1121
2304 2304 2304 1121 1121 1121
2560 2304 2304 952 1121 1121
2816 2304 2304 787 1121 1121
3072 2304 2304 625 1121 1121
3328 2304 2304 467 1121 1121
3584 2304 2304 310 1121 1121
3840 2304 2304 154 1121 1121
4095 2304 2304 0 1121 1121
0 2560 2304 3890 952 1121
256 2560 2304 3010 952 1121
512 2560 2304 2638 952 1121
768 2560 2304 2348 952 1121
1024 2560 2304 2100 952 1121
1280 2560 2304 1877 952 1121
1536 2560 2304 1672 952 1121
1792 2560 2304 1479 952 1121
2048 2560 2304 1296 952 1121
2304 2560 2304 1121 952 1121
2560 2560 2304 952 952 1121
2816 2560 2304 787 952 1121
3072 2560 2304 625 952 1121
3328 2560 2304 467 952 1121
3584 2560 2304 310 952 1121
3840 2560 2304 154 952 1121
4095 2560 2304 0 952 1121
0 2816 2304 3890 787 1121
256 2816 2304 3010 787 1121
512 2816 2304 2638 787 1121
768 2816 2304 2348 787 1121
1024 2816 2304 2100 787 1121
1280 2816 2304 1877 787 1121
1536 2816 2304 1672 787 1121
1792 2816 2304 1479 787 1121
2048 2816 2304 1296 787 1121
2304 2816 2304 1121 787 1121
2560 2816 2304 952 787 1121
2816 2816 2304 787 787 1121
3072 2816 2304 625 787 1121
3328 2816 2304 467 787 1121
3584 2816 2304 310 787 1121
3840 2816 2304 154 787 1121
4095 2816 2304 0 787 1121
0 3072 2304 3890 625 1121
256 3072 2304 3010 625 1121
512 3072 2304 2638 625 1121
768 3072 2304 2348 625 1121
1024 3072 2304 2100 625 1121
1280 3072 2304 1877 625 1121
1536 3072 2304 1672 625 1121
1792 3072 2304 1479 625 1121
2048 3072 2304 1296 625 1121
2304 3072 2304 1121 625 1121
2560 3072 2304 952 625 1121
2816 3072 2304 787 625 1121
3072 3072 2304 625 625 1121
3328 3072 2304 467 625 1121
3584 3072 2304 310 625 1121
3840 3072 2304 154 625 1121
4095 3072 2304 0 625 1121
0 3328 2304 3890 467 1121
256 3328 2304 3010 467 1121
512 3328 2304 2638 467 1121
768 3328 2304 2348 467 1121
1024 3328 2304 2100 467 1121
1280 3328 2304 1877 467 1121
1536 3328 2304 1672 467 1121
1792 3328 2304 1479 467 1121
2048 3328 2304 1296 467 1121
2304 3328 2304 1121 467 1121
2560 3328 2304 952 467 1121
2816 3328 2304 787 467 1121
3072 3328 2304 625 467 1121
3328 3328 2304 467 467 1121
3584 3328 2304 310 467 1121
3840 3328 2304 154 467 1121
4095 3328 2304 0 467 1121
0 3584 2304 3890 310 1121
256 3584 2304 3010 310 1121
512 3584 2304 2638 310 1121
768 3584 2304 2348 310 1121
1024 3584 2304 2100 310 1121
1280 3584 2304 1877 310 1121
1536 3584 2304 1672 310 1121
1792 3584 2304 1479 310 1121
2048 3584 2304 1296 310 1121
2304 3584 2304 1121 310 1121
2560 3584 2304 952 310 1121
2816 3584 2304 787 310 1121
3072 3584 2304 625 310 1121
3328 3584 2304 467 310 1121
3584 3584 2304 310 310 1121
3840 3584 2304 154 310 1121
4095 3584 2304 0 310 1121
0 3840 2304 3890 154 1121
256 3840 2304 3010 154 1121
512 3840 2304 2638 154 1121
768 3840 2304 2348 154 1121
1024 3840 2304 2100 154 1121
1280 3840 2304 1877 154 1121
1536 3840 2304 1672 154 1121
1792 3840 2304 1479 154 1121
2048 3840 2304 1296 154 1121
2304 3840 2304 1121 154 1121
2560 3840 2304 952 154 1121
2816 3840 2304 787 154 1121
3072 3840 2304 625 154 1121
3328 3840 2304 467 154 1121
3584 3840 2304 310 154 1121
3840 3840 2304 154 154 1121
4095 3840 2304 0 154 1121
0 4095 2304 3890 0 1121
256 4095 2304 3010 0 1121
512 4095 2304 2638 0 1121
768 4095 2304 2348 0 1121
1024 4095 2304 2100 0 1121
1280 4095 2304 1877 0 1121
1536 4095 2304 1672 0 1121
1792 4095 2304 1479 0 1121
2048 4095 2304 1296 0 1121
2304 4095 2304 1121 0 1121
2560 4095 2304 952 0 1121
2816 4095 2304 787 0 1121
3072 4095 2304 625 0 1121
3328 4095 2304 467 0 1121
3584 4095 2304 310 0 1121
3840 4095 2304 154 0 1121
4095 4095 2304 0 0 1121
0 0 2560 3890 3890 952
256 0 2560 3010 3890 952
512 0 2560 2638 3890 952
768 0 2560 2348 3890 952
1024 0 2560 2100 3890 952
1280 0 2560 1877 3890 952
1536 0 2560 1672 3890 952
1792 0 2560 1479 3890 952
2048 0 2560 1296 3890 952
2304 0 2560 1121 3890 952
2560 0 2560 952 3890 952
2816 0 2560 787 3890 952
3072 0 2560 625 3890 952
3328 0 2560 467 3890 952
3584 0 2560 310 3890 952
3840 0 2560 154 3890 952
4095 0 2560 0 3890 952
0 256 2560 3890 3010 952
256 256 2560 3010 3010 952
512 256 2560 2638 3010 952
768 256 2560 2348 3010 952
1024 256 2560 2100 3010 952
1280 256 2560 1877 3010 952
1536 256 2560 1672 3010 952
1792 256 2560 1479 3010 952
2048 256 2560 1296 3010 952
2304 256 2560 1121 3010 952
2560 256 2560 952 3010 952
2816 256 2560 787 3010 952
3072 256 2560 625 3010 952
3328 256 2560 467 3010 952
3584 256 2560 310 3010 952
3840 256 2560 154 3010 952
4095 256 2560 0 3010 952
0 512 2560 3890 2638 952
256 512 2560 3010 2638 952
512 512 2560 2638 2638 952
768 512 2560 2348 2638 952
1024 512 2560 2100 2638 952
1280 512 2560 1877 2638 952
1536 512 2560 1672 2638 952
1792 512 2560 1479 2638 952
2048 512 2560 1296 2638 952
2304 512 2560 1121 2638 952
2560 512 2560 952 2638 952
2816 512 2560 787 2638 952
3072 512 2560 625 2638 952
3328 512 2560 467 2638 952
3584 512 2560 310 2638 952
3840 512 2560 154 2638 952
4095 512 2560 0 2638 952
0 768 2560 3890 2348 952
256 768 2560 3010 2348 952
512 768 2560 2638 2348 952
768 768 2560 2348 2348 952
1024 768 2560 2100 2348 952
1280 768 2560 1877 2348 952
1536 768 2560 1672 2348 952
1792 768 2560 1479 2348 952
2048 768 2560 1296 2348 952
2304 768 2560 1121 2348 952
2560 768 2560 952 2348 952
2816 768 2560 787 2348 952
3072 768 2560 625 2348 952
3328 768 2560 467 2348 952
3584 768 2560 310 2348 952
3840 768 2560 154 2348 952
4095 768 2560 0 2348 952
0 1024 2560 3890 2100 952
256 1024 2560 3010 2100 952
512 1024 2560 2638 2100 952
768 1024 2560 2348 2100 952
1024 1024 2560 2100 2100 952
1280 1024 2560 1877 2100 952
1536 1024 2560 1672 2100 952
1792 1024 2560 1479 2100 952
2048 1024 2560 1296 2100 952
2304 1024 2560 1121 2100 952
2560 1024 2560 952 2100 952
2816 1024 2560 787 2100 952
3072 1024 2560 625 2100 952
3328 1024 2560 467 2100 952
3584 1024 2560 310 2100 952
3840 1024 2560 154 2100 952
4095 1024 2560 0 2100 952
0 1280 2560 3890 1877 952
256 1280 2560 3010 1877 952
512 1280 2560 2638 1877 952
768 1280 2560 2348 1877 952
1024 1280 2560 2100 1877 952
1280 1280 2560 1877 1877 952
1536 1280 2560 1672 1877 952
1792 1280 2560 1479 1877 952
2048 1280 2560 1296 1877 952
2304 1280 2560 1121 1877 952
2560 1280 2560 952 1877 952
2816 1280 2560 787 1877 952
3072 1280 2560 625 1877 952
3328 1280 2560 467 1877 952
3584 1280 2560 310 1877 952
3840 1280 2560 154 1877 952
4095 1280 2560 0 1877 952
0 1536 2560 3890 1672 952
256 1536 2560 3010 1672 952
512 1536 2560 2638 1672 952
768 1536 2560 2348 1672 952
1024 1536 2560 2100 1672 952
1280 1536 2560 1877 1672 952
1536 1536 2560 1672 1672 952
1792 1536 2560 1479 1672 952
2048 1536 2560 1296 1672 952
2304 1536 2560 1121 1672 952
2560 1536 2560 952 1672 952
2816 1536 2560 787 1672 952
3072 1536 2560 625 1672 952
3328 1536 2560 467 1672 952
3584 1536 2560 310 1672 952
3840 1536 2560 154 1672 952
4095 1536 2560 0 1672 952
0 1792 2560 3890 1479 952
256 1792 2560 3010 1479 952
512 1792 2560 2638 1479 952
768 1792 2560 2348 1479 952
1024 1792 2560 2100 1479 952
1280 1792 2560 1877 1479 952
1536 1792 2560 1672 1479 952
1792 1792 2560 1479 1479 952
2048 1792 2560 1296 1479 952
2304 1792 2560 1121 1479 952
2560 1792 2560 952 1479 952
2816 1792 2560 787 1479 952
3072 1792 2560 625 1479 952
3328 1792 2560 467 1479 952
3584 1792 2560 310 1479 952
3840 1792 2560 154 1479 952
4095 1792 2560 0 1479 952
0 2048 2560 3890 1296 952
256 2048 2560 3010 1296 952
512 2048 2560 2638 1296 952
768 2048 2560 2348 1296 952
1024 2048 2560 2100 1296 952
1280 2048 2560 1877 1296 952
1536 2048 2560 1672 1296 952
1792 2048 2560 1479 1296 952
2048 2048 2560 1296 1296 952
2304 2048 2560 1121 1296 952
2560 2048 2560 952 1296 952
2816 2048 2560 787 1296 952
3072 2048 2560 625 1296 952
3328 2048 2560 467 1296 952
3584 2048 2560 310 1296 952
3840 2048 2560 154 1296 952
4095 2048 2560 0 1296 952
0 2304 2560 3890 1121 952
256 2304 2560 3010 1121 952
512 2304 2560 2638 1121 952
768 2304 2560 2348 1121 952
1024 2304 2560 2100 1121 952
1280 2304 2560 1877 1121 952
1536 2304 2560 1672 1121 952
1792 2304 2560 1479 1121 952
2048 2304 2560 1296 1121 952
2304 2304 2560 1121 1121 952
2560 2304 2560 952 1121 952
2816 2304 2560 787 1121 952
3072 2304 2560 625 1121 952
3328 2304 2560 467 1121 952
3584 2304 2560 310 1121 952
3840 2304 2560 154 1121 952
4095 2304 2560 0 1121 952
0 2560 2560 3890 952 952
256 2560 2560 3010 952 952
512 2560 2560 2638 952 952
768 2560 2560 2348 952 952
1024 2560 2560 2100 952 952
1280 2560 2560 1877 952 952
1536 2560 2560 1672 952 952
1792 2560 2560 1479 952 952
2048 2560 2560 1296 952 952
2304 2560 2560 1121 952 952
2560 2560 2560 952 952 952
2816 2560 2560 787 952 952
3072 2560 2560 625 952 952
3328 2560 2560 467 952 952
3584 2560 2560 310 952 952
3840 2560 2560 154 952 952
4095 2560 2560 0 952 952
0 2816 2560 3890 787 952
256 2816 2560 3010 787 952
512 2816 2560 2638 787 952
768 2816 2560 2348 787 952
1024 2816 2560 2100 787 952
1280 2816 2560 1877 787 952
1536 2816 2560 1672 787 952
1792 2816 2560 1479 787 952
2048 2816 2560 1296 787 952
2304 2816 2560 1121 787 952
2560 2816 2560 952 787 952
2816 2816 2560 787 787 952
3072 2816 2560 625 787 952
3328 2816 2560 467 787 952
3584 2816 2560 310 787 952
3840 2816 2560 154 787 952
4095 2816 2560 0 787 952
0 3072 2560 3890 625 952
256 3072 2560 3010 625 952
512 3072 2560 2638 625 952
768 3072 2560 2348 625 952
1024 3072 2560 2100 625 952
1280 3072 2560 1877 625 952
1536 3072 2560 1672 625 952
1792 3072 2560 1479 625 952
2048 3072 2560 1296 625 952
2304 3072 2560 1121 625 952
2560 3072 2560 952 625 952
2816 3072 2560 787 625 952
3072 3072 2560 625 625 952
3328 3072 2560 467 625 952
3584 3072 2560 310 625 952
3840 3072 2560 154 625 952
4095 3072 2560 0 625 952
0 3328 2560 3890 467 952
256 3328 2560 3010 467 952
512 3328 2560 2638 467 952
768 3328 2560 2348 467 952
1024 3328 2560 2100 467 952
1280 3328 2560 1877 467 952
1536 3328 2560 1672 467 952
1792 3328 2560 1479 467 952
2048 3328 2560 1296 467 952
2304 3328 2560 1121 467 952
2560 3328 2560 952 467 952
2816 3328 2560 787 467 952
3072 3328 2560 625 467 952
3328 3328 2560 467 467 952
3584 3328 2560 310 467 952
3840 3328 2560 154 467 952
4095 3328 2560 0 467 952
0 3584 2560 3890 310 952
256 3584 2560 3010 310 952
512 3584 2560 2638 310 952
768 3584 2560 2348 310 952
1024 3584 2560 2100 310 952
1280 3584 2560 1877 310 952
1536 3584 2560 1672 310 952
1792 3584 2560 1479 310 952
2048 3584 2560 1296 310 952
2304 3584 2560 1121 310 952
2560 3584 2560 952 310 952
2816 3584 2560 787 310 952
3072 3584 2560 625 310 952
3328 3584 2560 467 310 952
3584 3584 2560 310 310 952
3840 3584 2560 154 310 952
4095 3584 2560 0 310 952
0 3840 2560 3890 154 952
256 3840 2560 3010 154 952
512 3840 2560 2638 154 952
768 3840 2560 2348 154 952
1024 3840 2560 2100 154 952
1280 3840 2560 1877 154 952
1536 3840 2560 1672 154 952
1792 3840 2560 1479 154 952
2048 3840 2560 1296 154 952
2304 3840 2560 1121 154 952
2560 3840 2560 952 154 952
2816 3840 2560 787 154 952
3072 3840 2560 625 154 952
3328 3840 2560 467 154 952
3584 3840 2560 310 154 952
3840 3840 2560 154 154 952
4095 3840 2560 0 154 952
0 4095 2560 3890 0 952
256 4095 2560 3010 0 952
512 4095 2560 2638 0 952
768 4095 2560 2348 0 952
1024 4095 2560 2100 0 952
1280 4095 2560 1877 0 952
1536 4095 2560 1672 0 952
1792 4095 2560 1479 0 952
2048 4095 2560 1296 0 952
2304 4095 2560 1121 0 952
2560 4095 2560 952 0 952
2816 4095 2560 787 0 952
3072 4095 2560 625 0 952
3328 4095 2560 467 0 952
3584 4095 2560 310 0 952
3840 4095 2560 154 0 952
4095 4095 2560 0 0 952
0 0 2816 3890 3890 787
256 0 2816 3010 3890 787
512 0 2816 2638 3890 787
768 0 2816 2348 3890 787
1024 0 2816 2100 3890 787
1280 0 2816 1877 3890 787
1536 0 2816 1672 3890 787
1792 0 2816 1479 3890 787
2048 0 2816 1296 3890 787
2304 0 2816 1121 3890 787
2560 0 2816 952 3890 787
2816 0 2816 787 3890 787
3072 0 2816 625 3890 787
3328 0 2816 467 3890 787
3584 0 2816 310 3890 787
3840 0 2816 154 3890 787
4095 0 2816 0 3890 787
0 256 2816 3890 3010 787
256 256 2816 3010 3010 787
512 256 2816 2638 3010 787
768 256 2816 2348 3010 787
1024 256 2816 2100 3010 787
1280 256 2816 1877 3010 787
1536 256 2816 1672 3010 787
1792 256 2816 1479 3010 787
2048 256 2816 1296 3010 787
2304 256 2816 1121 3010 787
2560 256 2816 952 3010 787
2816 256 2816 787 3010 787
3072 256 2816 625 3010 787
3328 256 2816 467 3010 787
3584 256 2816 310 3010 787
3840 256 2816 154 3010 787
4095 256 2816 0 3010 787
0 512 2816 3890 2638 787
256 512 2816 3010 2638 787
512 512 2816 2638 2638 787
768 512 2816 2348 2638 787
1024 512 2816 2100 2638 787
1280 512 2816 1877 2638 787
1536 512 2816 1672 2638 787
1792 512 2816 1479 2638 787
2048 512 2816 1296 2638 787
2304 512 2816 1121 2638 787
2560 512 2816 952 2638 787
2816 512 2816 787 2638 787
3072 512 2816 625 2638 787
3328 512 2816 467 2638 787
3584 512 2816 310 2638 787
3840 512 2816 154 2638 787
4095 512 2816 0 2638 787
0 768 2816 3890 2348 787
256 768 2816 3010 2348 787
512 768 2816 2638 2348 787
768 768 2816 2348 2348 787
1024 768 2816 2100 2348 787
1280 768 2816 1877 2348 787
1536 768 2816 1672 2348 787
1792 768 2816 1479 2348 787
2048 768 2816 1296 2348 787
2304 768 2816 1121 2348 787
2560 768 2816 952 2348 787
2816 768 2816 787 2348 787
3072 768 2816 625 2348 787
3328 768 2816 467 2348 787
3584 768 2816 310 2348 787
3840 768 2816 154 2348 787
4095 768 2816 0 2348 787
0 1024 2816 3890 2100 787
256 1024 2816 3010 2100 787
512 1024 2816 2638 2100 787
768 1024 2816 2348 2100 787
1024 1024 2816 2100 2100 787
1280 1024 2816 1877 2100 787
1536 1024 2816 1672 2100 787
1792 1024 2816 1479 2100 787
2048 1024 2816 1296 2100 787
2304 1024 2816 1121 2100 787
2560 1024 2816 952 2100 787
2816 1024 2816 787 2100 787
3072 1024 2816 625 2100 787
3328 1024 2816 467 2100 787
3584 1024 2816 310 2100 787
3840 1024 2816 154 2100 787
4095 1024 2816 0 2100 787
0 1280 2816 3890 1877 787
256 1280 2816 3010 1877 787
512 1280 2816 2638 1877 787
768 1280 2816 2348 1877 787
1024 1280 2816 2100 1877 787
1280 1280 2816 1877 1877 787
1536 1280 2816 1672 1877 787
1792 1280 2816 1479 1877 787
2048 1280 2816 1296 1877 787
2304 1280 2816 1121 1877 787
2560 1280 2816 952 1877 787
2816 1280 2816 787 1877 787
3072 1280 2816 625 1877 787
3328 1280 2816 467 1877 787
3584 1280 2816 310 1877 787
3840 1280 2816 154 1877 787
4095 1280 2816 0 1877 787
0 1536 2816 3890 1672 787
256 1536 2816 3010 1672 787
512 1536 2816 2638 1672 787
768 1536 2816 2348 1672 787
1024 1536 2816 2100 1672 787
1280 1536 2816 1877 1672 787
1536 1536 2816 1672 1672 787
1792 1536 2816 1479 1672 787
2048 1536 2816 1296 1672 787
2304 1536 2816 1121 1672 787
2560 1536 2816 952 1672 787
2816 1536 2816 787 1672 787
3072 1536 2816 625 1672 787
3328 1536 2816 467 1672 787
3584 1536 2816 310 1672 787
3840 1536 2816 154 1672 787
4095 1536 2816 0 1672 787
0 1792 2816 3890 1479 787
256 1792 2816 3010 1479 787
512 1792 2816 2638 1479 787
768 1792 2816 2348 1479 787
1024 1792 2816 2100 1479 787
1280 1792 2816 1877 1479 787
1536 1792 2816 1672 1479 787
1792 1792 2816 1479 1479 787
2048 1792 2816 1296 1479 787
2304 1792 2816 1121 1479 787
2560 1792 2816 952 1479 787
2816 1792 2816 787 1479 787
3072 1792 2816 625 1479 787
3328 1792 2816 467 1479 787
3584 1792 2816 310 1479 787
3840 1792 2816 154 1479 787
4095 1792 2816 0 1479 787
0 2048 2816 3890 1296 787
256 2048 2816 3010 1296 787
512 2048 2816 2638 1296 787
768 2048 2816 2348 1296 787
1024 2048 2816 2100 1296 787
1280 2048 2816 1877 1296 787
1536 2048 2816 1672 1296 787
1792 2048 2816 1479 1296 787
2048 2048 2816 1296 1296 787
2304 2048 2816 1121 1296 787
2560 2048 2816 952 1296 787
2816 2048 2816 787 1296 787
3072 2048 2816 625 1296 787
3328 2048 2816 467 1296 787
3584 2048 2816 310 1296 787
3840 2048 2816 154 1296 787
4095 2048 2816 0 1296 787
0 2304 2816 3890 1121 787
256 2304 2816 3010 1121 787
512 2304 2816 2638 1121 787
768 2304 2816 2348 1121 787
1024 2304 2816 2100 1121 787
1280 2304 2816 1877 1121 787
1536 2304 2816 1672 1121 787
1792 2304 2816 1479 1121 787
2048 2304 2816 1296 1121 787
2304 2304 2816 1121 1121 787
2560 2304 2816 952 1121 787
2816 2304 2816 787 1121 787
3072 2304 2816 625 1121 787
3328 2304 2816 467 1121 787
3584 2304 2816 310 1121 787
3840 2304 2816 154 1121 787
4095 2304 2816 0 1121 787
0 2560 2816 3890 952 787
256 2560 2816 3010 952 787
512 2560 2816 2638 952 787
768 2560 2816 2348 952 787
1024 2560 2816 2100 952 787
1280 2560 2816 1877 952 787
1536 2560 2816 1672 952 787
1792 2560 2816 1479 952 787
2048 2560 2816 1296 952 787
2304 2560 2816 1121 952 787
2560 2560 2816 952 952 787
2816 2560 2816 787 952 787
3072 2560 2816 625 952 787
3328 2560 2816 467 952 787
3584 2560 2816 310 952 787
3840 2560 2816 154 952 787
4095 2560 2816 0 952 787
0 2816 2816 3890 787 787
256 2816 2816 3010 787 787
512 2816 2816 2638 787 787
768 2816 2816 2348 787 787
1024 2816 2816 2100 787 787
1280 2816 2816 1877 787 787
1536 2816 2816 1672 787 787
1792 2816 2816 1479 787 787
2048 2816 2816 1296 787 787
2304 2816 2816 1121 787 787
2560 2816 2816 952 787 787
2816 2816 2816 787 787 787
3072 2816 2816 625 787 787
3328 2816 2816 467 787 787
3584 2816 2816 310 787 787
3840 2816 2816 154 787 787
4095 2816 2816 0 787 787
0 3072 2816 3890 625 787
256 3072 2816 3010 625 787
512 3072 2816 2638 625 787
768 3072 2816 2348 625 787
1024 3072 2816 2100 625 787
1280 3072 2816 1877 625 787
1536 3072 2816 1672 625 787
1792 3072 2816 1479 625 787
2048 3072 2816 1296 625 787
2304 3072 2816 1121 625 787
2560 3072 2816 952 625 787
2816 3072 2816 787 625 787
3072 3072 2816 625 625 787
3328 3072 2816 467 625 787
3584 3072 2816 310 625 787
3840 3072 2816 154 625 787
4095 3072 2816 0 625 787
0 3328 2816 3890 467 787
256 3328 2816 3010 467 787
512 3328 2816 2638 467 787
768 3328 2816 2348 467 787
1024 3328 2816 2100 467 787
1280 3328 2816 1877 467 787
1536 3328 2816 1672 467 787
1792 3328 2816 1479 467 787
2048 3328 2816 1296 467 787
2304 3328 2816 1121 467 787
2560 3328 2816 952 467 787
2816 3328 2816 787 467 787
3072 3328 2816 625 467 787
3328 3328 2816 467 467 787
3584 3328 2816 310 467 787
3840 3328 2816 154 467 787
4095 3328 2816 0 467 787
0 3584 2816 3890 310 787
256 3584 2816 3010 310 787
512 3584 2816 2638 310 787
768 3584 2816 2348 310 787
1024 3584 2816 2100 310 787
1280 3584 2816 1877 310 787
1536 3584 2816 1672 310 787
1792 3584 2816 1479 310 787
2048 3584 2816 1296 310 787
2304 3584 2816 1121 310 787
2560 3584 2816 952 310 787
2816 3584 2816 787 310 787
3072 3584 2816 625 310 787
3328 3584 2816 467 310 787
3584 3584 2816 310 310 787
3840 3584 2816 154 310 787
4095 3584 2816 0 310 787
0 3840 2816 3890 154 787
256 3840 2816 3010 154 787
512 3840 2816 2638 154 787
768 3840 2816 2348 154 787
1024 3840 2816 2100 154 787
1280 3840 2816 1877 154 787
1536 3840 2816 1672 154 787
1792 3840 2816 1479 154 787
2048 3840 2816 1296 154 787
2304 3840 2816 1121 154 787
2560 3840 2816 952 154 787
2816 3840 2816 787 154 787
3072 3840 2816 625 154 787
3328 3840 2816 467 154 787
3584 3840 2816 310 154 787
3840 3840 2816 154 154 787
4095 3840 2816 0 154 787
0 4095 2816 3890 0 787
256 4095 2816 3010 0 787
512 4095 2816 2638 0 787
768 4095 2816 2348 0 787
1024 4095 2816 2100 0 787
1280 4095 2816 1877 0 787
1536 4095 2816 1672 0 787
1792 4095 2816 1479 0 787
2048 4095 2816 1296 0 787
2304 4095 2816 1121 0 787
2560 4095 2816 952 0 787
2816 4095 2816 787 0 787
3072 4095 2816 625 0 787
3328 4095 2816 467 0 787
3584 4095 2816 310 0 787
3840 4095 2816 154 0 787
4095 4095 2816 0 0 787
0 0 3072 3890 3890 625
256 0 3072 3010 3890 625
512 0 3072 2638 3890 625
768 0 3072 2348 3890 625
1024 0 3072 2100 3890 625
1280 0 3072 1877 3890 625
1536 0 3072 1672 3890 625
1792 0 3072 1479 3890 625
2048 0 3072 1296 3890 625
2304 0 3072 1121 3890 625
2560 0 3072 952 3890 625
2816 0 3072 787 3890 625
3072 0 3072 625 3890 625
3328 0 3072 467 3890 625
3584 0 3072 310 3890 625
3840 0 3072 154 3890 625
4095 0 3072 0 3890 625
0 256 3072 3890 3010 625
256 256 3072 3010 3010 625
512 256 3072 2638 3010 625
768 256 3072 2348 3010 625
1024 256 3072 2100 3010 625
1280 256 3072 1877 3010 625
1536 256 3072 1672 3010 625
1792 256 3072 1479 3010 625
2048 256 3072 1296 3010 625
2304 256 3072 1121 3010 625
2560 256 3072 952 3010 625
2816 256 3072 787 3010 625
3072 256 3072 625 3010 625
3328 256 3072 467 3010 625
3584 256 3072 310 3010 625
3840 256 3072 154 3010 625
4095 256 3072 0 3010 625
0 512 3072 3890 2638 625
256 512 3072 3010 2638 625
512 512 3072 2638 2638 625
768 512 3072 2348 2638 625
1024 512 3072 2100 2638 625
1280 512 3072 1877 2638 625
1536 512 3072 1672 2638 625
1792 512 3072 1479 2638 625
2048 512 3072 1296 2638 625
2304 512 3072 1121 2638 625
2560 512 3072 952 2638 625
2816 512 3072 787 2638 625
3072 512 3072 625 2638 625
3328 512 3072 467 2638 625
3584 512 3072 310 2638 625
3840 512 3072 154 2638 625
4095 512 3072 0 2638 625
0 768 3072 3890 2348 625
256 768 3072 3010 2348 625
512 768 3072 2638 2348 625
768 768 3072 2348 2348 625
1024 768 3072 2100 2348 625
1280 768 3072 1877 2348 625
1536 768 3072 1672 2348 625
1792 768 3072 1479 2348 625
2048 768 3072 1296 2348 625
2304 768 3072 1121 2348 625
2560 768 3072 952 2348 625
2816 768 3072 787 2348 625
3072 768 3072 625 2348 625
3328 768 3072 467 2348 625
3584 768 3072 310 2348 625
3840 768 3072 154 2348 625
4095 768 3072 0 2348 625
0 1024 3072 3890 2100 625
256 1024 3072 3010 2100 625
512 1024 3072 2638 2100 625
768 1024 3072 2348 2100 625
1024 1024 3072 2100 2100 625
1280 1024 3072 1877 2100 625
1536 1024 3072 1672 2100 625
1792 1024 3072 1479 2100 625
2048 1024 3072 1296 2100 625
2304 1024 3072 1121 2100 625
2560 1024 3072 952 2100 625
2816 1024 3072 787 2100 625
3072 1024 3072 625 2100 625
3328 1024 3072 467 2100 625
3584 1024 3072 310 2100 625
3840 1024 3072 154 2100 625
4095 1024 3072 0 2100 625
0 1280 3072 3890 1877 625
256 1280 3072 3010 1877 625
512 1280 3072 2638 1877 625
768 1280 3072 2348 1877 625
1024 1280 3072 2100 1877 625
1280 1280 3072 1877 1877 625
1536 1280 3072 1672 1877 625
1792 1280 3072 1479 1877 625
2048 1280 3072 1296 1877 625
2304 1280 3072 1121 1877 625
2560 1280 3072 952 1877 625
2816 1280 3072 787 1877 625
3072 1280 3072 625 1877 625
3328 1280 3072 467 1877 625
3584 1280 3072 310 1877 625
3840 1280 3072 154 1877 625
4095 1280 3072 0 1877 625
0 1536 3072 3890 1672 625
256 1536 3072 3010 1672 625
512 1536 3072 2638 1672 625
768 1536 3072 2348 1672 625
1024 1536 3072 2100 1672 625
1280 1536 3072 1877 1672 625
1536 1536 3072 1672 1672 625
1792 1536 3072 1479 1672 625
2048 1536 3072 1296 1672 625
2304 1536 3072 1121 1672 625
2560 1536 3072 952 1672 625
2816 1536 3072 787 1672 625
3072 1536 3072 625 1672 625
3328 1536 3072 467 1672 625
3584 1536 3072 310 1672 625
3840 1536 3072 154 1672 625
4095 1536 3072 0 1672 625
0 1792 3072 3890 1479 625
256 1792 3072 3010 1479 625
512 1792 3072 2638 1479 625
768 1792 3072 2348 1479 625
1024 1792 3072 2100 1479 625
1280 1792 3072 1877 1479 625
1536 1792 3072 1672 1479 625
1792 1792 3072 1479 1479 625
2048 1792 3072 1296 1479 625
2304 1792 3072 1121 1479 625
2560 1792 3072 952 1479 625
2816 1792 3072 787 1479 625
3072 1792 3072 625 1479 625
3328 1792 3072 467 1479 625
3584 1792 3072 310 1479 625
3840 1792 3072 154 1479 625
4095 1792 3072 0 1479 625
0 2048 3072 3890 1296 625
256 2048 3072 3010 1296 625
512 2048 3072 2638 1296 625
768 2048 3072 2348 1296 625
1024 2048 3072 2100 1296 625
1280 2048 3072 1877 1296 625
1536 2048 3072 1672 1296 625
1792 2048 3072 1479 1296 625
2048 2048 3072 1296 1296 625
2304 2048 3072 1121 1296 625
2560 2048 3072 952 1296 625
2816 2048 3072 787 1296 625
3072 2048 3072 625 1296 625
3328 2048 3072 467 1296 625
3584 2048 3072 310 1296 625
3840 2048 3072 154 1296 625
4095 2048 3072 0 1296 625
0 2304 3072 3890 1121 625
256 2304 3072 3010 1121 625
512 2304 3072 2638 1121 625
768 2304 3072 2348 1121 625
1024 2304 3072 2100 1121 625
1280 2304 3072 1877 1121 625
1536 2304 3072 1672 1121 625
1792 2304 3072 1479 1121 625
2048 2304 3072 1296 1121 625
2304 2304 3072 1121 1121 625
2560 2304 3072 952 1121 625
2816 2304 3072 787 1121 625
3072 2304 3072 625 1121 625
3328 2304 3072 467 1121 625
3584 2304 3072 310 1121 625
3840 2304 3072 154 1121 625
4095 2304 3072 0 1121 625
0 2560 3072 3890 952 625
256 2560 3072 3010 952 625
512 2560 3072 2638 952 625
768 2560 3072 2348 952 625
1024 2560 3072 2100 952 625
1280 2560 3072 1877 952 625
1536 2560 3072 1672 952 625
1792 2560 3072 1479 952 625
2048 2560 3072 1296 952 625
2304 2560 3072 1121 952 625
2560 2560 3072 952 952 625
2816 2560 3072 787 952 625
3072 2560 3072 625 952 625
3328 2560 3072 467 952 625
3584 2560 3072 310 952 625
3840 2560 3072 154 952 625
4095 2560 3072 0 952 625
0 2816 3072 3890 787 625
256 2816 3072 3010 787 625
512 2816 3072 2638 787 625
768 2816 3072 2348 787 625
1024 2816 3072 2100 787 625
1280 2816 3072 1877 787 625
1536 2816 3072 1672 787 625
1792 2816 3072 1479 787 625
2048 2816 3072 1296 787 625
2304 2816 3072 1121 787 625
2560 2816 3072 952 787 625
2816 2816 3072 787 787 625
3072 2816 3072 625 787 625
3328 2816 3072 467 787 625
3584 2816 3072 310 787 625
3840 2816 3072 154 787 625
4095 2816 3072 0 787 625
0 3072 3072 3890 625 625
256 3072 3072 3010 625 625
512 3072 3072 2638 625 625
768 3072 3072 2348 625 625
1024 3072 3072 2100 625 625
1280 3072 3072 1877 625 625
1536 3072 3072 1672 625 625
1792 3072 3072 1479 625 625
2048 3072 3072 1296 625 625
2304 3072 3072 1121 625 625
2560 3072 3072 952 625 625
2816 3072 3072 787 625 625
3072 3072 3072 625 625 625
3328 3072 3072 467 625 625
3584 3072 3072 310 625 625
3840 3072 3072 154 625 625
4095 3072 3072 0 625 625
0 3328 3072 3890 467 625
256 3328 3072 3010 467 625
512 3328 3072 2638 467 625
768 3328 3072 2348 467 625
1024 3328 3072 2100 467 625
1280 3328 3072 1877 467 625
1536 3328 3072 1672 467 625
1792 3328 3072 1479 467 625
2048 3328 3072 1296 467 625
2304 3328 3072 1121 467 625
2560 3328 3072 952 467 625
2816 3328 3072 787 467 625
3072 3328 3072 625 467 625
3328 3328 3072 467 467 625
3584 3328 3072 310 467 625
3840 3328 3072 154 467 625
4095 3328 3072 0 467 625
0 3584 3072 3890 310 625
256 3584 3072 3010 310 625
512 3584 3072 2638 310 625
768 3584 3072 2348 310 625
1024 3584 3072 2100 310 625
1280 3584 3072 1877 310 625
1536 3584 3072 1672 310 625
1792 3584 3072 1479 310 625
2048 3584 3072 1296 310 625
2304 3584 3072 1121 310 625
2560 3584 3072 952 310 625
2816 3584 3072 787 310 625
3072 3584 3072 625 310 625
3328 3584 3072 467 310 625
3584 3584 3072 310 310 625
3840 3584 3072 154 310 625
4095 3584 3072 0 310 625
0 3840 3072 3890 154 625
256 3840 3072 3010 154 625
512 3840 3072 2638 154 625
768 3840 3072 2348 154 625
1024 3840 3072 2100 154 625
1280 3840 3072 1877 154 625
1536 3840 3072 1672 154 625
1792 3840 3072 1479 154 625
2048 3840 3072 1296 154 625
2304 3840 3072 1121 154 625
2560 3840 3072 952 154 625
2816 3840 3072 787 154 625
3072 3840 3072 625 154 625
3328 3840 3072 467 154 625
3584 3840 3072 310 154 625
3840 3840 3072 154 154 625
4095 3840 3072 0 154 625
0 4095 3072 3890 0 625
256 4095 3072 3010 0 625
512 4095 3072 2638 0 625
768 4095 3072 2348 0 625
1024 4095 3072 2100 0 625
1280 4095 3072 1877 0 625
1536 4095 3072 1672 0 625
1792 4095 3072 1479 0 625
2048 4095 3072 1296 0 625
2304 4095 3072 1121 0 625
2560 4095 3072 952 0 625
2816 4095 3072 787 0 625
3072 4095 3072 625 0 625
3328 4095 3072 467 0 625
3584 4095 3072 310 0 625
3840 4095 3072 154 0 625
4095 4095 3072 0 0 625
0 0 3328 3890 3890 467
256 0 3328 3010 3890 467
512 0 3328 2638 3890 467
768 0 3328 2348 3890 467
1024 0 3328 2100 3890 467
1280 0 3328 1877 3890 467
1536 0 3328 1672 3890 467
1792 0 3328 1479 3890 467
2048 0 3328 1296 3890 467
2304 0 3328 1121 3890 467
2560 0 3328 952 3890 467
2816 0 3328 787 3890 467
3072 0 3328 625 3890 467
3328 0 3328 467 3890 467
3584 0 3328 310 3890 467
3840 0 3328 154 3890 467
4095 0 3328 0 3890 467
0 256 3328 3890 3010 467
256 256 3328 3010 3010 467
512 256 3328 2638 3010 467
768 256 3328 2348 3010 467
1024 256 3328 2100 3010 467
1280 256 3328 1877 3010 467
1536 256 3328 1672 3010 467
1792 256 3328 1479 3010 467
2048 256 3328 1296 3010 467
2304 256 3328 1121 3010 467
2560 256 3328 952 3010 467
2816 256 3328 787 3010 467
3072 256 3328 625 3010 467
3328 256 3328 467 3010 467
3584 256 3328 310 3010 467
3840 256 3328 154 3010 467
4095 256 3328 0 3010 467
0 512 3328 3890 2638 467
256 512 3328 3010 2638 467
512 512 3328 2638 2638 467
768 512 3328 2348 2638 467
1024 512 3328 2100 2638 467
1280 512 3328 1877 2638 467
1536 512 3328 1672 2638 467
1792 512 3328 1479 2638 467
2048 512 3328 1296 2638 467
2304 512 3328 1121 2638 467
2560 512 3328 952 2638 467
2816 512 3328 787 2638 467
3072 512 3328 625 2638 467
3328 512 3328 467 2638 467
3584 512 3328 310 2638 467
3840 512 3328 154 2638 467
4095 512 3328 0 2638 467
0 768 3328 3890 2348 467
256 768 3328 3010 2348 467
512 768 3328 2638 2348 467
768 768 3328 2348 2348 467
1024 768 3328 2100 2348 467
1280 768 3328 1877 2348 467
1536 768 3328 1672 2348 467
1792 768 3328 1479 2348 467
2048 768 3328 1296 2348 467
2304 768 3328 1121 2348 467
2560 768 3328 952 2348 467
2816 768 3328 787 2348 467
3072 768 3328 625 2348 467
3328 768 3328 467 2348 467
3584 768 3328 310 2348 467
3840 768 3328 154 2348 467
4095 768 3328 0 2348 467
0 1024 3328 3890 2100 467
256 1024 3328 3010 2100 467
512 1024 3328 2638 2100 467
768 1024 3328 2348 2100 467
1024 1024 3328 2100 2100 467
1280 1024 3328 1877 2100 467
1536 1024 3328 1672 2100 467
1792 1024 3328 1479 2100 467
2048 1024 3328 1296 2100 467
2304 1024 3328 1121 2100 467
2560 1024 3328 952 2100 467
2816 1024 3328 787 2100 467
3072 1024 3328 625 2100 467
3328 1024 3328 467 2100 467
3584 1024 3328 310 2100 467
3840 1024 3328 154 2100 467
4095 1024 3328 0 2100 467
0 1280 3328 3890 1877 467
256 1280 3328 3010 1877 467
512 1280 3328 2638 1877 467
768 1280 3328 2348 1877 467
1024 1280 3328 2100 1877 467
1280 1280 3328 1877 1877 467
1536 1280 3328 1672 1877 467
1792 1280 3328 1479 1877 467
2048 1280 3328 1296 1877 467
2304 1280 3328 1121 1877 467
2560 1280 3328 952 1877 467
2816 1280 3328 787 1877 467
3072 1280 3328 625 1877 467
3328 1280 3328 467 1877 467
3584 1280 3328 310 1877 467
3840 1280 3328 154 1877 467
4095 1280 3328 0 1877 467
0 1536 3328 3890 1672 467
256 1536 3328 3010 1672 467
512 1536 3328 2638 1672 467
768 1536 3328 2348 1672 467
1024 1536 3328 2100 1672 467
1280 1536 3328 1877 1672 467
1536 1536 3328 1672 1672 467
1792 1536 3328 1479 1672 467
2048 1536 3328 1296 1672 467
2304 1536 3328 1121 1672 467
2560 1536 3328 952 1672 467
2816 1536 3328 787 1672 467
3072 1536 3328 625 1672 467
3328 1536 3328 467 1672 467
3584 1536 3328 310 1672 467
3840 1536 3328 154 1672 467
4095 1536 3328 0 1672 467
0 1792 3328 3890 1479 467
256 1792 3328 3010 1479 467
512 1792 3328 2638 1479 467
768 1792 3328 2348 1479 467
1024 1792 3328 2100 1479 467
1280 1792 3328 1877 1479 467
1536 1792 3328 1672 1479 467
1792 1792 3328 1479 1479 467
2048 1792 3328 1296 1479 467
2304 1792 3328 1121 1479 467
2560 1792 3328 952 1479 467
2816 1792 3328 787 1479 467
3072 1792 3328 625 1479 467
3328 1792 3328 467 1479 467
3584 1792 3328 310 1479 467
3840 1792 3328 154 1479 467
4095 1792 3328 0 1479 467
0 2048 3328 3890 1296 467
256 2048 3328 3010 1296 467
512 2048 3328 2638 1296 467
768 2048 3328 2348 1296 467
1024 2048 3328 2100 1296 467
1280 2048 3328 1877 1296 467
1536 2048 3328 1672 1296 467
1792 2048 3328 1479 1296 467
2048 2048 3328 1296 1296 467
2304 2048 3328 1121 1296 467
2560 2048 3328 952 1296 467
2816 2048 3328 787 1296 467
3072 2048 3328 625 1296 467
3328 2048 3328 467 1296 467
3584 2048 3328 310 1296 467
3840 2048 3328 154 1296 467
4095 2048 3328 0 1296 467
0 2304 3328 3890 1121 467
256 2304 3328 3010 1121 467
512 2304 3328 2638 1121 467
768 2304 3328 2348 1121 467
1024 2304 3328 2100 1121 467
1280 2304 3328 1877 1121 467
1536 2304 3328 1672 1121 467
1792 2304 3328 1479 1121 467
2048 2304 3328 1296 1121 467
2304 2304 3328 1121 1121 467
2560 2304 3328 952 1121 467
2816 2304 3328 787 1121 467
3072 2304 3328 625 1121 467
3328 2304 3328 467 1121 467
3584 2304 3328 310 1121 467
3840 2304 3328 154 1121 467
4095 2304 3328 0 1121 467
0 2560 3328 3890 952 467
256 2560 3328 3010 952 467
512 2560 3328 2638 952 467
768 2560 3328 2348 952 467
1024 2560 3328 2100 952 467
1280 2560 3328 1877 952 467
1536 2560 3328 1672 952 467
1792 2560 3328 1479 952 467
2048 2560 3328 1296 952 467
2304 2560 3328 1121 952 467
2560 2560 3328 952 952 467
2816 2560 3328 787 952 467
3072 2560 3328 625 952 467
3328 2560 3328 467 952 467
3584 2560 3328 310 952 467
3840 2560 3328 154 952 467
4095 2560 3328 0 952 467
0 2816 3328 3890 787 467
256 2816 3328 3010 787 467
512 2816 3328 2638 787 467
768 2816 3328 2348 787 467
1024 2816 3328 2100 787 467
1280 2816 3328 1877 787 467
1536 2816 3328 1672 787 467
1792 2816 3328 1479 787 467
2048 2816 3328 1296 787 467
2304 2816 3328 1121 787 467
2560 2816 3328 952 787 467
2816 2816 3328 787 787 467
3072 2816 3328 625 787 467
3328 2816 3328 467 787 467
3584 2816 3328 310 787 467
3840 2816 3328 154 787 467
4095 2816 3328 0 787 467
0 3072 3328 3890 625 467
256 3072 3328 3010 625 467
512 3072 3328 2638 625 467
768 3072 3328 2348 625 467
1024 3072 3328 2100 625 467
1280 3072 3328 1877 625 467
1536 3072 3328 1672 625 467
1792 3072 3328 1479 625 467
2048 3072 3328 1296 625 467
2304 3072 3328 1121 625 467
2560 3072 3328 952 625 467
2816 3072 3328 787 625 467
3072 3072 3328 625 625 467
3328 3072 3328 467 625 467
3584 3072 3328 310 625 467
3840 3072 3328 154 625 467
4095 3072 3328 0 625 467
0 3328 3328 3890 467 467
256 3328 3328 3010 467 467
512 3328 3328 2638 467 467
768 3328 3328 2348 467 467
1024 3328 3328 2100 467 467
1280 3328 3328 1877 467 467
1536 3328 3328 1672 467 467
1792 3328 3328 1479 467 467
2048 3328 3328 1296 467 467
2304 3328 3328 1121 467 467
2560 3328 3328 952 467 467
2816 3328 3328 787 467 467
3072 3328 3328 625 467 467
3328 3328 3328 467 467 467
3584 3328 3328 310 467 467
3840 3328 3328 154 467 467
4095 3328 3328 0 467 467
0 3584 3328 3890 310 467
256 3584 3328 3010 310 467
512 3584 3328 2638 310 467
768 3584 3328 2348 310 467
1024 3584 3328 2100 310 467
1280 3584 3328 1877 310 467
1536 3584 3328 1672 310 467
1792 3584 3328 1479 310 467
2048 3584 3328 1296 310 467
2304 3584 3328 1121 310 467
2560 3584 3328 952 310 467
2816 3584 3328 787 310 467
3072 3584 3328 625 310 467
3328 3584 3328 467 310 467
3584 3584 3328 310 310 467
3840 3584 3328 154 310 467
4095 3584 3328 0 310 467
0 3840 3328 3890 154 467
256 3840 3328 3010 154 467
512 3840 3328 2638 154 467
768 3840 3328 2348 154 467
1024 3840 3328 2100 154 467
1280 3840 3328 1877 154 467
1536 3840 3328 1672 154 467
1792 3840 3328 1479 154 467
2048 3840 3328 1296 154 467
2304 3840 3328 1121 154 467
2560 3840 3328 952 154 467
2816 3840 3328 787 154 467
3072 3840 3328 625 154 467
3328 3840 3328 467 154 467
3584 3840 3328 310 154 467
3840 3840 3328 154 154 467
4095 3840 3328 0 154 467
0 4095 3328 3890 0 467
256 4095 3328 3010 0 467
512 4095 3328 2638 0 467
768 4095 3328 2348 0 467
1024 4095 3328 2100 0 467
1280 4095 3328 1877 0 467
1536 4095 3328 1672 0 467
1792 4095 3328 1479 0 467
2048 4095 3328 1296 0 467
2304 4095 3328 1121 0 467
2560 4095 3328 952 0 467
2816 4095 3328 787 0 467
3072 4095 3328 625 0 467
3328 4095 3328 467 0 467
3584 4095 3328 310 0 467
3840 4095 3328 154 0 467
4095 4095 3328 0 0 467
0 0 3584 3890 3890 310
256 0 3584 3010 3890 310
512 0 3584 2638 3890 310
768 0 3584 2348 3890 310
1024 0 3584 2100 3890 310
1280 0 3584 1877 3890 310
1536 0 3584 1672 3890 310
1792 0 3584 1479 3890 310
2048 0 3584 1296 3890 310
2304 0 3584 1121 3890 310
2560 0 3584 952 3890 310
2816 0 3584 787 3890 310
3072 0 3584 625 3890 310
3328 0 3584 467 3890 310
3584 0 3584 310 3890 310
3840 0 3584 154 3890 310
4095 0 3584 0 3890 310
0 256 3584 3890 3010 310
256 256 3584 3010 3010 310
512 256 3584 2638 3010 310
768 256 3584 2348 3010 310
1024 256 3584 2100 3010 310
1280 256 3584 1877 3010 310
1536 256 3584 1672 3010 310
1792 256 3584 1479 3010 310
2048 256 3584 1296 3010 310
2304 256 3584 1121 3010 310
2560 256 3584 952 3010 310
2816 256 3584 787 3010 310
3072 256 3584 625 3010 310
3328 256 3584 467 3010 310
3584 256 3584 310 3010 310
3840 256 3584 154 3010 310
4095 256 3584 0 3010 310
0 512 3584 3890 2638 310
256 512 3584 3010 2638 310
512 512 3584 2638 2638 310
768 512 3584 2348 2638 310
1024 512 3584 2100 2638 310
1280 512 3584 1877 2638 310
1536 512 3584 1672 2638 310
1792 512 3584 1479 2638 310
2048 512 3584 1296 2638 310
2304 512 3584 1121 2638 310
2560 512 3584 952 2638 310
2816 512 3584 787 2638 310
3072 512 3584 625 2638 310
3328 512 3584 467 2638 310
3584 512 3584 310 2638 310
3840 512 3584 154 2638 310
4095 512 3584 0 2638 310
0 768 3584 3890 2348 310
256 768 3584 3010 2348 310
512 768 3584 2638 2348 310
768 768 3584 2348 2348 310
1024 768 3584 2100 2348 310
1280 768 3584 1877 2348 310
1536 768 3584 1672 2348 310
1792 768 3584 1479 2348 310
2048 768 3584 1296 2348 310
2304 768 3584 1121 2348 310
2560 768 3584 952 2348 310
2816 768 3584 787 2348 310
3072 768 3584 625 2348 310
3328 768 3584 467 2348 310
3584 768 3584 310 2348 310
3840 768 3584 154 2348 310
4095 768 3584 0 2348 310
0 1024 3584 3890 2100 310
256 1024 3584 3010 2100 310
512 1024 3584 2638 2100 310
768 1024 3584 2348 2100 310
1024 1024 3584 2100 2100 310
1280 1024 3584 1877 2100 310
1536 1024 3584 1672 2100 310
1792 1024 3584 1479 2100 310
2048 1024 3584 1296 2100 310
2304 1024 3584 1121 2100 310
2560 1024 3584 952 2100 310
2816 1024 3584 787 2100 310
3072 1024 3584 625 2100 310
3328 1024 3584 467 2100 310
3584 1024 3584 310 2100 310
3840 1024 3584 154 2100 310
4095 1024 3584 0 2100 310
0 1280 3584 3890 1877 310
256 1280 3584 3010 1877 310
512 1280 3584 2638 1877 310
768 1280 3584 2348 1877 310
1024 1280 3584 2100 1877 310
1280 1280 3584 1877 1877 310
1536 1280 3584 1672 1877 310
1792 1280 3584 1479 1877 310
2048 1280 3584 1296 1877 310
2304 1280 3584 1121 1877 310
2560 1280 3584 952 1877 310
2816 1280 3584 787 1877 310
3072 1280 3584 625 1877 310
3328 1280 3584 467 1877 310
3584 1280 3584 310 1877 310
3840 1280 3584 154 1877 310
4095 1280 3584 0 1877 310
0 1536 3584 3890 1672 310
256 1536 3584 3010 1672 310
512 1536 3584 2638 1672 310
768 1536 3584 2348 1672 310
1024 1536 3584 2100 1672 310
1280 1536 3584 1877 1672 310
1536 1536 3584 1672 1672 310
1792 1536 3584 1479 1672 310
2048 1536 3584 1296 1672 310
2304 1536 3584 1121 1672 310
2560 1536 3584 952 1672 310
2816 1536 3584 787 1672 310
3072 1536 3584 625 1672 310
3328 1536 3584 467 1672 310
3584 1536 3584 310 1672 310
3840 1536 3584 154 1672 310
4095 1536 3584 0 1672 310
0 1792 3584 3890 1479 310
256 1792 3584 3010 1479 310
512 1792 3584 2638 1479 310
768 1792 3584 2348 1479 310
1024 1792 3584 2100 1479 310
1280 1792 3584 1877 1479 310
1536 1792 3584 1672 1479 310
1792 1792 3584 1479 1479 310
2048 1792 3584 1296 1479 310
2304 1792 3584 1121 1479 310
2560 1792 3584 952 1479 310
2816 1792 3584 787 1479 310
3072 1792 3584 625 1479 310
3328 1792 3584 467 1479 310
3584 1792 3584 310 1479 310
3840 1792 3584 154 1479 310
4095 1792 3584 0 1479 310
0 2048 3584 3890 1296 310
256 2048 3584 3010 1296 310
512 2048 3584 2638 1296 310
768 2048 3584 2348 1296 310
1024 2048 3584 2100 1296 310
1280 2048 3584 1877 1296 310
1536 2048 3584 1672 1296 310
1792 2048 3584 1479 1296 310
2048 2048 3584 1296 1296 310
2304 2048 3584 1121 1296 310
2560 2048 3584 952 1296 310
2816 2048 3584 787 1296 310
3072 2048 3584 625 1296 310
3328 2048 3584 467 1296 310
3584 2048 3584 310 1296 310
3840 2048 3584 154 1296 310
4095 2048 3584 0 1296 310
0 2304 3584 3890 1121 310
256 2304 3584 3010 1121 310
512 2304 3584 2638 1121 310
768 2304 3584 2348 1121 310
1024 2304 3584 2100 1121 310
1280 2304 3584 1877 1121 310
1536 2304 3584 1672 1121 310
1792 2304 3584 1479 1121 310
2048 2304 3584 1296 1121 310
2304 2304 3584 1121 1121 310
2560 2304 3584 952 1121 310
2816 2304 3584 787 1121 310
3072 2304 3584 625 1121 310
3328 2304 3584 467 1121 310
3584 2304 3584 310 1121 310
3840 2304 3584 154 1121 310
4095 2304 3584 0 1121 310
0 2560 3584 3890 952 310
256 2560 3584 3010 952 310
512 2560 3584 2638 952 310
768 2560 3584 2348 952 310
1024 2560 3584 2100 952 310
1280 2560 3584 1877 952 310
1536 2560 3584 1672 952 310
1792 2560 3584 1479 952 310
2048 2560 3584 1296 952 310
2304 2560 3584 1121 952 310
2560 2560 3584 952 952 310
2816 2560 3584 787 952 310
3072 2560 3584 625 952 310
3328 2560 3584 467 952 310
3584 2560 3584 310 952 310
3840 2560 3584 154 952 310
4095 2560 3584 0 952 310
0 2816 3584 3890 787 310
256 2816 3584 3010 787 310
512 2816 3584 2638 787 310
768 2816 3584 2348 787 310
1024 2816 3584 2100 787 310
1280 2816 3584 1877 787 310
1536 2816 3584 1672 787 310
1792 2816 3584 1479 787 310
2048 2816 3584 1296 787 310
2304 2816 3584 1121 787 310
2560 2816 3584 952 787 310
2816 2816 3584 787 787 310
3072 2816 3584 625 787 310
3328 2816 3584 467 787 310
3584 2816 3584 310 787 310
3840 2816 3584 154 787 310
4095 2816 3584 0 787 310
0 3072 3584 3890 625 310
256 3072 3584 3010 625 310
512 3072 3584 2638 625 310
768 3072 3584 2348 625 310
1024 3072 3584 2100 625 310
1280 3072 3584 1877 625 310
1536 3072 3584 1672 625 310
1792 3072 3584 1479 625 310
2048 3072 3584 1296 625 310
2304 3072 3584 1121 625 310
2560 3072 3584 952 625 310
2816 3072 3584 787 625 310
3072 3072 3584 625 625 310
3328 3072 3584 467 625 310
3584 3072 3584 310 625 310
3840 3072 3584 154 625 310
4095 3072 3584 0 625 310
0 3328 3584 3890 467 310
256 3328 3584 3010 467 310
512 3328 3584 2638 467 310
768 3328 3584 2348 467 310
1024 3328 3584 2100 467 310
1280 3328 3584 1877 467 310
1536 3328 3584 1672 467 310
1792 3328 3584 1479 467 310
2048 3328 3584 1296 467 310
2304 3328 3584 1121 467 310
2560 3328 3584 952 467 310
2816 3328 3584 787 467 310
3072 3328 3584 625 467 310
3328 3328 3584 467 467 310
3584 3328 3584 310 467 310
3840 3328 3584 154 467 310
4095 3328 3584 0 467 310
0 3584 3584 3890 310 310
256 3584 3584 3010 310 310
512 3584 3584 2638 310 310
768 3584 3584 2348 310 310
1024 3584 3584 2100 310 310
1280 3584 3584 1877 310 310
1536 3584 3584 1672 310 310
1792 3584 3584 1479 310 310
2048 3584 3584 1296 310 310
2304 3584 3584 1121 310 310
2560 3584 3584 952 310 310
2816 3584 3584 787 310 310
3072 3584 3584 625 310 310
3328 3584 3584 467 310 310
3584 3584 3584 310 310 310
3840 3584 3584 154 310 310
4095 3584 3584 0 310 310
0 3840 3584 3890 154 310
256 3840 3584 3010 154 310
512 3840 3584 2638 154 310
768 3840 3584 2348 154 310
1024 3840 3584 2100 154 310
1280 3840 3584 1877 154 310
1536 3840 3584 1672 154 310
1792 3840 3584 1479 154 310
2048 3840 3584 1296 154 310
2304 3840 3584 1121 154 310
2560 3840 3584 952 154 310
2816 3840 3584 787 154 310
3072 3840 3584 625 154 310
3328 3840 3584 467 154 310
3584 3840 3584 310 154 310
3840 3840 3584 154 154 310
4095 3840 3584 0 154 310
0 4095 3584 3890 0 310
256 4095 3584 3010 0 310
512 4095 3584 2638 0 310
768 4095 3584 2348 0 310
1024 4095 3584 2100 0 310
1280 4095 3584 1877 0 310
1536 4095 3584 1672 0 310
1792 4095 3584 1479 0 310
2048 4095 3584 1296 0 310
2304 4095 3584 1121 0 310
2560 4095 3584 952 0 310
2816 4095 3584 787 0 310
3072 4095 3584 625 0 310
3328 4095 3584 467 0 310
3584 4095 3584 310 0 310
3840 4095 3584 154 0 310
4095 4095 3584 0 0 310
0 0 3840 3890 3890 154
256 0 3840 3010 3890 154
512 0 3840 2638 3890 154
768 0 3840 2348 3890 154
1024 0 3840 2100 3890 154
1280 0 3840 1877 3890 154
1536 0 3840 1672 3890 154
1792 0 3840 1479 3890 154
2048 0 3840 1296 3890 154
2304 0 3840 1121 3890 154
2560 0 3840 952 3890 154
2816 0 3840 787 3890 154
3072 0 3840 625 3890 154
3328 0 3840 467 3890 154
3584 0 3840 310 3890 154
3840 0 3840 154 3890 154
4095 0 3840 0 3890 154
0 256 3840 3890 3010 154
256 256 3840 3010 3010 154
512 256 3840 2638 3010 154
768 256 3840 2348 3010 154
1024 256 3840 2100 3010 154
1280 256 3840 1877 3010 154
1536 256 3840 1672 3010 154
1792 256 3840 1479 3010 154
2048 256 3840 1296 3010 154
2304 256 3840 1121 3010 154
2560 256 3840 952 3010 154
2816 256 3840 787 3010 154
3072 256 3840 625 3010 154
3328 256 3840 467 3010 154
3584 256 3840 310 3010 154
3840 256 3840 154 3010 154
4095 256 3840 0 3010 154
0 512 3840 3890 2638 154
256 512 3840 3010 2638 154
512 512 3840 2638 2638 154
768 512 3840 2348 2638 154
1024 512 3840 2100 2638 154
1280 512 3840 1877 2638 154
1536 512 3840 1672 2638 154
1792 512 3840 1479 2638 154
2048 512 3840 1296 2638 154
2304 512 3840 1121 2638 154
2560 512 3840 952 2638 154
2816 512 3840 787 2638 154
3072 512 3840 625 2638 154
3328 512 3840 467 2638 154
3584 512 3840 310 2638 154
3840 512 3840 154 2638 154
4095 512 3840 0 2638 154
0 768 3840 3890 2348 154
256 768 3840 3010 2348 154
512 768 3840 2638 2348 154
768 768 3840 2348 2348 154
1024 768 3840 2100 2348 154
1280 768 3840 1877 2348 154
1536 768 3840 1672 2348 154
1792 768 3840 1479 2348 154
2048 768 3840 1296 2348 154
2304 768 3840 1121 2348 154
2560 768 3840 952 2348 154
2816 768 3840 787 2348 154
3072 768 3840 625 2348 154
3328 768 3840 467 2348 154
3584 768 3840 310 2348 154
3840 768 3840 154 2348 154
4095 768 3840 0 2348 154
0 1024 3840 3890 2100 154
256 1024 3840 3010 2100 154
512 1024 3840 2638 2100 154
768 1024 3840 2348 2100 154
1024 1024 3840 2100 2100 154
1280 1024 3840 1877 2100 154
1536 1024 3840 1672 2100 154
1792 1024 3840 1479 2100 154
2048 1024 3840 1296 2100 154
2304 1024 3840 1121 2100 154
2560 1024 3840 952 2100 154
2816 1024 3840 787 2100 154
3072 1024 3840 625 2100 154
3328 1024 3840 467 2100 154
3584 1024 3840 310 2100 154
3840 1024 3840 154 2100 154
4095 1024 3840 0 2100 154
0 1280 3840 3890 1877 154
256 1280 3840 3010 1877 154
512 1280 3840 2638 1877 154
768 1280 3840 2348 1877 154
1024 1280 3840 2100 1877 154
1280 1280 3840 1877 1877 154
1536 1280 3840 1672 1877 154
1792 1280 3840 1479 1877 154
2048 1280 3840 1296 1877 154
2304 1280 3840 1121 1877 154
2560 1280 3840 952 1877 154
2816 1280 3840 787 1877 154
3072 1280 3840 625 1877 154
3328 1280 3840 467 1877 154
3584 1280 3840 310 1877 154
3840 1280 3840 154 1877 154
4095 1280 3840 0 1877 154
0 1536 3840 3890 1672 154
256 1536 3840 3010 1672 154
512 1536 3840 2638 1672 154
768 1536 3840 2348 1672 154
1024 1536 3840 2100 1672 154
1280 1536 3840 1877 1672 154
1536 1536 3840 1672 1672 154
1792 1536 3840 1479 1672 154
2048 1536 3840 1296 1672 154
2304 1536 3840 1121 1672 154
2560 1536 3840 952 1672 154
2816 1536 3840 787 1672 154
3072 1536 3840 625 1672 154
3328 1536 3840 467 1672 154
3584 1536 3840 310 1672 154
3840 1536 3840 154 1672 154
4095 1536 3840 0 1672 154
0 1792 3840 3890 1479 154
256 1792 3840 3010 1479 154
512 1792 3840 2638 1479 154
768 1792 3840 2348 1479 154
1024 1792 3840 2100 1479 154
1280 1792 3840 1877 1479 154
1536 1792 3840 1672 1479 154
1792 1792 3840 1479 1479 154
2048 1792 3840 1296 1479 154
2304 1792 3840 1121 1479 154
2560 1792 3840 952 1479 154
2816 1792 3840 787 1479 154
3072 1792 3840 625 1479 154
3328 1792 3840 467 1479 154
3584 1792 3840 310 1479 154
3840 1792 3840 154 1479 154
4095 1792 3840 0 1479 154
0 2048 3840 3890 1296 154
256 2048 3840 3010 1296 154
512 2048 3840 2638 1296 154
768 2048 3840 2348 1296 154
1024 2048 3840 2100 1296 154
1280 2048 3840 1877 1296 154
1536 2048 3840 1672 1296 154
1792 2048 3840 1479 1296 154
2048 2048 3840 1296 1296 154
2304 2048 3840 1121 1296 154
2560 2048 3840 952 1296 154
2816 2048 3840 787 1296 154
3072 2048 3840 625 1296 154
3328 2048 3840 467 1296 154
3584 2048 3840 310 1296 154
3840 2048 3840 154 1296 154
4095 2048 3840 0 1296 154
0 2304 3840 3890 1121 154
256 2304 3840 3010 1121 154
512 2304 3840 2638 1121 154
768 2304 3840 2348 1121 154
1024 2304 3840 2100 1121 154
1280 2304 3840 1877 1121 154
1536 2304 3840 1672 1121 154
1792 2304 3840 1479 1121 154
2048 2304 3840 1296 1121 154
2304 2304 3840 1121 1121 154
2560 2304 3840 952 1121 154
2816 2304 3840 787 1121 154
3072 2304 3840 625 1121 154
3328 2304 3840 467 1121 154
3584 2304 3840 310 1121 154
3840 2304 3840 154 1121 154
4095 2304 3840 0 1121 154
0 2560 3840 3890 952 154
256 2560 3840 3010 952 154
512 2560 3840 2638 952 154
768 2560 3840 2348 952 154
1024 2560 3840 2100 952 154
1280 2560 3840 1877 952 154
1536 2560 3840 1672 952 154
1792 2560 3840 1479 952 154
2048 2560 3840 1296 952 154
2304 2560 3840 1121 952 154
2560 2560 3840 952 952 154
2816 2560 3840 787 952 154
3072 2560 3840 625 952 154
3328 2560 3840 467 952 154
3584 2560 3840 310 952 154
3840 2560 3840 154 952 154
4095 2560 3840 0 952 154
0 2816 3840 3890 787 154
256 2816 3840 3010 787 154
512 2816 3840 2638 787 154
768 2816 3840 2348 787 154
1024 2816 3840 2100 787 154
1280 2816 3840 1877 787 154
1536 2816 3840 1672 787 154
1792 2816 3840 1479 787 154
2048 2816 3840 1296 787 154
2304 2816 3840 1121 787 154
2560 2816 3840 952 787 154
2816 2816 3840 787 787 154
3072 2816 3840 625 787 154
3328 2816 3840 467 787 154
3584 2816 3840 310 787 154
3840 2816 3840 154 787 154
4095 2816 3840 0 787 154
0 3072 3840 3890 625 154
256 3072 3840 3010 625 154
512 3072 3840 2638 625 154
768 3072 3840 2348 625 154
1024 3072 3840 2100 625 154
1280 3072 3840 1877 625 154
1536 3072 3840 1672 625 154
1792 3072 3840 1479 625 154
2048 3072 3840 1296 625 154
2304 3072 3840 1121 625 154
2560 3072 3840 952 625 154
2816 3072 3840 787 625 154
3072 3072 3840 625 625 154
3328 3072 3840 467 625 154
3584 3072 3840 310 625 154
3840 3072 3840 154 625 154
4095 3072 3840 0 625 154
0 3328 3840 3890 467 154
256 3328 3840 3010 467 154
512 3328 3840 2638 467 154
768 3328 3840 2348 467 154
1024 3328 3840 2100 467 154
1280 3328 3840 1877 467 154
1536 3328 3840 1672 467 154
1792 3328 3840 1479 467 154
2048 3328 3840 1296 467 154
2304 3328 3840 1121 467 154
2560 3328 3840 952 467 154
2816 3328 3840 787 467 154
3072 3328 3840 625 467 154
3328 3328 3840 467 467 154
3584 3328 3840 310 467 154
3840 3328 3840 154 467 154
4095 3328 3840 0 467 154
0 3584 3840 3890 310 154
256 3584 3840 3010 310 154
512 3584 3840 2638 310 154
768 3584 3840 2348 310 154
1024 3584 3840 2100 310 154
1280 3584 3840 1877 310 154
1536 3584 3840 1672 310 154
1792 3584 3840 1479 310 154
2048 3584 3840 1296 310 154
2304 3584 3840 1121 310 154
2560 3584 3840 952 310 154
2816 3584 3840 787 310 154
3072 3584 3840 625 310 154
3328 3584 3840 467 310 154
3584 3584 3840 310 310 154
3840 3584 3840 154 310 154
4095 3584 3840 0 310 154
0 3840 3840 3890 154 154
256 3840 3840 3010 154 154
512 3840 3840 2638 154 154
768 3840 3840 2348 154 154
1024 3840 3840 2100 154 154
1280 3840 3840 1877 154 154
1536 3840 3840 1672 154 154
1792 3840 3840 1479 154 154
2048 3840 3840 1296 154 154
2304 3840 3840 1121 154 154
2560 3840 3840 952 154 154
2816 3840 3840 787 154 154
3072 3840 3840 625 154 154
3328 3840 3840 467 154 154
3584 3840 3840 310 154 154
3840 3840 3840 154 154 154
4095 3840 3840 0 154 154
0 4095 3840 3890 0 154
256 4095 3840 3010 0 154
512 4095 3840 2638 0 154
768 4095 3840 2348 0 154
1024 4095 3840 2100 0 154
1280 4095 3840 1877 0 154
1536 4095 3840 1672 0 154
1792 4095 3840 1479 0 154
2048 4095 3840 1296 0 154
2304 4095 3840 1121 0 154
2560 4095 3840 952 0 154
2816 4095 3840 787 0 154
3072 4095 3840 625 0 154
3328 4095 3840 467 0 154
3584 4095 3840 310 0 154
3840 4095 3840 154 0 154
4095 4095 3840 0 0 154
0 0 4095 3890 3890 0
256 0 4095 3010 3890 0
512 0 4095 2638 3890 0
768 0 4095 2348 3890 0
1024 0 4095 2100 3890 0
1280 0 4095 1877 3890 0
1536 0 4095 1672 3890 0
1792 0 4095 1479 3890 0
2048 0 4095 1296 3890 0
2304 0 4095 1121 3890 0
2560 0 4095 952 3890 0
2816 0 4095 787 3890 0
3072 0 4095 625 3890 0
3328 0 4095 467 3890 0
3584 0 4095 310 3890 0
3840 0 4095 154 3890 0
4095 0 4095 0 3890 0
0 256 4095 3890 3010 0
256 256 4095 3010 3010 0
512 256 4095 2638 3010 0
768 256 4095 2348 3010 0
1024 256 4095 2100 3010 0
1280 256 4095 1877 3010 0
1536 256 4095 1672 3010 0
1792 256 4095 1479 3010 0
2048 256 4095 1296 3010 0
2304 256 4095 1121 3010 0
2560 256 4095 952 3010 0
2816 256 4095 787 3010 0
3072 256 4095 625 3010 0
3328 256 4095 467 3010 0
3584 256 4095 310 3010 0
3840 256 4095 154 3010 0
4095 256 4095 0 3010 0
0 512 4095 3890 2638 0
256 512 4095 3010 2638 0
512 512 4095 2638 2638 0
768 512 4095 2348 2638 0
1024 512 4095 2100 2638 0
1280 512 4095 1877 2638 0
1536 512 4095 1672 2638 0
1792 512 4095 1479 2638 0
2048 512 4095 1296 2638 0
2304 512 4095 1121 2638 0
2560 512 4095 952 2638 0
2816 512 4095 787 2638 0
3072 512 4095 625 2638 0
3328 512 4095 467 2638 0
3584 512 4095 310 2638 0
3840 512 4095 154 2638 0
4095 512 4095 0 2638 0
0 768 4095 3890 2348 0
256 768 4095 3010 2348 0
512 768 4095 2638 2348 0
768 768 4095 2348 2348 0
1024 768 4095 2100 2348 0
1280 768 4095 1877 2348 0
1536 768 4095 1672 2348 0
1792 768 4095 1479 2348 0
2048 768 4095 1296 2348 0
2304 768 4095 1121 2348 0
2560 768 4095 952 2348 0
2816 768 4095 787 2348 0
3072 768 4095 625 2348 0
3328 768 4095 467 2348 0
3584 768 4095 310 2348 0
3840 768 4095 154 2348 0
4095 768 4095 0 2348 0
0 1024 4095 3890 2100 0
256 1024 4095 3010 2100 0
512 1024 4095 2638 2100 0
768 1024 4095 2348 2100 0
1024 1024 4095 2100 2100 0
1280 1024 4095 1877 2100 0
1536 1024 4095 1672 2100 0
1792 1024 4095 1479 2100 0
2048 1024 4095 1296 2100 0
2304 1024 4095 1121 2100 0
2560 1024 4095 952 2100 0
2816 1024 4095 787 2100 0
3072 1024 4095 625 2100 0
3328 1024 4095 467 2100 0
3584 1024 4095 310 2100 0
3840 1024 4095 154 2100 0
4095 1024 4095 0 2100 0
0 1280 4095 3890 1877 0
256 1280 4095 3010 1877 0
512 1280 4095 2638 1877 0
768 1280 4095 2348 1877 0
1024 1280 4095 2100 1877 0
1280 1280 4095 1877 1877 0
1536 1280 4095 1672 1877 0
1792 1280 4095 1479 1877 0
2048 1280 4095 1296 1877 0
2304 1280 4095 1121 1877 0
2560 1280 4095 952 1877 0
2816 1280 4095 787 1877 0
3072 1280 4095 625 1877 0
3328 1280 4095 467 1877 0
3584 1280 4095 310 1877 0
3840 1280 4095 154 1877 0
4095 1280 4095 0 1877 0
0 1536 4095 3890 1672 0
256 1536 4095 3010 1672 0
512 1536 4095 2638 1672 0
768 1536 4095 2348 1672 0
1024 1536 4095 2100 1672 0
1280 1536 4095 1877 1672 0
1536 1536 4095 1672 1672 0
1792 1536 4095 1479 1672 0
2048 1536 4095 1296 1672 0
2304 1536 4095 1121 1672 0
2560 1536 4095 952 1672 0
2816 1536 4095 787 1672 0
3072 1536 4095 625 1672 0
3328 1536 4095 467 1672 0
3584 1536 4095 310 1672 0
3840 1536 4095 154 1672 0
4095 1536 4095 0 1672 0
0 1792 4095 3890 1479 0
256 1792 4095 3010 1479 0
512 1792 4095 2638 1479 0
768 1792 4095 2348 1479 0
1024 1792 4095 2100 1479 0
1280 1792 4095 1877 1479 0
1536 1792 4095 1672 1479 0
1792 1792 4095 1479 1479 0
2048 1792 4095 1296 1479 0
2304 1792 4095 1121 1479 0
2560 1792 4095 952 1479 0
2816 1792 4095 787 1479 0
3072 1792 4095 625 1479 0
3328 1792 4095 467 1479 0
3584 1792 4095 310 1479 0
3840 1792 4095 154 1479 0
4095 1792 4095 0 1479 0
0 2048 4095 3890 1296 0
256 2048 4095 3010 1296 0
512 2048 4095 2638 1296 0
768 2048 4095 2348 1296 0
1024 2048 4095 2100 1296 0
1280 2048 4095 1877 1296 0
1536 2048 4095 1672 1296 0
1792 2048 4095 1479 1296 0
2048 2048 4095 1296 1296 0
2304 2048 4095 1121 1296 0
2560 2048 4095 952 1296 0
2816 2048 4095 787 1296 0
3072 2048 4095 625 1296 0
3328 2048 4095 467 1296 0
3584 2048 4095 310 1296 0
3840 2048 4095 154 1296 0
4095 2048 4095 0 1296 0
0 2304 4095 3890 1121 0
256 2304 4095 3010 1121 0
512 2304 4095 2638 1121 0
768 2304 4095 2348 1121 0
1024 2304 4095 2100 1121 0
1280 2304 4095 1877 1121 0
1536 2304 4095 1672 1121 0
1792 2304 4095 1479 1121 0
2048 2304 4095 1296 1121 0
2304 2304 4095 1121 1121 0
2560 2304 4095 952 1121 0
2816 2304 4095 787 1121 0
3072 2304 4095 625 1121 0
3328 2304 4095 467 1121 0
3584 2304 4095 310 1121 0
3840 2304 4095 154 1121 0
4095 2304 4095 0 1121 0
0 2560 4095 3890 952 0
256 2560 4095 3010 952 0
512 2560 4095 2638 952 0
768 2560 4095 2348 952 0
1024 2560 4095 2100 952 0
1280 2560 4095 1877 952 0
1536 2560 4095 1672 952 0
1792 2560 4095 1479 952 0
2048 2560 4095 1296 952 0
2304 2560 4095 1121 952 0
2560 2560 4095 952 952 0
2816 2560 4095 787 952 0
3072 2560 4095 625 952 0
3328 2560 4095 467 952 0
3584 2560 4095 310 952 0
3840 2560 4095 154 952 0
4095 2560 4095 0 952 0
0 2816 4095 3890 787 0
256 2816 4095 3010 787 0
512 2816 4095 2638 787 0
768 2816 4095 2348 787 0
1024 2816 4095 2100 787 0
1280 2816 4095 1877 787 0
1536 2816 4095 1672 787 0
1792 2816 4095 1479 787 0
2048 2816 4095 1296 787 0
2304 2816 4095 1121 787 0
2560 2816 4095 952 787 0
2816 2816 4095 787 787 0
3072 2816 4095 625 787 0
3328 2816 4095 467 787 0
3584 2816 4095 310 787 0
3840 2816 4095 154 787 0
4095 2816 4095 0 787 0
0 3072 4095 3890 625 0
256 3072 4095 3010 625 0
512 3072 4095 2638 625 0
768 3072 4095 2348 625 0
1024 3072 4095 2100 625 0
1280 3072 4095 1877 625 0
1536 3072 4095 1672 625 0
1792 3072 4095 1479 625 0
2048 3072 4095 1296 625 0
2304 3072 4095 1121 625 0
2560 3072 4095 952 625 0
2816 3072 4095 787 625 0
3072 3072 4095 625 625 0
3328 3072 4095 467 625 0
3584 3072 4095 310 625 0
3840 3072 4095 154 625 0
4095 3072 4095 0 625 0
0 3328 4095 3890 467 0
256 3328 4095 3010 467 0
512 3328 4095 2638 467 0
768 3328 4095 2348 467 0
1024 3328 4095 2100 467 0
1280 3328 4095 1877 467 0
1536 3328 4095 1672 467 0
1792 3328 4095 1479 467 0
2048 3328 4095 1296 467 0
2304 3328 4095 1121 467 0
2560 3328 4095 952 467 0
2816 3328 4095 787 467 0
3072 3328 4095 625 467 0
3328 3328 4095 467 467 0
3584 3328 4095 310 467 0
3840 3328 4095 154 467 0
4095 3328 4095 0 467 0
0 3584 4095 3890 310 0
256 3584 4095 3010 310 0
512 3584 4095 2638 310 0
768 3584 4095 2348 310 0
1024 3584 4095 2100 310 0
1280 3584 4095 1877 310 0
1536 3584 4095 1672 310 0
1792 3584 4095 1479 310 0
2048 3584 4095 1296 310 0
2304 3584 4095 1121 310 0
2560 3584 4095 952 310 0
2816 3584 4095 787 310 0
3072 3584 4095 625 310 0
3328 3584 4095 467 310 0
3584 3584 4095 310 310 0
3840 3584 4095 154 310 0
4095 3584 4095 0 310 0
0 3840 4095 3890 154 0
256 3840 4095 3010 154 0
512 3840 4095 2638 154 0
768 3840 4095 2348 154 0
1024 3840 4095 2100 154 0
1280 3840 4095 1877 154 0
1536 3840 4095 1672 154 0
1792 3840 4095 1479 154 0
2048 3840 4095 1296 154 0
2304 3840 4095 1121 154 0
2560 3840 4095 952 154 0
2816 3840 4095 787 154 0
3072 3840 4095 625 154 0
3328 3840 4095 467 154 0
3584 3840 4095 310 154 0
3840 3840 4095 154 154 0
4095 3840 4095 0 154 0
0 4095 4095 3890 0 0
256 4095 4095 3010 0 0
512 4095 4095 2638 0 0
768 4095 4095 2348 0 0
1024 4095 4095 2100 0 0
1280 4095 4095 1877 0 0
1536 4095 4095 1672 0 0
1792 4095 4095 1479 0 0
2048 4095 4095 1296 0 0
2304 4095 4095 1121 0 0
2560 4095 4095 952 0 0
2816 4095 4095 787 0 0
3072 4095 4095 625 0 0
3328 4095 4095 467 0 0
3584 4095 4095 310 0 0
3840 4095 4095 154 0 0
4095 4095 4095 0 0 0
